run_dir,data,model,experiment,seed,probe_acc,probe_acc_seen,knn_acc1,knn_acc5,novel_mean_embed_dist,gen_mse,gen_nmse,gen_median_se,gen_rmse,gen_acc,gen_nll,finite_fraction,target_var,n_train_episodes,n_test_episodes,n_test_episodes_used,n_test_ood
/mnt/data/INR/outputs/full_suite/minari_hopper__inr_diffusion_history_conditioned__generalization__s1,minari_hopper,inr_diffusion_history_conditioned,generalization,1,1.0,1.0,1.0,1.0,nan,1.3153527975082397,1.3244706005785032,0.9997609257698059,1.146888310825531,,,1.0,0.9931158886680603,16,8,8,0
/mnt/data/INR/outputs/full_suite/synthetic_grf__cvae__no_shift__s0,synthetic_grf,cvae,no_shift,0,1.0,1.0,0.8888888888888888,1.0,nan,0.48358458280563354,0.5402837707604371,0.30189642310142517,0.695402461029319,,,1.0,0.8950566516647339,78,18,18,0
/mnt/data/INR/outputs/full_suite/synthetic_grf__inr_diffusion_history_conditioned__single_shift__s1,synthetic_grf,inr_diffusion_history_conditioned,single_shift,1,0.9166666666666666,0.9166666666666666,1.0,1.0,nan,0.13749827444553375,0.15697231404712997,0.10137313604354858,0.3708075976103156,,,1.0,0.8759396539459229,78,12,12,3
/mnt/data/INR/outputs/full_suite/minari_ant__inr_transformer_history_conditioned__single_shift__s0,minari_ant,inr_transformer_history_conditioned,single_shift,0,1.0,1.0,1.0,1.0,nan,0.5483548045158386,0.4917625172637501,0.25576555728912354,0.7405098274269144,,,1.0,1.1150805221328735,40,6,6,2
/mnt/data/INR/outputs/full_suite/minari_halfcheetah__inr_transformer_fitted_latent__novel_generalization__s1,minari_halfcheetah,inr_transformer_fitted_latent,novel_generalization,1,0.5833333333333334,0.875,0.5833333333333334,0.6666666666666666,0.0015509161166846752,0.3486388325691223,0.3429494089109226,0.22139371931552887,0.5904564611968628,,,1.0,1.0165896878967284,16,12,12,0
/mnt/data/INR/outputs/full_suite/minari_walker2d__inr_diffusion_history_conditioned__single_shift__s1,minari_walker2d,inr_diffusion_history_conditioned,single_shift,1,1.0,1.0,1.0,1.0,nan,1.0327407121658325,1.0135601754276917,0.8313340544700623,1.0162385114557668,,,1.0,1.0189239249954223,40,6,6,2
/mnt/data/INR/outputs/full_suite/minari_hopper__inr_transformer_fitted_latent__generalization__s0,minari_hopper,inr_transformer_fitted_latent,generalization,0,0.875,0.875,0.875,1.0,nan,0.5086653232574463,0.5042059729956396,0.2534290850162506,0.7132077700484245,,,1.0,1.0088443027267455,16,8,8,0
/mnt/data/INR/outputs/full_suite/minari_humanoid__inr_diffusion_history_conditioned__no_shift__s0,minari_humanoid,inr_diffusion_history_conditioned,no_shift,0,1.0,1.0,1.0,1.0,nan,1.2947578430175781,1.2998557985589776,1.2173123359680176,1.1378742650300069,,,1.0,0.9960780606994629,40,8,8,0
/mnt/data/INR/outputs/full_suite/minari_ant__cvae__single_shift__s1,minari_ant,cvae,single_shift,1,1.0,1.0,1.0,1.0,nan,0.45315855741500854,0.4451492957829127,0.346712201833725,0.673170526252456,,,1.0,1.017992304397583,40,6,6,2
/mnt/data/INR/outputs/full_suite/minari_walker2d__cvae__single_shift__s0,minari_walker2d,cvae,single_shift,0,1.0,1.0,1.0,1.0,nan,0.3977150619029999,0.3829051123594808,0.241648867726326,0.6306465427662312,,,1.0,1.0386778579483031,40,6,6,2
/mnt/data/INR/outputs/full_suite/minari_hopper__cvae__conflation__s1,minari_hopper,cvae,conflation,1,1.0,1.0,1.0,1.0,nan,0.38427022099494934,0.3930439161365243,0.26890984177589417,0.6198953306768404,,,1.0,0.9776775704154969,28,6,6,2
/mnt/data/INR/outputs/full_suite/minari_walker2d__cvae__specialization__s1,minari_walker2d,cvae,specialization,1,1.0,1.0,1.0,1.0,nan,0.36721110343933105,0.36197057449860953,0.251242995262146,0.6059794579351111,,,1.0,1.0144777761230468,40,4,4,4
/mnt/data/INR/outputs/full_suite/minari_hopper_10x__inr_transformer_fitted_latent__conflation__s0,minari_hopper_10x,inr_transformer_fitted_latent,conflation,0,1.0,1.0,1.0,1.0,nan,0.2423359900712967,0.2441485074246303,0.17118771374225616,0.4922763350713669,,,1.0,0.9925761686096192,28,6,6,2
/mnt/data/INR/outputs/full_suite/minari_ant__inr_diffusion_history_conditioned__specialization__s0,minari_ant,inr_diffusion_history_conditioned,specialization,0,1.0,1.0,1.0,1.0,nan,1.5367100238800049,1.4599468239438214,1.2669764757156372,1.2396410867182504,,,1.0,1.0525794492492675,40,4,4,4
/mnt/data/INR/outputs/full_suite/minari_humanoid__cvae__specialization__s1,minari_humanoid,cvae,specialization,1,1.0,1.0,1.0,1.0,nan,2584023808.0,2339879389.4872794,0.4951714873313904,50833.2942863238,,,1.0,1.104340599609375,40,4,4,4
/mnt/data/INR/outputs/full_suite/synthetic_grf__inr_transformer_history_conditioned__no_shift__s0,synthetic_grf,inr_transformer_history_conditioned,no_shift,0,0.7777777777777778,0.7777777777777778,0.7222222222222222,1.0,nan,0.3635585904121399,0.4061850048663958,0.2640838921070099,0.602958199556271,,,1.0,0.8950566516647339,78,18,18,0
/mnt/data/INR/outputs/full_suite/minari_hopper_10x__inr_transformer_history_conditioned__single_shift__s1,minari_hopper_10x,inr_transformer_history_conditioned,single_shift,1,1.0,1.0,1.0,1.0,nan,0.2532516121864319,0.2683711954174887,0.1713038682937622,0.5032411074091939,,,1.0,0.9436616764793396,40,6,6,2
/mnt/data/INR/outputs/full_suite/minari_halfcheetah__inr_diffusion_history_conditioned__generalization__s1,minari_halfcheetah,inr_diffusion_history_conditioned,generalization,1,1.0,1.0,1.0,1.0,nan,1.298291802406311,1.3089755505116325,1.1703397035598755,1.139426084661182,,,1.0,0.9918380842933655,16,8,8,0
/mnt/data/INR/outputs/full_suite/minari_hopper__cvae__new_policy__s0,minari_hopper,cvae,new_policy,0,0.6666666666666666,1.0,0.6666666666666666,0.6666666666666666,0.7465463280677795,0.8801097273826599,0.7812045212964766,0.4880642890930176,0.9381416350331435,,,1.0,1.1266060338745116,40,12,12,0
/mnt/data/INR/outputs/full_suite/minari_hopper__inr_transformer_fitted_latent__generalization__s1,minari_hopper,inr_transformer_fitted_latent,generalization,1,0.875,0.875,0.75,1.0,nan,0.44203153252601624,0.44509562032972483,0.22868770360946655,0.664854519820702,,,1.0,0.9931158886680603,16,8,8,0
/mnt/data/INR/outputs/full_suite/minari_ant__inr_diffusion_history_conditioned__specialization__s1,minari_ant,inr_diffusion_history_conditioned,specialization,1,1.0,1.0,1.0,1.0,nan,1.4800938367843628,1.4286770465154355,1.2012823820114136,1.2165910721291533,,,1.0,1.0359890924224853,40,4,4,4
/mnt/data/INR/outputs/full_suite/minari_hopper_10x__cvae__new_policy__s1,minari_hopper_10x,cvae,new_policy,1,0.6666666666666666,1.0,0.6666666666666666,0.6666666666666666,1.5852200984954834,0.9309750199317932,0.810491513519014,0.44559499621391296,0.9648704679550479,,,1.0,1.1486548648605346,40,12,12,0
/mnt/data/INR/outputs/full_suite/minari_ant__cvae__new_policy__s1,minari_ant,cvae,new_policy,1,0.6666666666666666,1.0,0.6666666666666666,0.6666666666666666,1.3396797180175781,0.45345044136047363,0.49184019611282365,0.33521994948387146,0.6733872892774808,,,1.0,0.9219466911087036,40,12,12,0
/mnt/data/INR/outputs/full_suite/synthetic_grf__cvae__single_shift__s1,synthetic_grf,cvae,single_shift,1,0.9166666666666666,0.9166666666666666,0.9166666666666666,1.0,nan,0.4790245592594147,0.5468693614925529,0.37440040707588196,0.6921160013028269,,,1.0,0.8759396539459229,78,12,12,3
/mnt/data/INR/outputs/full_suite/minari_walker2d__inr_diffusion_history_conditioned__new_policy__s1,minari_walker2d,inr_diffusion_history_conditioned,new_policy,1,0.6666666666666666,1.0,0.6666666666666666,0.6666666666666666,6.332978248596191,1.075898289680481,1.0615432625298733,0.8706269860267639,1.037255170958661,,,1.0,1.0135227905044555,40,12,12,0
/mnt/data/INR/outputs/full_suite/minari_hopper__cvae__no_shift__s0,minari_hopper,cvae,no_shift,0,1.0,1.0,1.0,1.0,nan,0.4447360038757324,0.44700417309049195,0.3170269727706909,0.666885300389604,,,1.0,0.9949258433113098,40,8,8,0
/mnt/data/INR/outputs/full_suite/minari_halfcheetah__inr_transformer_history_conditioned__specialization__s0,minari_halfcheetah,inr_transformer_history_conditioned,specialization,0,1.0,1.0,1.0,1.0,nan,0.15331152081489563,0.1618611999036491,0.10287948697805405,0.39155015108526725,,,1.0,0.9471789465675354,40,4,4,4
/mnt/data/INR/outputs/full_suite/minari_hopper__cvae__specialization__s0,minari_hopper,cvae,specialization,0,1.0,1.0,1.0,1.0,nan,0.4427666664123535,0.4472174644272514,0.31815388798713684,0.6654071433433469,,,1.0,0.9900477991828919,40,4,4,4
/mnt/data/INR/outputs/full_suite/minari_humanoid__cvae__single_shift__s0,minari_humanoid,cvae,single_shift,0,1.0,1.0,0.8333333333333334,0.8333333333333334,nan,864402432.0,825266748.3446194,0.4188145101070404,29400.721623796922,,,1.0,1.047421859336853,40,6,6,2
/mnt/data/INR/outputs/full_suite/minari_hopper_10x__cvae__generalization__s1,minari_hopper_10x,cvae,generalization,1,0.875,0.875,0.625,0.625,nan,0.7662879228591919,0.670155856998145,0.44914302229881287,0.8753787310982555,,,1.0,1.1434473262557983,16,8,8,0
/mnt/data/INR/outputs/full_suite/minari_humanoid__inr_transformer_fitted_latent__novel_generalization__s1,minari_humanoid,inr_transformer_fitted_latent,novel_generalization,1,0.5833333333333334,0.875,0.5,0.6666666666666666,0.00177871179766953,0.6418799161911011,0.6436754942062466,0.4932072162628174,0.8011740860706249,,,1.0,0.9972104297409058,16,12,12,0
/mnt/data/INR/outputs/full_suite/minari_hopper_10x__inr_diffusion_history_conditioned__specialization__s1,minari_hopper_10x,inr_diffusion_history_conditioned,specialization,1,1.0,1.0,0.5,0.5,nan,1.3363398313522339,1.5196691779248384,0.9790372848510742,1.156001657158083,,,1.0,0.8793623314628601,40,4,4,4
/mnt/data/INR/outputs/full_suite/minari_hopper__inr_transformer_history_conditioned__new_policy__s1,minari_hopper,inr_transformer_history_conditioned,new_policy,1,0.6666666666666666,1.0,0.6666666666666666,0.6666666666666666,3.882686138153076,0.7024710178375244,0.626341514901947,0.2911308705806732,0.838135441225059,,,1.0,1.1215463147888183,40,12,12,0
/mnt/data/INR/outputs/full_suite/minari_walker2d__inr_transformer_fitted_latent__new_policy__s0,minari_walker2d,inr_transformer_fitted_latent,new_policy,0,0.5833333333333334,0.875,0.5833333333333334,0.6666666666666666,0.0024072451051324606,0.43444544076919556,0.4274177917899614,0.22208136320114136,0.6591247535703659,,,1.0,1.0164421067962646,40,12,12,0
/mnt/data/INR/outputs/full_suite/minari_hopper__inr_transformer_history_conditioned__generalization__s1,minari_hopper,inr_transformer_history_conditioned,generalization,1,0.75,0.75,0.875,0.875,nan,0.4107244908809662,0.41357156356829466,0.2072926014661789,0.6408779063760633,,,1.0,0.9931158886680603,16,8,8,0
/mnt/data/INR/outputs/full_suite/synthetic_grf__cvae__single_shift__s0,synthetic_grf,cvae,single_shift,0,1.0,1.0,0.9166666666666666,0.9166666666666666,nan,0.5777429342269897,0.629818628527231,0.39297789335250854,0.7600940298587996,,,1.0,0.9173163638839722,78,12,12,3
/mnt/data/INR/outputs/full_suite/minari_walker2d__cvae__generalization__s1,minari_walker2d,cvae,generalization,1,1.0,1.0,1.0,1.0,nan,0.415584534406662,0.4533047841780587,0.3166768252849579,0.6446584633793789,,,1.0,0.916788326335907,16,8,8,0
/mnt/data/INR/outputs/full_suite/minari_walker2d__cvae__single_shift__s1,minari_walker2d,cvae,single_shift,1,1.0,1.0,1.0,1.0,nan,0.3295098543167114,0.32339004535416305,0.21343572437763214,0.5740294890654237,,,1.0,1.0189239249954223,40,6,6,2
/mnt/data/INR/outputs/full_suite/minari_hopper_10x__inr_diffusion_history_conditioned__single_shift__s0,minari_hopper_10x,inr_diffusion_history_conditioned,single_shift,0,0.6666666666666666,0.6666666666666666,1.0,1.0,nan,1.3220798969268799,1.391710849449994,0.9962202906608582,1.1498173319822935,,,1.0,0.9499673710594178,40,6,6,2
/mnt/data/INR/outputs/full_suite/minari_walker2d__inr_transformer_fitted_latent__no_shift__s1,minari_walker2d,inr_transformer_fitted_latent,no_shift,1,0.875,0.875,0.875,1.0,nan,0.2097732573747635,0.21478988435607607,0.14969564974308014,0.45801010619282573,,,1.0,0.9766440258750916,40,8,8,0
/mnt/data/INR/outputs/full_suite/minari_humanoid__cvae__generalization__s1,minari_humanoid,cvae,generalization,1,1.0,1.0,1.0,1.0,nan,0.4766519367694855,0.5342846104944783,0.42561599612236023,0.690399838332459,,,1.0,0.8921311364898682,16,8,8,0
/mnt/data/INR/outputs/full_suite/minari_walker2d__inr_diffusion_history_conditioned__conflation__s0,minari_walker2d,inr_diffusion_history_conditioned,conflation,0,1.0,1.0,1.0,1.0,nan,1.0559580326080322,1.056988245682327,0.837705671787262,1.0275981863588668,,,1.0,0.9990253315696717,28,6,6,2
/mnt/data/INR/outputs/full_suite/minari_hopper__inr_transformer_history_conditioned__novel_generalization__s1,minari_hopper,inr_transformer_history_conditioned,novel_generalization,1,0.5,0.75,0.5833333333333334,0.5833333333333334,4.727673530578613,0.8649442195892334,0.7590019585804367,0.40432336926460266,0.9300237736688419,,,1.0,1.1395810113677978,16,12,12,0
/mnt/data/INR/outputs/full_suite/minari_ant__cvae__generalization__s1,minari_ant,cvae,generalization,1,1.0,1.0,1.0,1.0,nan,0.6939840316772461,0.7022772691157555,0.551380455493927,0.8330570398701677,,,1.0,0.9881909356842041,16,8,8,0
/mnt/data/INR/outputs/full_suite/minari_halfcheetah__inr_transformer_history_conditioned__new_policy__s1,minari_halfcheetah,inr_transformer_history_conditioned,new_policy,1,0.6666666666666666,1.0,0.6666666666666666,0.6666666666666666,1.7783772945404053,0.27626729011535645,0.2707488300000536,0.13198228180408478,0.5256113489217641,,,1.0,1.020382212234497,40,12,12,0
/mnt/data/INR/outputs/full_suite/synthetic_grf__inr_transformer_history_conditioned__no_shift__s1,synthetic_grf,inr_transformer_history_conditioned,no_shift,1,0.8333333333333334,0.8333333333333334,0.9444444444444444,0.9444444444444444,nan,0.42904132604599,0.47527969799470754,0.28524938225746155,0.6550124625119662,,,1.0,0.902713345123291,78,18,18,0
/mnt/data/INR/outputs/full_suite/minari_walker2d__inr_transformer_history_conditioned__no_shift__s1,minari_walker2d,inr_transformer_history_conditioned,no_shift,1,1.0,1.0,1.0,1.0,nan,0.1986086368560791,0.20335826728487075,0.1422329992055893,0.44565528927196535,,,1.0,0.9766440258750916,40,8,8,0
/mnt/data/INR/outputs/full_suite/minari_halfcheetah__cvae__specialization__s1,minari_halfcheetah,cvae,specialization,1,1.0,1.0,1.0,1.0,nan,0.2572423219680786,0.2719869851773393,0.15496201813220978,0.5071906169953054,,,1.0,0.9457890854606629,40,4,4,4
/mnt/data/INR/outputs/full_suite/minari_hopper_10x__inr_transformer_fitted_latent__generalization__s0,minari_hopper_10x,inr_transformer_fitted_latent,generalization,0,0.5,0.5,0.5,0.5,nan,0.6254423260688782,0.5305557318976366,0.36529549956321716,0.7908491171322619,,,1.0,1.178843782974243,16,8,8,0
/mnt/data/INR/outputs/full_suite/minari_halfcheetah__cvae__specialization__s0,minari_halfcheetah,cvae,specialization,0,1.0,1.0,1.0,1.0,nan,0.23832447826862335,0.2516150502840916,0.16766297817230225,0.48818488123724535,,,1.0,0.9471789465675354,40,4,4,4
/mnt/data/INR/outputs/full_suite/minari_hopper_10x__inr_diffusion_history_conditioned__novel_generalization__s1,minari_hopper_10x,inr_diffusion_history_conditioned,novel_generalization,1,0.5,0.75,0.5,0.5,1.4605523347854614,1.8370364904403687,1.3840881342386726,1.4097718000411987,1.3553731923128658,,,1.0,1.327253984046936,16,12,12,0
/mnt/data/INR/outputs/full_suite/minari_ant__inr_transformer_fitted_latent__no_shift__s0,minari_ant,inr_transformer_fitted_latent,no_shift,0,1.0,1.0,1.0,1.0,nan,0.4987432658672333,0.4739996881892157,0.27357593178749084,0.7062175768608661,,,1.0,1.052201675010681,40,8,8,0
/mnt/data/INR/outputs/full_suite/minari_hopper__inr_transformer_history_conditioned__novel_generalization__s0,minari_hopper,inr_transformer_history_conditioned,novel_generalization,0,0.5,0.75,0.6666666666666666,0.6666666666666666,3.9697282314300537,0.908385694026947,0.793365956563176,0.4524869918823242,0.9530926995979704,,,1.0,1.1449769006500243,16,12,12,0
/mnt/data/INR/outputs/full_suite/minari_hopper_10x__inr_transformer_fitted_latent__no_shift__s0,minari_hopper_10x,inr_transformer_fitted_latent,no_shift,0,1.0,1.0,1.0,1.0,nan,0.2286175787448883,0.22356019212528258,0.15701733529567719,0.4781397063044318,,,1.0,1.0226220355758666,40,8,8,0
/mnt/data/INR/outputs/full_suite/minari_walker2d__cvae__conflation__s1,minari_walker2d,cvae,conflation,1,1.0,1.0,1.0,1.0,nan,0.35557687282562256,0.3677842553562615,0.24971216917037964,0.5963026688063894,,,1.0,0.9668083058128357,28,6,6,2
/mnt/data/INR/outputs/full_suite/minari_walker2d__inr_transformer_fitted_latent__conflation__s1,minari_walker2d,inr_transformer_fitted_latent,conflation,1,0.6666666666666666,0.6666666666666666,0.8333333333333334,1.0,nan,0.20734357833862305,0.21446193324156512,0.13781146705150604,0.45534995150831303,,,1.0,0.9668083058128357,28,6,6,2
/mnt/data/INR/outputs/full_suite/minari_halfcheetah__inr_transformer_history_conditioned__novel_generalization__s1,minari_halfcheetah,inr_transformer_history_conditioned,novel_generalization,1,0.6666666666666666,1.0,0.6666666666666666,0.6666666666666666,5.3911261558532715,0.33786845207214355,0.33235478983775246,0.22585636377334595,0.5812645284826381,,,1.0,1.0165896878967284,16,12,12,0
/mnt/data/INR/outputs/full_suite/minari_walker2d__cvae__conflation__s0,minari_walker2d,cvae,conflation,0,1.0,1.0,1.0,1.0,nan,0.3760291337966919,0.37639599509040855,0.23588824272155762,0.6132121442019001,,,1.0,0.9990253315696717,28,6,6,2
/mnt/data/INR/outputs/full_suite/minari_hopper_10x__inr_diffusion_history_conditioned__no_shift__s1,minari_hopper_10x,inr_diffusion_history_conditioned,no_shift,1,1.0,1.0,1.0,1.0,nan,1.3889902830123901,1.3963152653102389,1.0345890522003174,1.1785543190758712,,,1.0,0.9947540627250672,40,8,8,0
/mnt/data/INR/outputs/full_suite/minari_hopper__cvae__single_shift__s0,minari_hopper,cvae,single_shift,0,1.0,1.0,1.0,1.0,nan,0.4433072805404663,0.44580666267932706,0.3224952220916748,0.6658132474954718,,,1.0,0.9943935738334656,40,6,6,2
/mnt/data/INR/outputs/full_suite/minari_hopper_10x__cvae__specialization__s0,minari_hopper_10x,cvae,specialization,0,1.0,1.0,1.0,1.0,nan,0.33581429719924927,0.3863007177217466,0.25816383957862854,0.5794948638247359,,,1.0,0.8693079815635681,40,4,4,4
/mnt/data/INR/outputs/full_suite/minari_walker2d__inr_diffusion_history_conditioned__no_shift__s1,minari_walker2d,inr_diffusion_history_conditioned,no_shift,1,1.0,1.0,1.0,1.0,nan,0.9909260272979736,1.0146235486466884,0.7937659621238708,0.9954526745646795,,,1.0,0.9766440258750916,40,8,8,0
/mnt/data/INR/outputs/full_suite/minari_humanoid__cvae__conflation__s0,minari_humanoid,cvae,conflation,0,1.0,1.0,1.0,1.0,nan,0.48883676528930664,0.4849633871985002,0.41613292694091797,0.699168624359894,,,1.0,1.0079869495162963,28,6,6,2
/mnt/data/INR/outputs/full_suite/minari_hopper__inr_transformer_fitted_latent__specialization__s0,minari_hopper,inr_transformer_fitted_latent,specialization,0,1.0,1.0,1.0,1.0,nan,0.2540627419948578,0.2566166423525625,0.1846432238817215,0.5040463688936344,,,1.0,0.9900477991828919,40,4,4,4
/mnt/data/INR/outputs/full_suite/minari_halfcheetah__inr_transformer_history_conditioned__conflation__s0,minari_halfcheetah,inr_transformer_history_conditioned,conflation,0,1.0,1.0,1.0,1.0,nan,0.15855185687541962,0.15988870463081822,0.10115250200033188,0.398185706518227,,,1.0,0.9916388855705262,28,6,6,2
/mnt/data/INR/outputs/full_suite/minari_humanoid__inr_transformer_fitted_latent__new_policy__s0,minari_humanoid,inr_transformer_fitted_latent,new_policy,0,0.6666666666666666,1.0,0.6666666666666666,0.6666666666666666,0.002240335801616311,0.7467980980873108,0.6535040397334264,0.49715209007263184,0.8641748075981565,,,1.0,1.1427597270736694,40,12,12,0
/mnt/data/INR/outputs/full_suite/minari_humanoid__cvae__single_shift__s1,minari_humanoid,cvae,single_shift,1,1.0,1.0,1.0,1.0,nan,1722682624.0,1651919998.9663937,0.4036886692047119,41505.21201005965,,,1.0,1.0428365932235717,40,6,6,2
/mnt/data/INR/outputs/full_suite/minari_hopper_10x__cvae__specialization__s1,minari_hopper_10x,cvae,specialization,1,1.0,1.0,1.0,1.0,nan,0.3620324432849884,0.4116988303134734,0.2595769762992859,0.6016913189376994,,,1.0,0.8793623314628601,40,4,4,4
/mnt/data/INR/outputs/full_suite/minari_walker2d__inr_diffusion_history_conditioned__single_shift__s0,minari_walker2d,inr_diffusion_history_conditioned,single_shift,0,1.0,1.0,1.0,1.0,nan,1.0661523342132568,1.0264513930423278,0.8268678188323975,1.0325465288369609,,,1.0,1.0386778579483031,40,6,6,2
/mnt/data/INR/outputs/full_suite/minari_walker2d__inr_diffusion_history_conditioned__no_shift__s0,minari_walker2d,inr_diffusion_history_conditioned,no_shift,0,1.0,1.0,1.0,1.0,nan,1.0327768325805664,1.039212796612166,0.8041315078735352,1.0162562829230462,,,1.0,0.9938068853149414,40,8,8,0
/mnt/data/INR/outputs/full_suite/minari_halfcheetah__cvae__conflation__s0,minari_halfcheetah,cvae,conflation,0,1.0,1.0,1.0,1.0,nan,0.24481092393398285,0.24687507468319395,0.16348449885845184,0.49478371429745227,,,1.0,0.9916388855705262,28,6,6,2
/mnt/data/INR/outputs/full_suite/minari_ant__inr_transformer_history_conditioned__novel_generalization__s0,minari_ant,inr_transformer_history_conditioned,novel_generalization,0,0.5833333333333334,0.875,0.6666666666666666,0.6666666666666666,4.02180814743042,0.634764552116394,0.6564483632094515,0.4559614658355713,0.7967211256872722,,,1.0,0.966967986656189,16,12,12,0
/mnt/data/INR/outputs/full_suite/minari_hopper__inr_transformer_history_conditioned__generalization__s0,minari_hopper,inr_transformer_history_conditioned,generalization,0,0.75,0.75,1.0,1.0,nan,0.4980039596557617,0.493638075082286,0.22689540684223175,0.705693956085612,,,1.0,1.0088443027267455,16,8,8,0
/mnt/data/INR/outputs/full_suite/minari_ant__inr_transformer_fitted_latent__generalization__s1,minari_ant,inr_transformer_fitted_latent,generalization,1,1.0,1.0,1.0,1.0,nan,0.5191845297813416,0.5253888808662956,0.3833877742290497,0.7205446063786346,,,1.0,0.9881909356842041,16,8,8,0
/mnt/data/INR/outputs/full_suite/minari_ant__inr_transformer_history_conditioned__generalization__s0,minari_ant,inr_transformer_history_conditioned,generalization,0,0.875,0.875,1.0,1.0,nan,0.6496446132659912,0.6220207242635262,0.4314453601837158,0.8060053431994053,,,1.0,1.044409917427063,16,8,8,0
/mnt/data/INR/outputs/full_suite/minari_walker2d__inr_transformer_history_conditioned__no_shift__s0,minari_walker2d,inr_transformer_history_conditioned,no_shift,0,1.0,1.0,1.0,1.0,nan,0.20981252193450928,0.21112001238351136,0.13983361423015594,0.45805296848127647,,,1.0,0.9938068853149414,40,8,8,0
/mnt/data/INR/outputs/full_suite/synthetic_grf__cvae__specialization__s0,synthetic_grf,cvae,specialization,0,1.0,1.0,1.0,1.0,nan,0.4952586591243744,0.5436801897221878,0.3986148238182068,0.7037461610015179,,,1.0,0.9109374748001099,78,6,6,6
/mnt/data/INR/outputs/full_suite/minari_hopper_10x__inr_transformer_fitted_latent__novel_generalization__s1,minari_hopper_10x,inr_transformer_fitted_latent,novel_generalization,1,0.5833333333333334,0.875,0.5,0.6666666666666666,0.0038714318070560694,1.1789218187332153,0.8882413109347463,0.7053436636924744,1.0857816625515533,,,1.0,1.327253984046936,16,12,12,0
/mnt/data/INR/outputs/full_suite/minari_walker2d__inr_diffusion_history_conditioned__specialization__s1,minari_walker2d,inr_diffusion_history_conditioned,specialization,1,1.0,1.0,1.0,1.0,nan,1.0634435415267944,1.0482669670605071,0.8547143936157227,1.031233989706892,,,1.0,1.0144777761230468,40,4,4,4
/mnt/data/INR/outputs/full_suite/minari_ant__inr_diffusion_history_conditioned__single_shift__s0,minari_ant,inr_diffusion_history_conditioned,single_shift,0,0.8333333333333334,0.8333333333333334,1.0,1.0,nan,1.6041231155395508,1.4385715503946386,1.3252261877059937,1.2665398199581215,,,1.0,1.1150805221328735,40,6,6,2
/mnt/data/INR/outputs/full_suite/minari_halfcheetah__inr_diffusion_history_conditioned__specialization__s1,minari_halfcheetah,inr_diffusion_history_conditioned,specialization,1,1.0,1.0,1.0,1.0,nan,1.1259487867355347,1.190486128508368,0.9499807953834534,1.0611073398744986,,,1.0,0.9457890854606629,40,4,4,4
/mnt/data/INR/outputs/full_suite/minari_hopper_10x__inr_diffusion_history_conditioned__conflation__s1,minari_hopper_10x,inr_diffusion_history_conditioned,conflation,1,1.0,1.0,1.0,1.0,nan,1.3653453588485718,1.3812821563923616,1.0199165344238281,1.1684799351501813,,,1.0,0.9884623156318665,28,6,6,2
/mnt/data/INR/outputs/full_suite/minari_hopper_10x__inr_transformer_fitted_latent__generalization__s1,minari_hopper_10x,inr_transformer_fitted_latent,generalization,1,0.875,0.875,0.75,1.0,nan,0.6613742113113403,0.5784037411473956,0.3950398862361908,0.8132491692656934,,,1.0,1.1434473262557983,16,8,8,0
/mnt/data/INR/outputs/full_suite/minari_hopper_10x__inr_transformer_fitted_latent__conflation__s1,minari_hopper_10x,inr_transformer_fitted_latent,conflation,1,1.0,1.0,1.0,1.0,nan,0.2670819163322449,0.2701993916293257,0.1848529577255249,0.5167996868538572,,,1.0,0.9884623156318665,28,6,6,2
/mnt/data/INR/outputs/full_suite/minari_hopper__inr_transformer_fitted_latent__new_policy__s0,minari_hopper,inr_transformer_fitted_latent,new_policy,0,0.6666666666666666,1.0,0.6666666666666666,0.6666666666666666,0.0030973246321082115,0.7369497418403625,0.6541326068580675,0.2937483489513397,0.8584577693983336,,,1.0,1.1266060338745116,40,12,12,0
/mnt/data/INR/outputs/full_suite/minari_hopper_10x__inr_transformer_history_conditioned__generalization__s1,minari_hopper_10x,inr_transformer_history_conditioned,generalization,1,1.0,1.0,1.0,1.0,nan,0.6827048063278198,0.5970583783367852,0.39733263850212097,0.8262595272236319,,,1.0,1.1434473262557983,16,8,8,0
/mnt/data/INR/outputs/full_suite/synthetic_grf__cvae__specialization__s1,synthetic_grf,cvae,specialization,1,1.0,1.0,0.8333333333333334,1.0,nan,0.5499696731567383,0.6238046800070786,0.4380306601524353,0.741599402074151,,,1.0,0.8816376195678711,78,6,6,6
/mnt/data/INR/outputs/full_suite/minari_ant__cvae__conflation__s0,minari_ant,cvae,conflation,0,1.0,1.0,1.0,1.0,nan,23911390.0,21804892.222729404,0.3812811076641083,4889.927402324088,,,1.0,1.0966066585311889,28,6,6,2
/mnt/data/INR/outputs/full_suite/synthetic_grf__inr_diffusion_history_conditioned__conflation__s1,synthetic_grf,inr_diffusion_history_conditioned,conflation,1,0.75,0.75,0.8333333333333334,1.0,nan,0.3730516731739044,0.4199564872732568,0.24717673659324646,0.6107795618501853,,,1.0,0.8883102999458313,56,12,12,3
/mnt/data/INR/outputs/full_suite/minari_ant__inr_transformer_history_conditioned__novel_generalization__s1,minari_ant,inr_transformer_history_conditioned,novel_generalization,1,0.6666666666666666,1.0,0.6666666666666666,0.6666666666666666,3.14837646484375,0.5453293919563293,0.5872116425576037,0.4299980401992798,0.738464211696362,,,1.0,0.9286760555038452,16,12,12,0
/mnt/data/INR/outputs/full_suite/minari_halfcheetah__inr_transformer_history_conditioned__novel_generalization__s0,minari_halfcheetah,inr_transformer_history_conditioned,novel_generalization,0,0.6666666666666666,1.0,0.6666666666666666,0.6666666666666666,3.182692766189575,0.32457831501960754,0.31762416799385784,0.21485251188278198,0.5697177503111585,,,1.0,1.021894262863159,16,12,12,0
/mnt/data/INR/outputs/full_suite/synthetic_grf__inr_transformer_history_conditioned__novel_generalization__s1,synthetic_grf,inr_transformer_history_conditioned,novel_generalization,1,0.6666666666666666,1.0,0.5925925925925926,0.6666666666666666,7.423623085021973,0.7285681962966919,0.6507057849724406,0.5534632205963135,0.8535620635294728,,,1.0,1.1196583972702026,34,27,27,0
/mnt/data/INR/outputs/full_suite/synthetic_grf__inr_transformer_fitted_latent__single_shift__s1,synthetic_grf,inr_transformer_fitted_latent,single_shift,1,0.9166666666666666,0.9166666666666666,0.8333333333333334,1.0,nan,0.9764156341552734,1.1147065094686917,0.813643753528595,0.9881374571157969,,,1.0,0.8759396539459229,78,12,12,3
/mnt/data/INR/outputs/full_suite/minari_walker2d__inr_transformer_fitted_latent__single_shift__s0,minari_walker2d,inr_transformer_fitted_latent,single_shift,0,0.6666666666666666,0.6666666666666666,0.8333333333333334,1.0,nan,0.2701922357082367,0.26013092860374104,0.1422184258699417,0.5198001882533679,,,1.0,1.0386778579483031,40,6,6,2
/mnt/data/INR/outputs/full_suite/minari_hopper_10x__inr_diffusion_history_conditioned__single_shift__s1,minari_hopper_10x,inr_diffusion_history_conditioned,single_shift,1,1.0,1.0,0.6666666666666666,0.6666666666666666,nan,1.3943532705307007,1.4775987043712784,1.0252138376235962,1.1808273669468796,,,1.0,0.9436616764793396,40,6,6,2
/mnt/data/INR/outputs/full_suite/minari_humanoid__inr_diffusion_history_conditioned__specialization__s1,minari_humanoid,inr_diffusion_history_conditioned,specialization,1,1.0,1.0,1.0,1.0,nan,1.806741714477539,1.636036667597493,1.3253343105316162,1.344150926971201,,,1.0,1.104340599609375,40,4,4,4
/mnt/data/INR/outputs/full_suite/synthetic_grf__cvae__no_shift__s1,synthetic_grf,cvae,no_shift,1,0.8333333333333334,0.8333333333333334,0.8333333333333334,1.0,nan,0.4101661443710327,0.45437031211166257,0.2939800024032593,0.6404421475598188,,,1.0,0.902713345123291,78,18,18,0
/mnt/data/INR/outputs/full_suite/minari_hopper_10x__inr_transformer_history_conditioned__specialization__s1,minari_hopper_10x,inr_transformer_history_conditioned,specialization,1,1.0,1.0,1.0,1.0,nan,0.2684206962585449,0.3052447059132208,0.1780463606119156,0.5180933277494943,,,1.0,0.8793623314628601,40,4,4,4
/mnt/data/INR/outputs/full_suite/minari_walker2d__cvae__new_policy__s1,minari_walker2d,cvae,new_policy,1,0.6666666666666666,1.0,0.6666666666666666,0.6666666666666666,1.168749213218689,0.49924054741859436,0.4925794980595453,0.29196563363075256,0.7065695630428716,,,1.0,1.0135227905044555,40,12,12,0
/mnt/data/INR/outputs/full_suite/minari_halfcheetah__cvae__novel_generalization__s0,minari_halfcheetah,cvae,novel_generalization,0,0.6666666666666666,1.0,0.6666666666666666,0.6666666666666666,1.6075475215911865,0.44751137495040894,0.4379233656685425,0.3798251152038574,0.6689629099960691,,,1.0,1.021894262863159,16,12,12,0
/mnt/data/INR/outputs/full_suite/synthetic_grf__inr_transformer_history_conditioned__generalization__s0,synthetic_grf,inr_transformer_history_conditioned,generalization,0,0.8333333333333334,0.8333333333333334,0.7777777777777778,1.0,nan,0.6384978890419006,0.6537596395488972,0.44679567217826843,0.7990606291401802,,,1.0,0.9766554103622437,34,18,18,0
/mnt/data/INR/outputs/full_suite/minari_walker2d__inr_transformer_fitted_latent__specialization__s1,minari_walker2d,inr_transformer_fitted_latent,specialization,1,1.0,1.0,0.5,1.0,nan,0.25671613216400146,0.25305249479695274,0.17571084201335907,0.506671621628843,,,1.0,1.0144777761230468,40,4,4,4
/mnt/data/INR/outputs/full_suite/synthetic_grf__inr_transformer_fitted_latent__new_policy__s1,synthetic_grf,inr_transformer_fitted_latent,new_policy,1,0.6666666666666666,1.0,0.6296296296296297,0.6666666666666666,0.0027776211500167847,1.1893540620803833,1.1130784970486023,0.9580456614494324,1.0905751061162103,,,1.0,1.0685266719589233,78,27,27,0
/mnt/data/INR/outputs/full_suite/minari_hopper_10x__cvae__conflation__s1,minari_hopper_10x,cvae,conflation,1,1.0,1.0,1.0,1.0,nan,0.2957414388656616,0.29919343832203793,0.20759189128875732,0.5438211460265788,,,1.0,0.9884623156318665,28,6,6,2
/mnt/data/INR/outputs/full_suite/minari_hopper_10x__cvae__no_shift__s0,minari_hopper_10x,cvae,no_shift,0,1.0,1.0,1.0,1.0,nan,0.2837747633457184,0.27749721155374574,0.20058931410312653,0.5327051373374565,,,1.0,1.0226220355758666,40,8,8,0
/mnt/data/INR/outputs/full_suite/synthetic_grf__inr_transformer_fitted_latent__no_shift__s0,synthetic_grf,inr_transformer_fitted_latent,no_shift,0,0.7222222222222222,0.7222222222222222,0.6111111111111112,0.9444444444444444,nan,0.8116324543952942,0.9067945061194983,0.5853569507598877,0.900906462622671,,,1.0,0.8950566516647339,78,18,18,0
/mnt/data/INR/outputs/full_suite/minari_halfcheetah__inr_transformer_fitted_latent__specialization__s0,minari_halfcheetah,inr_transformer_fitted_latent,specialization,0,1.0,1.0,1.0,1.0,nan,0.15584439039230347,0.16453531928371626,0.09051170945167542,0.39477131404435084,,,1.0,0.9471789465675354,40,4,4,4
/mnt/data/INR/outputs/full_suite/minari_hopper__inr_diffusion_history_conditioned__no_shift__s0,minari_hopper,inr_diffusion_history_conditioned,no_shift,0,1.0,1.0,1.0,1.0,nan,1.2500818967819214,1.2564573582905454,0.8949056267738342,1.1180706135043177,,,1.0,0.9949258433113098,40,8,8,0
/mnt/data/INR/outputs/full_suite/minari_ant__inr_transformer_fitted_latent__novel_generalization__s1,minari_ant,inr_transformer_fitted_latent,novel_generalization,1,0.6666666666666666,1.0,0.6666666666666666,0.6666666666666666,0.0022539091296494007,0.5438762307167053,0.5856468759944822,0.41602423787117004,0.7374796476627035,,,1.0,0.9286760555038452,16,12,12,0
/mnt/data/INR/outputs/full_suite/minari_ant__cvae__no_shift__s0,minari_ant,cvae,no_shift,0,1.0,1.0,1.0,1.0,nan,0.9118584394454956,0.8666194524317206,0.32772645354270935,0.9549127915393613,,,1.0,1.052201675010681,40,8,8,0
/mnt/data/INR/outputs/full_suite/minari_hopper_10x__inr_transformer_fitted_latent__new_policy__s0,minari_hopper_10x,inr_transformer_fitted_latent,new_policy,0,0.6666666666666666,1.0,0.6666666666666666,0.6666666666666666,0.004952843300998211,0.8927567601203918,0.7611532640881205,0.3849400281906128,0.9448580634785269,,,1.0,1.1729001270065307,40,12,12,0
/mnt/data/INR/outputs/full_suite/minari_humanoid__inr_transformer_history_conditioned__no_shift__s1,minari_humanoid,inr_transformer_history_conditioned,no_shift,1,1.0,1.0,1.0,1.0,nan,0.40810349583625793,0.4093322874616625,0.3582342267036438,0.6388297862782056,,,1.0,0.9969980583915711,40,8,8,0
/mnt/data/INR/outputs/full_suite/minari_halfcheetah__inr_transformer_history_conditioned__generalization__s0,minari_halfcheetah,inr_transformer_history_conditioned,generalization,0,1.0,1.0,1.0,1.0,nan,0.2430906444787979,0.24312657206874302,0.15832455456256866,0.49304223397067914,,,1.0,0.9998522268066407,16,8,8,0
/mnt/data/INR/outputs/full_suite/minari_ant__inr_transformer_history_conditioned__single_shift__s1,minari_ant,inr_transformer_history_conditioned,single_shift,1,1.0,1.0,1.0,1.0,nan,0.3476252555847168,0.3414812215014051,0.2682640254497528,0.5895975369561145,,,1.0,1.017992304397583,40,6,6,2
/mnt/data/INR/outputs/full_suite/minari_ant__inr_transformer_fitted_latent__new_policy__s0,minari_ant,inr_transformer_fitted_latent,new_policy,0,0.6666666666666666,1.0,0.6666666666666666,0.6666666666666666,0.00905462447553873,0.5815268754959106,0.5966245585226535,0.3721908926963806,0.7625790945835786,,,1.0,0.9746948347816468,40,12,12,0
/mnt/data/INR/outputs/full_suite/minari_humanoid__inr_diffusion_history_conditioned__conflation__s0,minari_humanoid,inr_diffusion_history_conditioned,conflation,0,1.0,1.0,1.0,1.0,nan,1.3104966878890991,1.3001127529656693,1.2045402526855469,1.1447692727746928,,,1.0,1.0079869495162963,28,6,6,2
/mnt/data/INR/outputs/full_suite/synthetic_grf__inr_transformer_history_conditioned__new_policy__s1,synthetic_grf,inr_transformer_history_conditioned,new_policy,1,0.5555555555555556,0.8333333333333334,0.6296296296296297,0.6296296296296297,6.7130022048950195,0.5460713505744934,0.5110507438933501,0.39218178391456604,0.7389664069323405,,,1.0,1.0685266719589233,78,27,27,0
/mnt/data/INR/outputs/full_suite/minari_hopper_10x__inr_transformer_fitted_latent__specialization__s1,minari_hopper_10x,inr_transformer_fitted_latent,specialization,1,1.0,1.0,1.0,1.0,nan,0.36321163177490234,0.413039788923734,0.24626369774341583,0.6026704172057081,,,1.0,0.8793623314628601,40,4,4,4
/mnt/data/INR/outputs/full_suite/minari_humanoid__inr_transformer_history_conditioned__specialization__s1,minari_humanoid,inr_transformer_history_conditioned,specialization,1,1.0,1.0,1.0,1.0,nan,0.5979674458503723,0.5414701280219926,0.4567252993583679,0.7732835481570601,,,1.0,1.104340599609375,40,4,4,4
/mnt/data/INR/outputs/full_suite/minari_hopper__cvae__specialization__s1,minari_hopper,cvae,specialization,1,1.0,1.0,1.0,1.0,nan,0.4301608204841614,0.43265952726035894,0.32214486598968506,0.6558664654364952,,,1.0,0.9942247734794617,40,4,4,4
/mnt/data/INR/outputs/full_suite/minari_ant__inr_diffusion_history_conditioned__conflation__s1,minari_ant,inr_diffusion_history_conditioned,conflation,1,1.0,1.0,1.0,1.0,nan,1.3796031475067139,1.3991941337156861,1.1853296756744385,1.1745650886633374,,,1.0,0.9859983788261414,28,6,6,2
/mnt/data/INR/outputs/full_suite/minari_hopper__inr_diffusion_history_conditioned__novel_generalization__s0,minari_hopper,inr_diffusion_history_conditioned,novel_generalization,0,0.6666666666666666,1.0,0.6666666666666666,0.6666666666666666,6.068122386932373,1.508815884590149,1.317769715470737,1.186684250831604,1.228338668523526,,,1.0,1.1449769006500243,16,12,12,0
/mnt/data/INR/outputs/full_suite/minari_halfcheetah__inr_diffusion_history_conditioned__no_shift__s0,minari_halfcheetah,inr_diffusion_history_conditioned,no_shift,0,1.0,1.0,1.0,1.0,nan,1.1803075075149536,1.17121139688045,1.0510669946670532,1.0864195817063285,,,1.0,1.0077664123306274,40,8,8,0
/mnt/data/INR/outputs/full_suite/minari_hopper__cvae__no_shift__s1,minari_hopper,cvae,no_shift,1,1.0,1.0,1.0,1.0,nan,0.4219016134738922,0.43069107474498247,0.3121369481086731,0.6495395395769932,,,1.0,0.979592190814972,40,8,8,0
/mnt/data/INR/outputs/full_suite/minari_hopper_10x__inr_transformer_history_conditioned__specialization__s0,minari_hopper_10x,inr_transformer_history_conditioned,specialization,0,1.0,1.0,1.0,1.0,nan,0.27307552099227905,0.31412977538882797,0.18548516929149628,0.5225662838265391,,,1.0,0.8693079815635681,40,4,4,4
/mnt/data/INR/outputs/full_suite/minari_hopper__cvae__single_shift__s1,minari_hopper,cvae,single_shift,1,1.0,1.0,1.0,1.0,nan,0.40399929881095886,0.41222206670791417,0.2955862283706665,0.6356093916950558,,,1.0,0.9800525770912171,40,6,6,2
/mnt/data/INR/outputs/full_suite/minari_hopper__inr_transformer_history_conditioned__new_policy__s0,minari_hopper,inr_transformer_history_conditioned,new_policy,0,0.6666666666666666,1.0,0.6666666666666666,0.6666666666666666,4.835546493530273,0.7740881443023682,0.6870974600057849,0.28556549549102783,0.8798227914201633,,,1.0,1.1266060338745116,40,12,12,0
/mnt/data/INR/outputs/full_suite/minari_halfcheetah__inr_transformer_history_conditioned__single_shift__s0,minari_halfcheetah,inr_transformer_history_conditioned,single_shift,0,1.0,1.0,1.0,1.0,nan,0.1444183886051178,0.14264648330286467,0.08902361989021301,0.3800241947628043,,,1.0,1.012421654296875,40,6,6,2
/mnt/data/INR/outputs/full_suite/minari_ant__inr_transformer_fitted_latent__single_shift__s0,minari_ant,inr_transformer_fitted_latent,single_shift,0,1.0,1.0,1.0,1.0,nan,0.6085489988327026,0.5457444433418125,0.3050319254398346,0.780095506225169,,,1.0,1.1150805221328735,40,6,6,2
/mnt/data/INR/outputs/full_suite/minari_hopper__inr_transformer_fitted_latent__novel_generalization__s1,minari_hopper,inr_transformer_fitted_latent,novel_generalization,1,0.5833333333333334,0.875,0.5,0.6666666666666666,0.0025520888157188892,0.8589678406715393,0.7537575934514312,0.4060475528240204,0.9268051794587358,,,1.0,1.1395810113677978,16,12,12,0
/mnt/data/INR/outputs/full_suite/minari_hopper__cvae__conflation__s0,minari_hopper,cvae,conflation,0,1.0,1.0,1.0,1.0,nan,0.3981832265853882,0.40111417034978686,0.2867889702320099,0.6310176119454893,,,1.0,0.9926929937133789,28,6,6,2
/mnt/data/INR/outputs/full_suite/minari_humanoid__inr_diffusion_history_conditioned__no_shift__s1,minari_humanoid,inr_diffusion_history_conditioned,no_shift,1,1.0,1.0,1.0,1.0,nan,1.2967902421951294,1.3006948521917931,1.211310863494873,1.1387669832740714,,,1.0,0.9969980583915711,40,8,8,0
/mnt/data/INR/outputs/full_suite/minari_walker2d__inr_transformer_fitted_latent__new_policy__s1,minari_walker2d,inr_transformer_fitted_latent,new_policy,1,0.5833333333333334,0.875,0.5833333333333334,0.6666666666666666,0.0023750492837280035,0.4321284890174866,0.4263628732042675,0.2134784609079361,0.6573648066465732,,,1.0,1.0135227905044555,40,12,12,0
/mnt/data/INR/outputs/full_suite/minari_hopper__cvae__new_policy__s1,minari_hopper,cvae,new_policy,1,0.6666666666666666,1.0,0.6666666666666666,0.6666666666666666,0.7227765321731567,0.8264394402503967,0.7368749995901964,0.4772465229034424,0.909087146675387,,,1.0,1.1215463147888183,40,12,12,0
/mnt/data/INR/outputs/full_suite/minari_hopper__inr_transformer_fitted_latent__single_shift__s1,minari_hopper,inr_transformer_fitted_latent,single_shift,1,1.0,1.0,0.8333333333333334,1.0,nan,0.23564179241657257,0.240437909072138,0.1565789431333542,0.48542949273460156,,,1.0,0.9800525770912171,40,6,6,2
/mnt/data/INR/outputs/full_suite/minari_ant__inr_diffusion_history_conditioned__new_policy__s1,minari_ant,inr_diffusion_history_conditioned,new_policy,1,0.6666666666666666,1.0,0.6666666666666666,0.6666666666666666,1.791050672531128,1.340216875076294,1.4536815284456328,1.1125684976577759,1.157677362254395,,,1.0,0.9219466911087036,40,12,12,0
/mnt/data/INR/outputs/full_suite/synthetic_grf__inr_transformer_history_conditioned__specialization__s0,synthetic_grf,inr_transformer_history_conditioned,specialization,0,1.0,1.0,0.6666666666666666,1.0,nan,0.45414602756500244,0.49854796858001393,0.3053879737854004,0.6739035743821237,,,1.0,0.9109374748001099,78,6,6,6
/mnt/data/INR/outputs/full_suite/minari_halfcheetah__cvae__no_shift__s0,minari_halfcheetah,cvae,no_shift,0,1.0,1.0,1.0,1.0,nan,0.22029726207256317,0.2185995280028128,0.14548100531101227,0.46935835144648613,,,1.0,1.0077664123306274,40,8,8,0
/mnt/data/INR/outputs/full_suite/minari_hopper__inr_transformer_history_conditioned__single_shift__s0,minari_hopper,inr_transformer_history_conditioned,single_shift,0,1.0,1.0,1.0,1.0,nan,0.2349415272474289,0.23626613589397083,0.15373669564723969,0.48470767195024766,,,1.0,0.9943935738334656,40,6,6,2
/mnt/data/INR/outputs/full_suite/minari_walker2d__inr_transformer_history_conditioned__generalization__s0,minari_walker2d,inr_transformer_history_conditioned,generalization,0,1.0,1.0,1.0,1.0,nan,0.26449400186538696,0.27349902889111555,0.1808737963438034,0.5142898033846159,,,1.0,0.9670747385749817,16,8,8,0
/mnt/data/INR/outputs/full_suite/minari_walker2d__inr_diffusion_history_conditioned__new_policy__s0,minari_walker2d,inr_diffusion_history_conditioned,new_policy,0,0.6666666666666666,1.0,0.6666666666666666,0.6666666666666666,4.50115966796875,1.0638666152954102,1.0466573631513785,0.8441961407661438,1.031439099169413,,,1.0,1.0164421067962646,40,12,12,0
/mnt/data/INR/outputs/full_suite/minari_humanoid__inr_transformer_history_conditioned__novel_generalization__s1,minari_humanoid,inr_transformer_history_conditioned,novel_generalization,1,0.6666666666666666,1.0,0.6666666666666666,0.6666666666666666,3.2947030067443848,0.6424210071563721,0.6442180988051692,0.4932895004749298,0.8015117011974137,,,1.0,0.9972104297409058,16,12,12,0
/mnt/data/INR/outputs/full_suite/minari_hopper_10x__inr_transformer_history_conditioned__new_policy__s1,minari_hopper_10x,inr_transformer_history_conditioned,new_policy,1,0.6666666666666666,1.0,0.6666666666666666,0.6666666666666666,2.468132972717285,0.9040214419364929,0.7870261726060385,0.37501534819602966,0.9508004217166149,,,1.0,1.1486548648605346,40,12,12,0
/mnt/data/INR/outputs/full_suite/minari_hopper_10x__inr_diffusion_history_conditioned__new_policy__s1,minari_hopper_10x,inr_diffusion_history_conditioned,new_policy,1,0.6666666666666666,1.0,0.6666666666666666,0.6666666666666666,1.7032454013824463,1.6202187538146973,1.4105357521916893,1.2894452810287476,1.2728781378492984,,,1.0,1.1486548648605346,40,12,12,0
/mnt/data/INR/outputs/full_suite/minari_hopper__inr_diffusion_history_conditioned__novel_generalization__s1,minari_hopper,inr_diffusion_history_conditioned,novel_generalization,1,0.6666666666666666,1.0,0.6666666666666666,0.6666666666666666,5.879575729370117,1.5135825872421265,1.3281921795322196,1.1649810075759888,1.2302774431981294,,,1.0,1.1395810113677978,16,12,12,0
/mnt/data/INR/outputs/full_suite/minari_humanoid__inr_transformer_history_conditioned__generalization__s1,minari_humanoid,inr_transformer_history_conditioned,generalization,1,1.0,1.0,1.0,1.0,nan,0.42731526494026184,0.4789825704565741,0.3867551386356354,0.6536935558350425,,,1.0,0.8921311364898682,16,8,8,0
/mnt/data/INR/outputs/full_suite/minari_humanoid__inr_transformer_fitted_latent__no_shift__s1,minari_humanoid,inr_transformer_fitted_latent,no_shift,1,1.0,1.0,1.0,1.0,nan,0.40854400396347046,0.40977412195021023,0.35582491755485535,0.6391744706756289,,,1.0,0.9969980583915711,40,8,8,0
/mnt/data/INR/outputs/full_suite/synthetic_grf__inr_transformer_fitted_latent__novel_generalization__s0,synthetic_grf,inr_transformer_fitted_latent,novel_generalization,0,0.5185185185185185,0.7777777777777778,0.5555555555555556,0.6666666666666666,0.002207632176578045,1.2311664819717407,1.0710373916000635,0.878228485584259,1.1095794167033475,,,1.0,1.1495084033737182,34,27,27,0
/mnt/data/INR/outputs/full_suite/minari_ant__cvae__single_shift__s0,minari_ant,cvae,single_shift,0,1.0,1.0,1.0,1.0,nan,1.2292381525039673,1.1023761316830631,0.3557753264904022,1.1087101300628435,,,1.0,1.1150805221328735,40,6,6,2
/mnt/data/INR/outputs/full_suite/minari_ant__inr_transformer_history_conditioned__conflation__s1,minari_ant,inr_transformer_history_conditioned,conflation,1,1.0,1.0,1.0,1.0,nan,0.36496028304100037,0.3701428834756258,0.27297431230545044,0.6041194277963591,,,1.0,0.9859983788261414,28,6,6,2
/mnt/data/INR/outputs/full_suite/minari_halfcheetah__cvae__single_shift__s1,minari_halfcheetah,cvae,single_shift,1,1.0,1.0,1.0,1.0,nan,0.39487192034721375,0.39267168642610967,0.1438567340373993,0.6283883515368611,,,1.0,1.0056032405624389,40,6,6,2
/mnt/data/INR/outputs/full_suite/minari_humanoid__inr_diffusion_history_conditioned__single_shift__s1,minari_humanoid,inr_diffusion_history_conditioned,single_shift,1,1.0,1.0,1.0,1.0,nan,1.5636951923370361,1.4994632931928564,1.2115473747253418,1.2504779855467414,,,1.0,1.0428365932235717,40,6,6,2
/mnt/data/INR/outputs/full_suite/minari_hopper_10x__inr_transformer_fitted_latent__single_shift__s0,minari_hopper_10x,inr_transformer_fitted_latent,single_shift,0,1.0,1.0,1.0,1.0,nan,0.28094956278800964,0.295746539667663,0.19434404373168945,0.5300467552848613,,,1.0,0.9499673710594178,40,6,6,2
/mnt/data/INR/outputs/full_suite/minari_halfcheetah__inr_diffusion_history_conditioned__conflation__s0,minari_halfcheetah,inr_diffusion_history_conditioned,conflation,0,1.0,1.0,1.0,1.0,nan,1.191554069519043,1.201600791233089,1.0231727361679077,1.0915832856539363,,,1.0,0.9916388855705262,28,6,6,2
/mnt/data/INR/outputs/full_suite/minari_humanoid__inr_transformer_fitted_latent__novel_generalization__s0,minari_humanoid,inr_transformer_fitted_latent,novel_generalization,0,0.5,0.75,0.5833333333333334,0.6666666666666666,0.001036044443026185,0.6355089545249939,0.6364760891638841,0.48651790618896484,0.7971881550330473,,,1.0,0.9984804855117798,16,12,12,0
/mnt/data/INR/outputs/full_suite/minari_walker2d__inr_diffusion_history_conditioned__novel_generalization__s0,minari_walker2d,inr_diffusion_history_conditioned,novel_generalization,0,0.6666666666666666,1.0,0.6666666666666666,0.6666666666666666,4.750162124633789,1.1234526634216309,1.138494427709848,0.9212682247161865,1.0599304993355134,,,1.0,0.9867880211601258,16,12,12,0
/mnt/data/INR/outputs/full_suite/minari_humanoid__inr_transformer_fitted_latent__new_policy__s1,minari_humanoid,inr_transformer_fitted_latent,new_policy,1,0.6666666666666666,1.0,0.6666666666666666,0.6666666666666666,0.0024369482416659594,0.7257420420646667,0.643116161732375,0.48976969718933105,0.8519049489612481,,,1.0,1.1284773813018798,40,12,12,0
/mnt/data/INR/outputs/full_suite/minari_halfcheetah__inr_transformer_history_conditioned__specialization__s1,minari_halfcheetah,inr_transformer_history_conditioned,specialization,1,1.0,1.0,1.0,1.0,nan,0.17931616306304932,0.18959424021658094,0.09684848040342331,0.4234573922640262,,,1.0,0.9457890854606629,40,4,4,4
/mnt/data/INR/outputs/full_suite/minari_hopper__inr_diffusion_history_conditioned__conflation__s1,minari_hopper,inr_diffusion_history_conditioned,conflation,1,1.0,1.0,1.0,1.0,nan,1.203353762626648,1.2308288530289617,0.9214255809783936,1.096974823150763,,,1.0,0.9776775704154969,28,6,6,2
/mnt/data/INR/outputs/full_suite/minari_hopper_10x__cvae__conflation__s0,minari_hopper_10x,cvae,conflation,0,1.0,1.0,1.0,1.0,nan,0.27935999631881714,0.2814494294278081,0.19127917289733887,0.5285451696107127,,,1.0,0.9925761686096192,28,6,6,2
/mnt/data/INR/outputs/full_suite/minari_hopper_10x__inr_transformer_history_conditioned__no_shift__s1,minari_hopper_10x,inr_transformer_history_conditioned,no_shift,1,1.0,1.0,1.0,1.0,nan,0.2434355914592743,0.24471937394495033,0.1571422815322876,0.4933919248014445,,,1.0,0.9947540627250672,40,8,8,0
/mnt/data/INR/outputs/full_suite/minari_hopper__inr_transformer_history_conditioned__no_shift__s1,minari_hopper,inr_transformer_history_conditioned,no_shift,1,1.0,1.0,1.0,1.0,nan,0.23277601599693298,0.23762543043883896,0.15616194903850555,0.48246866840960045,,,1.0,0.979592190814972,40,8,8,0
/mnt/data/INR/outputs/full_suite/minari_hopper_10x__inr_transformer_history_conditioned__novel_generalization__s1,minari_hopper_10x,inr_transformer_history_conditioned,novel_generalization,1,0.6666666666666666,1.0,0.6666666666666666,0.6666666666666666,4.47266149520874,1.2180376052856445,0.9177125252031422,0.697352409362793,1.1036474098577156,,,1.0,1.327253984046936,16,12,12,0
/mnt/data/INR/outputs/full_suite/minari_hopper__inr_diffusion_history_conditioned__specialization__s0,minari_hopper,inr_diffusion_history_conditioned,specialization,0,1.0,1.0,1.0,1.0,nan,1.2641499042510986,1.2768574459681938,0.8843606114387512,1.1243442107518047,,,1.0,0.9900477991828919,40,4,4,4
/mnt/data/INR/outputs/full_suite/synthetic_grf__inr_diffusion_history_conditioned__novel_generalization__s1,synthetic_grf,inr_diffusion_history_conditioned,novel_generalization,1,0.6666666666666666,1.0,0.6296296296296297,0.6666666666666666,7.253395080566406,1.6617112159729004,1.4841233897984034,1.3703632354736328,1.2890737822067828,,,1.0,1.1196583972702026,34,27,27,0
/mnt/data/INR/outputs/full_suite/minari_humanoid__inr_transformer_fitted_latent__generalization__s0,minari_humanoid,inr_transformer_fitted_latent,generalization,0,0.75,0.75,0.875,1.0,nan,0.4303259253501892,0.4854279005299184,0.39255523681640625,0.6559923211061157,,,1.0,0.886487828327179,16,8,8,0
/mnt/data/INR/outputs/full_suite/synthetic_grf__cvae__generalization__s1,synthetic_grf,cvae,generalization,1,1.0,1.0,0.8888888888888888,1.0,nan,0.548934280872345,0.5809182809841824,0.37720680236816406,0.7409009926247535,,,1.0,0.9449423418769837,34,18,18,0
/mnt/data/INR/outputs/full_suite/minari_hopper__inr_transformer_fitted_latent__novel_generalization__s0,minari_hopper,inr_transformer_fitted_latent,novel_generalization,0,0.5,0.75,0.5833333333333334,0.6666666666666666,0.0029833761509507895,0.8839139342308044,0.7719928093999017,0.4785197973251343,0.9401669714634759,,,1.0,1.1449769006500243,16,12,12,0
/mnt/data/INR/outputs/full_suite/minari_humanoid__cvae__generalization__s0,minari_humanoid,cvae,generalization,0,1.0,1.0,1.0,1.0,nan,0.5099537372589111,0.5752518206834317,0.4542526602745056,0.7141104517222187,,,1.0,0.886487828327179,16,8,8,0
/mnt/data/INR/outputs/full_suite/minari_halfcheetah__cvae__new_policy__s1,minari_halfcheetah,cvae,new_policy,1,0.6666666666666666,1.0,0.6666666666666666,0.6666666666666666,0.5268352031707764,0.3885664939880371,0.38080484874107107,0.19631625711917877,0.6233510198820863,,,1.0,1.020382212234497,40,12,12,0
/mnt/data/INR/outputs/full_suite/synthetic_grf__inr_transformer_fitted_latent__specialization__s0,synthetic_grf,inr_transformer_fitted_latent,specialization,0,1.0,1.0,1.0,1.0,nan,0.8968673348426819,0.9845542198595842,0.7521661520004272,0.9470307993104986,,,1.0,0.9109374748001099,78,6,6,6
/mnt/data/INR/outputs/full_suite/minari_hopper_10x__inr_diffusion_history_conditioned__new_policy__s0,minari_hopper_10x,inr_diffusion_history_conditioned,new_policy,0,0.6666666666666666,1.0,0.6666666666666666,0.6666666666666666,1.0878745317459106,1.5512163639068604,1.322547698810355,1.196094036102295,1.2454783674985528,,,1.0,1.1729001270065307,40,12,12,0
/mnt/data/INR/outputs/full_suite/synthetic_grf__inr_diffusion_history_conditioned__single_shift__s0,synthetic_grf,inr_diffusion_history_conditioned,single_shift,0,0.9166666666666666,0.9166666666666666,0.9166666666666666,1.0,nan,0.13670091331005096,0.14902264768422002,0.09247637540102005,0.36973086604995664,,,1.0,0.9173163638839722,78,12,12,3
/mnt/data/INR/outputs/full_suite/minari_humanoid__inr_transformer_history_conditioned__no_shift__s0,minari_humanoid,inr_transformer_history_conditioned,no_shift,0,1.0,1.0,1.0,1.0,nan,0.4201302230358124,0.421784435991683,0.3603379726409912,0.6481745313075887,,,1.0,0.9960780606994629,40,8,8,0
/mnt/data/INR/outputs/full_suite/minari_walker2d__inr_transformer_history_conditioned__single_shift__s0,minari_walker2d,inr_transformer_history_conditioned,single_shift,0,1.0,1.0,1.0,1.0,nan,0.27030667662620544,0.2602411080179771,0.13248884677886963,0.5199102582429063,,,1.0,1.0386778579483031,40,6,6,2
/mnt/data/INR/outputs/full_suite/minari_humanoid__cvae__new_policy__s1,minari_humanoid,cvae,new_policy,1,0.6666666666666666,1.0,0.6666666666666666,0.6666666666666666,2.5575358867645264,0.8741655945777893,0.7746416623515298,0.5469374656677246,0.9349682318548526,,,1.0,1.1284773813018798,40,12,12,0
/mnt/data/INR/outputs/full_suite/minari_humanoid__inr_diffusion_history_conditioned__generalization__s0,minari_humanoid,inr_diffusion_history_conditioned,generalization,0,1.0,1.0,1.0,1.0,nan,1.2929527759552002,1.4585115944513631,1.2065351009368896,1.1370808132912982,,,1.0,0.886487828327179,16,8,8,0
/mnt/data/INR/outputs/full_suite/minari_hopper__cvae__novel_generalization__s1,minari_hopper,cvae,novel_generalization,1,0.5,0.75,0.5,0.5,0.9303917288780212,0.9605912566184998,0.8429337160203616,0.5522444844245911,0.9800975750498008,,,1.0,1.1395810113677978,16,12,12,0
/mnt/data/INR/outputs/full_suite/minari_ant__cvae__specialization__s0,minari_ant,cvae,specialization,0,1.0,1.0,1.0,1.0,nan,0.44976457953453064,0.4272975117035743,0.3135257959365845,0.6706448982393967,,,1.0,1.0525794492492675,40,4,4,4
/mnt/data/INR/outputs/full_suite/synthetic_grf__cvae__generalization__s0,synthetic_grf,cvae,generalization,0,0.8333333333333334,0.8333333333333334,0.7777777777777778,0.8888888888888888,nan,0.5887841582298279,0.6028576220260189,0.4047209620475769,0.7673227210436478,,,1.0,0.9766554103622437,34,18,18,0
/mnt/data/INR/outputs/full_suite/minari_humanoid__inr_transformer_fitted_latent__no_shift__s0,minari_humanoid,inr_transformer_fitted_latent,no_shift,0,1.0,1.0,1.0,1.0,nan,0.420698344707489,0.4223547945751034,0.36024394631385803,0.6486126307030176,,,1.0,0.9960780606994629,40,8,8,0
/mnt/data/INR/outputs/full_suite/minari_humanoid__inr_transformer_history_conditioned__generalization__s0,minari_humanoid,inr_transformer_history_conditioned,generalization,0,1.0,1.0,1.0,1.0,nan,0.4320165514945984,0.4873350064036667,0.38740718364715576,0.6572796600341428,,,1.0,0.886487828327179,16,8,8,0
/mnt/data/INR/outputs/full_suite/minari_halfcheetah__cvae__new_policy__s0,minari_halfcheetah,cvae,new_policy,0,0.6666666666666666,1.0,0.6666666666666666,0.6666666666666666,0.5149415731430054,0.3098723590373993,0.30089935733470374,0.20292598009109497,0.5566617995133125,,,1.0,1.02982060773468,40,12,12,0
/mnt/data/INR/outputs/full_suite/minari_humanoid__cvae__new_policy__s0,minari_humanoid,cvae,new_policy,0,0.6666666666666666,1.0,0.6666666666666666,0.6666666666666666,2.9222919940948486,0.8226699233055115,0.7198975461028625,0.5319632291793823,0.9070115342736891,,,1.0,1.1427597270736694,40,12,12,0
/mnt/data/INR/outputs/full_suite/minari_walker2d__inr_transformer_history_conditioned__new_policy__s0,minari_walker2d,inr_transformer_history_conditioned,new_policy,0,0.6666666666666666,1.0,0.6666666666666666,0.6666666666666666,4.154437065124512,0.4076584577560425,0.4010641186844825,0.21480149030685425,0.6384813683703249,,,1.0,1.0164421067962646,40,12,12,0
/mnt/data/INR/outputs/full_suite/minari_humanoid__inr_transformer_fitted_latent__single_shift__s0,minari_humanoid,inr_transformer_fitted_latent,single_shift,0,0.8333333333333334,0.8333333333333334,1.0,1.0,nan,0.5017709732055664,0.47905337160258354,0.37717103958129883,0.7083579414431425,,,1.0,1.047421859336853,40,6,6,2
/mnt/data/INR/outputs/full_suite/minari_humanoid__inr_diffusion_history_conditioned__new_policy__s1,minari_humanoid,inr_diffusion_history_conditioned,new_policy,1,0.6666666666666666,1.0,0.6666666666666666,0.6666666666666666,1.8140971660614014,1.4259791374206543,1.2636311201696913,1.2903598546981812,1.1941436837418913,,,1.0,1.1284773813018798,40,12,12,0
/mnt/data/INR/outputs/full_suite/minari_halfcheetah__inr_transformer_history_conditioned__new_policy__s0,minari_halfcheetah,inr_transformer_history_conditioned,new_policy,0,0.6666666666666666,1.0,0.6666666666666666,0.6666666666666666,1.9045335054397583,0.2717784643173218,0.26390855094185683,0.13739411532878876,0.5213237615122888,,,1.0,1.02982060773468,40,12,12,0
/mnt/data/INR/outputs/full_suite/minari_walker2d__inr_transformer_history_conditioned__specialization__s0,minari_walker2d,inr_transformer_history_conditioned,specialization,0,1.0,1.0,1.0,1.0,nan,0.337643027305603,0.3236934456530157,0.1672925502061844,0.5810705871971176,,,1.0,1.0430950389633178,40,4,4,4
/mnt/data/INR/outputs/full_suite/minari_walker2d__inr_diffusion_history_conditioned__generalization__s0,minari_walker2d,inr_diffusion_history_conditioned,generalization,0,1.0,1.0,1.0,1.0,nan,1.094528079032898,1.1317926478420097,0.9043061137199402,1.0461969599616021,,,1.0,0.9670747385749817,16,8,8,0
/mnt/data/INR/outputs/full_suite/minari_halfcheetah__inr_transformer_fitted_latent__generalization__s0,minari_halfcheetah,inr_transformer_fitted_latent,generalization,0,1.0,1.0,1.0,1.0,nan,0.23277133703231812,0.23280573947987343,0.1455691158771515,0.48246381940236527,,,1.0,0.9998522268066407,16,8,8,0
/mnt/data/INR/outputs/full_suite/synthetic_grf__inr_transformer_fitted_latent__single_shift__s0,synthetic_grf,inr_transformer_fitted_latent,single_shift,0,0.9166666666666666,0.9166666666666666,0.8333333333333334,1.0,nan,1.0066686868667603,1.0974062237421176,0.7883625626564026,1.0033288029687777,,,1.0,0.9173163638839722,78,12,12,3
/mnt/data/INR/outputs/full_suite/minari_humanoid__cvae__specialization__s0,minari_humanoid,cvae,specialization,0,1.0,1.0,0.75,0.75,nan,21862725632.0,19702060015.72339,0.5394178032875061,147860.4938176523,,,1.0,1.1096669898757934,40,4,4,4
/mnt/data/INR/outputs/full_suite/minari_walker2d__inr_transformer_history_conditioned__conflation__s1,minari_walker2d,inr_transformer_history_conditioned,conflation,1,1.0,1.0,1.0,1.0,nan,0.19961011409759521,0.20646296985396162,0.13555455207824707,0.4467774771601577,,,1.0,0.9668083058128357,28,6,6,2
/mnt/data/INR/outputs/full_suite/minari_hopper__inr_transformer_history_conditioned__conflation__s0,minari_hopper,inr_transformer_history_conditioned,conflation,0,1.0,1.0,1.0,1.0,nan,0.2350108027458191,0.2367406682973668,0.14932991564273834,0.4847791277951425,,,1.0,0.9926929937133789,28,6,6,2
/mnt/data/INR/outputs/full_suite/minari_humanoid__inr_diffusion_history_conditioned__novel_generalization__s1,minari_humanoid,inr_diffusion_history_conditioned,novel_generalization,1,0.6666666666666666,1.0,0.6666666666666666,0.6666666666666666,2.38643217086792,1.4283353090286255,1.4323308966992394,1.3263672590255737,1.1951298293610721,,,1.0,0.9972104297409058,16,12,12,0
/mnt/data/INR/outputs/full_suite/minari_ant__inr_transformer_history_conditioned__no_shift__s0,minari_ant,inr_transformer_history_conditioned,no_shift,0,1.0,1.0,1.0,1.0,nan,0.43933600187301636,0.4175397286537836,0.2301948070526123,0.6628242616810405,,,1.0,1.052201675010681,40,8,8,0
/mnt/data/INR/outputs/full_suite/minari_humanoid__cvae__novel_generalization__s1,minari_humanoid,cvae,novel_generalization,1,0.6666666666666666,1.0,0.6666666666666666,0.6666666666666666,2.054734945297241,0.7215025424957275,0.7235208547539836,0.5445691347122192,0.8494130576437635,,,1.0,0.9972104297409058,16,12,12,0
/mnt/data/INR/outputs/full_suite/minari_ant__inr_transformer_history_conditioned__specialization__s1,minari_ant,inr_transformer_history_conditioned,specialization,1,1.0,1.0,1.0,1.0,nan,0.4189314842224121,0.40437827703650014,0.30642786622047424,0.6472491670310686,,,1.0,1.0359890924224853,40,4,4,4
/mnt/data/INR/outputs/full_suite/minari_ant__inr_transformer_history_conditioned__new_policy__s0,minari_ant,inr_transformer_history_conditioned,new_policy,0,0.6666666666666666,1.0,0.6666666666666666,0.6666666666666666,2.442418336868286,0.569726824760437,0.5845181532002972,0.3426404595375061,0.7548025071238417,,,1.0,0.9746948347816468,40,12,12,0
/mnt/data/INR/outputs/full_suite/minari_walker2d__cvae__generalization__s0,minari_walker2d,cvae,generalization,0,1.0,1.0,1.0,1.0,nan,0.4335806369781494,0.4483424286493571,0.32650384306907654,0.6584684024143826,,,1.0,0.9670747385749817,16,8,8,0
/mnt/data/INR/outputs/full_suite/synthetic_grf__inr_diffusion_history_conditioned__generalization__s1,synthetic_grf,inr_diffusion_history_conditioned,generalization,1,1.0,1.0,0.9444444444444444,1.0,nan,1.56380033493042,1.6549161421046805,1.2374341487884521,1.2505200258014344,,,1.0,0.9449423418769837,34,18,18,0
/mnt/data/INR/outputs/full_suite/minari_halfcheetah__inr_transformer_fitted_latent__specialization__s1,minari_halfcheetah,inr_transformer_fitted_latent,specialization,1,1.0,1.0,1.0,1.0,nan,0.18811406195163727,0.19889641870841962,0.0984397754073143,0.43372117996662013,,,1.0,0.9457890854606629,40,4,4,4
/mnt/data/INR/outputs/full_suite/minari_hopper__cvae__generalization__s1,minari_hopper,cvae,generalization,1,0.75,0.75,0.75,0.75,nan,0.6771379113197327,0.6818317167676085,0.40625032782554626,0.8228838990524318,,,1.0,0.9931158886680603,16,8,8,0
/mnt/data/INR/outputs/full_suite/minari_hopper__inr_diffusion_history_conditioned__new_policy__s1,minari_hopper,inr_diffusion_history_conditioned,new_policy,1,0.6666666666666666,1.0,0.6666666666666666,0.6666666666666666,4.578734874725342,1.397526741027832,1.2460713593365778,1.0485410690307617,1.1821703519492577,,,1.0,1.1215463147888183,40,12,12,0
/mnt/data/INR/outputs/full_suite/minari_halfcheetah__cvae__no_shift__s1,minari_halfcheetah,cvae,no_shift,1,1.0,1.0,1.0,1.0,nan,0.3423255383968353,0.34378949317707747,0.13570696115493774,0.5850859239435139,,,1.0,0.9957417116889954,40,8,8,0
/mnt/data/INR/outputs/full_suite/minari_halfcheetah__inr_transformer_fitted_latent__new_policy__s0,minari_halfcheetah,inr_transformer_fitted_latent,new_policy,0,0.6666666666666666,1.0,0.6666666666666666,0.6666666666666666,0.002489454112946987,0.2695496678352356,0.2617442939194722,0.1414448469877243,0.5191817291038231,,,1.0,1.02982060773468,40,12,12,0
/mnt/data/INR/outputs/full_suite/minari_halfcheetah__inr_transformer_history_conditioned__generalization__s1,minari_halfcheetah,inr_transformer_history_conditioned,generalization,1,1.0,1.0,1.0,1.0,nan,0.2582840025424957,0.2604094424610747,0.14979039132595062,0.5082164918049155,,,1.0,0.9918380842933655,16,8,8,0
/mnt/data/INR/outputs/full_suite/minari_walker2d__inr_transformer_history_conditioned__specialization__s1,minari_walker2d,inr_transformer_history_conditioned,specialization,1,1.0,1.0,1.0,1.0,nan,0.23156578838825226,0.22826107563756573,0.1562395691871643,0.48121283065630355,,,1.0,1.0144777761230468,40,4,4,4
/mnt/data/INR/outputs/full_suite/minari_hopper_10x__inr_diffusion_history_conditioned__no_shift__s0,minari_hopper_10x,inr_diffusion_history_conditioned,no_shift,0,1.0,1.0,1.0,1.0,nan,1.3374905586242676,1.307903127543198,1.0025672912597656,1.1564992687521543,,,1.0,1.0226220355758666,40,8,8,0
/mnt/data/INR/outputs/full_suite/synthetic_grf__inr_diffusion_history_conditioned__no_shift__s0,synthetic_grf,inr_diffusion_history_conditioned,no_shift,0,0.8333333333333334,0.8333333333333334,0.7222222222222222,1.0,nan,0.12466206401586533,0.1392784063265759,0.08552480489015579,0.3530751534954921,,,1.0,0.8950566516647339,78,18,18,0
/mnt/data/INR/outputs/full_suite/minari_ant__inr_transformer_fitted_latent__single_shift__s1,minari_ant,inr_transformer_fitted_latent,single_shift,1,1.0,1.0,1.0,1.0,nan,0.3650548458099365,0.3586027558685377,0.28083106875419617,0.6041976876899948,,,1.0,1.017992304397583,40,6,6,2
/mnt/data/INR/outputs/full_suite/minari_hopper__inr_transformer_fitted_latent__single_shift__s0,minari_hopper,inr_transformer_fitted_latent,single_shift,0,1.0,1.0,1.0,1.0,nan,0.24460884928703308,0.24598796263741599,0.16718733310699463,0.49457946711022394,,,1.0,0.9943935738334656,40,6,6,2
/mnt/data/INR/outputs/full_suite/minari_ant__inr_diffusion_history_conditioned__generalization__s0,minari_ant,inr_diffusion_history_conditioned,generalization,0,0.875,0.875,0.875,1.0,nan,5.140571594238281,4.921986576786098,1.56339430809021,2.267282865951728,,,1.0,1.044409917427063,16,8,8,0
/mnt/data/INR/outputs/full_suite/synthetic_grf__cvae__conflation__s0,synthetic_grf,cvae,conflation,0,0.9166666666666666,0.9166666666666666,0.9166666666666666,1.0,nan,0.5882819890975952,0.6310249329706403,0.410549134016037,0.7669954296458326,,,1.0,0.9322642551193238,56,12,12,3
/mnt/data/INR/outputs/full_suite/minari_ant__inr_diffusion_history_conditioned__novel_generalization__s0,minari_ant,inr_diffusion_history_conditioned,novel_generalization,0,0.5833333333333334,0.875,0.5833333333333334,0.6666666666666666,5.324336528778076,3.9562034606933594,4.091348953933891,1.4883227348327637,1.9890207290758333,,,1.0,0.966967986656189,16,12,12,0
/mnt/data/INR/outputs/full_suite/minari_halfcheetah__inr_transformer_fitted_latent__conflation__s0,minari_halfcheetah,inr_transformer_fitted_latent,conflation,0,1.0,1.0,1.0,1.0,nan,0.15984982252120972,0.16119761421945678,0.10207259654998779,0.39981223408146194,,,1.0,0.9916388855705262,28,6,6,2
/mnt/data/INR/outputs/full_suite/minari_humanoid__cvae__no_shift__s1,minari_humanoid,cvae,no_shift,1,1.0,1.0,1.0,1.0,nan,0.451392263174057,0.4527513964292723,0.4005098342895508,0.671857323524911,,,1.0,0.9969980583915711,40,8,8,0
/mnt/data/INR/outputs/full_suite/minari_ant__cvae__novel_generalization__s0,minari_ant,cvae,novel_generalization,0,0.5833333333333334,0.875,0.5833333333333334,0.5833333333333334,5.392356872558594,20144430.0,20832571.789331086,0.5373626947402954,4488.254671918696,,,1.0,0.966967986656189,16,12,12,0
/mnt/data/INR/outputs/full_suite/synthetic_grf__cvae__novel_generalization__s0,synthetic_grf,cvae,novel_generalization,0,0.5555555555555556,0.8333333333333334,0.5185185185185185,0.5925925925925926,6.453012466430664,0.7202754616737366,0.6265943420333282,0.5198409557342529,0.8486904392496339,,,1.0,1.1495084033737182,34,27,27,0
/mnt/data/INR/outputs/full_suite/minari_humanoid__cvae__no_shift__s0,minari_humanoid,cvae,no_shift,0,1.0,1.0,1.0,1.0,nan,0.45416975021362305,0.4559579897731081,0.39806416630744934,0.6739211750743725,,,1.0,0.9960780606994629,40,8,8,0
/mnt/data/INR/outputs/full_suite/minari_humanoid__inr_transformer_fitted_latent__generalization__s1,minari_humanoid,inr_transformer_fitted_latent,generalization,1,0.875,0.875,0.75,1.0,nan,0.4214383661746979,0.47239508737792396,0.37787747383117676,0.6491828449479375,,,1.0,0.8921311364898682,16,8,8,0
/mnt/data/INR/outputs/full_suite/minari_walker2d__inr_transformer_fitted_latent__no_shift__s0,minari_walker2d,inr_transformer_fitted_latent,no_shift,0,0.875,0.875,0.75,1.0,nan,0.21612341701984406,0.21747023512656954,0.15168912708759308,0.4648907581570579,,,1.0,0.9938068853149414,40,8,8,0
/mnt/data/INR/outputs/full_suite/minari_hopper__inr_transformer_fitted_latent__conflation__s1,minari_hopper,inr_transformer_fitted_latent,conflation,1,1.0,1.0,1.0,1.0,nan,0.23254048824310303,0.23784987533699598,0.15090854465961456,0.48222452057428916,,,1.0,0.9776775704154969,28,6,6,2
/mnt/data/INR/outputs/full_suite/synthetic_grf__inr_transformer_history_conditioned__single_shift__s1,synthetic_grf,inr_transformer_history_conditioned,single_shift,1,0.9166666666666666,0.9166666666666666,0.9166666666666666,1.0,nan,0.44233831763267517,0.504987205043218,0.28687044978141785,0.6650851957701924,,,1.0,0.8759396539459229,78,12,12,3
/mnt/data/INR/outputs/full_suite/minari_hopper_10x__inr_transformer_history_conditioned__conflation__s0,minari_hopper_10x,inr_transformer_history_conditioned,conflation,0,1.0,1.0,1.0,1.0,nan,0.2217247486114502,0.22338310713427442,0.15562045574188232,0.4708765747108792,,,1.0,0.9925761686096192,28,6,6,2
/mnt/data/INR/outputs/full_suite/minari_humanoid__inr_diffusion_history_conditioned__novel_generalization__s0,minari_humanoid,inr_diffusion_history_conditioned,novel_generalization,0,0.6666666666666666,1.0,0.6666666666666666,0.6666666666666666,2.3516252040863037,1.4186283349990845,1.4207872417976743,1.2922204732894897,1.191061851878014,,,1.0,0.9984804855117798,16,12,12,0
/mnt/data/INR/outputs/full_suite/minari_humanoid__inr_transformer_fitted_latent__conflation__s0,minari_humanoid,inr_transformer_fitted_latent,conflation,0,1.0,1.0,0.8333333333333334,1.0,nan,0.4442785978317261,0.44075828367115516,0.3659198582172394,0.6665422701012488,,,1.0,1.0079869495162963,28,6,6,2
/mnt/data/INR/outputs/full_suite/minari_humanoid__inr_diffusion_history_conditioned__generalization__s1,minari_humanoid,inr_diffusion_history_conditioned,generalization,1,1.0,1.0,1.0,1.0,nan,1.3179823160171509,1.4773414603628947,1.240796685218811,1.148034109256842,,,1.0,0.8921311364898682,16,8,8,0
/mnt/data/INR/outputs/full_suite/minari_walker2d__inr_transformer_fitted_latent__novel_generalization__s0,minari_walker2d,inr_transformer_fitted_latent,novel_generalization,0,0.5833333333333334,0.875,0.5833333333333334,0.6666666666666666,0.0014225287595763803,0.4201202690601349,0.425745205709142,0.26565852761268616,0.6481668527934261,,,1.0,0.9867880211601258,16,12,12,0
/mnt/data/INR/outputs/full_suite/synthetic_grf__inr_diffusion_history_conditioned__no_shift__s1,synthetic_grf,inr_diffusion_history_conditioned,no_shift,1,0.8333333333333334,0.8333333333333334,0.6666666666666666,0.9444444444444444,nan,0.1346423476934433,0.14915293810689603,0.09758945554494858,0.36693643549454624,,,1.0,0.902713345123291,78,18,18,0
/mnt/data/INR/outputs/full_suite/minari_walker2d__cvae__novel_generalization__s1,minari_walker2d,cvae,novel_generalization,1,0.6666666666666666,1.0,0.6666666666666666,0.6666666666666666,1.4321619272232056,0.4920329451560974,0.5192099975609654,0.3667307198047638,0.7014506006527454,,,1.0,0.9476569162139893,16,12,12,0
/mnt/data/INR/outputs/full_suite/minari_hopper__inr_transformer_history_conditioned__no_shift__s0,minari_hopper,inr_transformer_history_conditioned,no_shift,0,1.0,1.0,1.0,1.0,nan,0.23055289685726166,0.23172872471573966,0.1465115249156952,0.4801592411453326,,,1.0,0.9949258433113098,40,8,8,0
/mnt/data/INR/outputs/full_suite/minari_humanoid__inr_transformer_fitted_latent__conflation__s1,minari_humanoid,inr_transformer_fitted_latent,conflation,1,0.6666666666666666,0.6666666666666666,0.8333333333333334,1.0,nan,0.42791253328323364,0.42565762532138945,0.35928061604499817,0.6541502375473341,,,1.0,1.0052974687347411,28,6,6,2
/mnt/data/INR/outputs/full_suite/synthetic_grf__inr_transformer_history_conditioned__generalization__s1,synthetic_grf,inr_transformer_history_conditioned,generalization,1,1.0,1.0,0.8888888888888888,1.0,nan,0.5995004773139954,0.6344307485715787,0.44730761647224426,0.7742741615952293,,,1.0,0.9449423418769837,34,18,18,0
/mnt/data/INR/outputs/full_suite/minari_walker2d__inr_transformer_history_conditioned__conflation__s0,minari_walker2d,inr_transformer_history_conditioned,conflation,0,1.0,1.0,1.0,1.0,nan,0.23915335536003113,0.23938667799771668,0.14072062075138092,0.4890330820711735,,,1.0,0.9990253315696717,28,6,6,2
/mnt/data/INR/outputs/full_suite/minari_halfcheetah__inr_transformer_history_conditioned__conflation__s1,minari_halfcheetah,inr_transformer_history_conditioned,conflation,1,1.0,1.0,1.0,1.0,nan,0.17400066554546356,0.17654149846028316,0.09338203072547913,0.4171338700530845,,,1.0,0.9856077299842835,28,6,6,2
/mnt/data/INR/outputs/full_suite/minari_walker2d__inr_diffusion_history_conditioned__novel_generalization__s1,minari_walker2d,inr_diffusion_history_conditioned,novel_generalization,1,0.6666666666666666,1.0,0.6666666666666666,0.6666666666666666,6.079717636108398,1.1323819160461426,1.19492813978518,0.9572541117668152,1.0641343505620626,,,1.0,0.9476569162139893,16,12,12,0
/mnt/data/INR/outputs/full_suite/minari_humanoid__inr_transformer_history_conditioned__new_policy__s1,minari_humanoid,inr_transformer_history_conditioned,new_policy,1,0.6666666666666666,1.0,0.6666666666666666,0.6666666666666666,3.304340124130249,0.7054086923599243,0.6250977680617065,0.48717474937438965,0.8398861186851014,,,1.0,1.1284773813018798,40,12,12,0
/mnt/data/INR/outputs/full_suite/synthetic_grf__inr_diffusion_history_conditioned__new_policy__s1,synthetic_grf,inr_diffusion_history_conditioned,new_policy,1,0.5555555555555556,0.8333333333333334,0.4444444444444444,0.6296296296296297,4.701333522796631,0.1559087336063385,0.14591000645824964,0.11289059370756149,0.39485279992212097,,,1.0,1.0685266719589233,78,27,27,0
/mnt/data/INR/outputs/full_suite/minari_walker2d__inr_transformer_fitted_latent__specialization__s0,minari_walker2d,inr_transformer_fitted_latent,specialization,0,0.75,0.75,0.75,1.0,nan,0.34170448780059814,0.32758710859194756,0.17959624528884888,0.5845549484869649,,,1.0,1.0430950389633178,40,4,4,4
/mnt/data/INR/outputs/full_suite/minari_walker2d__inr_transformer_fitted_latent__single_shift__s1,minari_walker2d,inr_transformer_fitted_latent,single_shift,1,1.0,1.0,0.8333333333333334,1.0,nan,0.21919706463813782,0.21512603567447158,0.14977027475833893,0.46818486160718376,,,1.0,1.0189239249954223,40,6,6,2
/mnt/data/INR/outputs/full_suite/minari_hopper_10x__inr_diffusion_history_conditioned__novel_generalization__s0,minari_hopper_10x,inr_diffusion_history_conditioned,novel_generalization,0,0.3333333333333333,0.5,0.3333333333333333,0.3333333333333333,2.0148816108703613,1.8353763818740845,1.3524377232609486,1.4517124891281128,1.3547606363760665,,,1.0,1.3570875392684936,16,12,12,0
/mnt/data/INR/outputs/full_suite/minari_hopper_10x__inr_transformer_history_conditioned__new_policy__s0,minari_hopper_10x,inr_transformer_history_conditioned,new_policy,0,0.6666666666666666,1.0,0.6666666666666666,0.6666666666666666,3.404788017272949,0.9523327946662903,0.8119470471001047,0.37878847122192383,0.9758753991500607,,,1.0,1.1729001270065307,40,12,12,0
/mnt/data/INR/outputs/full_suite/minari_hopper_10x__cvae__generalization__s0,minari_hopper_10x,cvae,generalization,0,0.625,0.625,0.5,0.5,nan,0.7180962562561035,0.6091530248769131,0.42176976799964905,0.8474056031535923,,,1.0,1.178843782974243,16,8,8,0
/mnt/data/INR/outputs/full_suite/minari_walker2d__cvae__no_shift__s1,minari_walker2d,cvae,no_shift,1,1.0,1.0,1.0,1.0,nan,0.30890873074531555,0.3162961350923408,0.22117137908935547,0.5557955835964474,,,1.0,0.9766440258750916,40,8,8,0
/mnt/data/INR/outputs/full_suite/synthetic_grf__inr_transformer_history_conditioned__new_policy__s0,synthetic_grf,inr_transformer_history_conditioned,new_policy,0,0.5185185185185185,0.7777777777777778,0.48148148148148145,0.6666666666666666,5.357755184173584,0.5216366052627563,0.4944470316774263,0.3579305410385132,0.7222441451910541,,,1.0,1.0549898610839843,78,27,27,0
/mnt/data/INR/outputs/full_suite/minari_hopper_10x__cvae__new_policy__s0,minari_hopper_10x,cvae,new_policy,0,0.6666666666666666,1.0,0.6666666666666666,0.6666666666666666,1.354042649269104,1.0603631734848022,0.9040523988952541,0.46667101979255676,1.0297393716299297,,,1.0,1.1729001270065307,40,12,12,0
/mnt/data/INR/outputs/full_suite/minari_hopper_10x__inr_transformer_fitted_latent__new_policy__s1,minari_hopper_10x,inr_transformer_fitted_latent,new_policy,1,0.6666666666666666,1.0,0.6666666666666666,0.6666666666666666,0.0033560998272150755,0.8782531023025513,0.764592680682361,0.3793034255504608,0.9371515898202122,,,1.0,1.1486548648605346,40,12,12,0
/mnt/data/INR/outputs/full_suite/synthetic_grf__inr_transformer_history_conditioned__conflation__s0,synthetic_grf,inr_transformer_history_conditioned,conflation,0,0.8333333333333334,0.8333333333333334,1.0,1.0,nan,0.48139864206314087,0.5163757372651009,0.31092703342437744,0.6938289717669196,,,1.0,0.9322642551193238,56,12,12,3
/mnt/data/INR/outputs/full_suite/minari_halfcheetah__cvae__generalization__s1,minari_halfcheetah,cvae,generalization,1,1.0,1.0,1.0,1.0,nan,0.3975484073162079,0.40081986527008695,0.28616654872894287,0.6305143989761122,,,1.0,0.9918380842933655,16,8,8,0
/mnt/data/INR/outputs/full_suite/minari_walker2d__cvae__new_policy__s0,minari_walker2d,cvae,new_policy,0,0.6666666666666666,1.0,0.6666666666666666,0.6666666666666666,1.3370108604431152,0.49082228541374207,0.48288267687057,0.3037337362766266,0.7005871005190876,,,1.0,1.0164421067962646,40,12,12,0
/mnt/data/INR/outputs/full_suite/minari_walker2d__inr_transformer_fitted_latent__generalization__s1,minari_walker2d,inr_transformer_fitted_latent,generalization,1,1.0,1.0,1.0,1.0,nan,0.25717851519584656,0.28052114954790286,0.1828755885362625,0.5071277109327064,,,1.0,0.916788326335907,16,8,8,0
/mnt/data/INR/outputs/full_suite/minari_humanoid__inr_diffusion_history_conditioned__specialization__s0,minari_humanoid,inr_diffusion_history_conditioned,specialization,0,1.0,1.0,1.0,1.0,nan,2.2316744327545166,2.0111208615877736,1.3719433546066284,1.4938789886582235,,,1.0,1.1096669898757934,40,4,4,4
/mnt/data/INR/outputs/full_suite/synthetic_grf__inr_diffusion_history_conditioned__specialization__s0,synthetic_grf,inr_diffusion_history_conditioned,specialization,0,1.0,1.0,1.0,1.0,nan,0.18593712151050568,0.20411622823103912,0.11380679160356522,0.431204268891793,,,1.0,0.9109374748001099,78,6,6,6
/mnt/data/INR/outputs/full_suite/minari_hopper__inr_diffusion_history_conditioned__specialization__s1,minari_hopper,inr_diffusion_history_conditioned,specialization,1,1.0,1.0,1.0,1.0,nan,1.2566337585449219,1.2639332594249433,0.9730875492095947,1.1209967700867483,,,1.0,0.9942247734794617,40,4,4,4
/mnt/data/INR/outputs/full_suite/minari_hopper__inr_diffusion_history_conditioned__no_shift__s1,minari_hopper,inr_diffusion_history_conditioned,no_shift,1,1.0,1.0,1.0,1.0,nan,1.1786810159683228,1.20323643554949,0.8561884760856628,1.0856707677598778,,,1.0,0.979592190814972,40,8,8,0
/mnt/data/INR/outputs/full_suite/minari_walker2d__inr_transformer_history_conditioned__new_policy__s1,minari_walker2d,inr_transformer_history_conditioned,new_policy,1,0.6666666666666666,1.0,0.6666666666666666,0.6666666666666666,4.16486930847168,0.40749382972717285,0.4020568985176476,0.20331376791000366,0.6383524337912192,,,1.0,1.0135227905044555,40,12,12,0
/mnt/data/INR/outputs/full_suite/minari_hopper__inr_diffusion_history_conditioned__new_policy__s0,minari_hopper,inr_diffusion_history_conditioned,new_policy,0,0.6666666666666666,1.0,0.6666666666666666,0.6666666666666666,5.136794567108154,1.4647425413131714,1.3001373126644584,1.103301763534546,1.2102654838146758,,,1.0,1.1266060338745116,40,12,12,0
/mnt/data/INR/outputs/full_suite/minari_humanoid__inr_transformer_history_conditioned__conflation__s0,minari_humanoid,inr_transformer_history_conditioned,conflation,0,1.0,1.0,1.0,1.0,nan,0.4608649015426636,0.4572131630908706,0.3818475604057312,0.6788703127569091,,,1.0,1.0079869495162963,28,6,6,2
/mnt/data/INR/outputs/full_suite/minari_hopper_10x__inr_transformer_fitted_latent__novel_generalization__s0,minari_hopper_10x,inr_transformer_fitted_latent,novel_generalization,0,0.3333333333333333,0.5,0.3333333333333333,0.3333333333333333,0.0036025510635226965,1.1950981616973877,0.8806345405997741,0.6879567503929138,1.0932054526471169,,,1.0,1.3570875392684936,16,12,12,0
/mnt/data/INR/outputs/full_suite/minari_ant__inr_diffusion_history_conditioned__novel_generalization__s1,minari_ant,inr_diffusion_history_conditioned,novel_generalization,1,0.6666666666666666,1.0,0.6666666666666666,0.6666666666666666,4.269211769104004,1.6145607233047485,1.7385618092939656,1.399111032485962,1.270653659855725,,,1.0,0.9286760555038452,16,12,12,0
/mnt/data/INR/outputs/full_suite/minari_walker2d__inr_diffusion_history_conditioned__specialization__s0,minari_walker2d,inr_diffusion_history_conditioned,specialization,0,1.0,1.0,1.0,1.0,nan,1.1377053260803223,1.090701502339646,0.909829318523407,1.0666327043928112,,,1.0,1.0430950389633178,40,4,4,4
/mnt/data/INR/outputs/full_suite/minari_halfcheetah__inr_transformer_fitted_latent__new_policy__s1,minari_halfcheetah,inr_transformer_fitted_latent,new_policy,1,0.6666666666666666,1.0,0.6666666666666666,0.6666666666666666,0.002146646613255143,0.2762860059738159,0.270767172007818,0.13618983328342438,0.5256291525151701,,,1.0,1.020382212234497,40,12,12,0
/mnt/data/INR/outputs/full_suite/minari_halfcheetah__inr_diffusion_history_conditioned__new_policy__s1,minari_halfcheetah,inr_diffusion_history_conditioned,new_policy,1,0.6666666666666666,1.0,0.6666666666666666,0.6666666666666666,1.1600184440612793,1.2091739177703857,1.1850205768703679,1.0481773614883423,1.0996244439672964,,,1.0,1.020382212234497,40,12,12,0
/mnt/data/INR/outputs/full_suite/synthetic_grf__inr_diffusion_history_conditioned__generalization__s0,synthetic_grf,inr_diffusion_history_conditioned,generalization,0,0.8333333333333334,0.8333333333333334,0.8333333333333334,1.0,nan,1.4255101680755615,1.4595835470228302,1.110421895980835,1.1939473054015246,,,1.0,0.9766554103622437,34,18,18,0
/mnt/data/INR/outputs/full_suite/minari_hopper__inr_transformer_fitted_latent__conflation__s0,minari_hopper,inr_transformer_fitted_latent,conflation,0,0.6666666666666666,0.6666666666666666,0.8333333333333334,1.0,nan,0.2327043116092682,0.23441719956014628,0.14977502822875977,0.48239435279578907,,,1.0,0.9926929937133789,28,6,6,2
/mnt/data/INR/outputs/full_suite/minari_ant__inr_diffusion_history_conditioned__no_shift__s1,minari_ant,inr_diffusion_history_conditioned,no_shift,1,1.0,1.0,1.0,1.0,nan,1.3057502508163452,1.331663194180377,1.067568302154541,1.1426942945584113,,,1.0,0.9805409179458618,40,8,8,0
/mnt/data/INR/outputs/full_suite/minari_halfcheetah__cvae__single_shift__s0,minari_halfcheetah,cvae,single_shift,0,1.0,1.0,1.0,1.0,nan,0.23340503871440887,0.23054133396278279,0.15108099579811096,0.4831201079590963,,,1.0,1.012421654296875,40,6,6,2
/mnt/data/INR/outputs/full_suite/minari_walker2d__cvae__novel_generalization__s0,minari_walker2d,cvae,novel_generalization,0,0.6666666666666666,1.0,0.6666666666666666,0.6666666666666666,1.560537338256836,0.5126798152923584,0.5195440198895219,0.37497034668922424,0.7160166305976129,,,1.0,0.9867880211601258,16,12,12,0
/mnt/data/INR/outputs/full_suite/minari_humanoid__inr_transformer_history_conditioned__single_shift__s0,minari_humanoid,inr_transformer_history_conditioned,single_shift,0,1.0,1.0,1.0,1.0,nan,0.48940926790237427,0.46725134055559103,0.3779255747795105,0.6995779212513602,,,1.0,1.047421859336853,40,6,6,2
/mnt/data/INR/outputs/full_suite/minari_hopper__inr_diffusion_history_conditioned__conflation__s0,minari_hopper,inr_diffusion_history_conditioned,conflation,0,1.0,1.0,1.0,1.0,nan,1.2637683153152466,1.2730706505622176,0.9566443562507629,1.1241745039428916,,,1.0,0.9926929937133789,28,6,6,2
/mnt/data/INR/outputs/full_suite/minari_halfcheetah__inr_transformer_history_conditioned__no_shift__s1,minari_halfcheetah,inr_transformer_history_conditioned,no_shift,1,1.0,1.0,1.0,1.0,nan,0.16306839883327484,0.163765760657626,0.0835498794913292,0.4038172839704547,,,1.0,0.9957417116889954,40,8,8,0
/mnt/data/INR/outputs/full_suite/minari_ant__inr_transformer_history_conditioned__specialization__s0,minari_ant,inr_transformer_history_conditioned,specialization,0,1.0,1.0,1.0,1.0,nan,0.3911776542663574,0.371637176220149,0.2519848346710205,0.62544196714512,,,1.0,1.0525794492492675,40,4,4,4
/mnt/data/INR/outputs/full_suite/minari_hopper__inr_diffusion_history_conditioned__single_shift__s0,minari_hopper,inr_diffusion_history_conditioned,single_shift,0,1.0,1.0,1.0,1.0,nan,1.2724436521530151,1.2796177345028936,0.9547967314720154,1.1280264412472853,,,1.0,0.9943935738334656,40,6,6,2
/mnt/data/INR/outputs/full_suite/minari_ant__cvae__generalization__s0,minari_ant,cvae,generalization,0,0.875,0.875,0.875,0.875,nan,30216646.0,28931787.697343655,0.5837129354476929,5496.966981891013,,,1.0,1.044409917427063,16,8,8,0
/mnt/data/INR/outputs/full_suite/minari_halfcheetah__cvae__generalization__s0,minari_halfcheetah,cvae,generalization,0,1.0,1.0,1.0,1.0,nan,0.3721310794353485,0.3721860785607013,0.3053107261657715,0.6100254744150841,,,1.0,0.9998522268066407,16,8,8,0
/mnt/data/INR/outputs/full_suite/minari_humanoid__inr_transformer_fitted_latent__single_shift__s1,minari_humanoid,inr_transformer_fitted_latent,single_shift,1,1.0,1.0,1.0,1.0,nan,0.49545344710350037,0.47510170847762057,0.36484628915786743,0.7038845410317663,,,1.0,1.0428365932235717,40,6,6,2
/mnt/data/INR/outputs/full_suite/minari_hopper_10x__inr_transformer_fitted_latent__specialization__s0,minari_hopper_10x,inr_transformer_fitted_latent,specialization,0,1.0,1.0,1.0,1.0,nan,0.34397026896476746,0.39568286068890146,0.24207638204097748,0.5864897858997781,,,1.0,0.8693079815635681,40,4,4,4
/mnt/data/INR/outputs/full_suite/synthetic_grf__cvae__new_policy__s0,synthetic_grf,cvae,new_policy,0,0.6666666666666666,1.0,0.5925925925925926,0.6666666666666666,5.187576770782471,0.6263256669044495,0.5936793233831749,0.4341072142124176,0.7914073962912208,,,1.0,1.0549898610839843,78,27,27,0
/mnt/data/INR/outputs/full_suite/minari_hopper_10x__inr_diffusion_history_conditioned__conflation__s0,minari_hopper_10x,inr_diffusion_history_conditioned,conflation,0,1.0,1.0,1.0,1.0,nan,1.2829166650772095,1.292512056655857,0.9358097910881042,1.1326591124770107,,,1.0,0.9925761686096192,28,6,6,2
/mnt/data/INR/outputs/full_suite/minari_hopper__inr_diffusion_history_conditioned__single_shift__s1,minari_hopper,inr_diffusion_history_conditioned,single_shift,1,1.0,1.0,1.0,1.0,nan,1.208147406578064,1.2327373396270527,0.9167146682739258,1.0991575895102867,,,1.0,0.9800525770912171,40,6,6,2
/mnt/data/INR/outputs/full_suite/synthetic_grf__inr_diffusion_history_conditioned__novel_generalization__s0,synthetic_grf,inr_diffusion_history_conditioned,novel_generalization,0,0.5555555555555556,0.8333333333333334,0.5555555555555556,0.6666666666666666,7.377941608428955,1.538841724395752,1.3386954979009902,1.214776873588562,1.2405005942746468,,,1.0,1.1495084033737182,34,27,27,0
/mnt/data/INR/outputs/full_suite/minari_humanoid__inr_transformer_history_conditioned__specialization__s0,minari_humanoid,inr_transformer_history_conditioned,specialization,0,1.0,1.0,1.0,1.0,nan,0.6658427119255066,0.6000383159996814,0.4927254319190979,0.8159918577568691,,,1.0,1.1096669898757934,40,4,4,4
/mnt/data/INR/outputs/full_suite/minari_halfcheetah__cvae__conflation__s1,minari_halfcheetah,cvae,conflation,1,1.0,1.0,1.0,1.0,nan,0.3070908486843109,0.31157512196988124,0.1590726524591446,0.5541577832028627,,,1.0,0.9856077299842835,28,6,6,2
/mnt/data/INR/outputs/full_suite/minari_halfcheetah__inr_transformer_fitted_latent__generalization__s1,minari_halfcheetah,inr_transformer_fitted_latent,generalization,1,0.875,0.875,0.875,1.0,nan,0.251436710357666,0.2535058033557987,0.1500784009695053,0.5014346521309292,,,1.0,0.9918380842933655,16,8,8,0
/mnt/data/INR/outputs/full_suite/minari_hopper__inr_transformer_history_conditioned__specialization__s1,minari_hopper,inr_transformer_history_conditioned,specialization,1,1.0,1.0,1.0,1.0,nan,0.2422340214252472,0.2436411039905064,0.16837668418884277,0.4921727556714687,,,1.0,0.9942247734794617,40,4,4,4
/mnt/data/INR/outputs/full_suite/minari_ant__inr_transformer_history_conditioned__no_shift__s1,minari_ant,inr_transformer_history_conditioned,no_shift,1,1.0,1.0,1.0,1.0,nan,0.3041861355304718,0.31022278618184773,0.22786195576190948,0.5515307203868809,,,1.0,0.9805409179458618,40,8,8,0
/mnt/data/INR/outputs/full_suite/minari_hopper__inr_transformer_fitted_latent__no_shift__s1,minari_hopper,inr_transformer_fitted_latent,no_shift,1,0.875,0.875,0.75,0.875,nan,0.24200224876403809,0.24704387298423056,0.16647200286388397,0.4919372406761233,,,1.0,0.979592190814972,40,8,8,0
/mnt/data/INR/outputs/full_suite/minari_halfcheetah__inr_diffusion_history_conditioned__single_shift__s1,minari_halfcheetah,inr_diffusion_history_conditioned,single_shift,1,1.0,1.0,1.0,1.0,nan,1.1522246599197388,1.1458044419937368,0.9982850551605225,1.07341728135881,,,1.0,1.0056032405624389,40,6,6,2
/mnt/data/INR/outputs/full_suite/minari_halfcheetah__inr_transformer_fitted_latent__single_shift__s1,minari_halfcheetah,inr_transformer_fitted_latent,single_shift,1,1.0,1.0,1.0,1.0,nan,0.1789807379245758,0.17798345381670708,0.09315773099660873,0.4230611515189924,,,1.0,1.0056032405624389,40,6,6,2
/mnt/data/INR/outputs/full_suite/minari_humanoid__inr_transformer_history_conditioned__conflation__s1,minari_humanoid,inr_transformer_history_conditioned,conflation,1,1.0,1.0,1.0,1.0,nan,0.44074517488479614,0.4384226446322543,0.3614603281021118,0.663886417156426,,,1.0,1.0052974687347411,28,6,6,2
/mnt/data/INR/outputs/full_suite/minari_halfcheetah__inr_diffusion_history_conditioned__conflation__s1,minari_halfcheetah,inr_diffusion_history_conditioned,conflation,1,1.0,1.0,1.0,1.0,nan,1.1969517469406128,1.2144301536268383,1.0289448499679565,1.0940528995165695,,,1.0,0.9856077299842835,28,6,6,2
/mnt/data/INR/outputs/full_suite/synthetic_grf__cvae__conflation__s1,synthetic_grf,cvae,conflation,1,1.0,1.0,1.0,1.0,nan,0.5240275859832764,0.5899150173258503,0.3799145519733429,0.7238974968759572,,,1.0,0.8883102999458313,56,12,12,3
/mnt/data/INR/outputs/full_suite/minari_hopper__inr_transformer_history_conditioned__specialization__s0,minari_hopper,inr_transformer_history_conditioned,specialization,0,1.0,1.0,1.0,1.0,nan,0.25363820791244507,0.25618784075049533,0.1770552545785904,0.503625066803118,,,1.0,0.9900477991828919,40,4,4,4
/mnt/data/INR/outputs/full_suite/minari_humanoid__inr_diffusion_history_conditioned__conflation__s1,minari_humanoid,inr_diffusion_history_conditioned,conflation,1,1.0,1.0,1.0,1.0,nan,1.298700213432312,1.2918566432549015,1.2034025192260742,1.1396052884364445,,,1.0,1.0052974687347411,28,6,6,2
/mnt/data/INR/outputs/full_suite/minari_ant__cvae__no_shift__s1,minari_ant,cvae,no_shift,1,1.0,1.0,1.0,1.0,nan,0.42469361424446106,0.4331217662330227,0.3166610300540924,0.6516852110064039,,,1.0,0.9805409179458618,40,8,8,0
/mnt/data/INR/outputs/full_suite/minari_ant__inr_diffusion_history_conditioned__no_shift__s0,minari_ant,inr_diffusion_history_conditioned,no_shift,0,0.875,0.875,0.875,0.875,nan,1.463880181312561,1.3912543726920992,1.211641788482666,1.2099091624219402,,,1.0,1.052201675010681,40,8,8,0
/mnt/data/INR/outputs/full_suite/minari_humanoid__inr_diffusion_history_conditioned__new_policy__s0,minari_humanoid,inr_diffusion_history_conditioned,new_policy,0,0.6666666666666666,1.0,0.6666666666666666,0.6666666666666666,1.746750831604004,1.4444444179534912,1.2639966072766349,1.2986609935760498,1.2018504141337603,,,1.0,1.1427597270736694,40,12,12,0
/mnt/data/INR/outputs/full_suite/synthetic_grf__inr_transformer_history_conditioned__single_shift__s0,synthetic_grf,inr_transformer_history_conditioned,single_shift,0,0.8333333333333334,0.8333333333333334,0.9166666666666666,1.0,nan,0.4175942540168762,0.4552347155879322,0.29083165526390076,0.6462153309980166,,,1.0,0.9173163638839722,78,12,12,3
/mnt/data/INR/outputs/full_suite/minari_halfcheetah__cvae__novel_generalization__s1,minari_halfcheetah,cvae,novel_generalization,1,0.6666666666666666,1.0,0.6666666666666666,0.6666666666666666,1.0992193222045898,0.4472331702709198,0.43993478941953673,0.35014608502388,0.6687549403712243,,,1.0,1.0165896878967284,16,12,12,0
/mnt/data/INR/outputs/full_suite/minari_hopper_10x__cvae__novel_generalization__s1,minari_hopper_10x,cvae,novel_generalization,1,0.5833333333333334,0.875,0.4166666666666667,0.4166666666666667,1.677366018295288,1.6312813758850098,1.2290649683424288,0.8520359396934509,1.277216260421472,,,1.0,1.327253984046936,16,12,12,0
/mnt/data/INR/outputs/full_suite/minari_ant__inr_diffusion_history_conditioned__new_policy__s0,minari_ant,inr_diffusion_history_conditioned,new_policy,0,0.5833333333333334,0.875,0.5833333333333334,0.5833333333333334,2.043870449066162,1.4548395872116089,1.4926103384322593,1.2145761251449585,1.2061673131085957,,,1.0,0.9746948347816468,40,12,12,0
/mnt/data/INR/outputs/full_suite/minari_hopper__inr_transformer_fitted_latent__specialization__s1,minari_hopper,inr_transformer_fitted_latent,specialization,1,1.0,1.0,0.5,1.0,nan,0.2543987035751343,0.25587644802374215,0.17302925884723663,0.504379523350358,,,1.0,0.9942247734794617,40,4,4,4
/mnt/data/INR/outputs/full_suite/minari_ant__inr_transformer_fitted_latent__generalization__s0,minari_ant,inr_transformer_fitted_latent,generalization,0,1.0,1.0,0.875,1.0,nan,0.6352092623710632,0.6081991867100626,0.4236236810684204,0.7970001645991444,,,1.0,1.044409917427063,16,8,8,0
/mnt/data/INR/outputs/full_suite/minari_halfcheetah__inr_diffusion_history_conditioned__specialization__s0,minari_halfcheetah,inr_diffusion_history_conditioned,specialization,0,1.0,1.0,1.0,1.0,nan,1.1672528982162476,1.2323467518426525,0.9880618453025818,1.0803947881289726,,,1.0,0.9471789465675354,40,4,4,4
/mnt/data/INR/outputs/full_suite/minari_hopper_10x__inr_transformer_history_conditioned__no_shift__s0,minari_hopper_10x,inr_transformer_history_conditioned,no_shift,0,1.0,1.0,1.0,1.0,nan,0.22697760164737701,0.22195649394505731,0.14351703226566315,0.4764216637049338,,,1.0,1.0226220355758666,40,8,8,0
/mnt/data/INR/outputs/full_suite/minari_walker2d__inr_transformer_fitted_latent__generalization__s0,minari_walker2d,inr_transformer_fitted_latent,generalization,0,0.875,0.875,1.0,1.0,nan,0.2801407277584076,0.2896784670140435,0.20484673976898193,0.529283220741417,,,1.0,0.9670747385749817,16,8,8,0
/mnt/data/INR/outputs/full_suite/minari_halfcheetah__inr_diffusion_history_conditioned__single_shift__s0,minari_halfcheetah,inr_diffusion_history_conditioned,single_shift,0,1.0,1.0,1.0,1.0,nan,1.2134599685668945,1.198571724949562,1.0719603300094604,1.1015715903049128,,,1.0,1.012421654296875,40,6,6,2
/mnt/data/INR/outputs/full_suite/minari_hopper_10x__cvae__novel_generalization__s0,minari_hopper_10x,cvae,novel_generalization,0,0.4166666666666667,0.625,0.3333333333333333,0.3333333333333333,2.1664299964904785,1.5919207334518433,1.17304203847449,0.7913264632225037,1.261713411774577,,,1.0,1.3570875392684936,16,12,12,0
/mnt/data/INR/outputs/full_suite/minari_halfcheetah__inr_diffusion_history_conditioned__novel_generalization__s1,minari_halfcheetah,inr_diffusion_history_conditioned,novel_generalization,1,0.6666666666666666,1.0,0.6666666666666666,0.6666666666666666,3.335883617401123,1.3599947690963745,1.3378010669281266,1.2434648275375366,1.1661881362354767,,,1.0,1.0165896878967284,16,12,12,0
/mnt/data/INR/outputs/full_suite/minari_ant__cvae__novel_generalization__s1,minari_ant,cvae,novel_generalization,1,0.6666666666666666,1.0,0.6666666666666666,0.6666666666666666,4.603124618530273,0.6531796455383301,0.7033449841494547,0.5173865556716919,0.808195301606196,,,1.0,0.9286760555038452,16,12,12,0
/mnt/data/INR/outputs/full_suite/minari_hopper__inr_diffusion_history_conditioned__generalization__s0,minari_hopper,inr_diffusion_history_conditioned,generalization,0,1.0,1.0,1.0,1.0,nan,1.3263570070266724,1.3147291444693106,1.0307387113571167,1.1516757386637406,,,1.0,1.0088443027267455,16,8,8,0
/mnt/data/INR/outputs/full_suite/minari_halfcheetah__inr_transformer_fitted_latent__single_shift__s0,minari_halfcheetah,inr_transformer_fitted_latent,single_shift,0,1.0,1.0,1.0,1.0,nan,0.14835655689239502,0.14653633321921428,0.08639571070671082,0.3851708152137114,,,1.0,1.012421654296875,40,6,6,2
/mnt/data/INR/outputs/full_suite/minari_hopper__cvae__novel_generalization__s0,minari_hopper,cvae,novel_generalization,0,0.5,0.75,0.5833333333333334,0.5833333333333334,0.8697595000267029,1.123381495475769,0.9811390036235708,0.6345351934432983,1.059896926816834,,,1.0,1.1449769006500243,16,12,12,0
/mnt/data/INR/outputs/full_suite/minari_hopper__inr_transformer_fitted_latent__new_policy__s1,minari_hopper,inr_transformer_fitted_latent,new_policy,1,0.5833333333333334,0.875,0.5,0.5833333333333334,0.002761509967967868,0.736038863658905,0.6562714833559928,0.3077026307582855,0.8579270736250868,,,1.0,1.1215463147888183,40,12,12,0
/mnt/data/INR/outputs/full_suite/minari_ant__inr_transformer_fitted_latent__specialization__s0,minari_ant,inr_transformer_fitted_latent,specialization,0,1.0,1.0,1.0,1.0,nan,0.43068262934684753,0.4091687612313007,0.2921215891838074,0.6562641460165621,,,1.0,1.0525794492492675,40,4,4,4
/mnt/data/INR/outputs/full_suite/minari_walker2d__inr_diffusion_history_conditioned__generalization__s1,minari_walker2d,inr_diffusion_history_conditioned,generalization,1,1.0,1.0,1.0,1.0,nan,1.0706037282943726,1.167776353101281,0.8943305611610413,1.034699825212304,,,1.0,0.916788326335907,16,8,8,0
/mnt/data/INR/outputs/full_suite/minari_walker2d__cvae__specialization__s0,minari_walker2d,cvae,specialization,0,1.0,1.0,1.0,1.0,nan,0.4666372835636139,0.4473583577076374,0.2787911295890808,0.6831085444961247,,,1.0,1.0430950389633178,40,4,4,4
/mnt/data/INR/outputs/full_suite/minari_halfcheetah__inr_transformer_history_conditioned__single_shift__s1,minari_halfcheetah,inr_transformer_history_conditioned,single_shift,1,1.0,1.0,1.0,1.0,nan,0.1747177690267563,0.1737442382634286,0.08491943031549454,0.41799254661627194,,,1.0,1.0056032405624389,40,6,6,2
/mnt/data/INR/outputs/full_suite/minari_ant__inr_transformer_fitted_latent__specialization__s1,minari_ant,inr_transformer_fitted_latent,specialization,1,1.0,1.0,1.0,1.0,nan,0.4076145589351654,0.3934544889676663,0.3202831745147705,0.6384469899178516,,,1.0,1.0359890924224853,40,4,4,4
/mnt/data/INR/outputs/full_suite/minari_ant__inr_transformer_fitted_latent__new_policy__s1,minari_ant,inr_transformer_fitted_latent,new_policy,1,0.6666666666666666,1.0,0.6666666666666666,0.6666666666666666,0.006973199546337128,0.49964267015457153,0.5419431242317462,0.3660947382450104,0.7068540656702567,,,1.0,0.9219466911087036,40,12,12,0
/mnt/data/INR/outputs/full_suite/minari_humanoid__inr_transformer_fitted_latent__specialization__s0,minari_humanoid,inr_transformer_fitted_latent,specialization,0,1.0,1.0,1.0,1.0,nan,0.686315655708313,0.618487944554549,0.5105528831481934,0.8284417032648181,,,1.0,1.1096669898757934,40,4,4,4
/mnt/data/INR/outputs/full_suite/minari_ant__inr_diffusion_history_conditioned__conflation__s0,minari_ant,inr_diffusion_history_conditioned,conflation,0,1.0,1.0,1.0,1.0,nan,2.358218193054199,2.1504686066860397,1.2337236404418945,1.5356491113057693,,,1.0,1.0966066585311889,28,6,6,2
/mnt/data/INR/outputs/full_suite/minari_walker2d__inr_transformer_history_conditioned__novel_generalization__s0,minari_walker2d,inr_transformer_history_conditioned,novel_generalization,0,0.6666666666666666,1.0,0.6666666666666666,0.6666666666666666,4.415188789367676,0.4128546416759491,0.4183822997674546,0.25677940249443054,0.6425376577882024,,,1.0,0.9867880211601258,16,12,12,0
/mnt/data/INR/outputs/full_suite/synthetic_grf__inr_transformer_fitted_latent__new_policy__s0,synthetic_grf,inr_transformer_fitted_latent,new_policy,0,0.5185185185185185,0.7777777777777778,0.48148148148148145,0.6296296296296297,0.0027564074844121933,1.1029083728790283,1.0454208268369598,0.7853727340698242,1.0501944452714593,,,1.0,1.0549898610839843,78,27,27,0
/mnt/data/INR/outputs/full_suite/minari_ant__cvae__conflation__s1,minari_ant,cvae,conflation,1,1.0,1.0,1.0,1.0,nan,0.48215773701667786,0.48900459409547925,0.3740409314632416,0.6943757894805074,,,1.0,0.9859983788261414,28,6,6,2
/mnt/data/INR/outputs/full_suite/minari_hopper_10x__inr_diffusion_history_conditioned__specialization__s0,minari_hopper_10x,inr_diffusion_history_conditioned,specialization,0,0.5,0.5,1.0,1.0,nan,1.3415106534957886,1.5431937609532815,1.0018583536148071,1.1582360094107713,,,1.0,0.8693079815635681,40,4,4,4
/mnt/data/INR/outputs/full_suite/minari_walker2d__inr_diffusion_history_conditioned__conflation__s1,minari_walker2d,inr_diffusion_history_conditioned,conflation,1,1.0,1.0,1.0,1.0,nan,1.0095341205596924,1.0441926434536941,0.7879397869110107,1.0047557516927645,,,1.0,0.9668083058128357,28,6,6,2
/mnt/data/INR/outputs/full_suite/minari_ant__inr_transformer_fitted_latent__novel_generalization__s0,minari_ant,inr_transformer_fitted_latent,novel_generalization,0,0.6666666666666666,1.0,0.5833333333333334,0.6666666666666666,0.001779499463737011,0.6259927153587341,0.6473768769982138,0.4420168697834015,0.7911970142503915,,,1.0,0.966967986656189,16,12,12,0
/mnt/data/INR/outputs/full_suite/minari_hopper__inr_transformer_history_conditioned__conflation__s1,minari_hopper,inr_transformer_history_conditioned,conflation,1,1.0,1.0,1.0,1.0,nan,0.2226296216249466,0.22771272284617583,0.14746971428394318,0.4718364352452517,,,1.0,0.9776775704154969,28,6,6,2
/mnt/data/INR/outputs/full_suite/minari_ant__inr_diffusion_history_conditioned__single_shift__s1,minari_ant,inr_diffusion_history_conditioned,single_shift,1,1.0,1.0,1.0,1.0,nan,1.3844211101531982,1.3599524320298835,1.1082735061645508,1.1766142571604332,,,1.0,1.017992304397583,40,6,6,2
/mnt/data/INR/outputs/full_suite/minari_walker2d__inr_transformer_fitted_latent__conflation__s0,minari_walker2d,inr_transformer_fitted_latent,conflation,0,0.8333333333333334,0.8333333333333334,0.6666666666666666,0.8333333333333334,nan,0.2358439862728119,0.236074080226027,0.13203535974025726,0.485637710925348,,,1.0,0.9990253315696717,28,6,6,2
/mnt/data/INR/outputs/full_suite/minari_walker2d__inr_transformer_history_conditioned__generalization__s1,minari_walker2d,inr_transformer_history_conditioned,generalization,1,1.0,1.0,1.0,1.0,nan,0.23383450508117676,0.25505833611094747,0.16417713463306427,0.4835643753226418,,,1.0,0.916788326335907,16,8,8,0
/mnt/data/INR/outputs/full_suite/minari_halfcheetah__inr_diffusion_history_conditioned__no_shift__s1,minari_halfcheetah,inr_diffusion_history_conditioned,no_shift,1,1.0,1.0,1.0,1.0,nan,1.1615889072418213,1.1665564408982254,1.0021535158157349,1.0777703406764454,,,1.0,0.9957417116889954,40,8,8,0
/mnt/data/INR/outputs/full_suite/minari_hopper__inr_transformer_fitted_latent__no_shift__s0,minari_hopper,inr_transformer_fitted_latent,no_shift,0,1.0,1.0,0.875,1.0,nan,0.24212174117565155,0.24335657054582333,0.15734492242336273,0.4920586765576353,,,1.0,0.9949258433113098,40,8,8,0
/mnt/data/INR/outputs/full_suite/minari_ant__cvae__new_policy__s0,minari_ant,cvae,new_policy,0,0.6666666666666666,1.0,0.6666666666666666,0.6666666666666666,1.468047857284546,0.7766650915145874,0.796828980517351,0.35221779346466064,0.88128604409385,,,1.0,0.9746948347816468,40,12,12,0
/mnt/data/INR/outputs/full_suite/minari_ant__cvae__specialization__s1,minari_ant,cvae,specialization,1,1.0,1.0,1.0,1.0,nan,0.47350847721099854,0.4570593268542809,0.3505791425704956,0.6881195224748377,,,1.0,1.0359890924224853,40,4,4,4
/mnt/data/INR/outputs/full_suite/minari_ant__inr_transformer_fitted_latent__conflation__s1,minari_ant,inr_transformer_fitted_latent,conflation,1,1.0,1.0,1.0,1.0,nan,0.37903088331222534,0.38441329260953977,0.28699713945388794,0.6156548410531874,,,1.0,0.9859983788261414,28,6,6,2
/mnt/data/INR/outputs/full_suite/minari_humanoid__inr_transformer_history_conditioned__single_shift__s1,minari_humanoid,inr_transformer_history_conditioned,single_shift,1,1.0,1.0,1.0,1.0,nan,0.4771110415458679,0.45751275381605355,0.3650820255279541,0.6907322502575567,,,1.0,1.0428365932235717,40,6,6,2
/mnt/data/INR/outputs/full_suite/synthetic_grf__inr_diffusion_history_conditioned__new_policy__s0,synthetic_grf,inr_diffusion_history_conditioned,new_policy,0,0.5555555555555556,0.8333333333333334,0.48148148148148145,0.6666666666666666,3.290043354034424,0.15450692176818848,0.1464534660166641,0.09811772406101227,0.3930736849093163,,,1.0,1.0549898610839843,78,27,27,0
/mnt/data/INR/outputs/full_suite/synthetic_grf__inr_transformer_fitted_latent__generalization__s1,synthetic_grf,inr_transformer_fitted_latent,generalization,1,0.9444444444444444,0.9444444444444444,1.0,1.0,nan,0.9316628575325012,0.9859467781726187,0.729288637638092,0.965226842525891,,,1.0,0.9449423418769837,34,18,18,0
/mnt/data/INR/outputs/full_suite/minari_hopper_10x__cvae__no_shift__s1,minari_hopper_10x,cvae,no_shift,1,1.0,1.0,1.0,1.0,nan,0.31199169158935547,0.3136370116797247,0.21251632273197174,0.5585621644806918,,,1.0,0.9947540627250672,40,8,8,0
/mnt/data/INR/outputs/full_suite/minari_humanoid__inr_transformer_history_conditioned__new_policy__s0,minari_humanoid,inr_transformer_history_conditioned,new_policy,0,0.6666666666666666,1.0,0.6666666666666666,0.6666666666666666,2.753787040710449,0.7270455360412598,0.6362190745932631,0.4883187711238861,0.8526696523515187,,,1.0,1.1427597270736694,40,12,12,0
/mnt/data/INR/outputs/full_suite/synthetic_grf__inr_transformer_fitted_latent__no_shift__s1,synthetic_grf,inr_transformer_fitted_latent,no_shift,1,1.0,1.0,0.7222222222222222,1.0,nan,0.8770939111709595,0.9716195245248839,0.6693457365036011,0.936532920495035,,,1.0,0.902713345123291,78,18,18,0
/mnt/data/INR/outputs/full_suite/minari_walker2d__inr_transformer_history_conditioned__single_shift__s1,minari_walker2d,inr_transformer_history_conditioned,single_shift,1,1.0,1.0,1.0,1.0,nan,0.20291325449943542,0.19914465596668274,0.13910774886608124,0.4504589376396426,,,1.0,1.0189239249954223,40,6,6,2
/mnt/data/INR/outputs/full_suite/minari_ant__inr_transformer_fitted_latent__conflation__s0,minari_ant,inr_transformer_fitted_latent,conflation,0,0.8333333333333334,0.8333333333333334,0.8333333333333334,0.8333333333333334,nan,0.5853891968727112,0.5338187510704979,0.30898231267929077,0.7651073106909325,,,1.0,1.0966066585311889,28,6,6,2
/mnt/data/INR/outputs/full_suite/minari_hopper_10x__inr_transformer_history_conditioned__conflation__s1,minari_hopper_10x,inr_transformer_history_conditioned,conflation,1,1.0,1.0,1.0,1.0,nan,0.2392386645078659,0.24203114344823004,0.16216926276683807,0.4891202965609441,,,1.0,0.9884623156318665,28,6,6,2
/mnt/data/INR/outputs/full_suite/synthetic_grf__inr_transformer_history_conditioned__conflation__s1,synthetic_grf,inr_transformer_history_conditioned,conflation,1,0.8333333333333334,0.8333333333333334,0.8333333333333334,1.0,nan,0.434608519077301,0.48925304491437643,0.30523550510406494,0.6592484501895329,,,1.0,0.8883102999458313,56,12,12,3
/mnt/data/INR/outputs/full_suite/minari_ant__inr_transformer_fitted_latent__no_shift__s1,minari_ant,inr_transformer_fitted_latent,no_shift,1,1.0,1.0,1.0,1.0,nan,0.33667126297950745,0.34335258918597816,0.2585529685020447,0.5802338002732239,,,1.0,0.9805409179458618,40,8,8,0
/mnt/data/INR/outputs/full_suite/minari_ant__inr_transformer_history_conditioned__generalization__s1,minari_ant,inr_transformer_history_conditioned,generalization,1,1.0,1.0,1.0,1.0,nan,0.50434809923172,0.5103751522295832,0.38166868686676025,0.7101746962767119,,,1.0,0.9881909356842041,16,8,8,0
/mnt/data/INR/outputs/full_suite/minari_halfcheetah__inr_diffusion_history_conditioned__new_policy__s0,minari_halfcheetah,inr_diffusion_history_conditioned,new_policy,0,0.6666666666666666,1.0,0.6666666666666666,0.6666666666666666,1.8365970849990845,1.2266587018966675,1.1911382358088334,1.0981258153915405,1.1075462527121238,,,1.0,1.02982060773468,40,12,12,0
/mnt/data/INR/outputs/full_suite/synthetic_grf__inr_transformer_fitted_latent__conflation__s0,synthetic_grf,inr_transformer_fitted_latent,conflation,0,0.9166666666666666,0.9166666666666666,0.75,1.0,nan,0.7261613011360168,0.7789221748538164,0.4529533386230469,0.8521509849410589,,,1.0,0.9322642551193238,56,12,12,3
/mnt/data/INR/outputs/full_suite/minari_halfcheetah__inr_transformer_fitted_latent__no_shift__s0,minari_halfcheetah,inr_transformer_fitted_latent,no_shift,0,1.0,1.0,1.0,1.0,nan,0.14538443088531494,0.1442640170444749,0.08639568835496902,0.3812931036424799,,,1.0,1.0077664123306274,40,8,8,0
/mnt/data/INR/outputs/full_suite/minari_ant__inr_transformer_history_conditioned__new_policy__s1,minari_ant,inr_transformer_history_conditioned,new_policy,1,0.6666666666666666,1.0,0.6666666666666666,0.6666666666666666,2.203338146209717,0.43953993916511536,0.47675201115645705,0.3121369183063507,0.6629780834726856,,,1.0,0.9219466911087036,40,12,12,0
/mnt/data/INR/outputs/full_suite/minari_hopper__inr_transformer_history_conditioned__single_shift__s1,minari_hopper,inr_transformer_history_conditioned,single_shift,1,1.0,1.0,1.0,1.0,nan,0.2261311262845993,0.2307336683463998,0.1549735814332962,0.47553246606787986,,,1.0,0.9800525770912171,40,6,6,2
/mnt/data/INR/outputs/full_suite/synthetic_grf__inr_transformer_history_conditioned__novel_generalization__s0,synthetic_grf,inr_transformer_history_conditioned,novel_generalization,0,0.5555555555555556,0.8333333333333334,0.5185185185185185,0.6666666666666666,6.850818634033203,0.821949303150177,0.7150441882267407,0.6044367551803589,0.9066141975229469,,,1.0,1.1495084033737182,34,27,27,0
/mnt/data/INR/outputs/full_suite/synthetic_grf__cvae__novel_generalization__s1,synthetic_grf,cvae,novel_generalization,1,0.6666666666666666,1.0,0.5925925925925926,0.6666666666666666,6.291203022003174,0.6634928584098816,0.5925850777590012,0.5128068923950195,0.8145507095386275,,,1.0,1.1196583972702026,34,27,27,0
/mnt/data/INR/outputs/full_suite/minari_humanoid__cvae__conflation__s1,minari_humanoid,cvae,conflation,1,1.0,1.0,1.0,1.0,nan,0.46661093831062317,0.4641521070354387,0.40053892135620117,0.6830892608661208,,,1.0,1.0052974687347411,28,6,6,2
/mnt/data/INR/outputs/full_suite/minari_halfcheetah__inr_transformer_fitted_latent__novel_generalization__s0,minari_halfcheetah,inr_transformer_fitted_latent,novel_generalization,0,0.6666666666666666,1.0,0.5833333333333334,0.6666666666666666,0.0010653440840542316,0.31308674812316895,0.30637880992301264,0.20912331342697144,0.5595415517396085,,,1.0,1.021894262863159,16,12,12,0
/mnt/data/INR/outputs/full_suite/synthetic_grf__inr_transformer_history_conditioned__specialization__s1,synthetic_grf,inr_transformer_history_conditioned,specialization,1,1.0,1.0,0.8333333333333334,1.0,nan,0.507150411605835,0.5752368097160049,0.36130136251449585,0.7121449372184253,,,1.0,0.8816376195678711,78,6,6,6
/mnt/data/INR/outputs/full_suite/minari_walker2d__cvae__no_shift__s0,minari_walker2d,cvae,no_shift,0,1.0,1.0,1.0,1.0,nan,0.32414472103118896,0.32616469640222523,0.2417582869529724,0.569337089105557,,,1.0,0.9938068853149414,40,8,8,0
/mnt/data/INR/outputs/full_suite/minari_humanoid__inr_diffusion_history_conditioned__single_shift__s0,minari_humanoid,inr_diffusion_history_conditioned,single_shift,0,1.0,1.0,1.0,1.0,nan,1.6085554361343384,1.5357283426877801,1.2315773963928223,1.2682883883937195,,,1.0,1.047421859336853,40,6,6,2
/mnt/data/INR/outputs/full_suite/synthetic_grf__cvae__new_policy__s1,synthetic_grf,cvae,new_policy,1,0.5555555555555556,0.8333333333333334,0.5555555555555556,0.6666666666666666,6.179089069366455,0.5200208425521851,0.48667090508731436,0.40392398834228516,0.7211247066577217,,,1.0,1.0685266719589233,78,27,27,0
/mnt/data/INR/outputs/full_suite/minari_humanoid__inr_transformer_fitted_latent__specialization__s1,minari_humanoid,inr_transformer_fitted_latent,specialization,1,1.0,1.0,1.0,1.0,nan,0.6234999299049377,0.5645902451883783,0.4716450273990631,0.7896201174646817,,,1.0,1.104340599609375,40,4,4,4
/mnt/data/INR/outputs/full_suite/minari_walker2d__inr_transformer_history_conditioned__novel_generalization__s1,minari_walker2d,inr_transformer_history_conditioned,novel_generalization,1,0.6666666666666666,1.0,0.6666666666666666,0.6666666666666666,5.139942646026611,0.3955986201763153,0.4174491985525547,0.23717659711837769,0.6289663108436853,,,1.0,0.9476569162139893,16,12,12,0
/mnt/data/INR/outputs/full_suite/minari_hopper_10x__inr_transformer_history_conditioned__generalization__s0,minari_hopper_10x,inr_transformer_history_conditioned,generalization,0,0.625,0.625,0.5,0.5,nan,0.680048942565918,0.5768779140948963,0.36653932929039,0.8246508003791169,,,1.0,1.178843782974243,16,8,8,0
/mnt/data/INR/outputs/full_suite/minari_hopper_10x__inr_transformer_history_conditioned__single_shift__s0,minari_hopper_10x,inr_transformer_history_conditioned,single_shift,0,1.0,1.0,1.0,1.0,nan,0.24058790504932404,0.2532591248697488,0.16266438364982605,0.4904976096265139,,,1.0,0.9499673710594178,40,6,6,2
/mnt/data/INR/outputs/full_suite/synthetic_grf__inr_transformer_fitted_latent__conflation__s1,synthetic_grf,inr_transformer_fitted_latent,conflation,1,1.0,1.0,0.9166666666666666,1.0,nan,0.7422609925270081,0.8355875109995581,0.5630497932434082,0.8615456996161075,,,1.0,0.8883102999458313,56,12,12,3
/mnt/data/INR/outputs/full_suite/minari_humanoid__inr_transformer_history_conditioned__novel_generalization__s0,minari_humanoid,inr_transformer_history_conditioned,novel_generalization,0,0.6666666666666666,1.0,0.6666666666666666,0.6666666666666666,3.2627971172332764,0.6342174410820007,0.6351826102609578,0.4872286319732666,0.7963777000155144,,,1.0,0.9984804855117798,16,12,12,0
/mnt/data/INR/outputs/full_suite/synthetic_grf__inr_diffusion_history_conditioned__specialization__s1,synthetic_grf,inr_diffusion_history_conditioned,specialization,1,1.0,1.0,1.0,1.0,nan,0.17397856712341309,0.19733568902003926,0.11370787769556046,0.4171073808066852,,,1.0,0.8816376195678711,78,6,6,6
/mnt/data/INR/outputs/full_suite/minari_halfcheetah__inr_transformer_fitted_latent__conflation__s1,minari_halfcheetah,inr_transformer_fitted_latent,conflation,1,1.0,1.0,1.0,1.0,nan,0.1747962385416031,0.17734868875712895,0.09386175125837326,0.41808640080921444,,,1.0,0.9856077299842835,28,6,6,2
/mnt/data/INR/outputs/full_suite/minari_hopper_10x__inr_diffusion_history_conditioned__generalization__s1,minari_hopper_10x,inr_diffusion_history_conditioned,generalization,1,0.75,0.75,0.75,0.75,nan,1.591099500656128,1.391493481266129,1.2208021879196167,1.2613879263161385,,,1.0,1.1434473262557983,16,8,8,0
/mnt/data/INR/outputs/full_suite/minari_halfcheetah__inr_transformer_history_conditioned__no_shift__s0,minari_halfcheetah,inr_transformer_history_conditioned,no_shift,0,1.0,1.0,1.0,1.0,nan,0.14067383110523224,0.13958971978427087,0.08713069558143616,0.3750651024891975,,,1.0,1.0077664123306274,40,8,8,0
/mnt/data/INR/outputs/full_suite/minari_humanoid__cvae__novel_generalization__s0,minari_humanoid,cvae,novel_generalization,0,0.6666666666666666,1.0,0.6666666666666666,0.6666666666666666,2.5563015937805176,0.7657385468482971,0.7669038683873839,0.5687960386276245,0.8750648815078211,,,1.0,0.9984804855117798,16,12,12,0
/mnt/data/INR/outputs/full_suite/minari_walker2d__inr_transformer_fitted_latent__novel_generalization__s1,minari_walker2d,inr_transformer_fitted_latent,novel_generalization,1,0.6666666666666666,1.0,0.6666666666666666,0.6666666666666666,0.001526309410110116,0.4142300486564636,0.43710971931842774,0.26217105984687805,0.6436070607571546,,,1.0,0.9476569162139893,16,12,12,0
/mnt/data/INR/outputs/full_suite/minari_hopper_10x__inr_transformer_fitted_latent__no_shift__s1,minari_hopper_10x,inr_transformer_fitted_latent,no_shift,1,1.0,1.0,1.0,1.0,nan,0.26058655977249146,0.2619607896434529,0.18112392723560333,0.5104767965074333,,,1.0,0.9947540627250672,40,8,8,0
/mnt/data/INR/outputs/full_suite/synthetic_grf__inr_transformer_fitted_latent__novel_generalization__s1,synthetic_grf,inr_transformer_fitted_latent,novel_generalization,1,0.6296296296296297,0.9444444444444444,0.6296296296296297,0.6666666666666666,0.0016280560521408916,1.1573519706726074,1.0336652442336913,0.9516270160675049,1.075802942305238,,,1.0,1.1196583972702026,34,27,27,0
/mnt/data/INR/outputs/full_suite/minari_hopper_10x__cvae__single_shift__s1,minari_hopper_10x,cvae,single_shift,1,1.0,1.0,1.0,1.0,nan,0.32689711451530457,0.34641346858008343,0.2299966663122177,0.5717491709791144,,,1.0,0.9436616764793396,40,6,6,2
/mnt/data/INR/outputs/full_suite/minari_halfcheetah__inr_diffusion_history_conditioned__generalization__s0,minari_halfcheetah,inr_diffusion_history_conditioned,generalization,0,1.0,1.0,1.0,1.0,nan,1.308154582977295,1.3083479217277136,1.1565666198730469,1.143745855938851,,,1.0,0.9998522268066407,16,8,8,0
/mnt/data/INR/outputs/full_suite/minari_hopper_10x__inr_diffusion_history_conditioned__generalization__s0,minari_hopper_10x,inr_diffusion_history_conditioned,generalization,0,0.5,0.5,0.5,0.5,nan,1.6594436168670654,1.4076874653232345,1.2604111433029175,1.2881939360465355,,,1.0,1.178843782974243,16,8,8,0
/mnt/data/INR/outputs/full_suite/synthetic_grf__inr_diffusion_history_conditioned__conflation__s0,synthetic_grf,inr_diffusion_history_conditioned,conflation,0,0.9166666666666666,0.9166666666666666,0.9166666666666666,1.0,nan,0.5305466651916504,0.5690947199554958,0.32843419909477234,0.728386343358832,,,1.0,0.9322642551193238,56,12,12,3
/mnt/data/INR/outputs/full_suite/minari_ant__inr_diffusion_history_conditioned__generalization__s1,minari_ant,inr_diffusion_history_conditioned,generalization,1,1.0,1.0,1.0,1.0,nan,1.6432020664215088,1.6628386348067317,1.435144066810608,1.2818744347327895,,,1.0,0.9881909356842041,16,8,8,0
/mnt/data/INR/outputs/full_suite/minari_halfcheetah__inr_transformer_fitted_latent__no_shift__s1,minari_halfcheetah,inr_transformer_fitted_latent,no_shift,1,1.0,1.0,1.0,1.0,nan,0.16481296718120575,0.16551778965013625,0.09161146730184555,0.4059716334686523,,,1.0,0.9957417116889954,40,8,8,0
/mnt/data/INR/outputs/full_suite/minari_hopper_10x__inr_transformer_fitted_latent__single_shift__s1,minari_hopper_10x,inr_transformer_fitted_latent,single_shift,1,1.0,1.0,1.0,1.0,nan,0.3034134805202484,0.3215278187964978,0.2080913633108139,0.5508298108492753,,,1.0,0.9436616764793396,40,6,6,2
/mnt/data/INR/outputs/full_suite/minari_hopper_10x__cvae__single_shift__s0,minari_hopper_10x,cvae,single_shift,0,1.0,1.0,1.0,1.0,nan,0.30015265941619873,0.31596101988372927,0.21968884766101837,0.547861898124152,,,1.0,0.9499673710594178,40,6,6,2
/mnt/data/INR/outputs/full_suite/synthetic_grf__inr_transformer_fitted_latent__generalization__s0,synthetic_grf,inr_transformer_fitted_latent,generalization,0,0.7777777777777778,0.7777777777777778,0.8888888888888888,1.0,nan,0.8726213574409485,0.8934792642138656,0.6429986357688904,0.9341420435035287,,,1.0,0.9766554103622437,34,18,18,0
/mnt/data/INR/outputs/full_suite/minari_halfcheetah__inr_diffusion_history_conditioned__novel_generalization__s0,minari_halfcheetah,inr_diffusion_history_conditioned,novel_generalization,0,0.6666666666666666,1.0,0.6666666666666666,0.6666666666666666,1.9973310232162476,1.3488954305648804,1.3199951106345624,1.2017900943756104,1.1614195755905272,,,1.0,1.021894262863159,16,12,12,0
/mnt/data/INR/outputs/full_suite/minari_hopper__cvae__generalization__s0,minari_hopper,cvae,generalization,0,0.75,0.75,0.875,0.875,nan,0.8426477313041687,0.835260435159941,0.46229812502861023,0.9179584583760687,,,1.0,1.0088443027267455,16,8,8,0
/mnt/data/INR/outputs/full_suite/synthetic_grf__inr_transformer_fitted_latent__specialization__s1,synthetic_grf,inr_transformer_fitted_latent,specialization,1,1.0,1.0,0.6666666666666666,1.0,nan,0.9098549485206604,1.0320055863389992,0.6615979075431824,0.9538631707538877,,,1.0,0.8816376195678711,78,6,6,6
/mnt/data/INR/outputs/full_suite/minari_hopper_10x__inr_transformer_history_conditioned__novel_generalization__s0,minari_hopper_10x,inr_transformer_history_conditioned,novel_generalization,0,0.4166666666666667,0.625,0.3333333333333333,0.3333333333333333,2.011281728744507,1.1734955310821533,0.8647161639364096,0.6854038238525391,1.0832799873911423,,,1.0,1.3570875392684936,16,12,12,0
/mnt/data/INR/outputs/full_suite/minari_ant__inr_transformer_history_conditioned__conflation__s0,minari_ant,inr_transformer_history_conditioned,conflation,0,1.0,1.0,1.0,1.0,nan,0.555588960647583,0.5066437964107815,0.28474658727645874,0.7453784009800546,,,1.0,1.0966066585311889,28,6,6,2
/mnt/data/INR/outputs/full_suite/all_policy_metrics/minari_hopper__inr_diffusion_history_conditioned__generalization__s1,minari_hopper_all_policies,inr_diffusion_history_conditioned,generalization,1,1.0,1.0,1.0,1.0,nan,,,,,,,,,24,12,12,0
/mnt/data/INR/outputs/full_suite/all_policy_metrics/synthetic_grf__cvae__no_shift__s0,synthetic_grf_all_policies,cvae,no_shift,0,0.7037037037037037,0.7037037037037037,0.7037037037037037,1.0,nan,,,,,,,,,117,27,27,0
/mnt/data/INR/outputs/full_suite/all_policy_metrics/synthetic_grf__inr_diffusion_history_conditioned__single_shift__s1,synthetic_grf_all_policies,inr_diffusion_history_conditioned,single_shift,1,0.7333333333333333,0.7333333333333333,0.6,1.0,nan,,,,,,,,,117,15,15,6
/mnt/data/INR/outputs/full_suite/all_policy_metrics/minari_ant__inr_transformer_history_conditioned__single_shift__s0,minari_ant_all_policies,inr_transformer_history_conditioned,single_shift,0,0.875,0.875,0.875,0.875,nan,,,,,,,,,60,8,8,4
/mnt/data/INR/outputs/full_suite/all_policy_metrics/minari_halfcheetah__inr_transformer_fitted_latent__novel_generalization__s1,minari_halfcheetah_all_policies,inr_transformer_fitted_latent,novel_generalization,1,0.5833333333333334,0.875,0.5833333333333334,0.6666666666666666,0.0015509161166846752,,,,,,,,,16,12,12,0
/mnt/data/INR/outputs/full_suite/all_policy_metrics/minari_walker2d__inr_diffusion_history_conditioned__single_shift__s1,minari_walker2d_all_policies,inr_diffusion_history_conditioned,single_shift,1,1.0,1.0,1.0,1.0,nan,,,,,,,,,60,8,8,4
/mnt/data/INR/outputs/full_suite/all_policy_metrics/minari_hopper__inr_transformer_fitted_latent__generalization__s0,minari_hopper_all_policies,inr_transformer_fitted_latent,generalization,0,1.0,1.0,1.0,1.0,nan,,,,,,,,,24,12,12,0
/mnt/data/INR/outputs/full_suite/all_policy_metrics/minari_humanoid__inr_diffusion_history_conditioned__no_shift__s0,minari_humanoid_all_policies,inr_diffusion_history_conditioned,no_shift,0,1.0,1.0,1.0,1.0,nan,,,,,,,,,60,12,12,0
/mnt/data/INR/outputs/full_suite/all_policy_metrics/minari_ant__cvae__single_shift__s1,minari_ant_all_policies,cvae,single_shift,1,0.875,0.875,0.75,0.875,nan,,,,,,,,,60,8,8,4
/mnt/data/INR/outputs/full_suite/all_policy_metrics/minari_walker2d__cvae__single_shift__s0,minari_walker2d_all_policies,cvae,single_shift,0,1.0,1.0,1.0,1.0,nan,,,,,,,,,60,8,8,4
/mnt/data/INR/outputs/full_suite/all_policy_metrics/minari_hopper__cvae__conflation__s1,minari_hopper_all_policies,cvae,conflation,1,1.0,1.0,1.0,1.0,nan,,,,,,,,,36,8,8,4
/mnt/data/INR/outputs/full_suite/all_policy_metrics/minari_walker2d__cvae__specialization__s1,minari_walker2d_all_policies,cvae,specialization,1,1.0,1.0,1.0,1.0,nan,,,,,,,,,60,6,6,6
/mnt/data/INR/outputs/full_suite/all_policy_metrics/minari_hopper_10x__inr_transformer_fitted_latent__conflation__s0,minari_hopper_10x_all_policies,inr_transformer_fitted_latent,conflation,0,1.0,1.0,1.0,1.0,nan,,,,,,,,,36,8,8,4
/mnt/data/INR/outputs/full_suite/all_policy_metrics/minari_ant__inr_diffusion_history_conditioned__specialization__s0,minari_ant_all_policies,inr_diffusion_history_conditioned,specialization,0,1.0,1.0,1.0,1.0,nan,,,,,,,,,60,6,6,6
/mnt/data/INR/outputs/full_suite/all_policy_metrics/minari_humanoid__cvae__specialization__s1,minari_humanoid_all_policies,cvae,specialization,1,1.0,1.0,1.0,1.0,nan,,,,,,,,,60,6,6,6
/mnt/data/INR/outputs/full_suite/all_policy_metrics/synthetic_grf__inr_transformer_history_conditioned__no_shift__s0,synthetic_grf_all_policies,inr_transformer_history_conditioned,no_shift,0,0.7037037037037037,0.7037037037037037,0.7037037037037037,0.9259259259259259,nan,,,,,,,,,117,27,27,0
/mnt/data/INR/outputs/full_suite/all_policy_metrics/minari_hopper_10x__inr_transformer_history_conditioned__single_shift__s1,minari_hopper_10x_all_policies,inr_transformer_history_conditioned,single_shift,1,1.0,1.0,1.0,1.0,nan,,,,,,,,,60,8,8,4
/mnt/data/INR/outputs/full_suite/all_policy_metrics/minari_halfcheetah__inr_diffusion_history_conditioned__generalization__s1,minari_halfcheetah_all_policies,inr_diffusion_history_conditioned,generalization,1,0.75,0.75,0.5833333333333334,0.9166666666666666,nan,,,,,,,,,24,12,12,0
/mnt/data/INR/outputs/full_suite/all_policy_metrics/minari_hopper__cvae__new_policy__s0,minari_hopper_all_policies,cvae,new_policy,0,0.6666666666666666,1.0,0.6666666666666666,0.6666666666666666,0.7465463280677795,,,,,,,,,40,12,12,0
/mnt/data/INR/outputs/full_suite/all_policy_metrics/minari_hopper__inr_transformer_fitted_latent__generalization__s1,minari_hopper_all_policies,inr_transformer_fitted_latent,generalization,1,1.0,1.0,0.9166666666666666,1.0,nan,,,,,,,,,24,12,12,0
/mnt/data/INR/outputs/full_suite/all_policy_metrics/minari_ant__inr_diffusion_history_conditioned__specialization__s1,minari_ant_all_policies,inr_diffusion_history_conditioned,specialization,1,1.0,1.0,0.6666666666666666,1.0,nan,,,,,,,,,60,6,6,6
/mnt/data/INR/outputs/full_suite/all_policy_metrics/minari_hopper_10x__cvae__new_policy__s1,minari_hopper_10x_all_policies,cvae,new_policy,1,0.6666666666666666,1.0,0.6666666666666666,0.6666666666666666,1.5852200984954834,,,,,,,,,40,12,12,0
/mnt/data/INR/outputs/full_suite/all_policy_metrics/minari_ant__cvae__new_policy__s1,minari_ant_all_policies,cvae,new_policy,1,0.6666666666666666,1.0,0.6666666666666666,0.6666666666666666,1.3396797180175781,,,,,,,,,40,12,12,0
/mnt/data/INR/outputs/full_suite/all_policy_metrics/synthetic_grf__cvae__single_shift__s1,synthetic_grf_all_policies,cvae,single_shift,1,0.8,0.8,0.6666666666666666,1.0,nan,,,,,,,,,117,15,15,6
/mnt/data/INR/outputs/full_suite/all_policy_metrics/minari_walker2d__inr_diffusion_history_conditioned__new_policy__s1,minari_walker2d_all_policies,inr_diffusion_history_conditioned,new_policy,1,0.6666666666666666,1.0,0.6666666666666666,0.6666666666666666,6.332978248596191,,,,,,,,,40,12,12,0
/mnt/data/INR/outputs/full_suite/all_policy_metrics/minari_hopper__cvae__no_shift__s0,minari_hopper_all_policies,cvae,no_shift,0,1.0,1.0,1.0,1.0,nan,,,,,,,,,60,12,12,0
/mnt/data/INR/outputs/full_suite/all_policy_metrics/minari_halfcheetah__inr_transformer_history_conditioned__specialization__s0,minari_halfcheetah_all_policies,inr_transformer_history_conditioned,specialization,0,0.8333333333333334,0.8333333333333334,0.8333333333333334,0.8333333333333334,nan,,,,,,,,,60,6,6,6
/mnt/data/INR/outputs/full_suite/all_policy_metrics/minari_hopper__cvae__specialization__s0,minari_hopper_all_policies,cvae,specialization,0,1.0,1.0,1.0,1.0,nan,,,,,,,,,60,6,6,6
/mnt/data/INR/outputs/full_suite/all_policy_metrics/minari_humanoid__cvae__single_shift__s0,minari_humanoid_all_policies,cvae,single_shift,0,0.75,0.75,0.75,0.75,nan,,,,,,,,,60,8,8,4
/mnt/data/INR/outputs/full_suite/all_policy_metrics/minari_hopper_10x__cvae__generalization__s1,minari_hopper_10x_all_policies,cvae,generalization,1,0.8333333333333334,0.8333333333333334,0.8333333333333334,0.8333333333333334,nan,,,,,,,,,24,12,12,0
/mnt/data/INR/outputs/full_suite/all_policy_metrics/minari_humanoid__inr_transformer_fitted_latent__novel_generalization__s1,minari_humanoid_all_policies,inr_transformer_fitted_latent,novel_generalization,1,0.5833333333333334,0.875,0.5,0.6666666666666666,0.00177871179766953,,,,,,,,,16,12,12,0
/mnt/data/INR/outputs/full_suite/all_policy_metrics/minari_hopper_10x__inr_diffusion_history_conditioned__specialization__s1,minari_hopper_10x_all_policies,inr_diffusion_history_conditioned,specialization,1,1.0,1.0,0.6666666666666666,0.6666666666666666,nan,,,,,,,,,60,6,6,6
/mnt/data/INR/outputs/full_suite/all_policy_metrics/minari_hopper__inr_transformer_history_conditioned__new_policy__s1,minari_hopper_all_policies,inr_transformer_history_conditioned,new_policy,1,0.6666666666666666,1.0,0.6666666666666666,0.6666666666666666,3.882686138153076,,,,,,,,,40,12,12,0
/mnt/data/INR/outputs/full_suite/all_policy_metrics/minari_walker2d__inr_transformer_fitted_latent__new_policy__s0,minari_walker2d_all_policies,inr_transformer_fitted_latent,new_policy,0,0.5833333333333334,0.875,0.5833333333333334,0.6666666666666666,0.0024072451051324606,,,,,,,,,40,12,12,0
/mnt/data/INR/outputs/full_suite/all_policy_metrics/minari_hopper__inr_transformer_history_conditioned__generalization__s1,minari_hopper_all_policies,inr_transformer_history_conditioned,generalization,1,0.8333333333333334,0.8333333333333334,0.9166666666666666,1.0,nan,,,,,,,,,24,12,12,0
/mnt/data/INR/outputs/full_suite/all_policy_metrics/synthetic_grf__cvae__single_shift__s0,synthetic_grf_all_policies,cvae,single_shift,0,0.7333333333333333,0.7333333333333333,0.7333333333333333,0.9333333333333333,nan,,,,,,,,,117,15,15,6
/mnt/data/INR/outputs/full_suite/all_policy_metrics/minari_walker2d__cvae__generalization__s1,minari_walker2d_all_policies,cvae,generalization,1,1.0,1.0,1.0,1.0,nan,,,,,,,,,24,12,12,0
/mnt/data/INR/outputs/full_suite/all_policy_metrics/minari_walker2d__cvae__single_shift__s1,minari_walker2d_all_policies,cvae,single_shift,1,1.0,1.0,1.0,1.0,nan,,,,,,,,,60,8,8,4
/mnt/data/INR/outputs/full_suite/all_policy_metrics/minari_hopper_10x__inr_diffusion_history_conditioned__single_shift__s0,minari_hopper_10x_all_policies,inr_diffusion_history_conditioned,single_shift,0,0.75,0.75,0.875,0.875,nan,,,,,,,,,60,8,8,4
/mnt/data/INR/outputs/full_suite/all_policy_metrics/minari_walker2d__inr_transformer_fitted_latent__no_shift__s1,minari_walker2d_all_policies,inr_transformer_fitted_latent,no_shift,1,0.9166666666666666,0.9166666666666666,0.9166666666666666,0.9166666666666666,nan,,,,,,,,,60,12,12,0
/mnt/data/INR/outputs/full_suite/all_policy_metrics/minari_humanoid__cvae__generalization__s1,minari_humanoid_all_policies,cvae,generalization,1,1.0,1.0,1.0,1.0,nan,,,,,,,,,24,12,12,0
/mnt/data/INR/outputs/full_suite/all_policy_metrics/minari_walker2d__inr_diffusion_history_conditioned__conflation__s0,minari_walker2d_all_policies,inr_diffusion_history_conditioned,conflation,0,1.0,1.0,1.0,1.0,nan,,,,,,,,,36,8,8,4
/mnt/data/INR/outputs/full_suite/all_policy_metrics/minari_hopper__inr_transformer_history_conditioned__novel_generalization__s1,minari_hopper_all_policies,inr_transformer_history_conditioned,novel_generalization,1,0.5,0.75,0.5833333333333334,0.5833333333333334,4.727673530578613,,,,,,,,,16,12,12,0
/mnt/data/INR/outputs/full_suite/all_policy_metrics/minari_ant__cvae__generalization__s1,minari_ant_all_policies,cvae,generalization,1,1.0,1.0,1.0,1.0,nan,,,,,,,,,24,12,12,0
/mnt/data/INR/outputs/full_suite/all_policy_metrics/minari_halfcheetah__inr_transformer_history_conditioned__new_policy__s1,minari_halfcheetah_all_policies,inr_transformer_history_conditioned,new_policy,1,0.6666666666666666,1.0,0.6666666666666666,0.6666666666666666,1.7783772945404053,,,,,,,,,40,12,12,0
/mnt/data/INR/outputs/full_suite/all_policy_metrics/synthetic_grf__inr_transformer_history_conditioned__no_shift__s1,synthetic_grf_all_policies,inr_transformer_history_conditioned,no_shift,1,0.7037037037037037,0.7037037037037037,0.6666666666666666,0.9259259259259259,nan,,,,,,,,,117,27,27,0
/mnt/data/INR/outputs/full_suite/all_policy_metrics/minari_walker2d__inr_transformer_history_conditioned__no_shift__s1,minari_walker2d_all_policies,inr_transformer_history_conditioned,no_shift,1,1.0,1.0,1.0,1.0,nan,,,,,,,,,60,12,12,0
/mnt/data/INR/outputs/full_suite/all_policy_metrics/minari_halfcheetah__cvae__specialization__s1,minari_halfcheetah_all_policies,cvae,specialization,1,1.0,1.0,0.6666666666666666,0.6666666666666666,nan,,,,,,,,,60,6,6,6
/mnt/data/INR/outputs/full_suite/all_policy_metrics/minari_hopper_10x__inr_transformer_fitted_latent__generalization__s0,minari_hopper_10x_all_policies,inr_transformer_fitted_latent,generalization,0,0.6666666666666666,0.6666666666666666,0.6666666666666666,0.6666666666666666,nan,,,,,,,,,24,12,12,0
/mnt/data/INR/outputs/full_suite/all_policy_metrics/minari_halfcheetah__cvae__specialization__s0,minari_halfcheetah_all_policies,cvae,specialization,0,0.8333333333333334,0.8333333333333334,0.8333333333333334,0.8333333333333334,nan,,,,,,,,,60,6,6,6
/mnt/data/INR/outputs/full_suite/all_policy_metrics/minari_hopper_10x__inr_diffusion_history_conditioned__novel_generalization__s1,minari_hopper_10x_all_policies,inr_diffusion_history_conditioned,novel_generalization,1,0.5,0.75,0.5,0.5,1.4605523347854614,,,,,,,,,16,12,12,0
/mnt/data/INR/outputs/full_suite/all_policy_metrics/minari_ant__inr_transformer_fitted_latent__no_shift__s0,minari_ant_all_policies,inr_transformer_fitted_latent,no_shift,0,1.0,1.0,0.8333333333333334,0.8333333333333334,nan,,,,,,,,,60,12,12,0
/mnt/data/INR/outputs/full_suite/all_policy_metrics/minari_hopper__inr_transformer_history_conditioned__novel_generalization__s0,minari_hopper_all_policies,inr_transformer_history_conditioned,novel_generalization,0,0.5,0.75,0.6666666666666666,0.6666666666666666,3.9697282314300537,,,,,,,,,16,12,12,0
/mnt/data/INR/outputs/full_suite/all_policy_metrics/minari_hopper_10x__inr_transformer_fitted_latent__no_shift__s0,minari_hopper_10x_all_policies,inr_transformer_fitted_latent,no_shift,0,1.0,1.0,1.0,1.0,nan,,,,,,,,,60,12,12,0
/mnt/data/INR/outputs/full_suite/all_policy_metrics/minari_walker2d__cvae__conflation__s1,minari_walker2d_all_policies,cvae,conflation,1,1.0,1.0,1.0,1.0,nan,,,,,,,,,36,8,8,4
/mnt/data/INR/outputs/full_suite/all_policy_metrics/minari_walker2d__inr_transformer_fitted_latent__conflation__s1,minari_walker2d_all_policies,inr_transformer_fitted_latent,conflation,1,0.875,0.875,0.75,1.0,nan,,,,,,,,,36,8,8,4
/mnt/data/INR/outputs/full_suite/all_policy_metrics/minari_halfcheetah__inr_transformer_history_conditioned__novel_generalization__s1,minari_halfcheetah_all_policies,inr_transformer_history_conditioned,novel_generalization,1,0.6666666666666666,1.0,0.6666666666666666,0.6666666666666666,5.3911261558532715,,,,,,,,,16,12,12,0
/mnt/data/INR/outputs/full_suite/all_policy_metrics/minari_walker2d__cvae__conflation__s0,minari_walker2d_all_policies,cvae,conflation,0,1.0,1.0,1.0,1.0,nan,,,,,,,,,36,8,8,4
/mnt/data/INR/outputs/full_suite/all_policy_metrics/minari_hopper_10x__inr_diffusion_history_conditioned__no_shift__s1,minari_hopper_10x_all_policies,inr_diffusion_history_conditioned,no_shift,1,1.0,1.0,1.0,1.0,nan,,,,,,,,,60,12,12,0
/mnt/data/INR/outputs/full_suite/all_policy_metrics/minari_hopper__cvae__single_shift__s0,minari_hopper_all_policies,cvae,single_shift,0,1.0,1.0,1.0,1.0,nan,,,,,,,,,60,8,8,4
/mnt/data/INR/outputs/full_suite/all_policy_metrics/minari_hopper_10x__cvae__specialization__s0,minari_hopper_10x_all_policies,cvae,specialization,0,1.0,1.0,0.6666666666666666,0.6666666666666666,nan,,,,,,,,,60,6,6,6
/mnt/data/INR/outputs/full_suite/all_policy_metrics/minari_walker2d__inr_diffusion_history_conditioned__no_shift__s1,minari_walker2d_all_policies,inr_diffusion_history_conditioned,no_shift,1,1.0,1.0,1.0,1.0,nan,,,,,,,,,60,12,12,0
/mnt/data/INR/outputs/full_suite/all_policy_metrics/minari_humanoid__cvae__conflation__s0,minari_humanoid_all_policies,cvae,conflation,0,1.0,1.0,1.0,1.0,nan,,,,,,,,,36,8,8,4
/mnt/data/INR/outputs/full_suite/all_policy_metrics/minari_hopper__inr_transformer_fitted_latent__specialization__s0,minari_hopper_all_policies,inr_transformer_fitted_latent,specialization,0,1.0,1.0,1.0,1.0,nan,,,,,,,,,60,6,6,6
/mnt/data/INR/outputs/full_suite/all_policy_metrics/minari_halfcheetah__inr_transformer_history_conditioned__conflation__s0,minari_halfcheetah_all_policies,inr_transformer_history_conditioned,conflation,0,1.0,1.0,1.0,1.0,nan,,,,,,,,,36,8,8,4
/mnt/data/INR/outputs/full_suite/all_policy_metrics/minari_humanoid__inr_transformer_fitted_latent__new_policy__s0,minari_humanoid_all_policies,inr_transformer_fitted_latent,new_policy,0,0.6666666666666666,1.0,0.6666666666666666,0.6666666666666666,0.002240335801616311,,,,,,,,,40,12,12,0
/mnt/data/INR/outputs/full_suite/all_policy_metrics/minari_humanoid__cvae__single_shift__s1,minari_humanoid_all_policies,cvae,single_shift,1,1.0,1.0,1.0,1.0,nan,,,,,,,,,60,8,8,4
/mnt/data/INR/outputs/full_suite/all_policy_metrics/minari_hopper_10x__cvae__specialization__s1,minari_hopper_10x_all_policies,cvae,specialization,1,1.0,1.0,1.0,1.0,nan,,,,,,,,,60,6,6,6
/mnt/data/INR/outputs/full_suite/all_policy_metrics/minari_walker2d__inr_diffusion_history_conditioned__single_shift__s0,minari_walker2d_all_policies,inr_diffusion_history_conditioned,single_shift,0,1.0,1.0,1.0,1.0,nan,,,,,,,,,60,8,8,4
/mnt/data/INR/outputs/full_suite/all_policy_metrics/minari_walker2d__inr_diffusion_history_conditioned__no_shift__s0,minari_walker2d_all_policies,inr_diffusion_history_conditioned,no_shift,0,1.0,1.0,1.0,1.0,nan,,,,,,,,,60,12,12,0
/mnt/data/INR/outputs/full_suite/all_policy_metrics/minari_halfcheetah__cvae__conflation__s0,minari_halfcheetah_all_policies,cvae,conflation,0,1.0,1.0,1.0,1.0,nan,,,,,,,,,36,8,8,4
/mnt/data/INR/outputs/full_suite/all_policy_metrics/minari_ant__inr_transformer_history_conditioned__novel_generalization__s0,minari_ant_all_policies,inr_transformer_history_conditioned,novel_generalization,0,0.5833333333333334,0.875,0.6666666666666666,0.6666666666666666,4.02180814743042,,,,,,,,,16,12,12,0
/mnt/data/INR/outputs/full_suite/all_policy_metrics/minari_hopper__inr_transformer_history_conditioned__generalization__s0,minari_hopper_all_policies,inr_transformer_history_conditioned,generalization,0,0.8333333333333334,0.8333333333333334,1.0,1.0,nan,,,,,,,,,24,12,12,0
/mnt/data/INR/outputs/full_suite/all_policy_metrics/minari_ant__inr_transformer_fitted_latent__generalization__s1,minari_ant_all_policies,inr_transformer_fitted_latent,generalization,1,1.0,1.0,1.0,1.0,nan,,,,,,,,,24,12,12,0
/mnt/data/INR/outputs/full_suite/all_policy_metrics/minari_ant__inr_transformer_history_conditioned__generalization__s0,minari_ant_all_policies,inr_transformer_history_conditioned,generalization,0,0.5833333333333334,0.5833333333333334,0.6666666666666666,0.9166666666666666,nan,,,,,,,,,24,12,12,0
/mnt/data/INR/outputs/full_suite/all_policy_metrics/minari_walker2d__inr_transformer_history_conditioned__no_shift__s0,minari_walker2d_all_policies,inr_transformer_history_conditioned,no_shift,0,1.0,1.0,1.0,1.0,nan,,,,,,,,,60,12,12,0
/mnt/data/INR/outputs/full_suite/all_policy_metrics/synthetic_grf__cvae__specialization__s0,synthetic_grf_all_policies,cvae,specialization,0,0.8888888888888888,0.8888888888888888,0.7777777777777778,1.0,nan,,,,,,,,,117,9,9,9
/mnt/data/INR/outputs/full_suite/all_policy_metrics/minari_hopper_10x__inr_transformer_fitted_latent__novel_generalization__s1,minari_hopper_10x_all_policies,inr_transformer_fitted_latent,novel_generalization,1,0.5833333333333334,0.875,0.5,0.6666666666666666,0.0038714318070560694,,,,,,,,,16,12,12,0
/mnt/data/INR/outputs/full_suite/all_policy_metrics/minari_walker2d__inr_diffusion_history_conditioned__specialization__s1,minari_walker2d_all_policies,inr_diffusion_history_conditioned,specialization,1,1.0,1.0,1.0,1.0,nan,,,,,,,,,60,6,6,6
/mnt/data/INR/outputs/full_suite/all_policy_metrics/minari_ant__inr_diffusion_history_conditioned__single_shift__s0,minari_ant_all_policies,inr_diffusion_history_conditioned,single_shift,0,0.875,0.875,0.875,0.875,nan,,,,,,,,,60,8,8,4
/mnt/data/INR/outputs/full_suite/all_policy_metrics/minari_halfcheetah__inr_diffusion_history_conditioned__specialization__s1,minari_halfcheetah_all_policies,inr_diffusion_history_conditioned,specialization,1,0.6666666666666666,0.6666666666666666,0.5,1.0,nan,,,,,,,,,60,6,6,6
/mnt/data/INR/outputs/full_suite/all_policy_metrics/minari_hopper_10x__inr_diffusion_history_conditioned__conflation__s1,minari_hopper_10x_all_policies,inr_diffusion_history_conditioned,conflation,1,1.0,1.0,1.0,1.0,nan,,,,,,,,,36,8,8,4
/mnt/data/INR/outputs/full_suite/all_policy_metrics/minari_hopper_10x__inr_transformer_fitted_latent__generalization__s1,minari_hopper_10x_all_policies,inr_transformer_fitted_latent,generalization,1,0.6666666666666666,0.6666666666666666,0.6666666666666666,0.6666666666666666,nan,,,,,,,,,24,12,12,0
/mnt/data/INR/outputs/full_suite/all_policy_metrics/minari_hopper_10x__inr_transformer_fitted_latent__conflation__s1,minari_hopper_10x_all_policies,inr_transformer_fitted_latent,conflation,1,1.0,1.0,1.0,1.0,nan,,,,,,,,,36,8,8,4
/mnt/data/INR/outputs/full_suite/all_policy_metrics/minari_hopper__inr_transformer_fitted_latent__new_policy__s0,minari_hopper_all_policies,inr_transformer_fitted_latent,new_policy,0,0.6666666666666666,1.0,0.6666666666666666,0.6666666666666666,0.0030973246321082115,,,,,,,,,40,12,12,0
/mnt/data/INR/outputs/full_suite/all_policy_metrics/minari_hopper_10x__inr_transformer_history_conditioned__generalization__s1,minari_hopper_10x_all_policies,inr_transformer_history_conditioned,generalization,1,1.0,1.0,0.9166666666666666,1.0,nan,,,,,,,,,24,12,12,0
/mnt/data/INR/outputs/full_suite/all_policy_metrics/synthetic_grf__cvae__specialization__s1,synthetic_grf_all_policies,cvae,specialization,1,1.0,1.0,0.5555555555555556,1.0,nan,,,,,,,,,117,9,9,9
/mnt/data/INR/outputs/full_suite/all_policy_metrics/minari_ant__cvae__conflation__s0,minari_ant_all_policies,cvae,conflation,0,1.0,1.0,1.0,1.0,nan,,,,,,,,,36,8,8,4
/mnt/data/INR/outputs/full_suite/all_policy_metrics/synthetic_grf__inr_diffusion_history_conditioned__conflation__s1,synthetic_grf_all_policies,inr_diffusion_history_conditioned,conflation,1,0.6,0.6,0.7333333333333333,1.0,nan,,,,,,,,,73,15,15,6
/mnt/data/INR/outputs/full_suite/all_policy_metrics/minari_ant__inr_transformer_history_conditioned__novel_generalization__s1,minari_ant_all_policies,inr_transformer_history_conditioned,novel_generalization,1,0.6666666666666666,1.0,0.6666666666666666,0.6666666666666666,3.14837646484375,,,,,,,,,16,12,12,0
/mnt/data/INR/outputs/full_suite/all_policy_metrics/minari_halfcheetah__inr_transformer_history_conditioned__novel_generalization__s0,minari_halfcheetah_all_policies,inr_transformer_history_conditioned,novel_generalization,0,0.6666666666666666,1.0,0.6666666666666666,0.6666666666666666,3.182692766189575,,,,,,,,,16,12,12,0
/mnt/data/INR/outputs/full_suite/all_policy_metrics/synthetic_grf__inr_transformer_history_conditioned__novel_generalization__s1,synthetic_grf_all_policies,inr_transformer_history_conditioned,novel_generalization,1,0.6666666666666666,1.0,0.5925925925925926,0.6666666666666666,7.423623085021973,,,,,,,,,34,27,27,0
/mnt/data/INR/outputs/full_suite/all_policy_metrics/synthetic_grf__inr_transformer_fitted_latent__single_shift__s1,synthetic_grf_all_policies,inr_transformer_fitted_latent,single_shift,1,0.5333333333333333,0.5333333333333333,0.6666666666666666,0.9333333333333333,nan,,,,,,,,,117,15,15,6
/mnt/data/INR/outputs/full_suite/all_policy_metrics/minari_walker2d__inr_transformer_fitted_latent__single_shift__s0,minari_walker2d_all_policies,inr_transformer_fitted_latent,single_shift,0,1.0,1.0,1.0,1.0,nan,,,,,,,,,60,8,8,4
/mnt/data/INR/outputs/full_suite/all_policy_metrics/minari_hopper_10x__inr_diffusion_history_conditioned__single_shift__s1,minari_hopper_10x_all_policies,inr_diffusion_history_conditioned,single_shift,1,1.0,1.0,0.75,0.75,nan,,,,,,,,,60,8,8,4
/mnt/data/INR/outputs/full_suite/all_policy_metrics/minari_humanoid__inr_diffusion_history_conditioned__specialization__s1,minari_humanoid_all_policies,inr_diffusion_history_conditioned,specialization,1,1.0,1.0,1.0,1.0,nan,,,,,,,,,60,6,6,6
/mnt/data/INR/outputs/full_suite/all_policy_metrics/synthetic_grf__cvae__no_shift__s1,synthetic_grf_all_policies,cvae,no_shift,1,0.6666666666666666,0.6666666666666666,0.7037037037037037,0.9629629629629629,nan,,,,,,,,,117,27,27,0
/mnt/data/INR/outputs/full_suite/all_policy_metrics/minari_hopper_10x__inr_transformer_history_conditioned__specialization__s1,minari_hopper_10x_all_policies,inr_transformer_history_conditioned,specialization,1,1.0,1.0,1.0,1.0,nan,,,,,,,,,60,6,6,6
/mnt/data/INR/outputs/full_suite/all_policy_metrics/minari_walker2d__cvae__new_policy__s1,minari_walker2d_all_policies,cvae,new_policy,1,0.6666666666666666,1.0,0.6666666666666666,0.6666666666666666,1.168749213218689,,,,,,,,,40,12,12,0
/mnt/data/INR/outputs/full_suite/all_policy_metrics/minari_halfcheetah__cvae__novel_generalization__s0,minari_halfcheetah_all_policies,cvae,novel_generalization,0,0.6666666666666666,1.0,0.6666666666666666,0.6666666666666666,1.6075475215911865,,,,,,,,,16,12,12,0
/mnt/data/INR/outputs/full_suite/all_policy_metrics/synthetic_grf__inr_transformer_history_conditioned__generalization__s0,synthetic_grf_all_policies,inr_transformer_history_conditioned,generalization,0,0.5925925925925926,0.5925925925925926,0.5925925925925926,0.9259259259259259,nan,,,,,,,,,51,27,27,0
/mnt/data/INR/outputs/full_suite/all_policy_metrics/minari_walker2d__inr_transformer_fitted_latent__specialization__s1,minari_walker2d_all_policies,inr_transformer_fitted_latent,specialization,1,1.0,1.0,1.0,1.0,nan,,,,,,,,,60,6,6,6
/mnt/data/INR/outputs/full_suite/all_policy_metrics/synthetic_grf__inr_transformer_fitted_latent__new_policy__s1,synthetic_grf_all_policies,inr_transformer_fitted_latent,new_policy,1,0.6666666666666666,1.0,0.6296296296296297,0.6666666666666666,0.0027776211500167847,,,,,,,,,78,27,27,0
/mnt/data/INR/outputs/full_suite/all_policy_metrics/minari_hopper_10x__cvae__conflation__s1,minari_hopper_10x_all_policies,cvae,conflation,1,1.0,1.0,1.0,1.0,nan,,,,,,,,,36,8,8,4
/mnt/data/INR/outputs/full_suite/all_policy_metrics/minari_hopper_10x__cvae__no_shift__s0,minari_hopper_10x_all_policies,cvae,no_shift,0,0.9166666666666666,0.9166666666666666,0.9166666666666666,0.9166666666666666,nan,,,,,,,,,60,12,12,0
/mnt/data/INR/outputs/full_suite/all_policy_metrics/synthetic_grf__inr_transformer_fitted_latent__no_shift__s0,synthetic_grf_all_policies,inr_transformer_fitted_latent,no_shift,0,0.7407407407407407,0.7407407407407407,0.5555555555555556,0.7777777777777778,nan,,,,,,,,,117,27,27,0
/mnt/data/INR/outputs/full_suite/all_policy_metrics/minari_halfcheetah__inr_transformer_fitted_latent__specialization__s0,minari_halfcheetah_all_policies,inr_transformer_fitted_latent,specialization,0,0.8333333333333334,0.8333333333333334,0.8333333333333334,0.8333333333333334,nan,,,,,,,,,60,6,6,6
/mnt/data/INR/outputs/full_suite/all_policy_metrics/minari_hopper__inr_diffusion_history_conditioned__no_shift__s0,minari_hopper_all_policies,inr_diffusion_history_conditioned,no_shift,0,1.0,1.0,1.0,1.0,nan,,,,,,,,,60,12,12,0
/mnt/data/INR/outputs/full_suite/all_policy_metrics/minari_ant__inr_transformer_fitted_latent__novel_generalization__s1,minari_ant_all_policies,inr_transformer_fitted_latent,novel_generalization,1,0.6666666666666666,1.0,0.6666666666666666,0.6666666666666666,0.0022539091296494007,,,,,,,,,16,12,12,0
/mnt/data/INR/outputs/full_suite/all_policy_metrics/minari_ant__cvae__no_shift__s0,minari_ant_all_policies,cvae,no_shift,0,1.0,1.0,1.0,1.0,nan,,,,,,,,,60,12,12,0
/mnt/data/INR/outputs/full_suite/all_policy_metrics/minari_hopper_10x__inr_transformer_fitted_latent__new_policy__s0,minari_hopper_10x_all_policies,inr_transformer_fitted_latent,new_policy,0,0.6666666666666666,1.0,0.6666666666666666,0.6666666666666666,0.004952843300998211,,,,,,,,,40,12,12,0
/mnt/data/INR/outputs/full_suite/all_policy_metrics/minari_humanoid__inr_transformer_history_conditioned__no_shift__s1,minari_humanoid_all_policies,inr_transformer_history_conditioned,no_shift,1,1.0,1.0,1.0,1.0,nan,,,,,,,,,60,12,12,0
/mnt/data/INR/outputs/full_suite/all_policy_metrics/minari_halfcheetah__inr_transformer_history_conditioned__generalization__s0,minari_halfcheetah_all_policies,inr_transformer_history_conditioned,generalization,0,0.9166666666666666,0.9166666666666666,0.9166666666666666,1.0,nan,,,,,,,,,24,12,12,0
/mnt/data/INR/outputs/full_suite/all_policy_metrics/minari_ant__inr_transformer_history_conditioned__single_shift__s1,minari_ant_all_policies,inr_transformer_history_conditioned,single_shift,1,1.0,1.0,0.875,0.875,nan,,,,,,,,,60,8,8,4
/mnt/data/INR/outputs/full_suite/all_policy_metrics/minari_ant__inr_transformer_fitted_latent__new_policy__s0,minari_ant_all_policies,inr_transformer_fitted_latent,new_policy,0,0.6666666666666666,1.0,0.6666666666666666,0.6666666666666666,0.00905462447553873,,,,,,,,,40,12,12,0
/mnt/data/INR/outputs/full_suite/all_policy_metrics/minari_humanoid__inr_diffusion_history_conditioned__conflation__s0,minari_humanoid_all_policies,inr_diffusion_history_conditioned,conflation,0,1.0,1.0,1.0,1.0,nan,,,,,,,,,36,8,8,4
/mnt/data/INR/outputs/full_suite/all_policy_metrics/synthetic_grf__inr_transformer_history_conditioned__new_policy__s1,synthetic_grf_all_policies,inr_transformer_history_conditioned,new_policy,1,0.5555555555555556,0.8333333333333334,0.6296296296296297,0.6296296296296297,6.7130022048950195,,,,,,,,,78,27,27,0
/mnt/data/INR/outputs/full_suite/all_policy_metrics/minari_hopper_10x__inr_transformer_fitted_latent__specialization__s1,minari_hopper_10x_all_policies,inr_transformer_fitted_latent,specialization,1,1.0,1.0,1.0,1.0,nan,,,,,,,,,60,6,6,6
/mnt/data/INR/outputs/full_suite/all_policy_metrics/minari_humanoid__inr_transformer_history_conditioned__specialization__s1,minari_humanoid_all_policies,inr_transformer_history_conditioned,specialization,1,1.0,1.0,1.0,1.0,nan,,,,,,,,,60,6,6,6
/mnt/data/INR/outputs/full_suite/all_policy_metrics/minari_hopper__cvae__specialization__s1,minari_hopper_all_policies,cvae,specialization,1,1.0,1.0,1.0,1.0,nan,,,,,,,,,60,6,6,6
/mnt/data/INR/outputs/full_suite/all_policy_metrics/minari_ant__inr_diffusion_history_conditioned__conflation__s1,minari_ant_all_policies,inr_diffusion_history_conditioned,conflation,1,1.0,1.0,1.0,1.0,nan,,,,,,,,,36,8,8,4
/mnt/data/INR/outputs/full_suite/all_policy_metrics/minari_hopper__inr_diffusion_history_conditioned__novel_generalization__s0,minari_hopper_all_policies,inr_diffusion_history_conditioned,novel_generalization,0,0.6666666666666666,1.0,0.6666666666666666,0.6666666666666666,6.068122386932373,,,,,,,,,16,12,12,0
/mnt/data/INR/outputs/full_suite/all_policy_metrics/minari_halfcheetah__inr_diffusion_history_conditioned__no_shift__s0,minari_halfcheetah_all_policies,inr_diffusion_history_conditioned,no_shift,0,1.0,1.0,1.0,1.0,nan,,,,,,,,,60,12,12,0
/mnt/data/INR/outputs/full_suite/all_policy_metrics/minari_hopper__cvae__no_shift__s1,minari_hopper_all_policies,cvae,no_shift,1,1.0,1.0,1.0,1.0,nan,,,,,,,,,60,12,12,0
/mnt/data/INR/outputs/full_suite/all_policy_metrics/minari_hopper_10x__inr_transformer_history_conditioned__specialization__s0,minari_hopper_10x_all_policies,inr_transformer_history_conditioned,specialization,0,1.0,1.0,1.0,1.0,nan,,,,,,,,,60,6,6,6
/mnt/data/INR/outputs/full_suite/all_policy_metrics/minari_hopper__cvae__single_shift__s1,minari_hopper_all_policies,cvae,single_shift,1,1.0,1.0,1.0,1.0,nan,,,,,,,,,60,8,8,4
/mnt/data/INR/outputs/full_suite/all_policy_metrics/minari_hopper__inr_transformer_history_conditioned__new_policy__s0,minari_hopper_all_policies,inr_transformer_history_conditioned,new_policy,0,0.6666666666666666,1.0,0.6666666666666666,0.6666666666666666,4.835546493530273,,,,,,,,,40,12,12,0
/mnt/data/INR/outputs/full_suite/all_policy_metrics/minari_halfcheetah__inr_transformer_history_conditioned__single_shift__s0,minari_halfcheetah_all_policies,inr_transformer_history_conditioned,single_shift,0,0.875,0.875,0.875,0.875,nan,,,,,,,,,60,8,8,4
/mnt/data/INR/outputs/full_suite/all_policy_metrics/minari_ant__inr_transformer_fitted_latent__single_shift__s0,minari_ant_all_policies,inr_transformer_fitted_latent,single_shift,0,1.0,1.0,0.5,0.5,nan,,,,,,,,,60,8,8,4
/mnt/data/INR/outputs/full_suite/all_policy_metrics/minari_hopper__inr_transformer_fitted_latent__novel_generalization__s1,minari_hopper_all_policies,inr_transformer_fitted_latent,novel_generalization,1,0.5833333333333334,0.875,0.5,0.6666666666666666,0.0025520888157188892,,,,,,,,,16,12,12,0
/mnt/data/INR/outputs/full_suite/all_policy_metrics/minari_hopper__cvae__conflation__s0,minari_hopper_all_policies,cvae,conflation,0,1.0,1.0,1.0,1.0,nan,,,,,,,,,36,8,8,4
/mnt/data/INR/outputs/full_suite/all_policy_metrics/minari_humanoid__inr_diffusion_history_conditioned__no_shift__s1,minari_humanoid_all_policies,inr_diffusion_history_conditioned,no_shift,1,1.0,1.0,1.0,1.0,nan,,,,,,,,,60,12,12,0
/mnt/data/INR/outputs/full_suite/all_policy_metrics/minari_walker2d__inr_transformer_fitted_latent__new_policy__s1,minari_walker2d_all_policies,inr_transformer_fitted_latent,new_policy,1,0.5833333333333334,0.875,0.5833333333333334,0.6666666666666666,0.0023750492837280035,,,,,,,,,40,12,12,0
/mnt/data/INR/outputs/full_suite/all_policy_metrics/minari_hopper__cvae__new_policy__s1,minari_hopper_all_policies,cvae,new_policy,1,0.6666666666666666,1.0,0.6666666666666666,0.6666666666666666,0.7227765321731567,,,,,,,,,40,12,12,0
/mnt/data/INR/outputs/full_suite/all_policy_metrics/minari_hopper__inr_transformer_fitted_latent__single_shift__s1,minari_hopper_all_policies,inr_transformer_fitted_latent,single_shift,1,1.0,1.0,0.875,1.0,nan,,,,,,,,,60,8,8,4
/mnt/data/INR/outputs/full_suite/all_policy_metrics/minari_ant__inr_diffusion_history_conditioned__new_policy__s1,minari_ant_all_policies,inr_diffusion_history_conditioned,new_policy,1,0.6666666666666666,1.0,0.6666666666666666,0.6666666666666666,1.791050672531128,,,,,,,,,40,12,12,0
/mnt/data/INR/outputs/full_suite/all_policy_metrics/synthetic_grf__inr_transformer_history_conditioned__specialization__s0,synthetic_grf_all_policies,inr_transformer_history_conditioned,specialization,0,0.8888888888888888,0.8888888888888888,0.6666666666666666,1.0,nan,,,,,,,,,117,9,9,9
/mnt/data/INR/outputs/full_suite/all_policy_metrics/minari_halfcheetah__cvae__no_shift__s0,minari_halfcheetah_all_policies,cvae,no_shift,0,1.0,1.0,1.0,1.0,nan,,,,,,,,,60,12,12,0
/mnt/data/INR/outputs/full_suite/all_policy_metrics/minari_hopper__inr_transformer_history_conditioned__single_shift__s0,minari_hopper_all_policies,inr_transformer_history_conditioned,single_shift,0,1.0,1.0,1.0,1.0,nan,,,,,,,,,60,8,8,4
/mnt/data/INR/outputs/full_suite/all_policy_metrics/minari_walker2d__inr_transformer_history_conditioned__generalization__s0,minari_walker2d_all_policies,inr_transformer_history_conditioned,generalization,0,1.0,1.0,1.0,1.0,nan,,,,,,,,,24,12,12,0
/mnt/data/INR/outputs/full_suite/all_policy_metrics/minari_walker2d__inr_diffusion_history_conditioned__new_policy__s0,minari_walker2d_all_policies,inr_diffusion_history_conditioned,new_policy,0,0.6666666666666666,1.0,0.6666666666666666,0.6666666666666666,4.50115966796875,,,,,,,,,40,12,12,0
/mnt/data/INR/outputs/full_suite/all_policy_metrics/minari_humanoid__inr_transformer_history_conditioned__novel_generalization__s1,minari_humanoid_all_policies,inr_transformer_history_conditioned,novel_generalization,1,0.6666666666666666,1.0,0.6666666666666666,0.6666666666666666,3.2947030067443848,,,,,,,,,16,12,12,0
/mnt/data/INR/outputs/full_suite/all_policy_metrics/minari_hopper_10x__inr_transformer_history_conditioned__new_policy__s1,minari_hopper_10x_all_policies,inr_transformer_history_conditioned,new_policy,1,0.6666666666666666,1.0,0.6666666666666666,0.6666666666666666,2.468132972717285,,,,,,,,,40,12,12,0
/mnt/data/INR/outputs/full_suite/all_policy_metrics/minari_hopper_10x__inr_diffusion_history_conditioned__new_policy__s1,minari_hopper_10x_all_policies,inr_diffusion_history_conditioned,new_policy,1,0.6666666666666666,1.0,0.6666666666666666,0.6666666666666666,1.7032454013824463,,,,,,,,,40,12,12,0
/mnt/data/INR/outputs/full_suite/all_policy_metrics/minari_hopper__inr_diffusion_history_conditioned__novel_generalization__s1,minari_hopper_all_policies,inr_diffusion_history_conditioned,novel_generalization,1,0.6666666666666666,1.0,0.6666666666666666,0.6666666666666666,5.879575729370117,,,,,,,,,16,12,12,0
/mnt/data/INR/outputs/full_suite/all_policy_metrics/minari_humanoid__inr_transformer_history_conditioned__generalization__s1,minari_humanoid_all_policies,inr_transformer_history_conditioned,generalization,1,1.0,1.0,1.0,1.0,nan,,,,,,,,,24,12,12,0
/mnt/data/INR/outputs/full_suite/all_policy_metrics/minari_humanoid__inr_transformer_fitted_latent__no_shift__s1,minari_humanoid_all_policies,inr_transformer_fitted_latent,no_shift,1,1.0,1.0,1.0,1.0,nan,,,,,,,,,60,12,12,0
/mnt/data/INR/outputs/full_suite/all_policy_metrics/synthetic_grf__inr_transformer_fitted_latent__novel_generalization__s0,synthetic_grf_all_policies,inr_transformer_fitted_latent,novel_generalization,0,0.5185185185185185,0.7777777777777778,0.5555555555555556,0.6666666666666666,0.002207632176578045,,,,,,,,,34,27,27,0
/mnt/data/INR/outputs/full_suite/all_policy_metrics/minari_ant__cvae__single_shift__s0,minari_ant_all_policies,cvae,single_shift,0,0.75,0.75,0.75,0.875,nan,,,,,,,,,60,8,8,4
/mnt/data/INR/outputs/full_suite/all_policy_metrics/minari_ant__inr_transformer_history_conditioned__conflation__s1,minari_ant_all_policies,inr_transformer_history_conditioned,conflation,1,1.0,1.0,1.0,1.0,nan,,,,,,,,,36,8,8,4
/mnt/data/INR/outputs/full_suite/all_policy_metrics/minari_halfcheetah__cvae__single_shift__s1,minari_halfcheetah_all_policies,cvae,single_shift,1,0.875,0.875,0.75,0.75,nan,,,,,,,,,60,8,8,4
/mnt/data/INR/outputs/full_suite/all_policy_metrics/minari_humanoid__inr_diffusion_history_conditioned__single_shift__s1,minari_humanoid_all_policies,inr_diffusion_history_conditioned,single_shift,1,1.0,1.0,1.0,1.0,nan,,,,,,,,,60,8,8,4
/mnt/data/INR/outputs/full_suite/all_policy_metrics/minari_hopper_10x__inr_transformer_fitted_latent__single_shift__s0,minari_hopper_10x_all_policies,inr_transformer_fitted_latent,single_shift,0,1.0,1.0,1.0,1.0,nan,,,,,,,,,60,8,8,4
/mnt/data/INR/outputs/full_suite/all_policy_metrics/minari_halfcheetah__inr_diffusion_history_conditioned__conflation__s0,minari_halfcheetah_all_policies,inr_diffusion_history_conditioned,conflation,0,1.0,1.0,1.0,1.0,nan,,,,,,,,,36,8,8,4
/mnt/data/INR/outputs/full_suite/all_policy_metrics/minari_humanoid__inr_transformer_fitted_latent__novel_generalization__s0,minari_humanoid_all_policies,inr_transformer_fitted_latent,novel_generalization,0,0.5,0.75,0.5833333333333334,0.6666666666666666,0.001036044443026185,,,,,,,,,16,12,12,0
/mnt/data/INR/outputs/full_suite/all_policy_metrics/minari_walker2d__inr_diffusion_history_conditioned__novel_generalization__s0,minari_walker2d_all_policies,inr_diffusion_history_conditioned,novel_generalization,0,0.6666666666666666,1.0,0.6666666666666666,0.6666666666666666,4.750162124633789,,,,,,,,,16,12,12,0
/mnt/data/INR/outputs/full_suite/all_policy_metrics/minari_humanoid__inr_transformer_fitted_latent__new_policy__s1,minari_humanoid_all_policies,inr_transformer_fitted_latent,new_policy,1,0.6666666666666666,1.0,0.6666666666666666,0.6666666666666666,0.0024369482416659594,,,,,,,,,40,12,12,0
/mnt/data/INR/outputs/full_suite/all_policy_metrics/minari_halfcheetah__inr_transformer_history_conditioned__specialization__s1,minari_halfcheetah_all_policies,inr_transformer_history_conditioned,specialization,1,0.8333333333333334,0.8333333333333334,0.6666666666666666,0.8333333333333334,nan,,,,,,,,,60,6,6,6
/mnt/data/INR/outputs/full_suite/all_policy_metrics/minari_hopper__inr_diffusion_history_conditioned__conflation__s1,minari_hopper_all_policies,inr_diffusion_history_conditioned,conflation,1,1.0,1.0,1.0,1.0,nan,,,,,,,,,36,8,8,4
/mnt/data/INR/outputs/full_suite/all_policy_metrics/minari_hopper_10x__cvae__conflation__s0,minari_hopper_10x_all_policies,cvae,conflation,0,1.0,1.0,1.0,1.0,nan,,,,,,,,,36,8,8,4
/mnt/data/INR/outputs/full_suite/all_policy_metrics/minari_hopper_10x__inr_transformer_history_conditioned__no_shift__s1,minari_hopper_10x_all_policies,inr_transformer_history_conditioned,no_shift,1,1.0,1.0,1.0,1.0,nan,,,,,,,,,60,12,12,0
/mnt/data/INR/outputs/full_suite/all_policy_metrics/minari_hopper__inr_transformer_history_conditioned__no_shift__s1,minari_hopper_all_policies,inr_transformer_history_conditioned,no_shift,1,1.0,1.0,1.0,1.0,nan,,,,,,,,,60,12,12,0
/mnt/data/INR/outputs/full_suite/all_policy_metrics/minari_hopper_10x__inr_transformer_history_conditioned__novel_generalization__s1,minari_hopper_10x_all_policies,inr_transformer_history_conditioned,novel_generalization,1,0.6666666666666666,1.0,0.6666666666666666,0.6666666666666666,4.47266149520874,,,,,,,,,16,12,12,0
/mnt/data/INR/outputs/full_suite/all_policy_metrics/minari_hopper__inr_diffusion_history_conditioned__specialization__s0,minari_hopper_all_policies,inr_diffusion_history_conditioned,specialization,0,1.0,1.0,1.0,1.0,nan,,,,,,,,,60,6,6,6
/mnt/data/INR/outputs/full_suite/all_policy_metrics/synthetic_grf__inr_diffusion_history_conditioned__novel_generalization__s1,synthetic_grf_all_policies,inr_diffusion_history_conditioned,novel_generalization,1,0.6666666666666666,1.0,0.6296296296296297,0.6666666666666666,7.253395080566406,,,,,,,,,34,27,27,0
/mnt/data/INR/outputs/full_suite/all_policy_metrics/minari_humanoid__inr_transformer_fitted_latent__generalization__s0,minari_humanoid_all_policies,inr_transformer_fitted_latent,generalization,0,1.0,1.0,1.0,1.0,nan,,,,,,,,,24,12,12,0
/mnt/data/INR/outputs/full_suite/all_policy_metrics/synthetic_grf__cvae__generalization__s1,synthetic_grf_all_policies,cvae,generalization,1,0.7407407407407407,0.7407407407407407,0.6296296296296297,0.8888888888888888,nan,,,,,,,,,51,27,27,0
/mnt/data/INR/outputs/full_suite/all_policy_metrics/minari_hopper__inr_transformer_fitted_latent__novel_generalization__s0,minari_hopper_all_policies,inr_transformer_fitted_latent,novel_generalization,0,0.5,0.75,0.5833333333333334,0.6666666666666666,0.0029833761509507895,,,,,,,,,16,12,12,0
/mnt/data/INR/outputs/full_suite/all_policy_metrics/minari_humanoid__cvae__generalization__s0,minari_humanoid_all_policies,cvae,generalization,0,1.0,1.0,1.0,1.0,nan,,,,,,,,,24,12,12,0
/mnt/data/INR/outputs/full_suite/all_policy_metrics/minari_halfcheetah__cvae__new_policy__s1,minari_halfcheetah_all_policies,cvae,new_policy,1,0.6666666666666666,1.0,0.6666666666666666,0.6666666666666666,0.5268352031707764,,,,,,,,,40,12,12,0
/mnt/data/INR/outputs/full_suite/all_policy_metrics/synthetic_grf__inr_transformer_fitted_latent__specialization__s0,synthetic_grf_all_policies,inr_transformer_fitted_latent,specialization,0,0.7777777777777778,0.7777777777777778,0.3333333333333333,0.8888888888888888,nan,,,,,,,,,117,9,9,9
/mnt/data/INR/outputs/full_suite/all_policy_metrics/minari_hopper_10x__inr_diffusion_history_conditioned__new_policy__s0,minari_hopper_10x_all_policies,inr_diffusion_history_conditioned,new_policy,0,0.6666666666666666,1.0,0.6666666666666666,0.6666666666666666,1.0878745317459106,,,,,,,,,40,12,12,0
/mnt/data/INR/outputs/full_suite/all_policy_metrics/synthetic_grf__inr_diffusion_history_conditioned__single_shift__s0,synthetic_grf_all_policies,inr_diffusion_history_conditioned,single_shift,0,0.8666666666666667,0.8666666666666667,0.8,1.0,nan,,,,,,,,,117,15,15,6
/mnt/data/INR/outputs/full_suite/all_policy_metrics/minari_humanoid__inr_transformer_history_conditioned__no_shift__s0,minari_humanoid_all_policies,inr_transformer_history_conditioned,no_shift,0,1.0,1.0,1.0,1.0,nan,,,,,,,,,60,12,12,0
/mnt/data/INR/outputs/full_suite/all_policy_metrics/minari_walker2d__inr_transformer_history_conditioned__single_shift__s0,minari_walker2d_all_policies,inr_transformer_history_conditioned,single_shift,0,1.0,1.0,1.0,1.0,nan,,,,,,,,,60,8,8,4
/mnt/data/INR/outputs/full_suite/all_policy_metrics/minari_humanoid__cvae__new_policy__s1,minari_humanoid_all_policies,cvae,new_policy,1,0.6666666666666666,1.0,0.6666666666666666,0.6666666666666666,2.5575358867645264,,,,,,,,,40,12,12,0
/mnt/data/INR/outputs/full_suite/all_policy_metrics/minari_humanoid__inr_diffusion_history_conditioned__generalization__s0,minari_humanoid_all_policies,inr_diffusion_history_conditioned,generalization,0,1.0,1.0,1.0,1.0,nan,,,,,,,,,24,12,12,0
/mnt/data/INR/outputs/full_suite/all_policy_metrics/minari_hopper__cvae__novel_generalization__s1,minari_hopper_all_policies,cvae,novel_generalization,1,0.5,0.75,0.5,0.5,0.9303917288780212,,,,,,,,,16,12,12,0
/mnt/data/INR/outputs/full_suite/all_policy_metrics/minari_ant__cvae__specialization__s0,minari_ant_all_policies,cvae,specialization,0,0.5,0.5,0.5,0.6666666666666666,nan,,,,,,,,,60,6,6,6
/mnt/data/INR/outputs/full_suite/all_policy_metrics/synthetic_grf__cvae__generalization__s0,synthetic_grf_all_policies,cvae,generalization,0,0.7037037037037037,0.7037037037037037,0.6296296296296297,0.8518518518518519,nan,,,,,,,,,51,27,27,0
/mnt/data/INR/outputs/full_suite/all_policy_metrics/minari_humanoid__inr_transformer_fitted_latent__no_shift__s0,minari_humanoid_all_policies,inr_transformer_fitted_latent,no_shift,0,1.0,1.0,1.0,1.0,nan,,,,,,,,,60,12,12,0
/mnt/data/INR/outputs/full_suite/all_policy_metrics/minari_humanoid__inr_transformer_history_conditioned__generalization__s0,minari_humanoid_all_policies,inr_transformer_history_conditioned,generalization,0,1.0,1.0,1.0,1.0,nan,,,,,,,,,24,12,12,0
/mnt/data/INR/outputs/full_suite/all_policy_metrics/minari_halfcheetah__cvae__new_policy__s0,minari_halfcheetah_all_policies,cvae,new_policy,0,0.6666666666666666,1.0,0.6666666666666666,0.6666666666666666,0.5149415731430054,,,,,,,,,40,12,12,0
/mnt/data/INR/outputs/full_suite/all_policy_metrics/minari_humanoid__cvae__new_policy__s0,minari_humanoid_all_policies,cvae,new_policy,0,0.6666666666666666,1.0,0.6666666666666666,0.6666666666666666,2.9222919940948486,,,,,,,,,40,12,12,0
/mnt/data/INR/outputs/full_suite/all_policy_metrics/minari_walker2d__inr_transformer_history_conditioned__new_policy__s0,minari_walker2d_all_policies,inr_transformer_history_conditioned,new_policy,0,0.6666666666666666,1.0,0.6666666666666666,0.6666666666666666,4.154437065124512,,,,,,,,,40,12,12,0
/mnt/data/INR/outputs/full_suite/all_policy_metrics/minari_humanoid__inr_transformer_fitted_latent__single_shift__s0,minari_humanoid_all_policies,inr_transformer_fitted_latent,single_shift,0,0.875,0.875,1.0,1.0,nan,,,,,,,,,60,8,8,4
/mnt/data/INR/outputs/full_suite/all_policy_metrics/minari_humanoid__inr_diffusion_history_conditioned__new_policy__s1,minari_humanoid_all_policies,inr_diffusion_history_conditioned,new_policy,1,0.6666666666666666,1.0,0.6666666666666666,0.6666666666666666,1.8140971660614014,,,,,,,,,40,12,12,0
/mnt/data/INR/outputs/full_suite/all_policy_metrics/minari_halfcheetah__inr_transformer_history_conditioned__new_policy__s0,minari_halfcheetah_all_policies,inr_transformer_history_conditioned,new_policy,0,0.6666666666666666,1.0,0.6666666666666666,0.6666666666666666,1.9045335054397583,,,,,,,,,40,12,12,0
/mnt/data/INR/outputs/full_suite/all_policy_metrics/minari_walker2d__inr_transformer_history_conditioned__specialization__s0,minari_walker2d_all_policies,inr_transformer_history_conditioned,specialization,0,1.0,1.0,1.0,1.0,nan,,,,,,,,,60,6,6,6
/mnt/data/INR/outputs/full_suite/all_policy_metrics/minari_walker2d__inr_diffusion_history_conditioned__generalization__s0,minari_walker2d_all_policies,inr_diffusion_history_conditioned,generalization,0,1.0,1.0,1.0,1.0,nan,,,,,,,,,24,12,12,0
/mnt/data/INR/outputs/full_suite/all_policy_metrics/minari_halfcheetah__inr_transformer_fitted_latent__generalization__s0,minari_halfcheetah_all_policies,inr_transformer_fitted_latent,generalization,0,0.8333333333333334,0.8333333333333334,0.9166666666666666,1.0,nan,,,,,,,,,24,12,12,0
/mnt/data/INR/outputs/full_suite/all_policy_metrics/synthetic_grf__inr_transformer_fitted_latent__single_shift__s0,synthetic_grf_all_policies,inr_transformer_fitted_latent,single_shift,0,0.7333333333333333,0.7333333333333333,0.6,1.0,nan,,,,,,,,,117,15,15,6
/mnt/data/INR/outputs/full_suite/all_policy_metrics/minari_humanoid__cvae__specialization__s0,minari_humanoid_all_policies,cvae,specialization,0,0.6666666666666666,0.6666666666666666,0.5,0.5,nan,,,,,,,,,60,6,6,6
/mnt/data/INR/outputs/full_suite/all_policy_metrics/minari_walker2d__inr_transformer_history_conditioned__conflation__s1,minari_walker2d_all_policies,inr_transformer_history_conditioned,conflation,1,1.0,1.0,1.0,1.0,nan,,,,,,,,,36,8,8,4
/mnt/data/INR/outputs/full_suite/all_policy_metrics/minari_hopper__inr_transformer_history_conditioned__conflation__s0,minari_hopper_all_policies,inr_transformer_history_conditioned,conflation,0,1.0,1.0,1.0,1.0,nan,,,,,,,,,36,8,8,4
/mnt/data/INR/outputs/full_suite/all_policy_metrics/minari_humanoid__inr_diffusion_history_conditioned__novel_generalization__s1,minari_humanoid_all_policies,inr_diffusion_history_conditioned,novel_generalization,1,0.6666666666666666,1.0,0.6666666666666666,0.6666666666666666,2.38643217086792,,,,,,,,,16,12,12,0
/mnt/data/INR/outputs/full_suite/all_policy_metrics/minari_ant__inr_transformer_history_conditioned__no_shift__s0,minari_ant_all_policies,inr_transformer_history_conditioned,no_shift,0,0.9166666666666666,0.9166666666666666,0.9166666666666666,0.9166666666666666,nan,,,,,,,,,60,12,12,0
/mnt/data/INR/outputs/full_suite/all_policy_metrics/minari_humanoid__cvae__novel_generalization__s1,minari_humanoid_all_policies,cvae,novel_generalization,1,0.6666666666666666,1.0,0.6666666666666666,0.6666666666666666,2.054734945297241,,,,,,,,,16,12,12,0
/mnt/data/INR/outputs/full_suite/all_policy_metrics/minari_ant__inr_transformer_history_conditioned__specialization__s1,minari_ant_all_policies,inr_transformer_history_conditioned,specialization,1,1.0,1.0,0.8333333333333334,1.0,nan,,,,,,,,,60,6,6,6
/mnt/data/INR/outputs/full_suite/all_policy_metrics/minari_ant__inr_transformer_history_conditioned__new_policy__s0,minari_ant_all_policies,inr_transformer_history_conditioned,new_policy,0,0.6666666666666666,1.0,0.6666666666666666,0.6666666666666666,2.442418336868286,,,,,,,,,40,12,12,0
/mnt/data/INR/outputs/full_suite/all_policy_metrics/minari_walker2d__cvae__generalization__s0,minari_walker2d_all_policies,cvae,generalization,0,1.0,1.0,1.0,1.0,nan,,,,,,,,,24,12,12,0
/mnt/data/INR/outputs/full_suite/all_policy_metrics/synthetic_grf__inr_diffusion_history_conditioned__generalization__s1,synthetic_grf_all_policies,inr_diffusion_history_conditioned,generalization,1,0.5925925925925926,0.5925925925925926,0.5555555555555556,0.8888888888888888,nan,,,,,,,,,51,27,27,0
/mnt/data/INR/outputs/full_suite/all_policy_metrics/minari_halfcheetah__inr_transformer_fitted_latent__specialization__s1,minari_halfcheetah_all_policies,inr_transformer_fitted_latent,specialization,1,1.0,1.0,1.0,1.0,nan,,,,,,,,,60,6,6,6
/mnt/data/INR/outputs/full_suite/all_policy_metrics/minari_hopper__cvae__generalization__s1,minari_hopper_all_policies,cvae,generalization,1,0.8333333333333334,0.8333333333333334,0.8333333333333334,0.8333333333333334,nan,,,,,,,,,24,12,12,0
/mnt/data/INR/outputs/full_suite/all_policy_metrics/minari_hopper__inr_diffusion_history_conditioned__new_policy__s1,minari_hopper_all_policies,inr_diffusion_history_conditioned,new_policy,1,0.6666666666666666,1.0,0.6666666666666666,0.6666666666666666,4.578734874725342,,,,,,,,,40,12,12,0
/mnt/data/INR/outputs/full_suite/all_policy_metrics/minari_halfcheetah__cvae__no_shift__s1,minari_halfcheetah_all_policies,cvae,no_shift,1,1.0,1.0,1.0,1.0,nan,,,,,,,,,60,12,12,0
/mnt/data/INR/outputs/full_suite/all_policy_metrics/minari_halfcheetah__inr_transformer_fitted_latent__new_policy__s0,minari_halfcheetah_all_policies,inr_transformer_fitted_latent,new_policy,0,0.6666666666666666,1.0,0.6666666666666666,0.6666666666666666,0.002489454112946987,,,,,,,,,40,12,12,0
/mnt/data/INR/outputs/full_suite/all_policy_metrics/minari_halfcheetah__inr_transformer_history_conditioned__generalization__s1,minari_halfcheetah_all_policies,inr_transformer_history_conditioned,generalization,1,0.75,0.75,0.5833333333333334,1.0,nan,,,,,,,,,24,12,12,0
/mnt/data/INR/outputs/full_suite/all_policy_metrics/minari_walker2d__inr_transformer_history_conditioned__specialization__s1,minari_walker2d_all_policies,inr_transformer_history_conditioned,specialization,1,1.0,1.0,1.0,1.0,nan,,,,,,,,,60,6,6,6
/mnt/data/INR/outputs/full_suite/all_policy_metrics/minari_hopper_10x__inr_diffusion_history_conditioned__no_shift__s0,minari_hopper_10x_all_policies,inr_diffusion_history_conditioned,no_shift,0,1.0,1.0,1.0,1.0,nan,,,,,,,,,60,12,12,0
/mnt/data/INR/outputs/full_suite/all_policy_metrics/synthetic_grf__inr_diffusion_history_conditioned__no_shift__s0,synthetic_grf_all_policies,inr_diffusion_history_conditioned,no_shift,0,0.6666666666666666,0.6666666666666666,0.5555555555555556,0.9259259259259259,nan,,,,,,,,,117,27,27,0
/mnt/data/INR/outputs/full_suite/all_policy_metrics/minari_ant__inr_transformer_fitted_latent__single_shift__s1,minari_ant_all_policies,inr_transformer_fitted_latent,single_shift,1,1.0,1.0,0.875,1.0,nan,,,,,,,,,60,8,8,4
/mnt/data/INR/outputs/full_suite/all_policy_metrics/minari_hopper__inr_transformer_fitted_latent__single_shift__s0,minari_hopper_all_policies,inr_transformer_fitted_latent,single_shift,0,1.0,1.0,1.0,1.0,nan,,,,,,,,,60,8,8,4
/mnt/data/INR/outputs/full_suite/all_policy_metrics/minari_ant__inr_diffusion_history_conditioned__generalization__s0,minari_ant_all_policies,inr_diffusion_history_conditioned,generalization,0,0.75,0.75,0.6666666666666666,0.9166666666666666,nan,,,,,,,,,24,12,12,0
/mnt/data/INR/outputs/full_suite/all_policy_metrics/synthetic_grf__cvae__conflation__s0,synthetic_grf_all_policies,cvae,conflation,0,0.8,0.8,0.6666666666666666,1.0,nan,,,,,,,,,73,15,15,6
/mnt/data/INR/outputs/full_suite/all_policy_metrics/minari_ant__inr_diffusion_history_conditioned__novel_generalization__s0,minari_ant_all_policies,inr_diffusion_history_conditioned,novel_generalization,0,0.5833333333333334,0.875,0.5833333333333334,0.6666666666666666,5.324336528778076,,,,,,,,,16,12,12,0
/mnt/data/INR/outputs/full_suite/all_policy_metrics/minari_halfcheetah__inr_transformer_fitted_latent__conflation__s0,minari_halfcheetah_all_policies,inr_transformer_fitted_latent,conflation,0,1.0,1.0,1.0,1.0,nan,,,,,,,,,36,8,8,4
/mnt/data/INR/outputs/full_suite/all_policy_metrics/minari_humanoid__cvae__no_shift__s1,minari_humanoid_all_policies,cvae,no_shift,1,1.0,1.0,1.0,1.0,nan,,,,,,,,,60,12,12,0
/mnt/data/INR/outputs/full_suite/all_policy_metrics/minari_ant__cvae__novel_generalization__s0,minari_ant_all_policies,cvae,novel_generalization,0,0.5833333333333334,0.875,0.5833333333333334,0.5833333333333334,5.392356872558594,,,,,,,,,16,12,12,0
/mnt/data/INR/outputs/full_suite/all_policy_metrics/synthetic_grf__cvae__novel_generalization__s0,synthetic_grf_all_policies,cvae,novel_generalization,0,0.5555555555555556,0.8333333333333334,0.5185185185185185,0.5925925925925926,6.453012466430664,,,,,,,,,34,27,27,0
/mnt/data/INR/outputs/full_suite/all_policy_metrics/minari_humanoid__cvae__no_shift__s0,minari_humanoid_all_policies,cvae,no_shift,0,1.0,1.0,1.0,1.0,nan,,,,,,,,,60,12,12,0
/mnt/data/INR/outputs/full_suite/all_policy_metrics/minari_humanoid__inr_transformer_fitted_latent__generalization__s1,minari_humanoid_all_policies,inr_transformer_fitted_latent,generalization,1,1.0,1.0,1.0,1.0,nan,,,,,,,,,24,12,12,0
/mnt/data/INR/outputs/full_suite/all_policy_metrics/minari_walker2d__inr_transformer_fitted_latent__no_shift__s0,minari_walker2d_all_policies,inr_transformer_fitted_latent,no_shift,0,1.0,1.0,1.0,1.0,nan,,,,,,,,,60,12,12,0
/mnt/data/INR/outputs/full_suite/all_policy_metrics/minari_hopper__inr_transformer_fitted_latent__conflation__s1,minari_hopper_all_policies,inr_transformer_fitted_latent,conflation,1,1.0,1.0,1.0,1.0,nan,,,,,,,,,36,8,8,4
/mnt/data/INR/outputs/full_suite/all_policy_metrics/synthetic_grf__inr_transformer_history_conditioned__single_shift__s1,synthetic_grf_all_policies,inr_transformer_history_conditioned,single_shift,1,0.7333333333333333,0.7333333333333333,0.8,1.0,nan,,,,,,,,,117,15,15,6
/mnt/data/INR/outputs/full_suite/all_policy_metrics/minari_hopper_10x__inr_transformer_history_conditioned__conflation__s0,minari_hopper_10x_all_policies,inr_transformer_history_conditioned,conflation,0,1.0,1.0,1.0,1.0,nan,,,,,,,,,36,8,8,4
/mnt/data/INR/outputs/full_suite/all_policy_metrics/minari_humanoid__inr_diffusion_history_conditioned__novel_generalization__s0,minari_humanoid_all_policies,inr_diffusion_history_conditioned,novel_generalization,0,0.6666666666666666,1.0,0.6666666666666666,0.6666666666666666,2.3516252040863037,,,,,,,,,16,12,12,0
/mnt/data/INR/outputs/full_suite/all_policy_metrics/minari_humanoid__inr_transformer_fitted_latent__conflation__s0,minari_humanoid_all_policies,inr_transformer_fitted_latent,conflation,0,0.875,0.875,1.0,1.0,nan,,,,,,,,,36,8,8,4
/mnt/data/INR/outputs/full_suite/all_policy_metrics/minari_humanoid__inr_diffusion_history_conditioned__generalization__s1,minari_humanoid_all_policies,inr_diffusion_history_conditioned,generalization,1,1.0,1.0,1.0,1.0,nan,,,,,,,,,24,12,12,0
/mnt/data/INR/outputs/full_suite/all_policy_metrics/minari_walker2d__inr_transformer_fitted_latent__novel_generalization__s0,minari_walker2d_all_policies,inr_transformer_fitted_latent,novel_generalization,0,0.5833333333333334,0.875,0.5833333333333334,0.6666666666666666,0.0014225287595763803,,,,,,,,,16,12,12,0
/mnt/data/INR/outputs/full_suite/all_policy_metrics/synthetic_grf__inr_diffusion_history_conditioned__no_shift__s1,synthetic_grf_all_policies,inr_diffusion_history_conditioned,no_shift,1,0.7037037037037037,0.7037037037037037,0.5555555555555556,0.8888888888888888,nan,,,,,,,,,117,27,27,0
/mnt/data/INR/outputs/full_suite/all_policy_metrics/minari_walker2d__cvae__novel_generalization__s1,minari_walker2d_all_policies,cvae,novel_generalization,1,0.6666666666666666,1.0,0.6666666666666666,0.6666666666666666,1.4321619272232056,,,,,,,,,16,12,12,0
/mnt/data/INR/outputs/full_suite/all_policy_metrics/minari_hopper__inr_transformer_history_conditioned__no_shift__s0,minari_hopper_all_policies,inr_transformer_history_conditioned,no_shift,0,1.0,1.0,1.0,1.0,nan,,,,,,,,,60,12,12,0
/mnt/data/INR/outputs/full_suite/all_policy_metrics/minari_humanoid__inr_transformer_fitted_latent__conflation__s1,minari_humanoid_all_policies,inr_transformer_fitted_latent,conflation,1,1.0,1.0,1.0,1.0,nan,,,,,,,,,36,8,8,4
/mnt/data/INR/outputs/full_suite/all_policy_metrics/synthetic_grf__inr_transformer_history_conditioned__generalization__s1,synthetic_grf_all_policies,inr_transformer_history_conditioned,generalization,1,0.6296296296296297,0.6296296296296297,0.5555555555555556,0.9259259259259259,nan,,,,,,,,,51,27,27,0
/mnt/data/INR/outputs/full_suite/all_policy_metrics/minari_walker2d__inr_transformer_history_conditioned__conflation__s0,minari_walker2d_all_policies,inr_transformer_history_conditioned,conflation,0,1.0,1.0,1.0,1.0,nan,,,,,,,,,36,8,8,4
/mnt/data/INR/outputs/full_suite/all_policy_metrics/minari_halfcheetah__inr_transformer_history_conditioned__conflation__s1,minari_halfcheetah_all_policies,inr_transformer_history_conditioned,conflation,1,0.875,0.875,0.875,1.0,nan,,,,,,,,,36,8,8,4
/mnt/data/INR/outputs/full_suite/all_policy_metrics/minari_walker2d__inr_diffusion_history_conditioned__novel_generalization__s1,minari_walker2d_all_policies,inr_diffusion_history_conditioned,novel_generalization,1,0.6666666666666666,1.0,0.6666666666666666,0.6666666666666666,6.079717636108398,,,,,,,,,16,12,12,0
/mnt/data/INR/outputs/full_suite/all_policy_metrics/minari_humanoid__inr_transformer_history_conditioned__new_policy__s1,minari_humanoid_all_policies,inr_transformer_history_conditioned,new_policy,1,0.6666666666666666,1.0,0.6666666666666666,0.6666666666666666,3.304340124130249,,,,,,,,,40,12,12,0
/mnt/data/INR/outputs/full_suite/all_policy_metrics/synthetic_grf__inr_diffusion_history_conditioned__new_policy__s1,synthetic_grf_all_policies,inr_diffusion_history_conditioned,new_policy,1,0.5555555555555556,0.8333333333333334,0.4444444444444444,0.6296296296296297,4.701333522796631,,,,,,,,,78,27,27,0
/mnt/data/INR/outputs/full_suite/all_policy_metrics/minari_walker2d__inr_transformer_fitted_latent__specialization__s0,minari_walker2d_all_policies,inr_transformer_fitted_latent,specialization,0,1.0,1.0,1.0,1.0,nan,,,,,,,,,60,6,6,6
/mnt/data/INR/outputs/full_suite/all_policy_metrics/minari_walker2d__inr_transformer_fitted_latent__single_shift__s1,minari_walker2d_all_policies,inr_transformer_fitted_latent,single_shift,1,1.0,1.0,1.0,1.0,nan,,,,,,,,,60,8,8,4
/mnt/data/INR/outputs/full_suite/all_policy_metrics/minari_hopper_10x__inr_diffusion_history_conditioned__novel_generalization__s0,minari_hopper_10x_all_policies,inr_diffusion_history_conditioned,novel_generalization,0,0.3333333333333333,0.5,0.3333333333333333,0.3333333333333333,2.0148816108703613,,,,,,,,,16,12,12,0
/mnt/data/INR/outputs/full_suite/all_policy_metrics/minari_hopper_10x__inr_transformer_history_conditioned__new_policy__s0,minari_hopper_10x_all_policies,inr_transformer_history_conditioned,new_policy,0,0.6666666666666666,1.0,0.6666666666666666,0.6666666666666666,3.404788017272949,,,,,,,,,40,12,12,0
/mnt/data/INR/outputs/full_suite/all_policy_metrics/minari_hopper_10x__cvae__generalization__s0,minari_hopper_10x_all_policies,cvae,generalization,0,0.5833333333333334,0.5833333333333334,0.5833333333333334,0.6666666666666666,nan,,,,,,,,,24,12,12,0
/mnt/data/INR/outputs/full_suite/all_policy_metrics/minari_walker2d__cvae__no_shift__s1,minari_walker2d_all_policies,cvae,no_shift,1,1.0,1.0,1.0,1.0,nan,,,,,,,,,60,12,12,0
/mnt/data/INR/outputs/full_suite/all_policy_metrics/synthetic_grf__inr_transformer_history_conditioned__new_policy__s0,synthetic_grf_all_policies,inr_transformer_history_conditioned,new_policy,0,0.5185185185185185,0.7777777777777778,0.48148148148148145,0.6666666666666666,5.357755184173584,,,,,,,,,78,27,27,0
/mnt/data/INR/outputs/full_suite/all_policy_metrics/minari_hopper_10x__cvae__new_policy__s0,minari_hopper_10x_all_policies,cvae,new_policy,0,0.6666666666666666,1.0,0.6666666666666666,0.6666666666666666,1.354042649269104,,,,,,,,,40,12,12,0
/mnt/data/INR/outputs/full_suite/all_policy_metrics/minari_hopper_10x__inr_transformer_fitted_latent__new_policy__s1,minari_hopper_10x_all_policies,inr_transformer_fitted_latent,new_policy,1,0.6666666666666666,1.0,0.6666666666666666,0.6666666666666666,0.0033560998272150755,,,,,,,,,40,12,12,0
/mnt/data/INR/outputs/full_suite/all_policy_metrics/synthetic_grf__inr_transformer_history_conditioned__conflation__s0,synthetic_grf_all_policies,inr_transformer_history_conditioned,conflation,0,0.8,0.8,0.8,0.9333333333333333,nan,,,,,,,,,73,15,15,6
/mnt/data/INR/outputs/full_suite/all_policy_metrics/minari_halfcheetah__cvae__generalization__s1,minari_halfcheetah_all_policies,cvae,generalization,1,0.75,0.75,0.8333333333333334,1.0,nan,,,,,,,,,24,12,12,0
/mnt/data/INR/outputs/full_suite/all_policy_metrics/minari_walker2d__cvae__new_policy__s0,minari_walker2d_all_policies,cvae,new_policy,0,0.6666666666666666,1.0,0.6666666666666666,0.6666666666666666,1.3370108604431152,,,,,,,,,40,12,12,0
/mnt/data/INR/outputs/full_suite/all_policy_metrics/minari_walker2d__inr_transformer_fitted_latent__generalization__s1,minari_walker2d_all_policies,inr_transformer_fitted_latent,generalization,1,1.0,1.0,1.0,1.0,nan,,,,,,,,,24,12,12,0
/mnt/data/INR/outputs/full_suite/all_policy_metrics/minari_humanoid__inr_diffusion_history_conditioned__specialization__s0,minari_humanoid_all_policies,inr_diffusion_history_conditioned,specialization,0,0.6666666666666666,0.6666666666666666,1.0,1.0,nan,,,,,,,,,60,6,6,6
/mnt/data/INR/outputs/full_suite/all_policy_metrics/synthetic_grf__inr_diffusion_history_conditioned__specialization__s0,synthetic_grf_all_policies,inr_diffusion_history_conditioned,specialization,0,0.7777777777777778,0.7777777777777778,0.7777777777777778,1.0,nan,,,,,,,,,117,9,9,9
/mnt/data/INR/outputs/full_suite/all_policy_metrics/minari_hopper__inr_diffusion_history_conditioned__specialization__s1,minari_hopper_all_policies,inr_diffusion_history_conditioned,specialization,1,1.0,1.0,1.0,1.0,nan,,,,,,,,,60,6,6,6
/mnt/data/INR/outputs/full_suite/all_policy_metrics/minari_hopper__inr_diffusion_history_conditioned__no_shift__s1,minari_hopper_all_policies,inr_diffusion_history_conditioned,no_shift,1,1.0,1.0,1.0,1.0,nan,,,,,,,,,60,12,12,0
/mnt/data/INR/outputs/full_suite/all_policy_metrics/minari_walker2d__inr_transformer_history_conditioned__new_policy__s1,minari_walker2d_all_policies,inr_transformer_history_conditioned,new_policy,1,0.6666666666666666,1.0,0.6666666666666666,0.6666666666666666,4.16486930847168,,,,,,,,,40,12,12,0
/mnt/data/INR/outputs/full_suite/all_policy_metrics/minari_hopper__inr_diffusion_history_conditioned__new_policy__s0,minari_hopper_all_policies,inr_diffusion_history_conditioned,new_policy,0,0.6666666666666666,1.0,0.6666666666666666,0.6666666666666666,5.136794567108154,,,,,,,,,40,12,12,0
/mnt/data/INR/outputs/full_suite/all_policy_metrics/minari_humanoid__inr_transformer_history_conditioned__conflation__s0,minari_humanoid_all_policies,inr_transformer_history_conditioned,conflation,0,1.0,1.0,1.0,1.0,nan,,,,,,,,,36,8,8,4
/mnt/data/INR/outputs/full_suite/all_policy_metrics/minari_hopper_10x__inr_transformer_fitted_latent__novel_generalization__s0,minari_hopper_10x_all_policies,inr_transformer_fitted_latent,novel_generalization,0,0.3333333333333333,0.5,0.3333333333333333,0.3333333333333333,0.0036025510635226965,,,,,,,,,16,12,12,0
/mnt/data/INR/outputs/full_suite/all_policy_metrics/minari_ant__inr_diffusion_history_conditioned__novel_generalization__s1,minari_ant_all_policies,inr_diffusion_history_conditioned,novel_generalization,1,0.6666666666666666,1.0,0.6666666666666666,0.6666666666666666,4.269211769104004,,,,,,,,,16,12,12,0
/mnt/data/INR/outputs/full_suite/all_policy_metrics/minari_walker2d__inr_diffusion_history_conditioned__specialization__s0,minari_walker2d_all_policies,inr_diffusion_history_conditioned,specialization,0,1.0,1.0,1.0,1.0,nan,,,,,,,,,60,6,6,6
/mnt/data/INR/outputs/full_suite/all_policy_metrics/minari_halfcheetah__inr_transformer_fitted_latent__new_policy__s1,minari_halfcheetah_all_policies,inr_transformer_fitted_latent,new_policy,1,0.6666666666666666,1.0,0.6666666666666666,0.6666666666666666,0.002146646613255143,,,,,,,,,40,12,12,0
/mnt/data/INR/outputs/full_suite/all_policy_metrics/minari_halfcheetah__inr_diffusion_history_conditioned__new_policy__s1,minari_halfcheetah_all_policies,inr_diffusion_history_conditioned,new_policy,1,0.6666666666666666,1.0,0.6666666666666666,0.6666666666666666,1.1600184440612793,,,,,,,,,40,12,12,0
/mnt/data/INR/outputs/full_suite/all_policy_metrics/synthetic_grf__inr_diffusion_history_conditioned__generalization__s0,synthetic_grf_all_policies,inr_diffusion_history_conditioned,generalization,0,0.7037037037037037,0.7037037037037037,0.5925925925925926,1.0,nan,,,,,,,,,51,27,27,0
/mnt/data/INR/outputs/full_suite/all_policy_metrics/minari_hopper__inr_transformer_fitted_latent__conflation__s0,minari_hopper_all_policies,inr_transformer_fitted_latent,conflation,0,0.875,0.875,1.0,1.0,nan,,,,,,,,,36,8,8,4
/mnt/data/INR/outputs/full_suite/all_policy_metrics/minari_ant__inr_diffusion_history_conditioned__no_shift__s1,minari_ant_all_policies,inr_diffusion_history_conditioned,no_shift,1,1.0,1.0,1.0,1.0,nan,,,,,,,,,60,12,12,0
/mnt/data/INR/outputs/full_suite/all_policy_metrics/minari_halfcheetah__cvae__single_shift__s0,minari_halfcheetah_all_policies,cvae,single_shift,0,0.875,0.875,0.875,0.875,nan,,,,,,,,,60,8,8,4
/mnt/data/INR/outputs/full_suite/all_policy_metrics/minari_walker2d__cvae__novel_generalization__s0,minari_walker2d_all_policies,cvae,novel_generalization,0,0.6666666666666666,1.0,0.6666666666666666,0.6666666666666666,1.560537338256836,,,,,,,,,16,12,12,0
/mnt/data/INR/outputs/full_suite/all_policy_metrics/minari_humanoid__inr_transformer_history_conditioned__single_shift__s0,minari_humanoid_all_policies,inr_transformer_history_conditioned,single_shift,0,1.0,1.0,1.0,1.0,nan,,,,,,,,,60,8,8,4
/mnt/data/INR/outputs/full_suite/all_policy_metrics/minari_hopper__inr_diffusion_history_conditioned__conflation__s0,minari_hopper_all_policies,inr_diffusion_history_conditioned,conflation,0,1.0,1.0,1.0,1.0,nan,,,,,,,,,36,8,8,4
/mnt/data/INR/outputs/full_suite/all_policy_metrics/minari_halfcheetah__inr_transformer_history_conditioned__no_shift__s1,minari_halfcheetah_all_policies,inr_transformer_history_conditioned,no_shift,1,1.0,1.0,1.0,1.0,nan,,,,,,,,,60,12,12,0
/mnt/data/INR/outputs/full_suite/all_policy_metrics/minari_ant__inr_transformer_history_conditioned__specialization__s0,minari_ant_all_policies,inr_transformer_history_conditioned,specialization,0,1.0,1.0,1.0,1.0,nan,,,,,,,,,60,6,6,6
/mnt/data/INR/outputs/full_suite/all_policy_metrics/minari_hopper__inr_diffusion_history_conditioned__single_shift__s0,minari_hopper_all_policies,inr_diffusion_history_conditioned,single_shift,0,1.0,1.0,1.0,1.0,nan,,,,,,,,,60,8,8,4
/mnt/data/INR/outputs/full_suite/all_policy_metrics/minari_ant__cvae__generalization__s0,minari_ant_all_policies,cvae,generalization,0,0.8333333333333334,0.8333333333333334,0.9166666666666666,0.9166666666666666,nan,,,,,,,,,24,12,12,0
/mnt/data/INR/outputs/full_suite/all_policy_metrics/minari_halfcheetah__cvae__generalization__s0,minari_halfcheetah_all_policies,cvae,generalization,0,0.9166666666666666,0.9166666666666666,1.0,1.0,nan,,,,,,,,,24,12,12,0
/mnt/data/INR/outputs/full_suite/all_policy_metrics/minari_humanoid__inr_transformer_fitted_latent__single_shift__s1,minari_humanoid_all_policies,inr_transformer_fitted_latent,single_shift,1,1.0,1.0,1.0,1.0,nan,,,,,,,,,60,8,8,4
/mnt/data/INR/outputs/full_suite/all_policy_metrics/minari_hopper_10x__inr_transformer_fitted_latent__specialization__s0,minari_hopper_10x_all_policies,inr_transformer_fitted_latent,specialization,0,1.0,1.0,1.0,1.0,nan,,,,,,,,,60,6,6,6
/mnt/data/INR/outputs/full_suite/all_policy_metrics/synthetic_grf__cvae__new_policy__s0,synthetic_grf_all_policies,cvae,new_policy,0,0.6666666666666666,1.0,0.5925925925925926,0.6666666666666666,5.187576770782471,,,,,,,,,78,27,27,0
/mnt/data/INR/outputs/full_suite/all_policy_metrics/minari_hopper_10x__inr_diffusion_history_conditioned__conflation__s0,minari_hopper_10x_all_policies,inr_diffusion_history_conditioned,conflation,0,1.0,1.0,1.0,1.0,nan,,,,,,,,,36,8,8,4
/mnt/data/INR/outputs/full_suite/all_policy_metrics/minari_hopper__inr_diffusion_history_conditioned__single_shift__s1,minari_hopper_all_policies,inr_diffusion_history_conditioned,single_shift,1,1.0,1.0,1.0,1.0,nan,,,,,,,,,60,8,8,4
/mnt/data/INR/outputs/full_suite/all_policy_metrics/synthetic_grf__inr_diffusion_history_conditioned__novel_generalization__s0,synthetic_grf_all_policies,inr_diffusion_history_conditioned,novel_generalization,0,0.5555555555555556,0.8333333333333334,0.5555555555555556,0.6666666666666666,7.377941608428955,,,,,,,,,34,27,27,0
/mnt/data/INR/outputs/full_suite/all_policy_metrics/minari_humanoid__inr_transformer_history_conditioned__specialization__s0,minari_humanoid_all_policies,inr_transformer_history_conditioned,specialization,0,1.0,1.0,1.0,1.0,nan,,,,,,,,,60,6,6,6
/mnt/data/INR/outputs/full_suite/all_policy_metrics/minari_halfcheetah__cvae__conflation__s1,minari_halfcheetah_all_policies,cvae,conflation,1,1.0,1.0,0.75,1.0,nan,,,,,,,,,36,8,8,4
/mnt/data/INR/outputs/full_suite/all_policy_metrics/minari_halfcheetah__inr_transformer_fitted_latent__generalization__s1,minari_halfcheetah_all_policies,inr_transformer_fitted_latent,generalization,1,0.5833333333333334,0.5833333333333334,0.9166666666666666,0.9166666666666666,nan,,,,,,,,,24,12,12,0
/mnt/data/INR/outputs/full_suite/all_policy_metrics/minari_hopper__inr_transformer_history_conditioned__specialization__s1,minari_hopper_all_policies,inr_transformer_history_conditioned,specialization,1,1.0,1.0,1.0,1.0,nan,,,,,,,,,60,6,6,6
/mnt/data/INR/outputs/full_suite/all_policy_metrics/minari_ant__inr_transformer_history_conditioned__no_shift__s1,minari_ant_all_policies,inr_transformer_history_conditioned,no_shift,1,1.0,1.0,1.0,1.0,nan,,,,,,,,,60,12,12,0
/mnt/data/INR/outputs/full_suite/all_policy_metrics/minari_hopper__inr_transformer_fitted_latent__no_shift__s1,minari_hopper_all_policies,inr_transformer_fitted_latent,no_shift,1,1.0,1.0,1.0,1.0,nan,,,,,,,,,60,12,12,0
/mnt/data/INR/outputs/full_suite/all_policy_metrics/minari_halfcheetah__inr_diffusion_history_conditioned__single_shift__s1,minari_halfcheetah_all_policies,inr_diffusion_history_conditioned,single_shift,1,1.0,1.0,0.75,0.875,nan,,,,,,,,,60,8,8,4
/mnt/data/INR/outputs/full_suite/all_policy_metrics/minari_halfcheetah__inr_transformer_fitted_latent__single_shift__s1,minari_halfcheetah_all_policies,inr_transformer_fitted_latent,single_shift,1,1.0,1.0,0.875,1.0,nan,,,,,,,,,60,8,8,4
/mnt/data/INR/outputs/full_suite/all_policy_metrics/minari_humanoid__inr_transformer_history_conditioned__conflation__s1,minari_humanoid_all_policies,inr_transformer_history_conditioned,conflation,1,1.0,1.0,1.0,1.0,nan,,,,,,,,,36,8,8,4
/mnt/data/INR/outputs/full_suite/all_policy_metrics/minari_halfcheetah__inr_diffusion_history_conditioned__conflation__s1,minari_halfcheetah_all_policies,inr_diffusion_history_conditioned,conflation,1,1.0,1.0,1.0,1.0,nan,,,,,,,,,36,8,8,4
/mnt/data/INR/outputs/full_suite/all_policy_metrics/synthetic_grf__cvae__conflation__s1,synthetic_grf_all_policies,cvae,conflation,1,0.8666666666666667,0.8666666666666667,0.8,1.0,nan,,,,,,,,,73,15,15,6
/mnt/data/INR/outputs/full_suite/all_policy_metrics/minari_hopper__inr_transformer_history_conditioned__specialization__s0,minari_hopper_all_policies,inr_transformer_history_conditioned,specialization,0,1.0,1.0,1.0,1.0,nan,,,,,,,,,60,6,6,6
/mnt/data/INR/outputs/full_suite/all_policy_metrics/minari_humanoid__inr_diffusion_history_conditioned__conflation__s1,minari_humanoid_all_policies,inr_diffusion_history_conditioned,conflation,1,1.0,1.0,1.0,1.0,nan,,,,,,,,,36,8,8,4
/mnt/data/INR/outputs/full_suite/all_policy_metrics/minari_ant__cvae__no_shift__s1,minari_ant_all_policies,cvae,no_shift,1,1.0,1.0,1.0,1.0,nan,,,,,,,,,60,12,12,0
/mnt/data/INR/outputs/full_suite/all_policy_metrics/minari_ant__inr_diffusion_history_conditioned__no_shift__s0,minari_ant_all_policies,inr_diffusion_history_conditioned,no_shift,0,0.9166666666666666,0.9166666666666666,0.9166666666666666,0.9166666666666666,nan,,,,,,,,,60,12,12,0
/mnt/data/INR/outputs/full_suite/all_policy_metrics/minari_humanoid__inr_diffusion_history_conditioned__new_policy__s0,minari_humanoid_all_policies,inr_diffusion_history_conditioned,new_policy,0,0.6666666666666666,1.0,0.6666666666666666,0.6666666666666666,1.746750831604004,,,,,,,,,40,12,12,0
/mnt/data/INR/outputs/full_suite/all_policy_metrics/synthetic_grf__inr_transformer_history_conditioned__single_shift__s0,synthetic_grf_all_policies,inr_transformer_history_conditioned,single_shift,0,0.7333333333333333,0.7333333333333333,0.8666666666666667,1.0,nan,,,,,,,,,117,15,15,6
/mnt/data/INR/outputs/full_suite/all_policy_metrics/minari_halfcheetah__cvae__novel_generalization__s1,minari_halfcheetah_all_policies,cvae,novel_generalization,1,0.6666666666666666,1.0,0.6666666666666666,0.6666666666666666,1.0992193222045898,,,,,,,,,16,12,12,0
/mnt/data/INR/outputs/full_suite/all_policy_metrics/minari_hopper_10x__cvae__novel_generalization__s1,minari_hopper_10x_all_policies,cvae,novel_generalization,1,0.5833333333333334,0.875,0.4166666666666667,0.4166666666666667,1.677366018295288,,,,,,,,,16,12,12,0
/mnt/data/INR/outputs/full_suite/all_policy_metrics/minari_ant__inr_diffusion_history_conditioned__new_policy__s0,minari_ant_all_policies,inr_diffusion_history_conditioned,new_policy,0,0.5833333333333334,0.875,0.5833333333333334,0.5833333333333334,2.043870449066162,,,,,,,,,40,12,12,0
/mnt/data/INR/outputs/full_suite/all_policy_metrics/minari_hopper__inr_transformer_fitted_latent__specialization__s1,minari_hopper_all_policies,inr_transformer_fitted_latent,specialization,1,1.0,1.0,0.8333333333333334,1.0,nan,,,,,,,,,60,6,6,6
/mnt/data/INR/outputs/full_suite/all_policy_metrics/minari_ant__inr_transformer_fitted_latent__generalization__s0,minari_ant_all_policies,inr_transformer_fitted_latent,generalization,0,0.9166666666666666,0.9166666666666666,0.9166666666666666,0.9166666666666666,nan,,,,,,,,,24,12,12,0
/mnt/data/INR/outputs/full_suite/all_policy_metrics/minari_halfcheetah__inr_diffusion_history_conditioned__specialization__s0,minari_halfcheetah_all_policies,inr_diffusion_history_conditioned,specialization,0,0.8333333333333334,0.8333333333333334,0.6666666666666666,0.8333333333333334,nan,,,,,,,,,60,6,6,6
/mnt/data/INR/outputs/full_suite/all_policy_metrics/minari_hopper_10x__inr_transformer_history_conditioned__no_shift__s0,minari_hopper_10x_all_policies,inr_transformer_history_conditioned,no_shift,0,0.9166666666666666,0.9166666666666666,0.9166666666666666,0.9166666666666666,nan,,,,,,,,,60,12,12,0
/mnt/data/INR/outputs/full_suite/all_policy_metrics/minari_walker2d__inr_transformer_fitted_latent__generalization__s0,minari_walker2d_all_policies,inr_transformer_fitted_latent,generalization,0,1.0,1.0,0.9166666666666666,1.0,nan,,,,,,,,,24,12,12,0
/mnt/data/INR/outputs/full_suite/all_policy_metrics/minari_halfcheetah__inr_diffusion_history_conditioned__single_shift__s0,minari_halfcheetah_all_policies,inr_diffusion_history_conditioned,single_shift,0,0.875,0.875,0.75,1.0,nan,,,,,,,,,60,8,8,4
/mnt/data/INR/outputs/full_suite/all_policy_metrics/minari_hopper_10x__cvae__novel_generalization__s0,minari_hopper_10x_all_policies,cvae,novel_generalization,0,0.4166666666666667,0.625,0.3333333333333333,0.3333333333333333,2.1664299964904785,,,,,,,,,16,12,12,0
/mnt/data/INR/outputs/full_suite/all_policy_metrics/minari_halfcheetah__inr_diffusion_history_conditioned__novel_generalization__s1,minari_halfcheetah_all_policies,inr_diffusion_history_conditioned,novel_generalization,1,0.6666666666666666,1.0,0.6666666666666666,0.6666666666666666,3.335883617401123,,,,,,,,,16,12,12,0
/mnt/data/INR/outputs/full_suite/all_policy_metrics/minari_ant__cvae__novel_generalization__s1,minari_ant_all_policies,cvae,novel_generalization,1,0.6666666666666666,1.0,0.6666666666666666,0.6666666666666666,4.603124618530273,,,,,,,,,16,12,12,0
/mnt/data/INR/outputs/full_suite/all_policy_metrics/minari_hopper__inr_diffusion_history_conditioned__generalization__s0,minari_hopper_all_policies,inr_diffusion_history_conditioned,generalization,0,1.0,1.0,1.0,1.0,nan,,,,,,,,,24,12,12,0
/mnt/data/INR/outputs/full_suite/all_policy_metrics/minari_halfcheetah__inr_transformer_fitted_latent__single_shift__s0,minari_halfcheetah_all_policies,inr_transformer_fitted_latent,single_shift,0,0.875,0.875,0.75,0.875,nan,,,,,,,,,60,8,8,4
/mnt/data/INR/outputs/full_suite/all_policy_metrics/minari_hopper__cvae__novel_generalization__s0,minari_hopper_all_policies,cvae,novel_generalization,0,0.5,0.75,0.5833333333333334,0.5833333333333334,0.8697595000267029,,,,,,,,,16,12,12,0
/mnt/data/INR/outputs/full_suite/all_policy_metrics/minari_hopper__inr_transformer_fitted_latent__new_policy__s1,minari_hopper_all_policies,inr_transformer_fitted_latent,new_policy,1,0.5833333333333334,0.875,0.5,0.5833333333333334,0.002761509967967868,,,,,,,,,40,12,12,0
/mnt/data/INR/outputs/full_suite/all_policy_metrics/minari_ant__inr_transformer_fitted_latent__specialization__s0,minari_ant_all_policies,inr_transformer_fitted_latent,specialization,0,1.0,1.0,0.6666666666666666,0.6666666666666666,nan,,,,,,,,,60,6,6,6
/mnt/data/INR/outputs/full_suite/all_policy_metrics/minari_walker2d__inr_diffusion_history_conditioned__generalization__s1,minari_walker2d_all_policies,inr_diffusion_history_conditioned,generalization,1,1.0,1.0,1.0,1.0,nan,,,,,,,,,24,12,12,0
/mnt/data/INR/outputs/full_suite/all_policy_metrics/minari_walker2d__cvae__specialization__s0,minari_walker2d_all_policies,cvae,specialization,0,1.0,1.0,1.0,1.0,nan,,,,,,,,,60,6,6,6
/mnt/data/INR/outputs/full_suite/all_policy_metrics/minari_halfcheetah__inr_transformer_history_conditioned__single_shift__s1,minari_halfcheetah_all_policies,inr_transformer_history_conditioned,single_shift,1,0.875,0.875,0.75,0.875,nan,,,,,,,,,60,8,8,4
/mnt/data/INR/outputs/full_suite/all_policy_metrics/minari_ant__inr_transformer_fitted_latent__specialization__s1,minari_ant_all_policies,inr_transformer_fitted_latent,specialization,1,1.0,1.0,0.8333333333333334,0.8333333333333334,nan,,,,,,,,,60,6,6,6
/mnt/data/INR/outputs/full_suite/all_policy_metrics/minari_ant__inr_transformer_fitted_latent__new_policy__s1,minari_ant_all_policies,inr_transformer_fitted_latent,new_policy,1,0.6666666666666666,1.0,0.6666666666666666,0.6666666666666666,0.006973199546337128,,,,,,,,,40,12,12,0
/mnt/data/INR/outputs/full_suite/all_policy_metrics/minari_humanoid__inr_transformer_fitted_latent__specialization__s0,minari_humanoid_all_policies,inr_transformer_fitted_latent,specialization,0,0.8333333333333334,0.8333333333333334,1.0,1.0,nan,,,,,,,,,60,6,6,6
/mnt/data/INR/outputs/full_suite/all_policy_metrics/minari_ant__inr_diffusion_history_conditioned__conflation__s0,minari_ant_all_policies,inr_diffusion_history_conditioned,conflation,0,1.0,1.0,0.875,1.0,nan,,,,,,,,,36,8,8,4
/mnt/data/INR/outputs/full_suite/all_policy_metrics/minari_walker2d__inr_transformer_history_conditioned__novel_generalization__s0,minari_walker2d_all_policies,inr_transformer_history_conditioned,novel_generalization,0,0.6666666666666666,1.0,0.6666666666666666,0.6666666666666666,4.415188789367676,,,,,,,,,16,12,12,0
/mnt/data/INR/outputs/full_suite/all_policy_metrics/synthetic_grf__inr_transformer_fitted_latent__new_policy__s0,synthetic_grf_all_policies,inr_transformer_fitted_latent,new_policy,0,0.5185185185185185,0.7777777777777778,0.48148148148148145,0.6296296296296297,0.0027564074844121933,,,,,,,,,78,27,27,0
/mnt/data/INR/outputs/full_suite/all_policy_metrics/minari_ant__cvae__conflation__s1,minari_ant_all_policies,cvae,conflation,1,1.0,1.0,1.0,1.0,nan,,,,,,,,,36,8,8,4
/mnt/data/INR/outputs/full_suite/all_policy_metrics/minari_hopper_10x__inr_diffusion_history_conditioned__specialization__s0,minari_hopper_10x_all_policies,inr_diffusion_history_conditioned,specialization,0,0.6666666666666666,0.6666666666666666,0.6666666666666666,0.8333333333333334,nan,,,,,,,,,60,6,6,6
/mnt/data/INR/outputs/full_suite/all_policy_metrics/minari_walker2d__inr_diffusion_history_conditioned__conflation__s1,minari_walker2d_all_policies,inr_diffusion_history_conditioned,conflation,1,1.0,1.0,1.0,1.0,nan,,,,,,,,,36,8,8,4
/mnt/data/INR/outputs/full_suite/all_policy_metrics/minari_ant__inr_transformer_fitted_latent__novel_generalization__s0,minari_ant_all_policies,inr_transformer_fitted_latent,novel_generalization,0,0.6666666666666666,1.0,0.5833333333333334,0.6666666666666666,0.001779499463737011,,,,,,,,,16,12,12,0
/mnt/data/INR/outputs/full_suite/all_policy_metrics/minari_hopper__inr_transformer_history_conditioned__conflation__s1,minari_hopper_all_policies,inr_transformer_history_conditioned,conflation,1,1.0,1.0,1.0,1.0,nan,,,,,,,,,36,8,8,4
/mnt/data/INR/outputs/full_suite/all_policy_metrics/minari_ant__inr_diffusion_history_conditioned__single_shift__s1,minari_ant_all_policies,inr_diffusion_history_conditioned,single_shift,1,1.0,1.0,0.75,1.0,nan,,,,,,,,,60,8,8,4
/mnt/data/INR/outputs/full_suite/all_policy_metrics/minari_walker2d__inr_transformer_fitted_latent__conflation__s0,minari_walker2d_all_policies,inr_transformer_fitted_latent,conflation,0,0.875,0.875,0.75,0.875,nan,,,,,,,,,36,8,8,4
/mnt/data/INR/outputs/full_suite/all_policy_metrics/minari_walker2d__inr_transformer_history_conditioned__generalization__s1,minari_walker2d_all_policies,inr_transformer_history_conditioned,generalization,1,1.0,1.0,1.0,1.0,nan,,,,,,,,,24,12,12,0
/mnt/data/INR/outputs/full_suite/all_policy_metrics/minari_halfcheetah__inr_diffusion_history_conditioned__no_shift__s1,minari_halfcheetah_all_policies,inr_diffusion_history_conditioned,no_shift,1,1.0,1.0,0.9166666666666666,1.0,nan,,,,,,,,,60,12,12,0
/mnt/data/INR/outputs/full_suite/all_policy_metrics/minari_hopper__inr_transformer_fitted_latent__no_shift__s0,minari_hopper_all_policies,inr_transformer_fitted_latent,no_shift,0,1.0,1.0,1.0,1.0,nan,,,,,,,,,60,12,12,0
/mnt/data/INR/outputs/full_suite/all_policy_metrics/minari_ant__cvae__new_policy__s0,minari_ant_all_policies,cvae,new_policy,0,0.6666666666666666,1.0,0.6666666666666666,0.6666666666666666,1.468047857284546,,,,,,,,,40,12,12,0
/mnt/data/INR/outputs/full_suite/all_policy_metrics/minari_ant__cvae__specialization__s1,minari_ant_all_policies,cvae,specialization,1,1.0,1.0,0.6666666666666666,0.6666666666666666,nan,,,,,,,,,60,6,6,6
/mnt/data/INR/outputs/full_suite/all_policy_metrics/minari_ant__inr_transformer_fitted_latent__conflation__s1,minari_ant_all_policies,inr_transformer_fitted_latent,conflation,1,1.0,1.0,0.75,0.875,nan,,,,,,,,,36,8,8,4
/mnt/data/INR/outputs/full_suite/all_policy_metrics/minari_humanoid__inr_transformer_history_conditioned__single_shift__s1,minari_humanoid_all_policies,inr_transformer_history_conditioned,single_shift,1,1.0,1.0,1.0,1.0,nan,,,,,,,,,60,8,8,4
/mnt/data/INR/outputs/full_suite/all_policy_metrics/synthetic_grf__inr_diffusion_history_conditioned__new_policy__s0,synthetic_grf_all_policies,inr_diffusion_history_conditioned,new_policy,0,0.5555555555555556,0.8333333333333334,0.48148148148148145,0.6666666666666666,3.290043354034424,,,,,,,,,78,27,27,0
/mnt/data/INR/outputs/full_suite/all_policy_metrics/synthetic_grf__inr_transformer_fitted_latent__generalization__s1,synthetic_grf_all_policies,inr_transformer_fitted_latent,generalization,1,0.5555555555555556,0.5555555555555556,0.7037037037037037,0.7777777777777778,nan,,,,,,,,,51,27,27,0
/mnt/data/INR/outputs/full_suite/all_policy_metrics/minari_hopper_10x__cvae__no_shift__s1,minari_hopper_10x_all_policies,cvae,no_shift,1,1.0,1.0,1.0,1.0,nan,,,,,,,,,60,12,12,0
/mnt/data/INR/outputs/full_suite/all_policy_metrics/minari_humanoid__inr_transformer_history_conditioned__new_policy__s0,minari_humanoid_all_policies,inr_transformer_history_conditioned,new_policy,0,0.6666666666666666,1.0,0.6666666666666666,0.6666666666666666,2.753787040710449,,,,,,,,,40,12,12,0
/mnt/data/INR/outputs/full_suite/all_policy_metrics/synthetic_grf__inr_transformer_fitted_latent__no_shift__s1,synthetic_grf_all_policies,inr_transformer_fitted_latent,no_shift,1,0.7037037037037037,0.7037037037037037,0.6666666666666666,0.8888888888888888,nan,,,,,,,,,117,27,27,0
/mnt/data/INR/outputs/full_suite/all_policy_metrics/minari_walker2d__inr_transformer_history_conditioned__single_shift__s1,minari_walker2d_all_policies,inr_transformer_history_conditioned,single_shift,1,1.0,1.0,1.0,1.0,nan,,,,,,,,,60,8,8,4
/mnt/data/INR/outputs/full_suite/all_policy_metrics/minari_ant__inr_transformer_fitted_latent__conflation__s0,minari_ant_all_policies,inr_transformer_fitted_latent,conflation,0,0.875,0.875,0.75,0.875,nan,,,,,,,,,36,8,8,4
/mnt/data/INR/outputs/full_suite/all_policy_metrics/minari_hopper_10x__inr_transformer_history_conditioned__conflation__s1,minari_hopper_10x_all_policies,inr_transformer_history_conditioned,conflation,1,1.0,1.0,1.0,1.0,nan,,,,,,,,,36,8,8,4
/mnt/data/INR/outputs/full_suite/all_policy_metrics/synthetic_grf__inr_transformer_history_conditioned__conflation__s1,synthetic_grf_all_policies,inr_transformer_history_conditioned,conflation,1,0.6666666666666666,0.6666666666666666,0.6666666666666666,1.0,nan,,,,,,,,,73,15,15,6
/mnt/data/INR/outputs/full_suite/all_policy_metrics/minari_ant__inr_transformer_fitted_latent__no_shift__s1,minari_ant_all_policies,inr_transformer_fitted_latent,no_shift,1,1.0,1.0,1.0,1.0,nan,,,,,,,,,60,12,12,0
/mnt/data/INR/outputs/full_suite/all_policy_metrics/minari_ant__inr_transformer_history_conditioned__generalization__s1,minari_ant_all_policies,inr_transformer_history_conditioned,generalization,1,0.6666666666666666,0.6666666666666666,0.6666666666666666,1.0,nan,,,,,,,,,24,12,12,0
/mnt/data/INR/outputs/full_suite/all_policy_metrics/minari_halfcheetah__inr_diffusion_history_conditioned__new_policy__s0,minari_halfcheetah_all_policies,inr_diffusion_history_conditioned,new_policy,0,0.6666666666666666,1.0,0.6666666666666666,0.6666666666666666,1.8365970849990845,,,,,,,,,40,12,12,0
/mnt/data/INR/outputs/full_suite/all_policy_metrics/synthetic_grf__inr_transformer_fitted_latent__conflation__s0,synthetic_grf_all_policies,inr_transformer_fitted_latent,conflation,0,0.6666666666666666,0.6666666666666666,0.6,0.8666666666666667,nan,,,,,,,,,73,15,15,6
/mnt/data/INR/outputs/full_suite/all_policy_metrics/minari_halfcheetah__inr_transformer_fitted_latent__no_shift__s0,minari_halfcheetah_all_policies,inr_transformer_fitted_latent,no_shift,0,1.0,1.0,1.0,1.0,nan,,,,,,,,,60,12,12,0
/mnt/data/INR/outputs/full_suite/all_policy_metrics/minari_ant__inr_transformer_history_conditioned__new_policy__s1,minari_ant_all_policies,inr_transformer_history_conditioned,new_policy,1,0.6666666666666666,1.0,0.6666666666666666,0.6666666666666666,2.203338146209717,,,,,,,,,40,12,12,0
/mnt/data/INR/outputs/full_suite/all_policy_metrics/minari_hopper__inr_transformer_history_conditioned__single_shift__s1,minari_hopper_all_policies,inr_transformer_history_conditioned,single_shift,1,1.0,1.0,1.0,1.0,nan,,,,,,,,,60,8,8,4
/mnt/data/INR/outputs/full_suite/all_policy_metrics/synthetic_grf__inr_transformer_history_conditioned__novel_generalization__s0,synthetic_grf_all_policies,inr_transformer_history_conditioned,novel_generalization,0,0.5555555555555556,0.8333333333333334,0.5185185185185185,0.6666666666666666,6.850818634033203,,,,,,,,,34,27,27,0
/mnt/data/INR/outputs/full_suite/all_policy_metrics/synthetic_grf__cvae__novel_generalization__s1,synthetic_grf_all_policies,cvae,novel_generalization,1,0.6666666666666666,1.0,0.5925925925925926,0.6666666666666666,6.291203022003174,,,,,,,,,34,27,27,0
/mnt/data/INR/outputs/full_suite/all_policy_metrics/minari_humanoid__cvae__conflation__s1,minari_humanoid_all_policies,cvae,conflation,1,1.0,1.0,1.0,1.0,nan,,,,,,,,,36,8,8,4
/mnt/data/INR/outputs/full_suite/all_policy_metrics/minari_halfcheetah__inr_transformer_fitted_latent__novel_generalization__s0,minari_halfcheetah_all_policies,inr_transformer_fitted_latent,novel_generalization,0,0.6666666666666666,1.0,0.5833333333333334,0.6666666666666666,0.0010653440840542316,,,,,,,,,16,12,12,0
/mnt/data/INR/outputs/full_suite/all_policy_metrics/synthetic_grf__inr_transformer_history_conditioned__specialization__s1,synthetic_grf_all_policies,inr_transformer_history_conditioned,specialization,1,0.8888888888888888,0.8888888888888888,0.7777777777777778,1.0,nan,,,,,,,,,117,9,9,9
/mnt/data/INR/outputs/full_suite/all_policy_metrics/minari_walker2d__cvae__no_shift__s0,minari_walker2d_all_policies,cvae,no_shift,0,1.0,1.0,1.0,1.0,nan,,,,,,,,,60,12,12,0
/mnt/data/INR/outputs/full_suite/all_policy_metrics/minari_humanoid__inr_diffusion_history_conditioned__single_shift__s0,minari_humanoid_all_policies,inr_diffusion_history_conditioned,single_shift,0,0.875,0.875,1.0,1.0,nan,,,,,,,,,60,8,8,4
/mnt/data/INR/outputs/full_suite/all_policy_metrics/synthetic_grf__cvae__new_policy__s1,synthetic_grf_all_policies,cvae,new_policy,1,0.5555555555555556,0.8333333333333334,0.5555555555555556,0.6666666666666666,6.179089069366455,,,,,,,,,78,27,27,0
/mnt/data/INR/outputs/full_suite/all_policy_metrics/minari_humanoid__inr_transformer_fitted_latent__specialization__s1,minari_humanoid_all_policies,inr_transformer_fitted_latent,specialization,1,1.0,1.0,1.0,1.0,nan,,,,,,,,,60,6,6,6
/mnt/data/INR/outputs/full_suite/all_policy_metrics/minari_walker2d__inr_transformer_history_conditioned__novel_generalization__s1,minari_walker2d_all_policies,inr_transformer_history_conditioned,novel_generalization,1,0.6666666666666666,1.0,0.6666666666666666,0.6666666666666666,5.139942646026611,,,,,,,,,16,12,12,0
/mnt/data/INR/outputs/full_suite/all_policy_metrics/minari_hopper_10x__inr_transformer_history_conditioned__generalization__s0,minari_hopper_10x_all_policies,inr_transformer_history_conditioned,generalization,0,0.6666666666666666,0.6666666666666666,0.5833333333333334,0.5833333333333334,nan,,,,,,,,,24,12,12,0
/mnt/data/INR/outputs/full_suite/all_policy_metrics/minari_hopper_10x__inr_transformer_history_conditioned__single_shift__s0,minari_hopper_10x_all_policies,inr_transformer_history_conditioned,single_shift,0,1.0,1.0,1.0,1.0,nan,,,,,,,,,60,8,8,4
/mnt/data/INR/outputs/full_suite/all_policy_metrics/synthetic_grf__inr_transformer_fitted_latent__conflation__s1,synthetic_grf_all_policies,inr_transformer_fitted_latent,conflation,1,0.9333333333333333,0.9333333333333333,0.7333333333333333,1.0,nan,,,,,,,,,73,15,15,6
/mnt/data/INR/outputs/full_suite/all_policy_metrics/minari_humanoid__inr_transformer_history_conditioned__novel_generalization__s0,minari_humanoid_all_policies,inr_transformer_history_conditioned,novel_generalization,0,0.6666666666666666,1.0,0.6666666666666666,0.6666666666666666,3.2627971172332764,,,,,,,,,16,12,12,0
/mnt/data/INR/outputs/full_suite/all_policy_metrics/synthetic_grf__inr_diffusion_history_conditioned__specialization__s1,synthetic_grf_all_policies,inr_diffusion_history_conditioned,specialization,1,1.0,1.0,0.8888888888888888,1.0,nan,,,,,,,,,117,9,9,9
/mnt/data/INR/outputs/full_suite/all_policy_metrics/minari_halfcheetah__inr_transformer_fitted_latent__conflation__s1,minari_halfcheetah_all_policies,inr_transformer_fitted_latent,conflation,1,0.875,0.875,0.875,1.0,nan,,,,,,,,,36,8,8,4
/mnt/data/INR/outputs/full_suite/all_policy_metrics/minari_hopper_10x__inr_diffusion_history_conditioned__generalization__s1,minari_hopper_10x_all_policies,inr_diffusion_history_conditioned,generalization,1,0.75,0.75,0.9166666666666666,0.9166666666666666,nan,,,,,,,,,24,12,12,0
/mnt/data/INR/outputs/full_suite/all_policy_metrics/minari_halfcheetah__inr_transformer_history_conditioned__no_shift__s0,minari_halfcheetah_all_policies,inr_transformer_history_conditioned,no_shift,0,1.0,1.0,1.0,1.0,nan,,,,,,,,,60,12,12,0
/mnt/data/INR/outputs/full_suite/all_policy_metrics/minari_humanoid__cvae__novel_generalization__s0,minari_humanoid_all_policies,cvae,novel_generalization,0,0.6666666666666666,1.0,0.6666666666666666,0.6666666666666666,2.5563015937805176,,,,,,,,,16,12,12,0
/mnt/data/INR/outputs/full_suite/all_policy_metrics/minari_walker2d__inr_transformer_fitted_latent__novel_generalization__s1,minari_walker2d_all_policies,inr_transformer_fitted_latent,novel_generalization,1,0.6666666666666666,1.0,0.6666666666666666,0.6666666666666666,0.001526309410110116,,,,,,,,,16,12,12,0
/mnt/data/INR/outputs/full_suite/all_policy_metrics/minari_hopper_10x__inr_transformer_fitted_latent__no_shift__s1,minari_hopper_10x_all_policies,inr_transformer_fitted_latent,no_shift,1,1.0,1.0,1.0,1.0,nan,,,,,,,,,60,12,12,0
/mnt/data/INR/outputs/full_suite/all_policy_metrics/synthetic_grf__inr_transformer_fitted_latent__novel_generalization__s1,synthetic_grf_all_policies,inr_transformer_fitted_latent,novel_generalization,1,0.6296296296296297,0.9444444444444444,0.6296296296296297,0.6666666666666666,0.0016280560521408916,,,,,,,,,34,27,27,0
/mnt/data/INR/outputs/full_suite/all_policy_metrics/minari_hopper_10x__cvae__single_shift__s1,minari_hopper_10x_all_policies,cvae,single_shift,1,1.0,1.0,1.0,1.0,nan,,,,,,,,,60,8,8,4
/mnt/data/INR/outputs/full_suite/all_policy_metrics/minari_halfcheetah__inr_diffusion_history_conditioned__generalization__s0,minari_halfcheetah_all_policies,inr_diffusion_history_conditioned,generalization,0,0.9166666666666666,0.9166666666666666,0.9166666666666666,1.0,nan,,,,,,,,,24,12,12,0
/mnt/data/INR/outputs/full_suite/all_policy_metrics/minari_hopper_10x__inr_diffusion_history_conditioned__generalization__s0,minari_hopper_10x_all_policies,inr_diffusion_history_conditioned,generalization,0,0.6666666666666666,0.6666666666666666,0.4166666666666667,0.5833333333333334,nan,,,,,,,,,24,12,12,0
/mnt/data/INR/outputs/full_suite/all_policy_metrics/synthetic_grf__inr_diffusion_history_conditioned__conflation__s0,synthetic_grf_all_policies,inr_diffusion_history_conditioned,conflation,0,0.7333333333333333,0.7333333333333333,0.7333333333333333,1.0,nan,,,,,,,,,73,15,15,6
/mnt/data/INR/outputs/full_suite/all_policy_metrics/minari_ant__inr_diffusion_history_conditioned__generalization__s1,minari_ant_all_policies,inr_diffusion_history_conditioned,generalization,1,0.9166666666666666,0.9166666666666666,1.0,1.0,nan,,,,,,,,,24,12,12,0
/mnt/data/INR/outputs/full_suite/all_policy_metrics/minari_halfcheetah__inr_transformer_fitted_latent__no_shift__s1,minari_halfcheetah_all_policies,inr_transformer_fitted_latent,no_shift,1,1.0,1.0,1.0,1.0,nan,,,,,,,,,60,12,12,0
/mnt/data/INR/outputs/full_suite/all_policy_metrics/minari_hopper_10x__inr_transformer_fitted_latent__single_shift__s1,minari_hopper_10x_all_policies,inr_transformer_fitted_latent,single_shift,1,1.0,1.0,1.0,1.0,nan,,,,,,,,,60,8,8,4
/mnt/data/INR/outputs/full_suite/all_policy_metrics/minari_hopper_10x__cvae__single_shift__s0,minari_hopper_10x_all_policies,cvae,single_shift,0,0.875,0.875,0.625,0.625,nan,,,,,,,,,60,8,8,4
/mnt/data/INR/outputs/full_suite/all_policy_metrics/synthetic_grf__inr_transformer_fitted_latent__generalization__s0,synthetic_grf_all_policies,inr_transformer_fitted_latent,generalization,0,0.6666666666666666,0.6666666666666666,0.6666666666666666,0.7407407407407407,nan,,,,,,,,,51,27,27,0
/mnt/data/INR/outputs/full_suite/all_policy_metrics/minari_halfcheetah__inr_diffusion_history_conditioned__novel_generalization__s0,minari_halfcheetah_all_policies,inr_diffusion_history_conditioned,novel_generalization,0,0.6666666666666666,1.0,0.6666666666666666,0.6666666666666666,1.9973310232162476,,,,,,,,,16,12,12,0
/mnt/data/INR/outputs/full_suite/all_policy_metrics/minari_hopper__cvae__generalization__s0,minari_hopper_all_policies,cvae,generalization,0,0.8333333333333334,0.8333333333333334,1.0,1.0,nan,,,,,,,,,24,12,12,0
/mnt/data/INR/outputs/full_suite/all_policy_metrics/synthetic_grf__inr_transformer_fitted_latent__specialization__s1,synthetic_grf_all_policies,inr_transformer_fitted_latent,specialization,1,0.7777777777777778,0.7777777777777778,0.5555555555555556,0.7777777777777778,nan,,,,,,,,,117,9,9,9
/mnt/data/INR/outputs/full_suite/all_policy_metrics/minari_hopper_10x__inr_transformer_history_conditioned__novel_generalization__s0,minari_hopper_10x_all_policies,inr_transformer_history_conditioned,novel_generalization,0,0.4166666666666667,0.625,0.3333333333333333,0.3333333333333333,2.011281728744507,,,,,,,,,16,12,12,0
/mnt/data/INR/outputs/full_suite/all_policy_metrics/minari_ant__inr_transformer_history_conditioned__conflation__s0,minari_ant_all_policies,inr_transformer_history_conditioned,conflation,0,1.0,1.0,0.875,1.0,nan,,,,,,,,,36,8,8,4
