run_dir,data,model,experiment,seed,probe_acc,probe_acc_seen,knn_acc1,knn_acc5,novel_mean_embed_dist,gen_mse,gen_nmse,gen_median_se,gen_rmse,gen_acc,gen_nll,finite_fraction,target_var,n_train_episodes,n_test_episodes,n_test_episodes_used,n_test_ood
/mnt/data/INR/outputs/mujoco/suites/state_resampled_v2/runs/custom_mujoco_state_resampled_v2/custom_mujoco_state_resampled_v2_halfcheetah__inr_diffusion_history_conditioned__conflation__s1,custom_mujoco_state_resampled_v2_halfcheetah,inr_diffusion_history_conditioned,conflation,1,1.0,1.0,1.0,1.0,nan,0.5533249378204346,0.5549832244325988,0.17693626880645752,0.7438581436137098,,,1.0,0.9970120058784485,269,58,58,19
/mnt/data/INR/outputs/mujoco/suites/state_resampled_v2/runs/custom_mujoco_state_resampled_v2/custom_mujoco_state_resampled_v2_ant__inr_diffusion_history_conditioned__no_shift__s0,custom_mujoco_state_resampled_v2_ant,inr_diffusion_history_conditioned,no_shift,0,1.0,1.0,1.0,1.0,nan,0.14837108552455902,0.14799212772673428,0.050731685012578964,0.385189674737731,,,1.0,1.0025606618652343,358,78,78,0
/mnt/data/INR/outputs/mujoco/suites/state_resampled_v2/runs/custom_mujoco_state_resampled_v2/custom_mujoco_state_resampled_v2_walker2d__cvae__new_policy__s0,custom_mujoco_state_resampled_v2_walker2d,cvae,new_policy,0,0.6666666666666666,1.0,1.0,1.0,0.5325708389282227,0.3795386254787445,0.3702780034005147,0.0064376103691756725,0.6160670624848763,,,1.0,1.0250099168548583,358,117,117,0
/mnt/data/INR/outputs/mujoco/suites/state_resampled_v2/runs/custom_mujoco_state_resampled_v2/custom_mujoco_state_resampled_v2_hopper__inr_transformer_fitted_latent__no_shift__s0,custom_mujoco_state_resampled_v2_hopper,inr_transformer_fitted_latent,no_shift,0,1.0,1.0,1.0,1.0,nan,0.3380146622657776,0.3368644992077294,0.23301656544208527,0.5813902839451117,,,1.0,1.0034143195877074,358,78,78,0
/mnt/data/INR/outputs/mujoco/suites/state_resampled_v2/runs/custom_mujoco_state_resampled_v2/custom_mujoco_state_resampled_v2_humanoid__inr_transformer_history_conditioned__no_shift__s0,custom_mujoco_state_resampled_v2_humanoid,inr_transformer_history_conditioned,no_shift,0,1.0,1.0,1.0,1.0,nan,0.00020444962137844414,0.0002041070250584771,5.6150605814764276e-05,0.014298588090383054,,,1.0,1.0016785131225585,358,78,78,0
/mnt/data/INR/outputs/mujoco/suites/state_resampled_v2/runs/custom_mujoco_state_resampled_v2/custom_mujoco_state_resampled_v2_humanoid__inr_transformer_history_conditioned__generalization__s1,custom_mujoco_state_resampled_v2_humanoid,inr_transformer_history_conditioned,generalization,1,1.0,1.0,1.0,1.0,nan,0.5793509483337402,0.608618006318321,0.4901655316352844,0.7611510680106415,,,1.0,0.9519122706184387,180,78,78,0
/mnt/data/INR/outputs/mujoco/suites/state_resampled_v2/runs/custom_mujoco_state_resampled_v2/custom_mujoco_state_resampled_v2_halfcheetah__inr_diffusion_history_conditioned__no_shift__s0,custom_mujoco_state_resampled_v2_halfcheetah,inr_diffusion_history_conditioned,no_shift,0,1.0,1.0,1.0,1.0,nan,0.5001674890518188,0.49955628629948373,0.13686394691467285,0.7072252039144383,,,1.0,1.0012234912643432,358,78,78,0
/mnt/data/INR/outputs/mujoco/suites/state_resampled_v2/runs/custom_mujoco_state_resampled_v2/custom_mujoco_state_resampled_v2_hopper__inr_transformer_history_conditioned__new_policy__s0,custom_mujoco_state_resampled_v2_hopper,inr_transformer_history_conditioned,new_policy,0,0.6666666666666666,1.0,1.0,1.0,5.833054065704346,0.8265356421470642,0.6377650007739865,0.0012296582572162151,0.9091400563978381,,,1.0,1.295987771583557,358,117,117,0
/mnt/data/INR/outputs/mujoco/suites/state_resampled_v2/runs/custom_mujoco_state_resampled_v2/custom_mujoco_state_resampled_v2_walker2d__inr_diffusion_history_conditioned__novel_generalization__s0,custom_mujoco_state_resampled_v2_walker2d,inr_diffusion_history_conditioned,novel_generalization,0,0.6666666666666666,1.0,0.9914529914529915,1.0,2.5942749977111816,1.0694477558135986,1.3122287972218616,0.9160127639770508,1.0341410715243828,,,1.0,0.8149857388267517,180,117,117,0
/mnt/data/INR/outputs/mujoco/suites/state_resampled_v2/runs/custom_mujoco_state_resampled_v2/custom_mujoco_state_resampled_v2_ant__inr_transformer_history_conditioned__generalization__s0,custom_mujoco_state_resampled_v2_ant,inr_transformer_history_conditioned,generalization,0,1.0,1.0,1.0,1.0,nan,0.5076333284378052,0.5679669537242905,0.39901262521743774,0.7124839145116226,,,1.0,0.8937726484069825,180,78,78,0
/mnt/data/INR/outputs/mujoco/suites/state_resampled_v2/runs/custom_mujoco_state_resampled_v2/custom_mujoco_state_resampled_v2_walker2d__inr_diffusion_history_conditioned__no_shift__s1,custom_mujoco_state_resampled_v2_walker2d,inr_diffusion_history_conditioned,no_shift,1,1.0,1.0,1.0,1.0,nan,0.12299961596727371,0.12370102591238345,0.04168393835425377,0.350713010832609,,,1.0,0.9943297968635559,358,78,78,0
/mnt/data/INR/outputs/mujoco/suites/state_resampled_v2/runs/custom_mujoco_state_resampled_v2/custom_mujoco_state_resampled_v2_ant__inr_diffusion_history_conditioned__conflation__s1,custom_mujoco_state_resampled_v2_ant,inr_diffusion_history_conditioned,conflation,1,1.0,1.0,1.0,1.0,nan,0.290078729391098,0.2924376570074897,0.12837053835391998,0.538589574157445,,,1.0,0.9919335709342957,269,58,58,19
/mnt/data/INR/outputs/mujoco/suites/state_resampled_v2/runs/custom_mujoco_state_resampled_v2/custom_mujoco_state_resampled_v2_hopper__cvae__generalization__s0,custom_mujoco_state_resampled_v2_hopper,cvae,generalization,0,0.9871794871794872,0.9871794871794872,1.0,1.0,nan,1.005758285522461,1.5044655948809176,0.7467113137245178,1.0028750099202097,,,1.0,0.6685153113136292,180,78,78,0
/mnt/data/INR/outputs/mujoco/suites/state_resampled_v2/runs/custom_mujoco_state_resampled_v2/custom_mujoco_state_resampled_v2_hopper__cvae__specialization__s1,custom_mujoco_state_resampled_v2_hopper,cvae,specialization,1,0.5,0.5,0.9736842105263158,1.0,nan,3.386720895767212,2.109183525573865,2.4661357402801514,1.8403045660344408,,,1.0,1.6057023273239135,358,38,38,38
/mnt/data/INR/outputs/mujoco/suites/state_resampled_v2/runs/custom_mujoco_state_resampled_v2/custom_mujoco_state_resampled_v2_hopper__inr_diffusion_history_conditioned__single_shift__s0,custom_mujoco_state_resampled_v2_hopper,inr_diffusion_history_conditioned,single_shift,0,1.0,1.0,1.0,1.0,nan,0.8428646326065063,0.5645438603719103,0.138988196849823,0.918076594084887,,,1.0,1.4930011497268676,358,58,58,19
/mnt/data/INR/outputs/mujoco/suites/state_resampled_v2/runs/custom_mujoco_state_resampled_v2/custom_mujoco_state_resampled_v2_halfcheetah__inr_diffusion_history_conditioned__specialization__s1,custom_mujoco_state_resampled_v2_halfcheetah,inr_diffusion_history_conditioned,specialization,1,1.0,1.0,1.0,1.0,nan,1.0384252071380615,0.8592153426549315,0.8507461547851562,1.0190315044875018,,,1.0,1.2085738645324706,358,38,38,38
/mnt/data/INR/outputs/mujoco/suites/state_resampled_v2/runs/custom_mujoco_state_resampled_v2/custom_mujoco_state_resampled_v2_ant__inr_transformer_fitted_latent__new_policy__s1,custom_mujoco_state_resampled_v2_ant,inr_transformer_fitted_latent,new_policy,1,0.6666666666666666,1.0,1.0,1.0,0.01555411983281374,0.9198161959648132,0.8815783129049709,0.3351603150367737,0.9590704853996984,,,1.0,1.0433743463287353,358,117,117,0
/mnt/data/INR/outputs/mujoco/suites/state_resampled_v2/runs/custom_mujoco_state_resampled_v2/custom_mujoco_state_resampled_v2_walker2d__inr_diffusion_history_conditioned__specialization__s0,custom_mujoco_state_resampled_v2_walker2d,inr_diffusion_history_conditioned,specialization,0,0.5,0.5,1.0,1.0,nan,1.5277109146118164,1.0858103257765774,1.3323801755905151,1.236006033404294,,,1.0,1.4069776998291015,358,38,38,38
/mnt/data/INR/outputs/mujoco/suites/state_resampled_v2/runs/custom_mujoco_state_resampled_v2/custom_mujoco_state_resampled_v2_walker2d__inr_transformer_history_conditioned__generalization__s1,custom_mujoco_state_resampled_v2_walker2d,inr_transformer_history_conditioned,generalization,1,1.0,1.0,1.0,1.0,nan,0.5885111689567566,0.7488859650664629,0.46287164092063904,0.7671448161571299,,,1.0,0.7858488426933289,180,78,78,0
/mnt/data/INR/outputs/mujoco/suites/state_resampled_v2/runs/custom_mujoco_state_resampled_v2/custom_mujoco_state_resampled_v2_walker2d__cvae__no_shift__s0,custom_mujoco_state_resampled_v2_walker2d,cvae,no_shift,0,1.0,1.0,1.0,1.0,nan,0.008317075669765472,0.008323205116599352,0.003359750146046281,0.09119800255359474,,,1.0,0.9992635713348389,358,78,78,0
/mnt/data/INR/outputs/mujoco/suites/state_resampled_v2/runs/custom_mujoco_state_resampled_v2/custom_mujoco_state_resampled_v2_walker2d__cvae__novel_generalization__s1,custom_mujoco_state_resampled_v2_walker2d,cvae,novel_generalization,1,0.6666666666666666,1.0,1.0,1.0,0.8473806381225586,0.7524892091751099,0.9299792082357465,0.6020615696907043,0.86746135889451,,,1.0,0.8091462717781067,180,117,117,0
/mnt/data/INR/outputs/mujoco/suites/state_resampled_v2/runs/custom_mujoco_state_resampled_v2/custom_mujoco_state_resampled_v2_walker2d__inr_transformer_fitted_latent__specialization__s0,custom_mujoco_state_resampled_v2_walker2d,inr_transformer_fitted_latent,specialization,0,1.0,1.0,1.0,1.0,nan,1.3522189855575562,0.9610806096797436,1.1652687788009644,1.1628495111395782,,,1.0,1.4069776998291015,358,38,38,38
/mnt/data/INR/outputs/mujoco/suites/state_resampled_v2/runs/custom_mujoco_state_resampled_v2/custom_mujoco_state_resampled_v2_hopper__cvae__single_shift__s1,custom_mujoco_state_resampled_v2_hopper,cvae,single_shift,1,1.0,1.0,1.0,1.0,nan,0.9940887689590454,0.6739427685975656,0.007564806845039129,0.9970400036904464,,,1.0,1.475034402442932,358,58,58,19
/mnt/data/INR/outputs/mujoco/suites/state_resampled_v2/runs/custom_mujoco_state_resampled_v2/custom_mujoco_state_resampled_v2_halfcheetah__inr_transformer_fitted_latent__novel_generalization__s0,custom_mujoco_state_resampled_v2_halfcheetah,inr_transformer_fitted_latent,novel_generalization,0,0.6666666666666666,1.0,1.0,1.0,0.00799019169062376,0.7288109064102173,0.793000290006753,0.6331498026847839,0.8537042265388038,,,1.0,0.9190550313720703,180,117,117,0
/mnt/data/INR/outputs/mujoco/suites/state_resampled_v2/runs/custom_mujoco_state_resampled_v2/custom_mujoco_state_resampled_v2_walker2d__inr_transformer_fitted_latent__conflation__s0,custom_mujoco_state_resampled_v2_walker2d,inr_transformer_fitted_latent,conflation,0,1.0,1.0,1.0,1.0,nan,0.0010608697775751352,0.001063501475479431,0.0007060736534185708,0.032570995956143795,,,1.0,0.9975254402885437,269,58,58,19
/mnt/data/INR/outputs/mujoco/suites/state_resampled_v2/runs/custom_mujoco_state_resampled_v2/custom_mujoco_state_resampled_v2_hopper__cvae__new_policy__s0,custom_mujoco_state_resampled_v2_hopper,cvae,new_policy,0,0.6666666666666666,1.0,1.0,1.0,1.8042441606521606,0.799284815788269,0.6167379301824966,0.007413583341985941,0.894027301478131,,,1.0,1.295987771583557,358,117,117,0
/mnt/data/INR/outputs/mujoco/suites/state_resampled_v2/runs/custom_mujoco_state_resampled_v2/custom_mujoco_state_resampled_v2_walker2d__inr_diffusion_history_conditioned__single_shift__s0,custom_mujoco_state_resampled_v2_walker2d,inr_diffusion_history_conditioned,single_shift,0,0.6724137931034483,0.6724137931034483,1.0,1.0,nan,0.6513257622718811,0.5858549715262349,0.16357415914535522,0.807047558866193,,,1.0,1.1117525563964843,358,58,58,19
/mnt/data/INR/outputs/mujoco/suites/state_resampled_v2/runs/custom_mujoco_state_resampled_v2/custom_mujoco_state_resampled_v2_halfcheetah__cvae__conflation__s1,custom_mujoco_state_resampled_v2_halfcheetah,cvae,conflation,1,1.0,1.0,1.0,1.0,nan,0.012099799700081348,0.012136062182541566,0.0052801258862018585,0.10999908954205644,,,1.0,0.9970120058784485,269,58,58,19
/mnt/data/INR/outputs/mujoco/suites/state_resampled_v2/runs/custom_mujoco_state_resampled_v2/custom_mujoco_state_resampled_v2_halfcheetah__inr_transformer_history_conditioned__no_shift__s0,custom_mujoco_state_resampled_v2_halfcheetah,inr_transformer_history_conditioned,no_shift,0,1.0,1.0,1.0,1.0,nan,0.0019387311767786741,0.0019363620547201185,0.00025671100593172014,0.044031025161568454,,,1.0,1.0012234912643432,358,78,78,0
/mnt/data/INR/outputs/mujoco/suites/state_resampled_v2/runs/custom_mujoco_state_resampled_v2/custom_mujoco_state_resampled_v2_humanoid__inr_transformer_history_conditioned__conflation__s1,custom_mujoco_state_resampled_v2_humanoid,inr_transformer_history_conditioned,conflation,1,1.0,1.0,1.0,1.0,nan,0.00143666029907763,0.0014352225476882234,0.00020185251196380705,0.03790330195481167,,,1.0,1.0010017619857787,269,58,58,19
/mnt/data/INR/outputs/mujoco/suites/state_resampled_v2/runs/custom_mujoco_state_resampled_v2/custom_mujoco_state_resampled_v2_ant__cvae__single_shift__s1,custom_mujoco_state_resampled_v2_ant,cvae,single_shift,1,0.7586206896551724,0.7586206896551724,1.0,1.0,nan,0.7723983526229858,0.7266433740848554,0.0068628499284386635,0.8788619644875899,,,1.0,1.0629675851593017,358,58,58,19
/mnt/data/INR/outputs/mujoco/suites/state_resampled_v2/runs/custom_mujoco_state_resampled_v2/custom_mujoco_state_resampled_v2_humanoid__cvae__no_shift__s1,custom_mujoco_state_resampled_v2_humanoid,cvae,no_shift,1,1.0,1.0,1.0,1.0,nan,0.004163806792348623,0.0041718919134500435,0.002824805211275816,0.06452756614307271,,,1.0,0.9980620013008118,358,78,78,0
/mnt/data/INR/outputs/mujoco/suites/state_resampled_v2/runs/custom_mujoco_state_resampled_v2/custom_mujoco_state_resampled_v2_halfcheetah__inr_transformer_history_conditioned__specialization__s0,custom_mujoco_state_resampled_v2_halfcheetah,inr_transformer_history_conditioned,specialization,0,1.0,1.0,1.0,1.0,nan,0.7257023453712463,0.6050481702173923,0.5225377678871155,0.8518816498617906,,,1.0,1.1994125114212035,358,38,38,38
/mnt/data/INR/outputs/mujoco/suites/state_resampled_v2/runs/custom_mujoco_state_resampled_v2/custom_mujoco_state_resampled_v2_humanoid__cvae__generalization__s1,custom_mujoco_state_resampled_v2_humanoid,cvae,generalization,1,1.0,1.0,1.0,1.0,nan,0.5602911710739136,0.5885953867470406,0.45925822854042053,0.7485259989298392,,,1.0,0.9519122706184387,180,78,78,0
/mnt/data/INR/outputs/mujoco/suites/state_resampled_v2/runs/custom_mujoco_state_resampled_v2/custom_mujoco_state_resampled_v2_humanoid__cvae__conflation__s1,custom_mujoco_state_resampled_v2_humanoid,cvae,conflation,1,1.0,1.0,1.0,1.0,nan,0.008557153865695,0.00854859021298763,0.005984527990221977,0.09250488563148976,,,1.0,1.0010017619857787,269,58,58,19
/mnt/data/INR/outputs/mujoco/suites/state_resampled_v2/runs/custom_mujoco_state_resampled_v2/custom_mujoco_state_resampled_v2_hopper__cvae__conflation__s0,custom_mujoco_state_resampled_v2_hopper,cvae,conflation,0,1.0,1.0,1.0,1.0,nan,0.010725599713623524,0.010683729624665537,0.005468897987157106,0.10356447129022348,,,1.0,1.0039190517196654,269,58,58,19
/mnt/data/INR/outputs/mujoco/suites/state_resampled_v2/runs/custom_mujoco_state_resampled_v2/custom_mujoco_state_resampled_v2_halfcheetah__inr_transformer_fitted_latent__specialization__s0,custom_mujoco_state_resampled_v2_halfcheetah,inr_transformer_fitted_latent,specialization,0,1.0,1.0,1.0,1.0,nan,0.829187273979187,0.6913278509965428,0.58295077085495,0.910597207320112,,,1.0,1.1994125114212035,358,38,38,38
/mnt/data/INR/outputs/mujoco/suites/state_resampled_v2/runs/custom_mujoco_state_resampled_v2/custom_mujoco_state_resampled_v2_humanoid__inr_transformer_fitted_latent__generalization__s1,custom_mujoco_state_resampled_v2_humanoid,inr_transformer_fitted_latent,generalization,1,1.0,1.0,1.0,1.0,nan,0.8378713130950928,0.8801980381561256,0.7555602788925171,0.9153531084205115,,,1.0,0.9519122706184387,180,78,78,0
/mnt/data/INR/outputs/mujoco/suites/state_resampled_v2/runs/custom_mujoco_state_resampled_v2/custom_mujoco_state_resampled_v2_hopper__cvae__single_shift__s0,custom_mujoco_state_resampled_v2_hopper,cvae,single_shift,0,1.0,1.0,1.0,1.0,nan,0.8678554892539978,0.5812825324433039,0.007747964467853308,0.9315876175937494,,,1.0,1.4930011497268676,358,58,58,19
/mnt/data/INR/outputs/mujoco/suites/state_resampled_v2/runs/custom_mujoco_state_resampled_v2/custom_mujoco_state_resampled_v2_hopper__inr_diffusion_history_conditioned__no_shift__s0,custom_mujoco_state_resampled_v2_hopper,inr_diffusion_history_conditioned,no_shift,0,1.0,1.0,1.0,1.0,nan,0.14960937201976776,0.14910029595874286,0.03589344024658203,0.38679370731666224,,,1.0,1.0034143195877074,358,78,78,0
/mnt/data/INR/outputs/mujoco/suites/state_resampled_v2/runs/custom_mujoco_state_resampled_v2/custom_mujoco_state_resampled_v2_hopper__cvae__novel_generalization__s0,custom_mujoco_state_resampled_v2_hopper,cvae,novel_generalization,0,0.6581196581196581,0.9871794871794872,1.0,1.0,1.164029836654663,1.5342882871627808,1.8587703514021168,1.2571016550064087,1.2386639121096492,,,1.0,0.8254318700561524,180,117,117,0
/mnt/data/INR/outputs/mujoco/suites/state_resampled_v2/runs/custom_mujoco_state_resampled_v2/custom_mujoco_state_resampled_v2_humanoid__inr_transformer_history_conditioned__new_policy__s0,custom_mujoco_state_resampled_v2_humanoid,inr_transformer_history_conditioned,new_policy,0,0.6666666666666666,1.0,1.0,1.0,0.16841864585876465,0.4744259715080261,0.4712260243448043,8.507001621183008e-05,0.6887858676744364,,,1.0,1.0067906842956542,358,117,117,0
/mnt/data/INR/outputs/mujoco/suites/state_resampled_v2/runs/custom_mujoco_state_resampled_v2/custom_mujoco_state_resampled_v2_ant__inr_transformer_history_conditioned__new_policy__s0,custom_mujoco_state_resampled_v2_ant,inr_transformer_history_conditioned,new_policy,0,0.6666666666666666,1.0,1.0,1.0,1.102465033531189,0.752119243144989,0.7220563665419436,0.0004524938703980297,0.867248086273466,,,1.0,1.0416350827941894,358,117,117,0
/mnt/data/INR/outputs/mujoco/suites/state_resampled_v2/runs/custom_mujoco_state_resampled_v2/custom_mujoco_state_resampled_v2_walker2d__inr_transformer_fitted_latent__novel_generalization__s1,custom_mujoco_state_resampled_v2_walker2d,inr_transformer_fitted_latent,novel_generalization,1,0.6666666666666666,1.0,0.9829059829059829,1.0,0.021066661924123764,1.0661780834197998,1.3176580311948582,0.9172679781913757,1.0325589975491956,,,1.0,0.8091462717781067,180,117,117,0
/mnt/data/INR/outputs/mujoco/suites/state_resampled_v2/runs/custom_mujoco_state_resampled_v2/custom_mujoco_state_resampled_v2_halfcheetah__inr_transformer_fitted_latent__single_shift__s0,custom_mujoco_state_resampled_v2_halfcheetah,inr_transformer_fitted_latent,single_shift,0,1.0,1.0,1.0,1.0,nan,0.4673044979572296,0.4372194157743197,0.3889078199863434,0.6835967363564791,,,1.0,1.0688100324401855,358,58,58,19
/mnt/data/INR/outputs/mujoco/suites/state_resampled_v2/runs/custom_mujoco_state_resampled_v2/custom_mujoco_state_resampled_v2_halfcheetah__inr_transformer_history_conditioned__novel_generalization__s1,custom_mujoco_state_resampled_v2_halfcheetah,inr_transformer_history_conditioned,novel_generalization,1,0.6666666666666666,1.0,1.0,1.0,0.6618819832801819,0.48534995317459106,0.5298242782253686,0.31197258830070496,0.6966706202895246,,,1.0,0.9160583482513428,180,117,117,0
/mnt/data/INR/outputs/mujoco/suites/state_resampled_v2/runs/custom_mujoco_state_resampled_v2/custom_mujoco_state_resampled_v2_halfcheetah__cvae__new_policy__s0,custom_mujoco_state_resampled_v2_halfcheetah,cvae,new_policy,0,0.6666666666666666,1.0,1.0,1.0,0.21140381693840027,0.2463735044002533,0.2293612772025656,0.006279463414102793,0.4963602566687358,,,1.0,1.0741721854934692,358,117,117,0
/mnt/data/INR/outputs/mujoco/suites/state_resampled_v2/runs/custom_mujoco_state_resampled_v2/custom_mujoco_state_resampled_v2_humanoid__inr_diffusion_history_conditioned__new_policy__s1,custom_mujoco_state_resampled_v2_humanoid,inr_diffusion_history_conditioned,new_policy,1,0.6666666666666666,1.0,1.0,1.0,0.10746059566736221,0.4767344892024994,0.47515085907394716,0.10525927692651749,0.6904596217031806,,,1.0,1.0033328996429443,358,117,117,0
/mnt/data/INR/outputs/mujoco/suites/state_resampled_v2/runs/custom_mujoco_state_resampled_v2/custom_mujoco_state_resampled_v2_halfcheetah__cvae__novel_generalization__s0,custom_mujoco_state_resampled_v2_halfcheetah,cvae,novel_generalization,0,0.6666666666666666,1.0,0.9914529914529915,1.0,1.1785669326782227,0.6243146657943726,0.6793006343290721,0.45178404450416565,0.7901358527458253,,,1.0,0.9190550313720703,180,117,117,0
/mnt/data/INR/outputs/mujoco/suites/state_resampled_v2/runs/custom_mujoco_state_resampled_v2/custom_mujoco_state_resampled_v2_ant__inr_diffusion_history_conditioned__conflation__s0,custom_mujoco_state_resampled_v2_ant,inr_diffusion_history_conditioned,conflation,0,1.0,1.0,1.0,1.0,nan,0.267855703830719,0.2668690981650637,0.11543083190917969,0.5175477792732948,,,1.0,1.0036969648132323,269,58,58,19
/mnt/data/INR/outputs/mujoco/suites/state_resampled_v2/runs/custom_mujoco_state_resampled_v2/custom_mujoco_state_resampled_v2_ant__inr_transformer_fitted_latent__generalization__s1,custom_mujoco_state_resampled_v2_ant,inr_transformer_fitted_latent,generalization,1,1.0,1.0,1.0,1.0,nan,0.5829799175262451,0.6557258229497278,0.48916012048721313,0.7635312158165147,,,1.0,0.8890604840049744,180,78,78,0
/mnt/data/INR/outputs/mujoco/suites/state_resampled_v2/runs/custom_mujoco_state_resampled_v2/custom_mujoco_state_resampled_v2_hopper__inr_diffusion_history_conditioned__no_shift__s1,custom_mujoco_state_resampled_v2_hopper,inr_diffusion_history_conditioned,no_shift,1,1.0,1.0,1.0,1.0,nan,0.14564992487430573,0.14583157722889611,0.043626364320516586,0.38164109432070564,,,1.0,0.9987543688545227,358,78,78,0
/mnt/data/INR/outputs/mujoco/suites/state_resampled_v2/runs/custom_mujoco_state_resampled_v2/custom_mujoco_state_resampled_v2_humanoid__inr_diffusion_history_conditioned__conflation__s1,custom_mujoco_state_resampled_v2_humanoid,inr_diffusion_history_conditioned,conflation,1,1.0,1.0,1.0,1.0,nan,0.1417033076286316,0.141561496702585,0.07261452078819275,0.37643499787962276,,,1.0,1.0010017619857787,269,58,58,19
/mnt/data/INR/outputs/mujoco/suites/state_resampled_v2/runs/custom_mujoco_state_resampled_v2/custom_mujoco_state_resampled_v2_humanoid__cvae__specialization__s1,custom_mujoco_state_resampled_v2_humanoid,cvae,specialization,1,1.0,1.0,1.0,1.0,nan,1.1197621822357178,0.9301833727928825,0.8452935814857483,1.0581881601283005,,,1.0,1.20380799634552,358,38,38,38
/mnt/data/INR/outputs/mujoco/suites/state_resampled_v2/runs/custom_mujoco_state_resampled_v2/custom_mujoco_state_resampled_v2_walker2d__inr_transformer_fitted_latent__novel_generalization__s0,custom_mujoco_state_resampled_v2_walker2d,inr_transformer_fitted_latent,novel_generalization,0,0.6666666666666666,1.0,0.9743589743589743,0.9914529914529915,0.023842720314860344,1.0956406593322754,1.344367891528449,0.9401707649230957,1.0467285509301232,,,1.0,0.8149857388267517,180,117,117,0
/mnt/data/INR/outputs/mujoco/suites/state_resampled_v2/runs/custom_mujoco_state_resampled_v2/custom_mujoco_state_resampled_v2_hopper__cvae__new_policy__s1,custom_mujoco_state_resampled_v2_hopper,cvae,new_policy,1,0.6666666666666666,1.0,1.0,1.0,1.3716809749603271,0.8513162732124329,0.6555024420868648,0.007430393248796463,0.9226680189604671,,,1.0,1.2987232671508788,358,117,117,0
/mnt/data/INR/outputs/mujoco/suites/state_resampled_v2/runs/custom_mujoco_state_resampled_v2/custom_mujoco_state_resampled_v2_ant__inr_transformer_fitted_latent__no_shift__s0,custom_mujoco_state_resampled_v2_ant,inr_transformer_fitted_latent,no_shift,0,1.0,1.0,1.0,1.0,nan,0.27034449577331543,0.2696540030508952,0.21302591264247894,0.5199466278122356,,,1.0,1.0025606618652343,358,78,78,0
/mnt/data/INR/outputs/mujoco/suites/state_resampled_v2/runs/custom_mujoco_state_resampled_v2/custom_mujoco_state_resampled_v2_humanoid__cvae__novel_generalization__s0,custom_mujoco_state_resampled_v2_humanoid,cvae,novel_generalization,0,0.6666666666666666,1.0,1.0,1.0,0.7701147794723511,0.8607078790664673,0.8819022893634475,0.6590629816055298,0.9277434338579106,,,1.0,0.9759673939476013,180,117,117,0
/mnt/data/INR/outputs/mujoco/suites/state_resampled_v2/runs/custom_mujoco_state_resampled_v2/custom_mujoco_state_resampled_v2_walker2d__inr_transformer_fitted_latent__no_shift__s1,custom_mujoco_state_resampled_v2_walker2d,inr_transformer_fitted_latent,no_shift,1,1.0,1.0,1.0,1.0,nan,0.3944765627384186,0.39672608020269307,0.34371304512023926,0.6280736921241158,,,1.0,0.9943297968635559,358,78,78,0
/mnt/data/INR/outputs/mujoco/suites/state_resampled_v2/runs/custom_mujoco_state_resampled_v2/custom_mujoco_state_resampled_v2_ant__inr_diffusion_history_conditioned__generalization__s1,custom_mujoco_state_resampled_v2_ant,inr_diffusion_history_conditioned,generalization,1,0.8333333333333334,0.8333333333333334,1.0,1.0,nan,0.8949581980705261,1.0066336477344986,0.684838056564331,0.9460223031570271,,,1.0,0.8890604840049744,180,78,78,0
/mnt/data/INR/outputs/mujoco/suites/state_resampled_v2/runs/custom_mujoco_state_resampled_v2/custom_mujoco_state_resampled_v2_ant__inr_transformer_fitted_latent__specialization__s1,custom_mujoco_state_resampled_v2_ant,inr_transformer_fitted_latent,specialization,1,1.0,1.0,1.0,1.0,nan,1.2363851070404053,1.0459924449197795,0.9844938516616821,1.111928553028658,,,1.0,1.18202106816864,358,38,38,38
/mnt/data/INR/outputs/mujoco/suites/state_resampled_v2/runs/custom_mujoco_state_resampled_v2/custom_mujoco_state_resampled_v2_ant__inr_transformer_fitted_latent__novel_generalization__s1,custom_mujoco_state_resampled_v2_ant,inr_transformer_fitted_latent,novel_generalization,1,0.6666666666666666,1.0,1.0,1.0,0.013200332410633564,0.9400792121887207,1.0263540734747403,0.6989057660102844,0.9695768211899048,,,1.0,0.9159404502639771,180,117,117,0
/mnt/data/INR/outputs/mujoco/suites/state_resampled_v2/runs/custom_mujoco_state_resampled_v2/custom_mujoco_state_resampled_v2_ant__inr_transformer_fitted_latent__conflation__s0,custom_mujoco_state_resampled_v2_ant,inr_transformer_fitted_latent,conflation,0,1.0,1.0,1.0,1.0,nan,0.000170117273228243,0.0001694906721770334,0.0001137101135100238,0.013042901258088362,,,1.0,1.0036969648132323,269,58,58,19
/mnt/data/INR/outputs/mujoco/suites/state_resampled_v2/runs/custom_mujoco_state_resampled_v2/custom_mujoco_state_resampled_v2_walker2d__cvae__generalization__s1,custom_mujoco_state_resampled_v2_walker2d,cvae,generalization,1,1.0,1.0,1.0,1.0,nan,0.5945037603378296,0.7565115936295014,0.45247018337249756,0.7710406995339673,,,1.0,0.7858488426933289,180,78,78,0
/mnt/data/INR/outputs/mujoco/suites/state_resampled_v2/runs/custom_mujoco_state_resampled_v2/custom_mujoco_state_resampled_v2_humanoid__cvae__conflation__s0,custom_mujoco_state_resampled_v2_humanoid,cvae,conflation,0,1.0,1.0,1.0,1.0,nan,0.01017280388623476,0.010194083296490014,0.00545755960047245,0.10086031868993256,,,1.0,0.9979125724563599,269,58,58,19
/mnt/data/INR/outputs/mujoco/suites/state_resampled_v2/runs/custom_mujoco_state_resampled_v2/custom_mujoco_state_resampled_v2_halfcheetah__inr_diffusion_history_conditioned__novel_generalization__s0,custom_mujoco_state_resampled_v2_halfcheetah,inr_diffusion_history_conditioned,novel_generalization,0,0.6666666666666666,1.0,1.0,1.0,0.4847131371498108,1.008383870124817,1.0971963981519,0.8255815505981445,1.00418318554177,,,1.0,0.9190550313720703,180,117,117,0
/mnt/data/INR/outputs/mujoco/suites/state_resampled_v2/runs/custom_mujoco_state_resampled_v2/custom_mujoco_state_resampled_v2_ant__inr_transformer_fitted_latent__no_shift__s1,custom_mujoco_state_resampled_v2_ant,inr_transformer_fitted_latent,no_shift,1,1.0,1.0,1.0,1.0,nan,0.26824095845222473,0.2690760219801828,0.19533613324165344,0.517919837863182,,,1.0,0.9968965516815186,358,78,78,0
/mnt/data/INR/outputs/mujoco/suites/state_resampled_v2/runs/custom_mujoco_state_resampled_v2/custom_mujoco_state_resampled_v2_hopper__cvae__conflation__s1,custom_mujoco_state_resampled_v2_hopper,cvae,conflation,1,1.0,1.0,1.0,1.0,nan,0.012087449431419373,0.012244874156370534,0.004783131647855043,0.10994293716023495,,,1.0,0.9871436224708557,269,58,58,19
/mnt/data/INR/outputs/mujoco/suites/state_resampled_v2/runs/custom_mujoco_state_resampled_v2/custom_mujoco_state_resampled_v2_halfcheetah__cvae__specialization__s0,custom_mujoco_state_resampled_v2_halfcheetah,cvae,specialization,0,0.9736842105263158,0.9736842105263158,1.0,1.0,nan,0.8384804129600525,0.699075926735601,0.48424872756004333,0.9156857610338016,,,1.0,1.1994125114212035,358,38,38,38
/mnt/data/INR/outputs/mujoco/suites/state_resampled_v2/runs/custom_mujoco_state_resampled_v2/custom_mujoco_state_resampled_v2_halfcheetah__inr_transformer_history_conditioned__conflation__s0,custom_mujoco_state_resampled_v2_halfcheetah,inr_transformer_history_conditioned,conflation,0,1.0,1.0,1.0,1.0,nan,0.0006118780001997948,0.0006178687947688298,0.0002193909604102373,0.024736167855991656,,,1.0,0.990304099155426,269,58,58,19
/mnt/data/INR/outputs/mujoco/suites/state_resampled_v2/runs/custom_mujoco_state_resampled_v2/custom_mujoco_state_resampled_v2_halfcheetah__cvae__new_policy__s1,custom_mujoco_state_resampled_v2_halfcheetah,cvae,new_policy,1,0.6666666666666666,1.0,1.0,1.0,0.2400994449853897,0.2485061138868332,0.23242290038776559,0.0069502671249210835,0.49850387549830866,,,1.0,1.0691980586776733,358,117,117,0
/mnt/data/INR/outputs/mujoco/suites/state_resampled_v2/runs/custom_mujoco_state_resampled_v2/custom_mujoco_state_resampled_v2_ant__cvae__new_policy__s0,custom_mujoco_state_resampled_v2_ant,cvae,new_policy,0,0.6666666666666666,1.0,1.0,1.0,0.43197694420814514,0.7545737624168396,0.7244127764904895,0.006665726192295551,0.8686620530544888,,,1.0,1.0416350827941894,358,117,117,0
/mnt/data/INR/outputs/mujoco/suites/state_resampled_v2/runs/custom_mujoco_state_resampled_v2/custom_mujoco_state_resampled_v2_walker2d__inr_transformer_history_conditioned__no_shift__s0,custom_mujoco_state_resampled_v2_walker2d,inr_transformer_history_conditioned,no_shift,0,1.0,1.0,1.0,1.0,nan,0.0033039411064237356,0.0033063760165000875,0.00039747636765241623,0.05747991915811761,,,1.0,0.9992635713348389,358,78,78,0
/mnt/data/INR/outputs/mujoco/suites/state_resampled_v2/runs/custom_mujoco_state_resampled_v2/custom_mujoco_state_resampled_v2_humanoid__inr_transformer_fitted_latent__new_policy__s0,custom_mujoco_state_resampled_v2_humanoid,inr_transformer_fitted_latent,new_policy,0,0.6666666666666666,1.0,1.0,1.0,0.016363242641091347,0.8247794508934021,0.8192164108773153,0.5986936092376709,0.9081736898266775,,,1.0,1.0067906842956542,358,117,117,0
/mnt/data/INR/outputs/mujoco/suites/state_resampled_v2/runs/custom_mujoco_state_resampled_v2/custom_mujoco_state_resampled_v2_halfcheetah__cvae__conflation__s0,custom_mujoco_state_resampled_v2_halfcheetah,cvae,conflation,0,1.0,1.0,1.0,1.0,nan,0.012609872035682201,0.012733333171534323,0.004471698310226202,0.11229368653527322,,,1.0,0.990304099155426,269,58,58,19
/mnt/data/INR/outputs/mujoco/suites/state_resampled_v2/runs/custom_mujoco_state_resampled_v2/custom_mujoco_state_resampled_v2_hopper__inr_transformer_fitted_latent__novel_generalization__s0,custom_mujoco_state_resampled_v2_hopper,inr_transformer_fitted_latent,novel_generalization,0,0.6666666666666666,1.0,1.0,1.0,0.017977410927414894,1.2812106609344482,1.5521700910909706,0.999230682849884,1.1319057650416169,,,1.0,0.8254318700561524,180,117,117,0
/mnt/data/INR/outputs/mujoco/suites/state_resampled_v2/runs/custom_mujoco_state_resampled_v2/custom_mujoco_state_resampled_v2_hopper__inr_transformer_fitted_latent__new_policy__s0,custom_mujoco_state_resampled_v2_hopper,inr_transformer_fitted_latent,new_policy,0,0.6666666666666666,1.0,1.0,1.0,0.024753354489803314,0.9990267753601074,0.770861266799921,0.43762364983558655,0.9995132692266309,,,1.0,1.295987771583557,358,117,117,0
/mnt/data/INR/outputs/mujoco/suites/state_resampled_v2/runs/custom_mujoco_state_resampled_v2/custom_mujoco_state_resampled_v2_humanoid__inr_transformer_history_conditioned__generalization__s0,custom_mujoco_state_resampled_v2_humanoid,inr_transformer_history_conditioned,generalization,0,1.0,1.0,1.0,1.0,nan,0.5877485871315002,0.6151188502159911,0.4915671646595001,0.7666476290522917,,,1.0,0.9555041061172486,180,78,78,0
/mnt/data/INR/outputs/mujoco/suites/state_resampled_v2/runs/custom_mujoco_state_resampled_v2/custom_mujoco_state_resampled_v2_hopper__inr_transformer_fitted_latent__generalization__s1,custom_mujoco_state_resampled_v2_hopper,inr_transformer_fitted_latent,generalization,1,1.0,1.0,1.0,1.0,nan,0.8885358572006226,1.33909144309516,0.721146285533905,0.9426217996633764,,,1.0,0.6635363565216065,180,78,78,0
/mnt/data/INR/outputs/mujoco/suites/state_resampled_v2/runs/custom_mujoco_state_resampled_v2/custom_mujoco_state_resampled_v2_hopper__inr_diffusion_history_conditioned__generalization__s1,custom_mujoco_state_resampled_v2_hopper,inr_diffusion_history_conditioned,generalization,1,0.8205128205128205,0.8205128205128205,0.9871794871794872,0.9871794871794872,nan,1.1518349647521973,1.735903320792175,0.9869704842567444,1.073235745189377,,,1.0,0.6635363565216065,180,78,78,0
/mnt/data/INR/outputs/mujoco/suites/state_resampled_v2/runs/custom_mujoco_state_resampled_v2/custom_mujoco_state_resampled_v2_walker2d__inr_transformer_history_conditioned__generalization__s0,custom_mujoco_state_resampled_v2_walker2d,inr_transformer_history_conditioned,generalization,0,1.0,1.0,1.0,1.0,nan,0.6078419089317322,0.7683243373997408,0.4959303140640259,0.7796421672355416,,,1.0,0.7911267147789002,180,78,78,0
/mnt/data/INR/outputs/mujoco/suites/state_resampled_v2/runs/custom_mujoco_state_resampled_v2/custom_mujoco_state_resampled_v2_humanoid__cvae__novel_generalization__s1,custom_mujoco_state_resampled_v2_humanoid,cvae,novel_generalization,1,0.6666666666666666,1.0,1.0,1.0,0.5031347274780273,0.9230320453643799,0.9490486207018752,0.6980232000350952,0.9607455674445654,,,1.0,0.972586678100586,180,117,117,0
/mnt/data/INR/outputs/mujoco/suites/state_resampled_v2/runs/custom_mujoco_state_resampled_v2/custom_mujoco_state_resampled_v2_ant__inr_transformer_history_conditioned__new_policy__s1,custom_mujoco_state_resampled_v2_ant,inr_transformer_history_conditioned,new_policy,1,0.6666666666666666,1.0,1.0,1.0,0.3790164589881897,0.7603523135185242,0.7287435388783849,0.0004562929389066994,0.8719818309566572,,,1.0,1.0433743463287353,358,117,117,0
/mnt/data/INR/outputs/mujoco/suites/state_resampled_v2/runs/custom_mujoco_state_resampled_v2/custom_mujoco_state_resampled_v2_humanoid__inr_transformer_fitted_latent__novel_generalization__s1,custom_mujoco_state_resampled_v2_humanoid,inr_transformer_fitted_latent,novel_generalization,1,0.6666666666666666,1.0,1.0,1.0,0.021173669025301933,1.0983636379241943,1.1293221084101672,0.9671649932861328,1.048028452821866,,,1.0,0.972586678100586,180,117,117,0
/mnt/data/INR/outputs/mujoco/suites/state_resampled_v2/runs/custom_mujoco_state_resampled_v2/custom_mujoco_state_resampled_v2_hopper__cvae__generalization__s1,custom_mujoco_state_resampled_v2_hopper,cvae,generalization,1,0.6025641025641025,0.6025641025641025,1.0,1.0,nan,1.0401285886764526,1.5675532748936618,0.9093182682991028,1.0198669465555066,,,1.0,0.6635363565216065,180,78,78,0
/mnt/data/INR/outputs/mujoco/suites/state_resampled_v2/runs/custom_mujoco_state_resampled_v2/custom_mujoco_state_resampled_v2_ant__inr_transformer_history_conditioned__novel_generalization__s1,custom_mujoco_state_resampled_v2_ant,inr_transformer_history_conditioned,novel_generalization,1,0.6666666666666666,1.0,0.9401709401709402,0.9743589743589743,4.655923843383789,0.8757253885269165,0.9560942398324362,0.642240047454834,0.9358020028440399,,,1.0,0.9159404502639771,180,117,117,0
/mnt/data/INR/outputs/mujoco/suites/state_resampled_v2/runs/custom_mujoco_state_resampled_v2/custom_mujoco_state_resampled_v2_halfcheetah__inr_transformer_history_conditioned__new_policy__s0,custom_mujoco_state_resampled_v2_halfcheetah,inr_transformer_history_conditioned,new_policy,0,0.6666666666666666,1.0,1.0,1.0,0.20096562802791595,0.24003466963768005,0.22346014249792678,0.00043685315176844597,0.48993333182962767,,,1.0,1.0741721854934692,358,117,117,0
/mnt/data/INR/outputs/mujoco/suites/state_resampled_v2/runs/custom_mujoco_state_resampled_v2/custom_mujoco_state_resampled_v2_humanoid__inr_transformer_history_conditioned__single_shift__s0,custom_mujoco_state_resampled_v2_humanoid,inr_transformer_history_conditioned,single_shift,0,1.0,1.0,1.0,1.0,nan,0.2805054187774658,0.26095241047507145,7.663261203560978e-05,0.529627622747781,,,1.0,1.0749294029006957,358,58,58,19
/mnt/data/INR/outputs/mujoco/suites/state_resampled_v2/runs/custom_mujoco_state_resampled_v2/custom_mujoco_state_resampled_v2_hopper__inr_transformer_fitted_latent__single_shift__s0,custom_mujoco_state_resampled_v2_hopper,inr_transformer_fitted_latent,single_shift,0,1.0,1.0,1.0,1.0,nan,0.8856631517410278,0.5932099596192895,0.41443848609924316,0.9410967812828964,,,1.0,1.4930011497268676,358,58,58,19
/mnt/data/INR/outputs/mujoco/suites/state_resampled_v2/runs/custom_mujoco_state_resampled_v2/custom_mujoco_state_resampled_v2_halfcheetah__inr_transformer_history_conditioned__specialization__s1,custom_mujoco_state_resampled_v2_halfcheetah,inr_transformer_history_conditioned,specialization,1,0.9210526315789473,0.9210526315789473,1.0,1.0,nan,0.6543179154396057,0.5413967111499011,0.46157941222190857,0.808899199801561,,,1.0,1.2085738645324706,358,38,38,38
/mnt/data/INR/outputs/mujoco/suites/state_resampled_v2/runs/custom_mujoco_state_resampled_v2/custom_mujoco_state_resampled_v2_ant__cvae__generalization__s0,custom_mujoco_state_resampled_v2_ant,cvae,generalization,0,1.0,1.0,1.0,1.0,nan,0.5211458206176758,0.583085442977631,0.34884896874427795,0.7219043015647405,,,1.0,0.8937726484069825,180,78,78,0
/mnt/data/INR/outputs/mujoco/suites/state_resampled_v2/runs/custom_mujoco_state_resampled_v2/custom_mujoco_state_resampled_v2_humanoid__inr_diffusion_history_conditioned__no_shift__s1,custom_mujoco_state_resampled_v2_humanoid,inr_diffusion_history_conditioned,no_shift,1,1.0,1.0,1.0,1.0,nan,0.09095130860805511,0.09112791438759801,0.0461096428334713,0.3015813465850551,,,1.0,0.9980620013008118,358,78,78,0
/mnt/data/INR/outputs/mujoco/suites/state_resampled_v2/runs/custom_mujoco_state_resampled_v2/custom_mujoco_state_resampled_v2_walker2d__inr_transformer_fitted_latent__conflation__s1,custom_mujoco_state_resampled_v2_walker2d,inr_transformer_fitted_latent,conflation,1,1.0,1.0,1.0,1.0,nan,0.0010092001175507903,0.0010104901953930361,0.0006543228519149125,0.03176791018544957,,,1.0,0.9987233148345948,269,58,58,19
/mnt/data/INR/outputs/mujoco/suites/state_resampled_v2/runs/custom_mujoco_state_resampled_v2/custom_mujoco_state_resampled_v2_halfcheetah__inr_transformer_fitted_latent__specialization__s1,custom_mujoco_state_resampled_v2_halfcheetah,inr_transformer_fitted_latent,specialization,1,1.0,1.0,1.0,1.0,nan,0.9334595799446106,0.7723645259412537,0.6217259764671326,0.9661571196987634,,,1.0,1.2085738645324706,358,38,38,38
/mnt/data/INR/outputs/mujoco/suites/state_resampled_v2/runs/custom_mujoco_state_resampled_v2/custom_mujoco_state_resampled_v2_ant__cvae__conflation__s1,custom_mujoco_state_resampled_v2_ant,cvae,conflation,1,1.0,1.0,1.0,1.0,nan,0.01562151126563549,0.015748545793164044,0.01026821043342352,0.12498604428349387,,,1.0,0.9919335709342957,269,58,58,19
/mnt/data/INR/outputs/mujoco/suites/state_resampled_v2/runs/custom_mujoco_state_resampled_v2/custom_mujoco_state_resampled_v2_ant__inr_diffusion_history_conditioned__single_shift__s0,custom_mujoco_state_resampled_v2_ant,inr_diffusion_history_conditioned,single_shift,0,0.7586206896551724,0.7586206896551724,0.9827586206896551,0.9827586206896551,nan,0.5715712904930115,0.5327359885990989,0.15168386697769165,0.7560233399128703,,,1.0,1.0728978381881713,358,58,58,19
/mnt/data/INR/outputs/mujoco/suites/state_resampled_v2/runs/custom_mujoco_state_resampled_v2/custom_mujoco_state_resampled_v2_walker2d__cvae__conflation__s0,custom_mujoco_state_resampled_v2_walker2d,cvae,conflation,0,1.0,1.0,1.0,1.0,nan,0.011153021827340126,0.011180689110158442,0.005830343347042799,0.1056078682075352,,,1.0,0.9975254402885437,269,58,58,19
/mnt/data/INR/outputs/mujoco/suites/state_resampled_v2/runs/custom_mujoco_state_resampled_v2/custom_mujoco_state_resampled_v2_halfcheetah__cvae__novel_generalization__s1,custom_mujoco_state_resampled_v2_halfcheetah,cvae,novel_generalization,1,0.6153846153846154,0.9230769230769231,1.0,1.0,1.0877090692520142,0.5836076140403748,0.6370856345061634,0.41918444633483887,0.7639421535956599,,,1.0,0.9160583482513428,180,117,117,0
/mnt/data/INR/outputs/mujoco/suites/state_resampled_v2/runs/custom_mujoco_state_resampled_v2/custom_mujoco_state_resampled_v2_hopper__inr_transformer_fitted_latent__specialization__s0,custom_mujoco_state_resampled_v2_hopper,inr_transformer_fitted_latent,specialization,0,0.5,0.5,1.0,1.0,nan,2.003005266189575,1.2440307557424792,1.6848087310791016,1.4152756855784583,,,1.0,1.6100930438766479,358,38,38,38
/mnt/data/INR/outputs/mujoco/suites/state_resampled_v2/runs/custom_mujoco_state_resampled_v2/custom_mujoco_state_resampled_v2_ant__inr_diffusion_history_conditioned__specialization__s0,custom_mujoco_state_resampled_v2_ant,inr_diffusion_history_conditioned,specialization,0,0.631578947368421,0.631578947368421,0.8947368421052632,0.9473684210526315,nan,1.2378761768341064,1.0376495207054195,0.9962533712387085,1.1125988391303068,,,1.0,1.192961739135742,358,38,38,38
/mnt/data/INR/outputs/mujoco/suites/state_resampled_v2/runs/custom_mujoco_state_resampled_v2/custom_mujoco_state_resampled_v2_ant__inr_diffusion_history_conditioned__specialization__s1,custom_mujoco_state_resampled_v2_ant,inr_diffusion_history_conditioned,specialization,1,0.7105263157894737,0.7105263157894737,1.0,1.0,nan,1.2074235677719116,1.021490733361148,0.8976984024047852,1.0988282703734518,,,1.0,1.18202106816864,358,38,38,38
/mnt/data/INR/outputs/mujoco/suites/state_resampled_v2/runs/custom_mujoco_state_resampled_v2/custom_mujoco_state_resampled_v2_walker2d__inr_diffusion_history_conditioned__no_shift__s0,custom_mujoco_state_resampled_v2_walker2d,inr_diffusion_history_conditioned,no_shift,0,1.0,1.0,1.0,1.0,nan,0.13267631828784943,0.13277409693882605,0.04936636611819267,0.36424760574072335,,,1.0,0.9992635713348389,358,78,78,0
/mnt/data/INR/outputs/mujoco/suites/state_resampled_v2/runs/custom_mujoco_state_resampled_v2/custom_mujoco_state_resampled_v2_hopper__inr_transformer_fitted_latent__novel_generalization__s1,custom_mujoco_state_resampled_v2_hopper,inr_transformer_fitted_latent,novel_generalization,1,0.6666666666666666,1.0,0.9914529914529915,0.9914529914529915,0.018461810424923897,1.3426629304885864,1.6283156485034442,1.0200945138931274,1.158733330188006,,,1.0,0.8245716558227539,180,117,117,0
/mnt/data/INR/outputs/mujoco/suites/state_resampled_v2/runs/custom_mujoco_state_resampled_v2/custom_mujoco_state_resampled_v2_hopper__inr_transformer_history_conditioned__conflation__s1,custom_mujoco_state_resampled_v2_hopper,inr_transformer_history_conditioned,conflation,1,1.0,1.0,1.0,1.0,nan,0.0015284011606127024,0.0015483067770696423,0.0006953089614398777,0.0390947715252654,,,1.0,0.9871436224708557,269,58,58,19
/mnt/data/INR/outputs/mujoco/suites/state_resampled_v2/runs/custom_mujoco_state_resampled_v2/custom_mujoco_state_resampled_v2_walker2d__cvae__novel_generalization__s0,custom_mujoco_state_resampled_v2_walker2d,cvae,novel_generalization,0,0.6666666666666666,1.0,1.0,1.0,1.2590163946151733,0.8142168521881104,0.9990565643028941,0.6708395481109619,0.9023396545581438,,,1.0,0.8149857388267517,180,117,117,0
/mnt/data/INR/outputs/mujoco/suites/state_resampled_v2/runs/custom_mujoco_state_resampled_v2/custom_mujoco_state_resampled_v2_halfcheetah__inr_diffusion_history_conditioned__conflation__s0,custom_mujoco_state_resampled_v2_halfcheetah,inr_diffusion_history_conditioned,conflation,0,1.0,1.0,1.0,1.0,nan,0.5482212901115417,0.553588832540518,0.1616140753030777,0.7404196716130264,,,1.0,0.990304099155426,269,58,58,19
/mnt/data/INR/outputs/mujoco/suites/state_resampled_v2/runs/custom_mujoco_state_resampled_v2/custom_mujoco_state_resampled_v2_ant__inr_transformer_history_conditioned__no_shift__s0,custom_mujoco_state_resampled_v2_ant,inr_transformer_history_conditioned,no_shift,0,1.0,1.0,1.0,1.0,nan,0.0034472201950848103,0.003438415575443943,0.00027563789626583457,0.0587130325829352,,,1.0,1.0025606618652343,358,78,78,0
/mnt/data/INR/outputs/mujoco/suites/state_resampled_v2/runs/custom_mujoco_state_resampled_v2/custom_mujoco_state_resampled_v2_halfcheetah__inr_transformer_fitted_latent__conflation__s0,custom_mujoco_state_resampled_v2_halfcheetah,inr_transformer_fitted_latent,conflation,0,1.0,1.0,1.0,1.0,nan,0.013377947732806206,0.013508928968602165,0.0031702208798378706,0.11566307852035673,,,1.0,0.990304099155426,269,58,58,19
/mnt/data/INR/outputs/mujoco/suites/state_resampled_v2/runs/custom_mujoco_state_resampled_v2/custom_mujoco_state_resampled_v2_walker2d__inr_transformer_history_conditioned__conflation__s0,custom_mujoco_state_resampled_v2_walker2d,inr_transformer_history_conditioned,conflation,0,1.0,1.0,1.0,1.0,nan,0.0012586710508912802,0.001261793434087453,0.0008157751872204244,0.035477754310148775,,,1.0,0.9975254402885437,269,58,58,19
/mnt/data/INR/outputs/mujoco/suites/state_resampled_v2/runs/custom_mujoco_state_resampled_v2/custom_mujoco_state_resampled_v2_walker2d__inr_diffusion_history_conditioned__new_policy__s1,custom_mujoco_state_resampled_v2_walker2d,inr_diffusion_history_conditioned,new_policy,1,0.6666666666666666,1.0,0.9914529914529915,0.9914529914529915,0.335944801568985,0.40513333678245544,0.3972086149028304,0.11427079886198044,0.6365008537169887,,,1.0,1.0199510322341918,358,117,117,0
/mnt/data/INR/outputs/mujoco/suites/state_resampled_v2/runs/custom_mujoco_state_resampled_v2/custom_mujoco_state_resampled_v2_walker2d__inr_transformer_fitted_latent__single_shift__s1,custom_mujoco_state_resampled_v2_walker2d,inr_transformer_fitted_latent,single_shift,1,1.0,1.0,1.0,1.0,nan,0.7475571632385254,0.6732887633515996,0.5131547451019287,0.8646138810119378,,,1.0,1.110306905342102,358,58,58,19
/mnt/data/INR/outputs/mujoco/suites/state_resampled_v2/runs/custom_mujoco_state_resampled_v2/custom_mujoco_state_resampled_v2_walker2d__inr_transformer_fitted_latent__new_policy__s1,custom_mujoco_state_resampled_v2_walker2d,inr_transformer_fitted_latent,new_policy,1,0.6666666666666666,1.0,0.9914529914529915,1.0,0.015541844069957733,0.6895959377288818,0.6761069070329085,0.46528398990631104,0.8304191337685337,,,1.0,1.0199510322341918,358,117,117,0
/mnt/data/INR/outputs/mujoco/suites/state_resampled_v2/runs/custom_mujoco_state_resampled_v2/custom_mujoco_state_resampled_v2_walker2d__inr_diffusion_history_conditioned__conflation__s1,custom_mujoco_state_resampled_v2_walker2d,inr_diffusion_history_conditioned,conflation,1,1.0,1.0,1.0,1.0,nan,0.39444494247436523,0.39494916821851894,0.13511040806770325,0.6280485192040224,,,1.0,0.9987233148345948,269,58,58,19
/mnt/data/INR/outputs/mujoco/suites/state_resampled_v2/runs/custom_mujoco_state_resampled_v2/custom_mujoco_state_resampled_v2_hopper__inr_transformer_history_conditioned__conflation__s0,custom_mujoco_state_resampled_v2_hopper,inr_transformer_history_conditioned,conflation,0,1.0,1.0,1.0,1.0,nan,0.0018664790550246835,0.0018591927823538102,0.0006034427788108587,0.0432027667519649,,,1.0,1.0039190517196654,269,58,58,19
/mnt/data/INR/outputs/mujoco/suites/state_resampled_v2/runs/custom_mujoco_state_resampled_v2/custom_mujoco_state_resampled_v2_hopper__inr_transformer_history_conditioned__novel_generalization__s1,custom_mujoco_state_resampled_v2_hopper,inr_transformer_history_conditioned,novel_generalization,1,0.5811965811965812,0.8717948717948718,1.0,1.0,1.216975212097168,1.0803537368774414,1.3101999435082077,0.8206462860107422,1.039400662342218,,,1.0,0.8245716558227539,180,117,117,0
/mnt/data/INR/outputs/mujoco/suites/state_resampled_v2/runs/custom_mujoco_state_resampled_v2/custom_mujoco_state_resampled_v2_halfcheetah__inr_diffusion_history_conditioned__generalization__s1,custom_mujoco_state_resampled_v2_halfcheetah,inr_diffusion_history_conditioned,generalization,1,1.0,1.0,1.0,1.0,nan,0.8845816850662231,1.0333406115919352,0.7033371925354004,0.940522027953744,,,1.0,0.8560407624969483,180,78,78,0
/mnt/data/INR/outputs/mujoco/suites/state_resampled_v2/runs/custom_mujoco_state_resampled_v2/custom_mujoco_state_resampled_v2_humanoid__inr_diffusion_history_conditioned__specialization__s0,custom_mujoco_state_resampled_v2_humanoid,inr_diffusion_history_conditioned,specialization,0,1.0,1.0,1.0,1.0,nan,0.8163313865661621,0.6804358296859672,0.6739000678062439,0.9035105901793083,,,1.0,1.1997184024581908,358,38,38,38
/mnt/data/INR/outputs/mujoco/suites/state_resampled_v2/runs/custom_mujoco_state_resampled_v2/custom_mujoco_state_resampled_v2_humanoid__inr_diffusion_history_conditioned__generalization__s0,custom_mujoco_state_resampled_v2_humanoid,inr_diffusion_history_conditioned,generalization,0,1.0,1.0,1.0,1.0,nan,0.710199773311615,0.7432723405005099,0.5770261883735657,0.8427335126311372,,,1.0,0.9555041061172486,180,78,78,0
/mnt/data/INR/outputs/mujoco/suites/state_resampled_v2/runs/custom_mujoco_state_resampled_v2/custom_mujoco_state_resampled_v2_walker2d__cvae__single_shift__s0,custom_mujoco_state_resampled_v2_walker2d,cvae,single_shift,0,0.8448275862068966,0.8448275862068966,1.0,1.0,nan,0.48671379685401917,0.437789680854525,0.007123718038201332,0.6976487632426643,,,1.0,1.1117525563964843,358,58,58,19
/mnt/data/INR/outputs/mujoco/suites/state_resampled_v2/runs/custom_mujoco_state_resampled_v2/custom_mujoco_state_resampled_v2_walker2d__cvae__conflation__s1,custom_mujoco_state_resampled_v2_walker2d,cvae,conflation,1,1.0,1.0,1.0,1.0,nan,0.01582302898168564,0.015843255831377277,0.00634300522506237,0.12578962191566376,,,1.0,0.9987233148345948,269,58,58,19
/mnt/data/INR/outputs/mujoco/suites/state_resampled_v2/runs/custom_mujoco_state_resampled_v2/custom_mujoco_state_resampled_v2_ant__cvae__no_shift__s0,custom_mujoco_state_resampled_v2_ant,cvae,no_shift,0,1.0,1.0,1.0,1.0,nan,0.009174210950732231,0.009150778900165387,0.004036915488541126,0.09578210141113125,,,1.0,1.0025606618652343,358,78,78,0
/mnt/data/INR/outputs/mujoco/suites/state_resampled_v2/runs/custom_mujoco_state_resampled_v2/custom_mujoco_state_resampled_v2_ant__inr_transformer_history_conditioned__specialization__s0,custom_mujoco_state_resampled_v2_ant,inr_transformer_history_conditioned,specialization,0,0.9736842105263158,0.9736842105263158,0.9473684210526315,1.0,nan,1.0701868534088135,0.8970839703410147,0.9259470701217651,1.0344983583403182,,,1.0,1.192961739135742,358,38,38,38
/mnt/data/INR/outputs/mujoco/suites/state_resampled_v2/runs/custom_mujoco_state_resampled_v2/custom_mujoco_state_resampled_v2_walker2d__cvae__single_shift__s1,custom_mujoco_state_resampled_v2_walker2d,cvae,single_shift,1,0.8275862068965517,0.8275862068965517,1.0,1.0,nan,0.5734395980834961,0.516469451216113,0.006739045027643442,0.7572579468605768,,,1.0,1.110306905342102,358,58,58,19
/mnt/data/INR/outputs/mujoco/suites/state_resampled_v2/runs/custom_mujoco_state_resampled_v2/custom_mujoco_state_resampled_v2_humanoid__inr_transformer_fitted_latent__no_shift__s0,custom_mujoco_state_resampled_v2_humanoid,inr_transformer_fitted_latent,no_shift,0,1.0,1.0,1.0,1.0,nan,0.45839354395866394,0.457625413696558,0.383439302444458,0.677047667419853,,,1.0,1.0016785131225585,358,78,78,0
/mnt/data/INR/outputs/mujoco/suites/state_resampled_v2/runs/custom_mujoco_state_resampled_v2/custom_mujoco_state_resampled_v2_hopper__inr_transformer_fitted_latent__generalization__s0,custom_mujoco_state_resampled_v2_hopper,inr_transformer_fitted_latent,generalization,0,1.0,1.0,1.0,1.0,nan,0.8617759346961975,1.289089299993462,0.616067111492157,0.9283188755466505,,,1.0,0.6685153113136292,180,78,78,0
/mnt/data/INR/outputs/mujoco/suites/state_resampled_v2/runs/custom_mujoco_state_resampled_v2/custom_mujoco_state_resampled_v2_halfcheetah__cvae__specialization__s1,custom_mujoco_state_resampled_v2_halfcheetah,cvae,specialization,1,1.0,1.0,1.0,1.0,nan,0.9330794215202332,0.7720499746874712,0.5361078381538391,0.9659603622924872,,,1.0,1.2085738645324706,358,38,38,38
/mnt/data/INR/outputs/mujoco/suites/state_resampled_v2/runs/custom_mujoco_state_resampled_v2/custom_mujoco_state_resampled_v2_hopper__cvae__specialization__s0,custom_mujoco_state_resampled_v2_hopper,cvae,specialization,0,0.5,0.5,1.0,1.0,nan,2.8814468383789062,1.7896151091002783,2.2141830921173096,1.6974825001686782,,,1.0,1.6100930438766479,358,38,38,38
/mnt/data/INR/outputs/mujoco/suites/state_resampled_v2/runs/custom_mujoco_state_resampled_v2/custom_mujoco_state_resampled_v2_ant__inr_transformer_fitted_latent__generalization__s0,custom_mujoco_state_resampled_v2_ant,inr_transformer_fitted_latent,generalization,0,1.0,1.0,1.0,1.0,nan,0.5919083952903748,0.66225834539171,0.49996161460876465,0.7693558313877752,,,1.0,0.8937726484069825,180,78,78,0
/mnt/data/INR/outputs/mujoco/suites/state_resampled_v2/runs/custom_mujoco_state_resampled_v2/custom_mujoco_state_resampled_v2_ant__inr_transformer_fitted_latent__specialization__s0,custom_mujoco_state_resampled_v2_ant,inr_transformer_fitted_latent,specialization,0,1.0,1.0,1.0,1.0,nan,1.02583909034729,0.859909464565455,0.8914894461631775,1.0128371489767198,,,1.0,1.192961739135742,358,38,38,38
/mnt/data/INR/outputs/mujoco/suites/state_resampled_v2/runs/custom_mujoco_state_resampled_v2/custom_mujoco_state_resampled_v2_halfcheetah__inr_transformer_fitted_latent__generalization__s1,custom_mujoco_state_resampled_v2_halfcheetah,inr_transformer_fitted_latent,generalization,1,1.0,1.0,1.0,1.0,nan,0.5725751519203186,0.6688643543681249,0.475138783454895,0.7566869576782189,,,1.0,0.8560407624969483,180,78,78,0
/mnt/data/INR/outputs/mujoco/suites/state_resampled_v2/runs/custom_mujoco_state_resampled_v2/custom_mujoco_state_resampled_v2_halfcheetah__inr_transformer_fitted_latent__novel_generalization__s1,custom_mujoco_state_resampled_v2_halfcheetah,inr_transformer_fitted_latent,novel_generalization,1,0.6666666666666666,1.0,0.9658119658119658,0.9914529914529915,0.006372077856212854,0.7134067416191101,0.7787787131473962,0.6333155632019043,0.8446340874124784,,,1.0,0.9160583482513428,180,117,117,0
/mnt/data/INR/outputs/mujoco/suites/state_resampled_v2/runs/custom_mujoco_state_resampled_v2/custom_mujoco_state_resampled_v2_walker2d__inr_diffusion_history_conditioned__single_shift__s1,custom_mujoco_state_resampled_v2_walker2d,inr_diffusion_history_conditioned,single_shift,1,1.0,1.0,1.0,1.0,nan,0.555817186832428,0.5005977934192641,0.13474954664707184,0.7455314794376077,,,1.0,1.110306905342102,358,58,58,19
/mnt/data/INR/outputs/mujoco/suites/state_resampled_v2/runs/custom_mujoco_state_resampled_v2/custom_mujoco_state_resampled_v2_walker2d__inr_diffusion_history_conditioned__novel_generalization__s1,custom_mujoco_state_resampled_v2_walker2d,inr_diffusion_history_conditioned,novel_generalization,1,0.6666666666666666,1.0,0.9914529914529915,1.0,2.257758855819702,1.0434476137161255,1.289566114446946,0.9010837078094482,1.0214928358613806,,,1.0,0.8091462717781067,180,117,117,0
/mnt/data/INR/outputs/mujoco/suites/state_resampled_v2/runs/custom_mujoco_state_resampled_v2/custom_mujoco_state_resampled_v2_walker2d__inr_transformer_history_conditioned__specialization__s1,custom_mujoco_state_resampled_v2_walker2d,inr_transformer_history_conditioned,specialization,1,0.9473684210526315,0.9473684210526315,0.9736842105263158,1.0,nan,1.297021746635437,0.9265292948388704,1.1373658180236816,1.1388686257138867,,,1.0,1.3998712764511108,358,38,38,38
/mnt/data/INR/outputs/mujoco/suites/state_resampled_v2/runs/custom_mujoco_state_resampled_v2/custom_mujoco_state_resampled_v2_halfcheetah__inr_transformer_fitted_latent__new_policy__s1,custom_mujoco_state_resampled_v2_halfcheetah,inr_transformer_fitted_latent,new_policy,1,0.6666666666666666,1.0,0.9914529914529915,1.0,0.006571257021278143,0.559380054473877,0.5231772073788538,0.4177158772945404,0.7479171441235165,,,1.0,1.0691980586776733,358,117,117,0
/mnt/data/INR/outputs/mujoco/suites/state_resampled_v2/runs/custom_mujoco_state_resampled_v2/custom_mujoco_state_resampled_v2_hopper__inr_diffusion_history_conditioned__new_policy__s1,custom_mujoco_state_resampled_v2_hopper,inr_diffusion_history_conditioned,new_policy,1,0.6666666666666666,1.0,1.0,1.0,1.6125247478485107,0.8822867274284363,0.6793492884469412,0.14349833130836487,0.9393011910076747,,,1.0,1.2987232671508788,358,117,117,0
/mnt/data/INR/outputs/mujoco/suites/state_resampled_v2/runs/custom_mujoco_state_resampled_v2/custom_mujoco_state_resampled_v2_hopper__inr_transformer_fitted_latent__single_shift__s1,custom_mujoco_state_resampled_v2_hopper,inr_transformer_fitted_latent,single_shift,1,1.0,1.0,1.0,1.0,nan,0.9493216276168823,0.6435928721693736,0.3811368942260742,0.9743313746446238,,,1.0,1.475034402442932,358,58,58,19
/mnt/data/INR/outputs/mujoco/suites/state_resampled_v2/runs/custom_mujoco_state_resampled_v2/custom_mujoco_state_resampled_v2_humanoid__inr_transformer_history_conditioned__specialization__s1,custom_mujoco_state_resampled_v2_humanoid,inr_transformer_history_conditioned,specialization,1,1.0,1.0,1.0,1.0,nan,0.7097690105438232,0.5896031698564191,0.606488823890686,0.842477899142656,,,1.0,1.20380799634552,358,38,38,38
/mnt/data/INR/outputs/mujoco/suites/state_resampled_v2/runs/custom_mujoco_state_resampled_v2/custom_mujoco_state_resampled_v2_ant__cvae__novel_generalization__s1,custom_mujoco_state_resampled_v2_ant,cvae,novel_generalization,1,0.6666666666666666,1.0,0.9829059829059829,0.9829059829059829,2.655235528945923,0.926272451877594,1.011280211077739,0.5832424163818359,0.9624304919720665,,,1.0,0.9159404502639771,180,117,117,0
/mnt/data/INR/outputs/mujoco/suites/state_resampled_v2/runs/custom_mujoco_state_resampled_v2/custom_mujoco_state_resampled_v2_ant__cvae__new_policy__s1,custom_mujoco_state_resampled_v2_ant,cvae,new_policy,1,0.6666666666666666,1.0,1.0,1.0,0.4991854727268219,0.7556536197662354,0.7242401755660495,0.00699178222566843,0.8692833943923209,,,1.0,1.0433743463287353,358,117,117,0
/mnt/data/INR/outputs/mujoco/suites/state_resampled_v2/runs/custom_mujoco_state_resampled_v2/custom_mujoco_state_resampled_v2_walker2d__inr_diffusion_history_conditioned__specialization__s1,custom_mujoco_state_resampled_v2_walker2d,inr_diffusion_history_conditioned,specialization,1,0.9736842105263158,0.9736842105263158,1.0,1.0,nan,1.3677200078964233,0.9770326964374926,1.1426622867584229,1.1694956211531633,,,1.0,1.3998712764511108,358,38,38,38
/mnt/data/INR/outputs/mujoco/suites/state_resampled_v2/runs/custom_mujoco_state_resampled_v2/custom_mujoco_state_resampled_v2_halfcheetah__inr_diffusion_history_conditioned__new_policy__s0,custom_mujoco_state_resampled_v2_halfcheetah,inr_diffusion_history_conditioned,new_policy,0,0.6666666666666666,1.0,1.0,1.0,0.20030775666236877,0.6810769438743591,0.6340482029531196,0.30268821120262146,0.8252738599243036,,,1.0,1.0741721854934692,358,117,117,0
/mnt/data/INR/outputs/mujoco/suites/state_resampled_v2/runs/custom_mujoco_state_resampled_v2/custom_mujoco_state_resampled_v2_ant__inr_transformer_history_conditioned__no_shift__s1,custom_mujoco_state_resampled_v2_ant,inr_transformer_history_conditioned,no_shift,1,1.0,1.0,1.0,1.0,nan,0.0017149740597233176,0.0017203129620927862,0.0002823765098582953,0.0414122452871529,,,1.0,0.9968965516815186,358,78,78,0
/mnt/data/INR/outputs/mujoco/suites/state_resampled_v2/runs/custom_mujoco_state_resampled_v2/custom_mujoco_state_resampled_v2_hopper__cvae__no_shift__s0,custom_mujoco_state_resampled_v2_hopper,cvae,no_shift,0,1.0,1.0,1.0,1.0,nan,0.008699452504515648,0.008669850862891973,0.0038357179146260023,0.09327085560085556,,,1.0,1.0034143195877074,358,78,78,0
/mnt/data/INR/outputs/mujoco/suites/state_resampled_v2/runs/custom_mujoco_state_resampled_v2/custom_mujoco_state_resampled_v2_hopper__inr_diffusion_history_conditioned__conflation__s0,custom_mujoco_state_resampled_v2_hopper,inr_diffusion_history_conditioned,conflation,0,1.0,1.0,1.0,1.0,nan,0.2599957287311554,0.25898076970030115,0.0752672329545021,0.5098977630183873,,,1.0,1.0039190517196654,269,58,58,19
/mnt/data/INR/outputs/mujoco/suites/state_resampled_v2/runs/custom_mujoco_state_resampled_v2/custom_mujoco_state_resampled_v2_hopper__inr_transformer_fitted_latent__conflation__s1,custom_mujoco_state_resampled_v2_hopper,inr_transformer_fitted_latent,conflation,1,1.0,1.0,1.0,1.0,nan,0.0014588066842406988,0.0014778059149987248,0.000852702185511589,0.03819432790664994,,,1.0,0.9871436224708557,269,58,58,19
/mnt/data/INR/outputs/mujoco/suites/state_resampled_v2/runs/custom_mujoco_state_resampled_v2/custom_mujoco_state_resampled_v2_halfcheetah__cvae__generalization__s0,custom_mujoco_state_resampled_v2_halfcheetah,cvae,generalization,0,1.0,1.0,1.0,1.0,nan,0.4907526671886444,0.5678677656811341,0.3432881534099579,0.700537413125555,,,1.0,0.8642023669013977,180,78,78,0
/mnt/data/INR/outputs/mujoco/suites/state_resampled_v2/runs/custom_mujoco_state_resampled_v2/custom_mujoco_state_resampled_v2_ant__inr_transformer_history_conditioned__specialization__s1,custom_mujoco_state_resampled_v2_ant,inr_transformer_history_conditioned,specialization,1,0.8947368421052632,0.8947368421052632,0.9736842105263158,1.0,nan,1.0547544956207275,0.8923313839531706,0.8748090267181396,1.0270124125933082,,,1.0,1.18202106816864,358,38,38,38
/mnt/data/INR/outputs/mujoco/suites/state_resampled_v2/runs/custom_mujoco_state_resampled_v2/custom_mujoco_state_resampled_v2_halfcheetah__inr_transformer_fitted_latent__single_shift__s1,custom_mujoco_state_resampled_v2_halfcheetah,inr_transformer_fitted_latent,single_shift,1,1.0,1.0,1.0,1.0,nan,0.47485843300819397,0.44194682418965664,0.382596880197525,0.6890997264606872,,,1.0,1.0744696126708984,358,58,58,19
/mnt/data/INR/outputs/mujoco/suites/state_resampled_v2/runs/custom_mujoco_state_resampled_v2/custom_mujoco_state_resampled_v2_humanoid__inr_diffusion_history_conditioned__single_shift__s0,custom_mujoco_state_resampled_v2_humanoid,inr_diffusion_history_conditioned,single_shift,0,1.0,1.0,1.0,1.0,nan,0.33631816506385803,0.31287465405291165,0.08602198213338852,0.5799294483502783,,,1.0,1.0749294029006957,358,58,58,19
/mnt/data/INR/outputs/mujoco/suites/state_resampled_v2/runs/custom_mujoco_state_resampled_v2/custom_mujoco_state_resampled_v2_ant__cvae__specialization__s1,custom_mujoco_state_resampled_v2_ant,cvae,specialization,1,0.631578947368421,0.631578947368421,0.8947368421052632,0.9473684210526315,nan,2.21673583984375,1.8753776049679398,1.2673399448394775,1.488870659205745,,,1.0,1.18202106816864,358,38,38,38
/mnt/data/INR/outputs/mujoco/suites/state_resampled_v2/runs/custom_mujoco_state_resampled_v2/custom_mujoco_state_resampled_v2_humanoid__cvae__single_shift__s0,custom_mujoco_state_resampled_v2_humanoid,cvae,single_shift,0,1.0,1.0,1.0,1.0,nan,0.4301266372203827,0.4001440802155811,0.004410679452121258,0.6558404052971902,,,1.0,1.0749294029006957,358,58,58,19
/mnt/data/INR/outputs/mujoco/suites/state_resampled_v2/runs/custom_mujoco_state_resampled_v2/custom_mujoco_state_resampled_v2_humanoid__inr_diffusion_history_conditioned__conflation__s0,custom_mujoco_state_resampled_v2_humanoid,inr_diffusion_history_conditioned,conflation,0,1.0,1.0,1.0,1.0,nan,0.15811842679977417,0.1584491779781529,0.08175580948591232,0.3976410778576255,,,1.0,0.9979125724563599,269,58,58,19
/mnt/data/INR/outputs/mujoco/suites/state_resampled_v2/runs/custom_mujoco_state_resampled_v2/custom_mujoco_state_resampled_v2_hopper__inr_diffusion_history_conditioned__new_policy__s0,custom_mujoco_state_resampled_v2_hopper,inr_diffusion_history_conditioned,new_policy,0,0.6666666666666666,1.0,1.0,1.0,1.3108991384506226,0.8784090280532837,0.6777911391709837,0.13690689206123352,0.9372347774454828,,,1.0,1.295987771583557,358,117,117,0
/mnt/data/INR/outputs/mujoco/suites/state_resampled_v2/runs/custom_mujoco_state_resampled_v2/custom_mujoco_state_resampled_v2_walker2d__cvae__no_shift__s1,custom_mujoco_state_resampled_v2_walker2d,cvae,no_shift,1,1.0,1.0,1.0,1.0,nan,0.007148719858378172,0.007189485702759378,0.0032240196596831083,0.084550102651494,,,1.0,0.9943297968635559,358,78,78,0
/mnt/data/INR/outputs/mujoco/suites/state_resampled_v2/runs/custom_mujoco_state_resampled_v2/custom_mujoco_state_resampled_v2_ant__inr_transformer_fitted_latent__single_shift__s0,custom_mujoco_state_resampled_v2_ant,inr_transformer_fitted_latent,single_shift,0,1.0,1.0,1.0,1.0,nan,0.5212976336479187,0.4858781657424594,0.3104923665523529,0.7220094415226983,,,1.0,1.0728978381881713,358,58,58,19
/mnt/data/INR/outputs/mujoco/suites/state_resampled_v2/runs/custom_mujoco_state_resampled_v2/custom_mujoco_state_resampled_v2_hopper__inr_transformer_fitted_latent__new_policy__s1,custom_mujoco_state_resampled_v2_hopper,inr_transformer_fitted_latent,new_policy,1,0.6666666666666666,1.0,0.9914529914529915,1.0,0.024284927174448967,1.0055166482925415,0.77423472245818,0.45555734634399414,1.002754530427333,,,1.0,1.2987232671508788,358,117,117,0
/mnt/data/INR/outputs/mujoco/suites/state_resampled_v2/runs/custom_mujoco_state_resampled_v2/custom_mujoco_state_resampled_v2_hopper__inr_transformer_history_conditioned__no_shift__s1,custom_mujoco_state_resampled_v2_hopper,inr_transformer_history_conditioned,no_shift,1,1.0,1.0,1.0,1.0,nan,0.003583507612347603,0.0035879769081336274,0.0006910072988830507,0.059862405667894796,,,1.0,0.9987543688545227,358,78,78,0
/mnt/data/INR/outputs/mujoco/suites/state_resampled_v2/runs/custom_mujoco_state_resampled_v2/custom_mujoco_state_resampled_v2_hopper__inr_transformer_history_conditioned__generalization__s1,custom_mujoco_state_resampled_v2_hopper,inr_transformer_history_conditioned,generalization,1,0.8717948717948718,0.8717948717948718,1.0,1.0,nan,0.7049731016159058,1.0624483416575983,0.5503719449043274,0.8396267632799146,,,1.0,0.6635363565216065,180,78,78,0
/mnt/data/INR/outputs/mujoco/suites/state_resampled_v2/runs/custom_mujoco_state_resampled_v2/custom_mujoco_state_resampled_v2_hopper__inr_transformer_history_conditioned__new_policy__s1,custom_mujoco_state_resampled_v2_hopper,inr_transformer_history_conditioned,new_policy,1,0.6666666666666666,1.0,1.0,1.0,3.329737663269043,0.8377076983451843,0.6450240166890487,0.0013991991290822625,0.915263731579693,,,1.0,1.2987232671508788,358,117,117,0
/mnt/data/INR/outputs/mujoco/suites/state_resampled_v2/runs/custom_mujoco_state_resampled_v2/custom_mujoco_state_resampled_v2_hopper__cvae__no_shift__s1,custom_mujoco_state_resampled_v2_hopper,cvae,no_shift,1,1.0,1.0,1.0,1.0,nan,0.010927310213446617,0.010940938587311726,0.003943989519029856,0.10453377546729391,,,1.0,0.9987543688545227,358,78,78,0
/mnt/data/INR/outputs/mujoco/suites/state_resampled_v2/runs/custom_mujoco_state_resampled_v2/custom_mujoco_state_resampled_v2_ant__inr_transformer_history_conditioned__conflation__s1,custom_mujoco_state_resampled_v2_ant,inr_transformer_history_conditioned,conflation,1,1.0,1.0,1.0,1.0,nan,0.00048443276318721473,0.0004883721827570879,0.00021885603200644255,0.02200983332938291,,,1.0,0.9919335709342957,269,58,58,19
/mnt/data/INR/outputs/mujoco/suites/state_resampled_v2/runs/custom_mujoco_state_resampled_v2/custom_mujoco_state_resampled_v2_ant__inr_diffusion_history_conditioned__novel_generalization__s1,custom_mujoco_state_resampled_v2_ant,inr_diffusion_history_conditioned,novel_generalization,1,0.5555555555555556,0.8333333333333334,0.9145299145299145,0.9743589743589743,3.535888195037842,1.0902684926986694,1.190326830073342,0.8880290985107422,1.044159227655758,,,1.0,0.9159404502639771,180,117,117,0
/mnt/data/INR/outputs/mujoco/suites/state_resampled_v2/runs/custom_mujoco_state_resampled_v2/custom_mujoco_state_resampled_v2_walker2d__inr_transformer_fitted_latent__generalization__s1,custom_mujoco_state_resampled_v2_walker2d,inr_transformer_fitted_latent,generalization,1,1.0,1.0,1.0,1.0,nan,0.8859903812408447,1.1274310441233228,0.6863591074943542,0.9412706206191951,,,1.0,0.7858488426933289,180,78,78,0
/mnt/data/INR/outputs/mujoco/suites/state_resampled_v2/runs/custom_mujoco_state_resampled_v2/custom_mujoco_state_resampled_v2_halfcheetah__inr_transformer_history_conditioned__novel_generalization__s0,custom_mujoco_state_resampled_v2_halfcheetah,inr_transformer_history_conditioned,novel_generalization,0,0.6666666666666666,1.0,0.9914529914529915,1.0,0.936557948589325,0.5504211783409119,0.5988990425515437,0.36096087098121643,0.7419037527475595,,,1.0,0.9190550313720703,180,117,117,0
/mnt/data/INR/outputs/mujoco/suites/state_resampled_v2/runs/custom_mujoco_state_resampled_v2/custom_mujoco_state_resampled_v2_ant__cvae__novel_generalization__s0,custom_mujoco_state_resampled_v2_ant,cvae,novel_generalization,0,0.6666666666666666,1.0,0.9829059829059829,0.9914529914529915,1.5097119808197021,0.9369045495986938,1.024182973109994,0.5974714756011963,0.9679382984460806,,,1.0,0.914782391620636,180,117,117,0
/mnt/data/INR/outputs/mujoco/suites/state_resampled_v2/runs/custom_mujoco_state_resampled_v2/custom_mujoco_state_resampled_v2_walker2d__inr_diffusion_history_conditioned__new_policy__s0,custom_mujoco_state_resampled_v2_walker2d,inr_diffusion_history_conditioned,new_policy,0,0.6666666666666666,1.0,1.0,1.0,0.31116747856140137,0.40892624855041504,0.3989485777905104,0.125545933842659,0.6394734150458602,,,1.0,1.0250099168548583,358,117,117,0
/mnt/data/INR/outputs/mujoco/suites/state_resampled_v2/runs/custom_mujoco_state_resampled_v2/custom_mujoco_state_resampled_v2_walker2d__inr_transformer_history_conditioned__single_shift__s0,custom_mujoco_state_resampled_v2_walker2d,inr_transformer_history_conditioned,single_shift,0,0.9137931034482759,0.9137931034482759,1.0,1.0,nan,0.45527908205986023,0.40951476067260245,0.0007790917879901826,0.6747437158357684,,,1.0,1.1117525563964843,358,58,58,19
/mnt/data/INR/outputs/mujoco/suites/state_resampled_v2/runs/custom_mujoco_state_resampled_v2/custom_mujoco_state_resampled_v2_hopper__inr_transformer_history_conditioned__no_shift__s0,custom_mujoco_state_resampled_v2_hopper,inr_transformer_history_conditioned,no_shift,0,1.0,1.0,1.0,1.0,nan,0.0027127417270094156,0.0027035110761864083,0.0006169843836687505,0.052083987241852134,,,1.0,1.0034143195877074,358,78,78,0
/mnt/data/INR/outputs/mujoco/suites/state_resampled_v2/runs/custom_mujoco_state_resampled_v2/custom_mujoco_state_resampled_v2_humanoid__inr_transformer_history_conditioned__new_policy__s1,custom_mujoco_state_resampled_v2_humanoid,inr_transformer_history_conditioned,new_policy,1,0.6666666666666666,1.0,1.0,1.0,0.1819516271352768,0.4695221781730652,0.4679625061035613,0.0001539438817417249,0.6852168840396924,,,1.0,1.0033328996429443,358,117,117,0
/mnt/data/INR/outputs/mujoco/suites/state_resampled_v2/runs/custom_mujoco_state_resampled_v2/custom_mujoco_state_resampled_v2_halfcheetah__inr_transformer_history_conditioned__single_shift__s1,custom_mujoco_state_resampled_v2_halfcheetah,inr_transformer_history_conditioned,single_shift,1,0.9482758620689655,0.9482758620689655,1.0,1.0,nan,0.2213449329137802,0.20600390211461145,0.0007114160689525306,0.4704730947820292,,,1.0,1.0744696126708984,358,58,58,19
/mnt/data/INR/outputs/mujoco/suites/state_resampled_v2/runs/custom_mujoco_state_resampled_v2/custom_mujoco_state_resampled_v2_humanoid__inr_diffusion_history_conditioned__no_shift__s0,custom_mujoco_state_resampled_v2_humanoid,inr_diffusion_history_conditioned,no_shift,0,1.0,1.0,1.0,1.0,nan,0.10704834014177322,0.10686895919137633,0.055408209562301636,0.32718242639508194,,,1.0,1.0016785131225585,358,78,78,0
/mnt/data/INR/outputs/mujoco/suites/state_resampled_v2/runs/custom_mujoco_state_resampled_v2/custom_mujoco_state_resampled_v2_hopper__inr_diffusion_history_conditioned__novel_generalization__s0,custom_mujoco_state_resampled_v2_hopper,inr_diffusion_history_conditioned,novel_generalization,0,0.4444444444444444,0.6666666666666666,1.0,1.0,0.6960641741752625,1.6083731651306152,1.9485232197554971,1.3636994361877441,1.2682165292766907,,,1.0,0.8254318700561524,180,117,117,0
/mnt/data/INR/outputs/mujoco/suites/state_resampled_v2/runs/custom_mujoco_state_resampled_v2/custom_mujoco_state_resampled_v2_halfcheetah__cvae__no_shift__s1,custom_mujoco_state_resampled_v2_halfcheetah,cvae,no_shift,1,1.0,1.0,1.0,1.0,nan,0.008317294530570507,0.008396400053720166,0.0036725637037307024,0.09119920246674587,,,1.0,0.9905786381492615,358,78,78,0
/mnt/data/INR/outputs/mujoco/suites/state_resampled_v2/runs/custom_mujoco_state_resampled_v2/custom_mujoco_state_resampled_v2_halfcheetah__inr_transformer_history_conditioned__no_shift__s1,custom_mujoco_state_resampled_v2_halfcheetah,inr_transformer_history_conditioned,no_shift,1,1.0,1.0,1.0,1.0,nan,0.0015096080023795366,0.0015239658359683576,0.0003390648344065994,0.03885367424555285,,,1.0,0.9905786381492615,358,78,78,0
/mnt/data/INR/outputs/mujoco/suites/state_resampled_v2/runs/custom_mujoco_state_resampled_v2/custom_mujoco_state_resampled_v2_walker2d__inr_transformer_fitted_latent__new_policy__s0,custom_mujoco_state_resampled_v2_walker2d,inr_transformer_fitted_latent,new_policy,0,0.6666666666666666,1.0,0.9743589743589743,0.9914529914529915,0.015302843414247036,0.6984050273895264,0.6813641662438868,0.47110453248023987,0.8357063045050733,,,1.0,1.0250099168548583,358,117,117,0
/mnt/data/INR/outputs/mujoco/suites/state_resampled_v2/runs/custom_mujoco_state_resampled_v2/custom_mujoco_state_resampled_v2_walker2d__cvae__new_policy__s1,custom_mujoco_state_resampled_v2_walker2d,cvae,new_policy,1,0.6666666666666666,1.0,1.0,1.0,0.8716021776199341,0.3757045865058899,0.36835551377688497,0.006194379646331072,0.6129474581935143,,,1.0,1.0199510322341918,358,117,117,0
/mnt/data/INR/outputs/mujoco/suites/state_resampled_v2/runs/custom_mujoco_state_resampled_v2/custom_mujoco_state_resampled_v2_ant__inr_transformer_history_conditioned__novel_generalization__s0,custom_mujoco_state_resampled_v2_ant,inr_transformer_history_conditioned,novel_generalization,0,0.6666666666666666,1.0,0.9658119658119658,0.9829059829059829,3.089834213256836,0.8726276755332947,0.9539183127337424,0.6195341348648071,0.9341454252595228,,,1.0,0.914782391620636,180,117,117,0
/mnt/data/INR/outputs/mujoco/suites/state_resampled_v2/runs/custom_mujoco_state_resampled_v2/custom_mujoco_state_resampled_v2_halfcheetah__inr_diffusion_history_conditioned__no_shift__s1,custom_mujoco_state_resampled_v2_halfcheetah,inr_diffusion_history_conditioned,no_shift,1,1.0,1.0,1.0,1.0,nan,0.4368416666984558,0.44099645386521247,0.11907961964607239,0.66093998721401,,,1.0,0.9905786381492615,358,78,78,0
/mnt/data/INR/outputs/mujoco/suites/state_resampled_v2/runs/custom_mujoco_state_resampled_v2/custom_mujoco_state_resampled_v2_hopper__inr_transformer_history_conditioned__single_shift__s0,custom_mujoco_state_resampled_v2_hopper,inr_transformer_history_conditioned,single_shift,0,1.0,1.0,1.0,1.0,nan,0.5396997928619385,0.3614865219364849,0.0013636270305141807,0.7346426293524889,,,1.0,1.4930011497268676,358,58,58,19
/mnt/data/INR/outputs/mujoco/suites/state_resampled_v2/runs/custom_mujoco_state_resampled_v2/custom_mujoco_state_resampled_v2_halfcheetah__inr_transformer_history_conditioned__new_policy__s1,custom_mujoco_state_resampled_v2_halfcheetah,inr_transformer_history_conditioned,new_policy,1,0.6666666666666666,1.0,1.0,1.0,0.26260825991630554,0.24227966368198395,0.22659942347970818,0.00066230638185516,0.4922191216135187,,,1.0,1.0691980586776733,358,117,117,0
/mnt/data/INR/outputs/mujoco/suites/state_resampled_v2/runs/custom_mujoco_state_resampled_v2/custom_mujoco_state_resampled_v2_walker2d__inr_transformer_history_conditioned__new_policy__s0,custom_mujoco_state_resampled_v2_walker2d,inr_transformer_history_conditioned,new_policy,0,0.6666666666666666,1.0,1.0,1.0,0.354319304227829,0.3740692138671875,0.3649420436974717,0.0007053521112538874,0.6116119798264154,,,1.0,1.0250099168548583,358,117,117,0
/mnt/data/INR/outputs/mujoco/suites/state_resampled_v2/runs/custom_mujoco_state_resampled_v2/custom_mujoco_state_resampled_v2_hopper__cvae__novel_generalization__s1,custom_mujoco_state_resampled_v2_hopper,cvae,novel_generalization,1,0.4017094017094017,0.6025641025641025,1.0,1.0,1.3537894487380981,1.4978618621826172,1.816533289260419,1.204933762550354,1.2238716690007239,,,1.0,0.8245716558227539,180,117,117,0
/mnt/data/INR/outputs/mujoco/suites/state_resampled_v2/runs/custom_mujoco_state_resampled_v2/custom_mujoco_state_resampled_v2_halfcheetah__inr_transformer_history_conditioned__single_shift__s0,custom_mujoco_state_resampled_v2_halfcheetah,inr_transformer_history_conditioned,single_shift,0,1.0,1.0,1.0,1.0,nan,0.19878548383712769,0.18598766647360457,0.00047801752225495875,0.4458536574226208,,,1.0,1.0688100324401855,358,58,58,19
/mnt/data/INR/outputs/mujoco/suites/state_resampled_v2/runs/custom_mujoco_state_resampled_v2/custom_mujoco_state_resampled_v2_hopper__inr_diffusion_history_conditioned__single_shift__s1,custom_mujoco_state_resampled_v2_hopper,inr_diffusion_history_conditioned,single_shift,1,1.0,1.0,1.0,1.0,nan,0.7618038654327393,0.5164651510304099,0.1614350825548172,0.8728137633153703,,,1.0,1.475034402442932,358,58,58,19
/mnt/data/INR/outputs/mujoco/suites/state_resampled_v2/runs/custom_mujoco_state_resampled_v2/custom_mujoco_state_resampled_v2_halfcheetah__inr_transformer_fitted_latent__generalization__s0,custom_mujoco_state_resampled_v2_halfcheetah,inr_transformer_fitted_latent,generalization,0,1.0,1.0,1.0,1.0,nan,0.5974079370498657,0.6912824587508075,0.5146255493164062,0.7729216888209735,,,1.0,0.8642023669013977,180,78,78,0
/mnt/data/INR/outputs/mujoco/suites/state_resampled_v2/runs/custom_mujoco_state_resampled_v2/custom_mujoco_state_resampled_v2_ant__inr_transformer_history_conditioned__single_shift__s0,custom_mujoco_state_resampled_v2_ant,inr_transformer_history_conditioned,single_shift,0,0.9827586206896551,0.9827586206896551,1.0,1.0,nan,0.3820855915546417,0.35612485919430964,0.0005285414517857134,0.6181307236779626,,,1.0,1.0728978381881713,358,58,58,19
/mnt/data/INR/outputs/mujoco/suites/state_resampled_v2/runs/custom_mujoco_state_resampled_v2/custom_mujoco_state_resampled_v2_humanoid__inr_transformer_fitted_latent__specialization__s0,custom_mujoco_state_resampled_v2_humanoid,inr_transformer_fitted_latent,specialization,0,1.0,1.0,1.0,1.0,nan,0.9483321309089661,0.7904622692840745,0.8831403851509094,0.9738234598267624,,,1.0,1.1997184024581908,358,38,38,38
/mnt/data/INR/outputs/mujoco/suites/state_resampled_v2/runs/custom_mujoco_state_resampled_v2/custom_mujoco_state_resampled_v2_ant__inr_diffusion_history_conditioned__generalization__s0,custom_mujoco_state_resampled_v2_ant,inr_diffusion_history_conditioned,generalization,0,1.0,1.0,1.0,1.0,nan,0.8108730316162109,0.9072475344389562,0.6137840747833252,0.9004848869449231,,,1.0,0.8937726484069825,180,78,78,0
/mnt/data/INR/outputs/mujoco/suites/state_resampled_v2/runs/custom_mujoco_state_resampled_v2/custom_mujoco_state_resampled_v2_ant__inr_diffusion_history_conditioned__new_policy__s0,custom_mujoco_state_resampled_v2_ant,inr_diffusion_history_conditioned,new_policy,0,0.6666666666666666,1.0,1.0,1.0,0.5136515498161316,0.7325224876403809,0.703242910823805,0.13540087640285492,0.8558752757501416,,,1.0,1.0416350827941894,358,117,117,0
/mnt/data/INR/outputs/mujoco/suites/state_resampled_v2/runs/custom_mujoco_state_resampled_v2/custom_mujoco_state_resampled_v2_humanoid__inr_transformer_fitted_latent__conflation__s0,custom_mujoco_state_resampled_v2_humanoid,inr_transformer_fitted_latent,conflation,0,1.0,1.0,1.0,1.0,nan,0.00022385470219887793,0.00022432296012451272,0.00014462231774814427,0.014961774700846085,,,1.0,0.9979125724563599,269,58,58,19
/mnt/data/INR/outputs/mujoco/suites/state_resampled_v2/runs/custom_mujoco_state_resampled_v2/custom_mujoco_state_resampled_v2_humanoid__inr_transformer_fitted_latent__novel_generalization__s0,custom_mujoco_state_resampled_v2_humanoid,inr_transformer_fitted_latent,novel_generalization,0,0.6666666666666666,1.0,1.0,1.0,0.022051693871617317,1.0968031883239746,1.1238113026374945,1.0294127464294434,1.0472837191153,,,1.0,0.9759673939476013,180,117,117,0
/mnt/data/INR/outputs/mujoco/suites/state_resampled_v2/runs/custom_mujoco_state_resampled_v2/custom_mujoco_state_resampled_v2_ant__inr_diffusion_history_conditioned__single_shift__s1,custom_mujoco_state_resampled_v2_ant,inr_diffusion_history_conditioned,single_shift,1,0.8103448275862069,0.8103448275862069,1.0,1.0,nan,0.5563251972198486,0.5233698609318128,0.16066327691078186,0.745872105135893,,,1.0,1.0629675851593017,358,58,58,19
/mnt/data/INR/outputs/mujoco/suites/state_resampled_v2/runs/custom_mujoco_state_resampled_v2/custom_mujoco_state_resampled_v2_ant__inr_diffusion_history_conditioned__novel_generalization__s0,custom_mujoco_state_resampled_v2_ant,inr_diffusion_history_conditioned,novel_generalization,0,0.6666666666666666,1.0,0.9572649572649573,0.9743589743589743,4.781921863555908,1.0355886220932007,1.1320600741544045,0.8342220783233643,1.0176387483253577,,,1.0,0.914782391620636,180,117,117,0
/mnt/data/INR/outputs/mujoco/suites/state_resampled_v2/runs/custom_mujoco_state_resampled_v2/custom_mujoco_state_resampled_v2_halfcheetah__cvae__generalization__s1,custom_mujoco_state_resampled_v2_halfcheetah,cvae,generalization,1,0.9230769230769231,0.9230769230769231,1.0,1.0,nan,0.47442853450775146,0.5542125507247008,0.3175932466983795,0.6887877281918947,,,1.0,0.8560407624969483,180,78,78,0
/mnt/data/INR/outputs/mujoco/suites/state_resampled_v2/runs/custom_mujoco_state_resampled_v2/custom_mujoco_state_resampled_v2_hopper__inr_diffusion_history_conditioned__specialization__s0,custom_mujoco_state_resampled_v2_hopper,inr_diffusion_history_conditioned,specialization,0,0.5,0.5,0.8947368421052632,0.9736842105263158,nan,2.366054058074951,1.4695138688247253,1.9079793691635132,1.5381983155870869,,,1.0,1.6100930438766479,358,38,38,38
/mnt/data/INR/outputs/mujoco/suites/state_resampled_v2/runs/custom_mujoco_state_resampled_v2/custom_mujoco_state_resampled_v2_humanoid__cvae__single_shift__s1,custom_mujoco_state_resampled_v2_humanoid,cvae,single_shift,1,1.0,1.0,1.0,1.0,nan,0.4236729145050049,0.39213613309722534,0.004101276397705078,0.6509016166096109,,,1.0,1.080423043800354,358,58,58,19
/mnt/data/INR/outputs/mujoco/suites/state_resampled_v2/runs/custom_mujoco_state_resampled_v2/custom_mujoco_state_resampled_v2_hopper__inr_diffusion_history_conditioned__novel_generalization__s1,custom_mujoco_state_resampled_v2_hopper,inr_diffusion_history_conditioned,novel_generalization,1,0.5470085470085471,0.8205128205128205,0.9914529914529915,0.9914529914529915,1.6406152248382568,1.5430538654327393,1.871339930903988,1.270548939704895,1.2421971926520923,,,1.0,0.8245716558227539,180,117,117,0
/mnt/data/INR/outputs/mujoco/suites/state_resampled_v2/runs/custom_mujoco_state_resampled_v2/custom_mujoco_state_resampled_v2_ant__inr_diffusion_history_conditioned__no_shift__s1,custom_mujoco_state_resampled_v2_ant,inr_diffusion_history_conditioned,no_shift,1,1.0,1.0,1.0,1.0,nan,0.16077116131782532,0.16127165957856313,0.05511315166950226,0.4009627929344883,,,1.0,0.9968965516815186,358,78,78,0
/mnt/data/INR/outputs/mujoco/suites/state_resampled_v2/runs/custom_mujoco_state_resampled_v2/custom_mujoco_state_resampled_v2_halfcheetah__inr_transformer_fitted_latent__new_policy__s0,custom_mujoco_state_resampled_v2_halfcheetah,inr_transformer_fitted_latent,new_policy,0,0.6666666666666666,1.0,1.0,1.0,0.007236648816615343,0.5506805777549744,0.5126557782744994,0.4067693054676056,0.7420785522806695,,,1.0,1.0741721854934692,358,117,117,0
/mnt/data/INR/outputs/mujoco/suites/state_resampled_v2/runs/custom_mujoco_state_resampled_v2/custom_mujoco_state_resampled_v2_ant__inr_transformer_fitted_latent__conflation__s1,custom_mujoco_state_resampled_v2_ant,inr_transformer_fitted_latent,conflation,1,1.0,1.0,1.0,1.0,nan,0.00011434617772465572,0.00011527604375457704,8.180490840459242e-05,0.010693277220976538,,,1.0,0.9919335709342957,269,58,58,19
/mnt/data/INR/outputs/mujoco/suites/state_resampled_v2/runs/custom_mujoco_state_resampled_v2/custom_mujoco_state_resampled_v2_walker2d__cvae__specialization__s1,custom_mujoco_state_resampled_v2_walker2d,cvae,specialization,1,0.7368421052631579,0.7368421052631579,1.0,1.0,nan,1.766406774520874,1.261835144584856,1.5690134763717651,1.3290623666784318,,,1.0,1.3998712764511108,358,38,38,38
/mnt/data/INR/outputs/mujoco/suites/state_resampled_v2/runs/custom_mujoco_state_resampled_v2/custom_mujoco_state_resampled_v2_humanoid__inr_transformer_fitted_latent__no_shift__s1,custom_mujoco_state_resampled_v2_humanoid,inr_transformer_fitted_latent,no_shift,1,1.0,1.0,1.0,1.0,nan,0.4637344181537628,0.464634879946697,0.38704386353492737,0.6809804829462903,,,1.0,0.9980620013008118,358,78,78,0
/mnt/data/INR/outputs/mujoco/suites/state_resampled_v2/runs/custom_mujoco_state_resampled_v2/custom_mujoco_state_resampled_v2_ant__cvae__no_shift__s1,custom_mujoco_state_resampled_v2_ant,cvae,no_shift,1,1.0,1.0,1.0,1.0,nan,0.008583380840718746,0.008610101846817205,0.004325158428400755,0.0926465371221113,,,1.0,0.9968965516815186,358,78,78,0
/mnt/data/INR/outputs/mujoco/suites/state_resampled_v2/runs/custom_mujoco_state_resampled_v2/custom_mujoco_state_resampled_v2_ant__inr_transformer_history_conditioned__generalization__s1,custom_mujoco_state_resampled_v2_ant,inr_transformer_history_conditioned,generalization,1,1.0,1.0,1.0,1.0,nan,0.5132046937942505,0.5772438467655245,0.3905320167541504,0.7163830635869685,,,1.0,0.8890604840049744,180,78,78,0
/mnt/data/INR/outputs/mujoco/suites/state_resampled_v2/runs/custom_mujoco_state_resampled_v2/custom_mujoco_state_resampled_v2_humanoid__inr_diffusion_history_conditioned__new_policy__s0,custom_mujoco_state_resampled_v2_humanoid,inr_diffusion_history_conditioned,new_policy,0,0.6666666666666666,1.0,1.0,1.0,0.12462975084781647,0.48791471123695374,0.4846237841168509,0.12498458474874496,0.698508919940865,,,1.0,1.0067906842956542,358,117,117,0
/mnt/data/INR/outputs/mujoco/suites/state_resampled_v2/runs/custom_mujoco_state_resampled_v2/custom_mujoco_state_resampled_v2_hopper__inr_transformer_history_conditioned__specialization__s1,custom_mujoco_state_resampled_v2_hopper,inr_transformer_history_conditioned,specialization,1,0.5,0.5,1.0,1.0,nan,1.7441809177398682,1.0862417573042602,1.5218840837478638,1.3206744177653582,,,1.0,1.6057023273239135,358,38,38,38
/mnt/data/INR/outputs/mujoco/suites/state_resampled_v2/runs/custom_mujoco_state_resampled_v2/custom_mujoco_state_resampled_v2_humanoid__inr_transformer_fitted_latent__single_shift__s0,custom_mujoco_state_resampled_v2_humanoid,inr_transformer_fitted_latent,single_shift,0,1.0,1.0,1.0,1.0,nan,0.6547375321388245,0.6090981699561069,0.508382260799408,0.8091585333782401,,,1.0,1.0749294029006957,358,58,58,19
/mnt/data/INR/outputs/mujoco/suites/state_resampled_v2/runs/custom_mujoco_state_resampled_v2/custom_mujoco_state_resampled_v2_walker2d__inr_transformer_history_conditioned__novel_generalization__s0,custom_mujoco_state_resampled_v2_walker2d,inr_transformer_history_conditioned,novel_generalization,0,0.6666666666666666,1.0,0.9743589743589743,0.9829059829059829,3.0298919677734375,0.785332977771759,0.9636156074366643,0.6403539180755615,0.8861901476386199,,,1.0,0.8149857388267517,180,117,117,0
/mnt/data/INR/outputs/mujoco/suites/state_resampled_v2/runs/custom_mujoco_state_resampled_v2/custom_mujoco_state_resampled_v2_hopper__inr_transformer_history_conditioned__single_shift__s1,custom_mujoco_state_resampled_v2_hopper,inr_transformer_history_conditioned,single_shift,1,1.0,1.0,1.0,1.0,nan,0.5172772407531738,0.35068825506474033,0.001876804861240089,0.7192198834523236,,,1.0,1.475034402442932,358,58,58,19
/mnt/data/INR/outputs/mujoco/suites/state_resampled_v2/runs/custom_mujoco_state_resampled_v2/custom_mujoco_state_resampled_v2_halfcheetah__inr_diffusion_history_conditioned__novel_generalization__s1,custom_mujoco_state_resampled_v2_halfcheetah,inr_diffusion_history_conditioned,novel_generalization,1,0.6666666666666666,1.0,1.0,1.0,0.4766989052295685,0.98763507604599,1.0781355553729515,0.822540283203125,0.9937983075282378,,,1.0,0.9160583482513428,180,117,117,0
/mnt/data/INR/outputs/mujoco/suites/state_resampled_v2/runs/custom_mujoco_state_resampled_v2/custom_mujoco_state_resampled_v2_ant__inr_transformer_fitted_latent__single_shift__s1,custom_mujoco_state_resampled_v2_ant,inr_transformer_fitted_latent,single_shift,1,1.0,1.0,1.0,1.0,nan,0.623144805431366,0.5862312399093321,0.36682817339897156,0.7893952149787621,,,1.0,1.0629675851593017,358,58,58,19
/mnt/data/INR/outputs/mujoco/suites/state_resampled_v2/runs/custom_mujoco_state_resampled_v2/custom_mujoco_state_resampled_v2_halfcheetah__inr_diffusion_history_conditioned__new_policy__s1,custom_mujoco_state_resampled_v2_halfcheetah,inr_diffusion_history_conditioned,new_policy,1,0.6666666666666666,1.0,1.0,1.0,0.10619866847991943,0.6237356662750244,0.5833677504488057,0.2714456021785736,0.7897693753717122,,,1.0,1.0691980586776733,358,117,117,0
/mnt/data/INR/outputs/mujoco/suites/state_resampled_v2/runs/custom_mujoco_state_resampled_v2/custom_mujoco_state_resampled_v2_halfcheetah__cvae__single_shift__s1,custom_mujoco_state_resampled_v2_halfcheetah,cvae,single_shift,1,1.0,1.0,1.0,1.0,nan,0.2853270173072815,0.2655514999610091,0.0072573511861264706,0.5341601045634927,,,1.0,1.0744696126708984,358,58,58,19
/mnt/data/INR/outputs/mujoco/suites/state_resampled_v2/runs/custom_mujoco_state_resampled_v2/custom_mujoco_state_resampled_v2_walker2d__inr_diffusion_history_conditioned__generalization__s0,custom_mujoco_state_resampled_v2_walker2d,inr_diffusion_history_conditioned,generalization,0,1.0,1.0,1.0,1.0,nan,0.9675683379173279,1.2230257427063864,0.7917109131813049,0.9836505161475431,,,1.0,0.7911267147789002,180,78,78,0
/mnt/data/INR/outputs/mujoco/suites/state_resampled_v2/runs/custom_mujoco_state_resampled_v2/custom_mujoco_state_resampled_v2_ant__cvae__single_shift__s0,custom_mujoco_state_resampled_v2_ant,cvae,single_shift,0,0.9137931034482759,0.9137931034482759,1.0,1.0,nan,0.6643770337104797,0.6192360633631524,0.006962083745747805,0.815093266878386,,,1.0,1.0728978381881713,358,58,58,19
/mnt/data/INR/outputs/mujoco/suites/state_resampled_v2/runs/custom_mujoco_state_resampled_v2/custom_mujoco_state_resampled_v2_humanoid__inr_transformer_history_conditioned__conflation__s0,custom_mujoco_state_resampled_v2_humanoid,inr_transformer_history_conditioned,conflation,0,1.0,1.0,1.0,1.0,nan,0.00026760142645798624,0.0002681611935194742,0.00016936485189944506,0.016358527637229038,,,1.0,0.9979125724563599,269,58,58,19
/mnt/data/INR/outputs/mujoco/suites/state_resampled_v2/runs/custom_mujoco_state_resampled_v2/custom_mujoco_state_resampled_v2_humanoid__inr_transformer_history_conditioned__single_shift__s1,custom_mujoco_state_resampled_v2_humanoid,inr_transformer_history_conditioned,single_shift,1,1.0,1.0,1.0,1.0,nan,0.2755429148674011,0.2550324305359016,0.00018323620315641165,0.5249218178618613,,,1.0,1.080423043800354,358,58,58,19
/mnt/data/INR/outputs/mujoco/suites/state_resampled_v2/runs/custom_mujoco_state_resampled_v2/custom_mujoco_state_resampled_v2_hopper__inr_transformer_fitted_latent__specialization__s1,custom_mujoco_state_resampled_v2_hopper,inr_transformer_fitted_latent,specialization,1,0.5,0.5,0.9736842105263158,0.9736842105263158,nan,2.2747368812561035,1.4166616330731816,1.8441883325576782,1.508223087363439,,,1.0,1.6057023273239135,358,38,38,38
/mnt/data/INR/outputs/mujoco/suites/state_resampled_v2/runs/custom_mujoco_state_resampled_v2/custom_mujoco_state_resampled_v2_halfcheetah__inr_transformer_history_conditioned__generalization__s1,custom_mujoco_state_resampled_v2_halfcheetah,inr_transformer_history_conditioned,generalization,1,1.0,1.0,1.0,1.0,nan,0.3563586473464966,0.4162870075334374,0.2101702243089676,0.5969578271088307,,,1.0,0.8560407624969483,180,78,78,0
/mnt/data/INR/outputs/mujoco/suites/state_resampled_v2/runs/custom_mujoco_state_resampled_v2/custom_mujoco_state_resampled_v2_humanoid__cvae__new_policy__s1,custom_mujoco_state_resampled_v2_humanoid,cvae,new_policy,1,0.6666666666666666,1.0,1.0,1.0,0.2651120126247406,0.47052451968193054,0.4689615180060137,0.004238927271217108,0.6859478986642721,,,1.0,1.0033328996429443,358,117,117,0
/mnt/data/INR/outputs/mujoco/suites/state_resampled_v2/runs/custom_mujoco_state_resampled_v2/custom_mujoco_state_resampled_v2_humanoid__inr_transformer_fitted_latent__specialization__s1,custom_mujoco_state_resampled_v2_humanoid,inr_transformer_fitted_latent,specialization,1,1.0,1.0,1.0,1.0,nan,0.9215009808540344,0.7654883367210521,0.8294666409492493,0.9599484261427977,,,1.0,1.20380799634552,358,38,38,38
/mnt/data/INR/outputs/mujoco/suites/state_resampled_v2/runs/custom_mujoco_state_resampled_v2/custom_mujoco_state_resampled_v2_humanoid__inr_diffusion_history_conditioned__novel_generalization__s0,custom_mujoco_state_resampled_v2_humanoid,inr_diffusion_history_conditioned,novel_generalization,0,0.6666666666666666,1.0,1.0,1.0,0.28707724809646606,0.8614250421524048,0.8826371121560787,0.7820042371749878,0.9281298627629675,,,1.0,0.9759673939476013,180,117,117,0
/mnt/data/INR/outputs/mujoco/suites/state_resampled_v2/runs/custom_mujoco_state_resampled_v2/custom_mujoco_state_resampled_v2_hopper__inr_transformer_history_conditioned__generalization__s0,custom_mujoco_state_resampled_v2_hopper,inr_transformer_history_conditioned,generalization,0,0.8974358974358975,0.8974358974358975,1.0,1.0,nan,0.9534033536911011,1.4261503626860368,0.7623319625854492,0.9764237572340715,,,1.0,0.6685153113136292,180,78,78,0
/mnt/data/INR/outputs/mujoco/suites/state_resampled_v2/runs/custom_mujoco_state_resampled_v2/custom_mujoco_state_resampled_v2_walker2d__inr_transformer_history_conditioned__no_shift__s1,custom_mujoco_state_resampled_v2_walker2d,inr_transformer_history_conditioned,no_shift,1,1.0,1.0,1.0,1.0,nan,0.0011252730619162321,0.00113168997395604,0.00047397249727509916,0.033545089982234835,,,1.0,0.9943297968635559,358,78,78,0
/mnt/data/INR/outputs/mujoco/suites/state_resampled_v2/runs/custom_mujoco_state_resampled_v2/custom_mujoco_state_resampled_v2_humanoid__cvae__specialization__s0,custom_mujoco_state_resampled_v2_humanoid,cvae,specialization,0,1.0,1.0,1.0,1.0,nan,1.1368907690048218,0.9476313497195368,0.8356273770332336,1.0662508002364275,,,1.0,1.1997184024581908,358,38,38,38
/mnt/data/INR/outputs/mujoco/suites/state_resampled_v2/runs/custom_mujoco_state_resampled_v2/custom_mujoco_state_resampled_v2_hopper__inr_transformer_history_conditioned__specialization__s0,custom_mujoco_state_resampled_v2_hopper,inr_transformer_history_conditioned,specialization,0,0.5,0.5,0.8947368421052632,0.9736842105263158,nan,1.7989130020141602,1.1172726997707458,1.4343341588974,1.3412356250913409,,,1.0,1.6100930438766479,358,38,38,38
/mnt/data/INR/outputs/mujoco/suites/state_resampled_v2/runs/custom_mujoco_state_resampled_v2/custom_mujoco_state_resampled_v2_humanoid__cvae__no_shift__s0,custom_mujoco_state_resampled_v2_humanoid,cvae,no_shift,0,1.0,1.0,1.0,1.0,nan,0.003771534189581871,0.0037652142280907765,0.0031732115894556046,0.06141281779548852,,,1.0,1.0016785131225585,358,78,78,0
/mnt/data/INR/outputs/mujoco/suites/state_resampled_v2/runs/custom_mujoco_state_resampled_v2/custom_mujoco_state_resampled_v2_humanoid__inr_diffusion_history_conditioned__generalization__s1,custom_mujoco_state_resampled_v2_humanoid,inr_diffusion_history_conditioned,generalization,1,1.0,1.0,1.0,1.0,nan,0.6932386159896851,0.7282589345542332,0.5728498697280884,0.8326095219186993,,,1.0,0.9519122706184387,180,78,78,0
/mnt/data/INR/outputs/mujoco/suites/state_resampled_v2/runs/custom_mujoco_state_resampled_v2/custom_mujoco_state_resampled_v2_walker2d__inr_transformer_history_conditioned__conflation__s1,custom_mujoco_state_resampled_v2_walker2d,inr_transformer_history_conditioned,conflation,1,1.0,1.0,1.0,1.0,nan,0.0013479135232046247,0.0013496365842103743,0.0007003958453424275,0.03671394180968075,,,1.0,0.9987233148345948,269,58,58,19
/mnt/data/INR/outputs/mujoco/suites/state_resampled_v2/runs/custom_mujoco_state_resampled_v2/custom_mujoco_state_resampled_v2_humanoid__inr_transformer_fitted_latent__new_policy__s1,custom_mujoco_state_resampled_v2_humanoid,inr_transformer_fitted_latent,new_policy,1,0.6666666666666666,1.0,1.0,1.0,0.015870412811636925,0.8216742277145386,0.8189447669930364,0.5970641374588013,0.90646248003684,,,1.0,1.0033328996429443,358,117,117,0
/mnt/data/INR/outputs/mujoco/suites/state_resampled_v2/runs/custom_mujoco_state_resampled_v2/custom_mujoco_state_resampled_v2_ant__inr_transformer_history_conditioned__conflation__s0,custom_mujoco_state_resampled_v2_ant,inr_transformer_history_conditioned,conflation,0,1.0,1.0,1.0,1.0,nan,0.0006485948106274009,0.0006462058104839355,0.00012458034325391054,0.025467524627010785,,,1.0,1.0036969648132323,269,58,58,19
/mnt/data/INR/outputs/mujoco/suites/state_resampled_v2/runs/custom_mujoco_state_resampled_v2/custom_mujoco_state_resampled_v2_walker2d__inr_transformer_fitted_latent__no_shift__s0,custom_mujoco_state_resampled_v2_walker2d,inr_transformer_fitted_latent,no_shift,0,1.0,1.0,1.0,1.0,nan,0.39617443084716797,0.39646640006895195,0.33829882740974426,0.6294238880493558,,,1.0,0.9992635713348389,358,78,78,0
/mnt/data/INR/outputs/mujoco/suites/state_resampled_v2/runs/custom_mujoco_state_resampled_v2/custom_mujoco_state_resampled_v2_hopper__inr_transformer_fitted_latent__no_shift__s1,custom_mujoco_state_resampled_v2_hopper,inr_transformer_fitted_latent,no_shift,1,1.0,1.0,1.0,1.0,nan,0.33622726798057556,0.3366466054773774,0.22193290293216705,0.579851073966907,,,1.0,0.9987543688545227,358,78,78,0
/mnt/data/INR/outputs/mujoco/suites/state_resampled_v2/runs/custom_mujoco_state_resampled_v2/custom_mujoco_state_resampled_v2_halfcheetah__cvae__single_shift__s0,custom_mujoco_state_resampled_v2_halfcheetah,cvae,single_shift,0,0.9827586206896551,0.9827586206896551,1.0,1.0,nan,0.21166636049747467,0.19803927178174227,0.006773253902792931,0.4600721253211008,,,1.0,1.0688100324401855,358,58,58,19
/mnt/data/INR/outputs/mujoco/suites/state_resampled_v2/runs/custom_mujoco_state_resampled_v2/custom_mujoco_state_resampled_v2_humanoid__inr_diffusion_history_conditioned__single_shift__s1,custom_mujoco_state_resampled_v2_humanoid,inr_diffusion_history_conditioned,single_shift,1,1.0,1.0,1.0,1.0,nan,0.3347240686416626,0.30980833902272326,0.07196337729692459,0.5785534276466285,,,1.0,1.080423043800354,358,58,58,19
/mnt/data/INR/outputs/mujoco/suites/state_resampled_v2/runs/custom_mujoco_state_resampled_v2/custom_mujoco_state_resampled_v2_walker2d__inr_transformer_fitted_latent__generalization__s0,custom_mujoco_state_resampled_v2_walker2d,inr_transformer_fitted_latent,generalization,0,1.0,1.0,1.0,1.0,nan,0.9355031251907349,1.1824946721110083,0.7536072731018066,0.9672141051446339,,,1.0,0.7911267147789002,180,78,78,0
/mnt/data/INR/outputs/mujoco/suites/state_resampled_v2/runs/custom_mujoco_state_resampled_v2/custom_mujoco_state_resampled_v2_hopper__inr_transformer_history_conditioned__novel_generalization__s0,custom_mujoco_state_resampled_v2_hopper,inr_transformer_history_conditioned,novel_generalization,0,0.5982905982905983,0.8974358974358975,0.9914529914529915,0.9914529914529915,1.8987722396850586,1.3585546016693115,1.6458712716979198,1.0350228548049927,1.1655705048041116,,,1.0,0.8254318700561524,180,117,117,0
/mnt/data/INR/outputs/mujoco/suites/state_resampled_v2/runs/custom_mujoco_state_resampled_v2/custom_mujoco_state_resampled_v2_walker2d__cvae__generalization__s0,custom_mujoco_state_resampled_v2_walker2d,cvae,generalization,0,1.0,1.0,1.0,1.0,nan,0.6274504065513611,0.793109870808392,0.48632684350013733,0.7921176721620097,,,1.0,0.7911267147789002,180,78,78,0
/mnt/data/INR/outputs/mujoco/suites/state_resampled_v2/runs/custom_mujoco_state_resampled_v2/custom_mujoco_state_resampled_v2_walker2d__inr_transformer_fitted_latent__single_shift__s0,custom_mujoco_state_resampled_v2_walker2d,inr_transformer_fitted_latent,single_shift,0,1.0,1.0,1.0,1.0,nan,0.7142370939254761,0.642442501990306,0.49734973907470703,0.8451254900459908,,,1.0,1.1117525563964843,358,58,58,19
/mnt/data/INR/outputs/mujoco/suites/state_resampled_v2/runs/custom_mujoco_state_resampled_v2/custom_mujoco_state_resampled_v2_ant__inr_diffusion_history_conditioned__new_policy__s1,custom_mujoco_state_resampled_v2_ant,inr_diffusion_history_conditioned,new_policy,1,0.6666666666666666,1.0,1.0,1.0,0.2288830578327179,0.7454339265823364,0.714445327513806,0.15207991003990173,0.8633851554099923,,,1.0,1.0433743463287353,358,117,117,0
/mnt/data/INR/outputs/mujoco/suites/state_resampled_v2/runs/custom_mujoco_state_resampled_v2/custom_mujoco_state_resampled_v2_ant__inr_transformer_fitted_latent__novel_generalization__s0,custom_mujoco_state_resampled_v2_ant,inr_transformer_fitted_latent,novel_generalization,0,0.6666666666666666,1.0,1.0,1.0,0.01534627377986908,0.9355980157852173,1.0227547276327698,0.6948549747467041,0.9672631574629612,,,1.0,0.914782391620636,180,117,117,0
/mnt/data/INR/outputs/mujoco/suites/state_resampled_v2/runs/custom_mujoco_state_resampled_v2/custom_mujoco_state_resampled_v2_ant__inr_transformer_fitted_latent__new_policy__s0,custom_mujoco_state_resampled_v2_ant,inr_transformer_fitted_latent,new_policy,0,0.6666666666666666,1.0,0.9914529914529915,0.9914529914529915,0.00470780860632658,0.828542947769165,0.7954253475666315,0.37077802419662476,0.9102433453583525,,,1.0,1.0416350827941894,358,117,117,0
/mnt/data/INR/outputs/mujoco/suites/state_resampled_v2/runs/custom_mujoco_state_resampled_v2/custom_mujoco_state_resampled_v2_halfcheetah__inr_transformer_fitted_latent__no_shift__s1,custom_mujoco_state_resampled_v2_halfcheetah,inr_transformer_fitted_latent,no_shift,1,1.0,1.0,1.0,1.0,nan,0.3324689269065857,0.33563102827227426,0.3152000606060028,0.576601185314933,,,1.0,0.9905786381492615,358,78,78,0
/mnt/data/INR/outputs/mujoco/suites/state_resampled_v2/runs/custom_mujoco_state_resampled_v2/custom_mujoco_state_resampled_v2_humanoid__inr_transformer_history_conditioned__specialization__s0,custom_mujoco_state_resampled_v2_humanoid,inr_transformer_history_conditioned,specialization,0,1.0,1.0,1.0,1.0,nan,0.746931791305542,0.6225892590920492,0.620697021484375,0.8642521572466811,,,1.0,1.1997184024581908,358,38,38,38
/mnt/data/INR/outputs/mujoco/suites/state_resampled_v2/runs/custom_mujoco_state_resampled_v2/custom_mujoco_state_resampled_v2_walker2d__inr_transformer_history_conditioned__novel_generalization__s1,custom_mujoco_state_resampled_v2_walker2d,inr_transformer_history_conditioned,novel_generalization,1,0.6666666666666666,1.0,0.9487179487179487,0.9829059829059829,2.7196502685546875,0.7755560278892517,0.9584868088002926,0.6363039612770081,0.8806565890795638,,,1.0,0.8091462717781067,180,117,117,0
/mnt/data/INR/outputs/mujoco/suites/state_resampled_v2/runs/custom_mujoco_state_resampled_v2/custom_mujoco_state_resampled_v2_ant__cvae__specialization__s0,custom_mujoco_state_resampled_v2_ant,cvae,specialization,0,0.868421052631579,0.868421052631579,0.9736842105263158,0.9736842105263158,nan,1.9221558570861816,1.6112468606735992,1.2673252820968628,1.3864183557231855,,,1.0,1.192961739135742,358,38,38,38
/mnt/data/INR/outputs/mujoco/suites/state_resampled_v2/runs/custom_mujoco_state_resampled_v2/custom_mujoco_state_resampled_v2_humanoid__inr_transformer_history_conditioned__novel_generalization__s1,custom_mujoco_state_resampled_v2_humanoid,inr_transformer_history_conditioned,novel_generalization,1,0.6666666666666666,1.0,1.0,1.0,0.37841641902923584,0.8597085475921631,0.8839402872257429,0.7344865798950195,0.9272046956266794,,,1.0,0.972586678100586,180,117,117,0
/mnt/data/INR/outputs/mujoco/suites/state_resampled_v2/runs/custom_mujoco_state_resampled_v2/custom_mujoco_state_resampled_v2_humanoid__inr_diffusion_history_conditioned__novel_generalization__s1,custom_mujoco_state_resampled_v2_humanoid,inr_diffusion_history_conditioned,novel_generalization,1,0.6666666666666666,1.0,1.0,1.0,0.2651459276676178,0.8426997065544128,0.8664520351030964,0.7695774435997009,0.917986768180464,,,1.0,0.972586678100586,180,117,117,0
/mnt/data/INR/outputs/mujoco/suites/state_resampled_v2/runs/custom_mujoco_state_resampled_v2/custom_mujoco_state_resampled_v2_halfcheetah__inr_diffusion_history_conditioned__specialization__s0,custom_mujoco_state_resampled_v2_halfcheetah,inr_diffusion_history_conditioned,specialization,0,0.9473684210526315,0.9473684210526315,1.0,1.0,nan,0.9919173717498779,0.8270026886534132,0.7916460037231445,0.9959504865955325,,,1.0,1.1994125114212035,358,38,38,38
/mnt/data/INR/outputs/mujoco/suites/state_resampled_v2/runs/custom_mujoco_state_resampled_v2/custom_mujoco_state_resampled_v2_halfcheetah__inr_transformer_history_conditioned__generalization__s0,custom_mujoco_state_resampled_v2_halfcheetah,inr_transformer_history_conditioned,generalization,0,1.0,1.0,1.0,1.0,nan,0.3906019628047943,0.4519797419732831,0.24767766892910004,0.6249815699721027,,,1.0,0.8642023669013977,180,78,78,0
/mnt/data/INR/outputs/mujoco/suites/state_resampled_v2/runs/custom_mujoco_state_resampled_v2/custom_mujoco_state_resampled_v2_halfcheetah__inr_transformer_history_conditioned__conflation__s1,custom_mujoco_state_resampled_v2_halfcheetah,inr_transformer_history_conditioned,conflation,1,1.0,1.0,1.0,1.0,nan,0.0006162326317280531,0.0006180794494897804,0.00028992301668040454,0.024824033349318018,,,1.0,0.9970120058784485,269,58,58,19
/mnt/data/INR/outputs/mujoco/suites/state_resampled_v2/runs/custom_mujoco_state_resampled_v2/custom_mujoco_state_resampled_v2_hopper__inr_diffusion_history_conditioned__specialization__s1,custom_mujoco_state_resampled_v2_hopper,inr_diffusion_history_conditioned,specialization,1,0.5,0.5,0.9210526315789473,1.0,nan,2.135239839553833,1.3297856042299288,1.6284135580062866,1.4612459887212121,,,1.0,1.6057023273239135,358,38,38,38
/mnt/data/INR/outputs/mujoco/suites/state_resampled_v2/runs/custom_mujoco_state_resampled_v2/custom_mujoco_state_resampled_v2_humanoid__inr_transformer_fitted_latent__generalization__s0,custom_mujoco_state_resampled_v2_humanoid,inr_transformer_fitted_latent,generalization,0,1.0,1.0,1.0,1.0,nan,0.8163180351257324,0.8543323151617762,0.7065651416778564,0.9035032015027575,,,1.0,0.9555041061172486,180,78,78,0
/mnt/data/INR/outputs/mujoco/suites/state_resampled_v2/runs/custom_mujoco_state_resampled_v2/custom_mujoco_state_resampled_v2_halfcheetah__cvae__no_shift__s0,custom_mujoco_state_resampled_v2_halfcheetah,cvae,no_shift,0,1.0,1.0,1.0,1.0,nan,0.009710336104035378,0.009698470110577593,0.002849862677976489,0.09854103766469774,,,1.0,1.0012234912643432,358,78,78,0
/mnt/data/INR/outputs/mujoco/suites/state_resampled_v2/runs/custom_mujoco_state_resampled_v2/custom_mujoco_state_resampled_v2_ant__cvae__conflation__s0,custom_mujoco_state_resampled_v2_ant,cvae,conflation,0,1.0,1.0,1.0,1.0,nan,0.01381770707666874,0.013766811658377322,0.00893159955739975,0.11754874340744242,,,1.0,1.0036969648132323,269,58,58,19
/mnt/data/INR/outputs/mujoco/suites/state_resampled_v2/runs/custom_mujoco_state_resampled_v2/custom_mujoco_state_resampled_v2_halfcheetah__inr_diffusion_history_conditioned__single_shift__s1,custom_mujoco_state_resampled_v2_halfcheetah,inr_diffusion_history_conditioned,single_shift,1,1.0,1.0,1.0,1.0,nan,0.704269528388977,0.6554578371353991,0.36642763018608093,0.8392076789382811,,,1.0,1.0744696126708984,358,58,58,19
/mnt/data/INR/outputs/mujoco/suites/state_resampled_v2/runs/custom_mujoco_state_resampled_v2/custom_mujoco_state_resampled_v2_hopper__inr_transformer_fitted_latent__conflation__s0,custom_mujoco_state_resampled_v2_hopper,inr_transformer_fitted_latent,conflation,0,1.0,1.0,1.0,1.0,nan,0.0010625023860484362,0.0010583546394785717,0.0004594680212903768,0.03259604862630494,,,1.0,1.0039190517196654,269,58,58,19
/mnt/data/INR/outputs/mujoco/suites/state_resampled_v2/runs/custom_mujoco_state_resampled_v2/custom_mujoco_state_resampled_v2_halfcheetah__inr_transformer_fitted_latent__no_shift__s0,custom_mujoco_state_resampled_v2_halfcheetah,inr_transformer_fitted_latent,no_shift,0,1.0,1.0,1.0,1.0,nan,0.3335430920124054,0.3331355036338668,0.3052525520324707,0.5775318969653584,,,1.0,1.0012234912643432,358,78,78,0
/mnt/data/INR/outputs/mujoco/suites/state_resampled_v2/runs/custom_mujoco_state_resampled_v2/custom_mujoco_state_resampled_v2_hopper__inr_diffusion_history_conditioned__conflation__s1,custom_mujoco_state_resampled_v2_hopper,inr_diffusion_history_conditioned,conflation,1,1.0,1.0,1.0,1.0,nan,0.23429042100906372,0.2373417764910707,0.06198996305465698,0.4840355575875224,,,1.0,0.9871436224708557,269,58,58,19
/mnt/data/INR/outputs/mujoco/suites/state_resampled_v2/runs/custom_mujoco_state_resampled_v2/custom_mujoco_state_resampled_v2_walker2d__inr_transformer_history_conditioned__single_shift__s1,custom_mujoco_state_resampled_v2_walker2d,inr_transformer_history_conditioned,single_shift,1,0.9827586206896551,0.9827586206896551,1.0,1.0,nan,0.4470639228820801,0.4026489619501493,0.0011626199120655656,0.6686283892283367,,,1.0,1.110306905342102,358,58,58,19
/mnt/data/INR/outputs/mujoco/suites/state_resampled_v2/runs/custom_mujoco_state_resampled_v2/custom_mujoco_state_resampled_v2_walker2d__inr_diffusion_history_conditioned__conflation__s0,custom_mujoco_state_resampled_v2_walker2d,inr_diffusion_history_conditioned,conflation,0,1.0,1.0,1.0,1.0,nan,0.4181536138057709,0.41919092678460007,0.14819765090942383,0.6466479829132469,,,1.0,0.9975254402885437,269,58,58,19
/mnt/data/INR/outputs/mujoco/suites/state_resampled_v2/runs/custom_mujoco_state_resampled_v2/custom_mujoco_state_resampled_v2_humanoid__inr_diffusion_history_conditioned__specialization__s1,custom_mujoco_state_resampled_v2_humanoid,inr_diffusion_history_conditioned,specialization,1,1.0,1.0,1.0,1.0,nan,0.7723087072372437,0.6415547243262983,0.6434758901596069,0.8788109621740295,,,1.0,1.20380799634552,358,38,38,38
/mnt/data/INR/outputs/mujoco/suites/state_resampled_v2/runs/custom_mujoco_state_resampled_v2/custom_mujoco_state_resampled_v2_humanoid__inr_transformer_history_conditioned__novel_generalization__s0,custom_mujoco_state_resampled_v2_humanoid,inr_transformer_history_conditioned,novel_generalization,0,0.6666666666666666,1.0,1.0,1.0,0.289182186126709,0.8645418286323547,0.8858306476156427,0.6810541152954102,0.929807414808225,,,1.0,0.9759673939476013,180,117,117,0
/mnt/data/INR/outputs/mujoco/suites/state_resampled_v2/runs/custom_mujoco_state_resampled_v2/custom_mujoco_state_resampled_v2_ant__inr_transformer_history_conditioned__single_shift__s1,custom_mujoco_state_resampled_v2_ant,inr_transformer_history_conditioned,single_shift,1,0.9310344827586207,0.9310344827586207,1.0,1.0,nan,0.3823520541191101,0.3597024589059401,0.0004961764207109809,0.6183462251191562,,,1.0,1.0629675851593017,358,58,58,19
/mnt/data/INR/outputs/mujoco/suites/state_resampled_v2/runs/custom_mujoco_state_resampled_v2/custom_mujoco_state_resampled_v2_walker2d__inr_transformer_history_conditioned__specialization__s0,custom_mujoco_state_resampled_v2_walker2d,inr_transformer_history_conditioned,specialization,0,0.868421052631579,0.868421052631579,1.0,1.0,nan,1.2922502756118774,0.9184582497425798,1.0912144184112549,1.1367718661243678,,,1.0,1.4069776998291015,358,38,38,38
/mnt/data/INR/outputs/mujoco/suites/state_resampled_v2/runs/custom_mujoco_state_resampled_v2/custom_mujoco_state_resampled_v2_halfcheetah__inr_transformer_fitted_latent__conflation__s1,custom_mujoco_state_resampled_v2_halfcheetah,inr_transformer_fitted_latent,conflation,1,1.0,1.0,1.0,1.0,nan,0.01583160273730755,0.015879049243101764,0.002747136866673827,0.12582369704196245,,,1.0,0.9970120058784485,269,58,58,19
/mnt/data/INR/outputs/mujoco/suites/state_resampled_v2/runs/custom_mujoco_state_resampled_v2/custom_mujoco_state_resampled_v2_humanoid__inr_transformer_fitted_latent__conflation__s1,custom_mujoco_state_resampled_v2_humanoid,inr_transformer_fitted_latent,conflation,1,1.0,1.0,1.0,1.0,nan,0.00032386279781349003,0.0003235386890538672,0.00015955172420945019,0.01799618842459397,,,1.0,1.0010017619857787,269,58,58,19
/mnt/data/INR/outputs/mujoco/suites/state_resampled_v2/runs/custom_mujoco_state_resampled_v2/custom_mujoco_state_resampled_v2_walker2d__inr_diffusion_history_conditioned__generalization__s1,custom_mujoco_state_resampled_v2_walker2d,inr_diffusion_history_conditioned,generalization,1,1.0,1.0,1.0,1.0,nan,0.9354212284088135,1.1903322593221073,0.7759721875190735,0.9671717677893692,,,1.0,0.7858488426933289,180,78,78,0
/mnt/data/INR/outputs/mujoco/suites/state_resampled_v2/runs/custom_mujoco_state_resampled_v2/custom_mujoco_state_resampled_v2_halfcheetah__inr_diffusion_history_conditioned__single_shift__s0,custom_mujoco_state_resampled_v2_halfcheetah,inr_diffusion_history_conditioned,single_shift,0,0.9655172413793104,0.9655172413793104,1.0,1.0,nan,0.6979525685310364,0.6530183543819761,0.33437883853912354,0.8354355561807484,,,1.0,1.0688100324401855,358,58,58,19
/mnt/data/INR/outputs/mujoco/suites/state_resampled_v2/runs/custom_mujoco_state_resampled_v2/custom_mujoco_state_resampled_v2_humanoid__inr_transformer_fitted_latent__single_shift__s1,custom_mujoco_state_resampled_v2_humanoid,inr_transformer_fitted_latent,single_shift,1,1.0,1.0,1.0,1.0,nan,0.6605044603347778,0.6113387382145,0.4819765090942383,0.8127142550335744,,,1.0,1.080423043800354,358,58,58,19
/mnt/data/INR/outputs/mujoco/suites/state_resampled_v2/runs/custom_mujoco_state_resampled_v2/custom_mujoco_state_resampled_v2_halfcheetah__inr_diffusion_history_conditioned__generalization__s0,custom_mujoco_state_resampled_v2_halfcheetah,inr_diffusion_history_conditioned,generalization,0,1.0,1.0,1.0,1.0,nan,0.8881224393844604,1.0276787861260184,0.6839236617088318,0.9424024826922203,,,1.0,0.8642023669013977,180,78,78,0
/mnt/data/INR/outputs/mujoco/suites/state_resampled_v2/runs/custom_mujoco_state_resampled_v2/custom_mujoco_state_resampled_v2_humanoid__inr_transformer_history_conditioned__no_shift__s1,custom_mujoco_state_resampled_v2_humanoid,inr_transformer_history_conditioned,no_shift,1,1.0,1.0,1.0,1.0,nan,0.0002342407824471593,0.00023469562225780007,9.145337389782071e-05,0.015304926737725969,,,1.0,0.9980620013008118,358,78,78,0
/mnt/data/INR/outputs/mujoco/suites/state_resampled_v2/runs/custom_mujoco_state_resampled_v2/custom_mujoco_state_resampled_v2_walker2d__inr_transformer_fitted_latent__specialization__s1,custom_mujoco_state_resampled_v2_walker2d,inr_transformer_fitted_latent,specialization,1,1.0,1.0,1.0,1.0,nan,1.4057302474975586,1.0041853641438385,1.2024070024490356,1.1856349554131569,,,1.0,1.3998712764511108,358,38,38,38
/mnt/data/INR/outputs/mujoco/suites/state_resampled_v2/runs/custom_mujoco_state_resampled_v2/custom_mujoco_state_resampled_v2_humanoid__cvae__new_policy__s0,custom_mujoco_state_resampled_v2_humanoid,cvae,new_policy,0,0.6666666666666666,1.0,1.0,1.0,0.41778406500816345,0.4783032536506653,0.47507715467717493,0.004440891090780497,0.6915947177723853,,,1.0,1.0067906842956542,358,117,117,0
/mnt/data/INR/outputs/mujoco/suites/state_resampled_v2/runs/custom_mujoco_state_resampled_v2/custom_mujoco_state_resampled_v2_humanoid__cvae__generalization__s0,custom_mujoco_state_resampled_v2_humanoid,cvae,generalization,0,1.0,1.0,1.0,1.0,nan,0.5276543498039246,0.5522261457861039,0.45837026834487915,0.7263982033319772,,,1.0,0.9555041061172486,180,78,78,0
/mnt/data/INR/outputs/mujoco/suites/state_resampled_v2/runs/custom_mujoco_state_resampled_v2/custom_mujoco_state_resampled_v2_hopper__inr_diffusion_history_conditioned__generalization__s0,custom_mujoco_state_resampled_v2_hopper,inr_diffusion_history_conditioned,generalization,0,0.6666666666666666,0.6666666666666666,1.0,1.0,nan,1.2250603437423706,1.8325090286041965,1.0542668104171753,1.1068244412472876,,,1.0,0.6685153113136292,180,78,78,0
/mnt/data/INR/outputs/mujoco/suites/state_resampled_v2/runs/custom_mujoco_state_resampled_v2/custom_mujoco_state_resampled_v2_walker2d__inr_transformer_history_conditioned__new_policy__s1,custom_mujoco_state_resampled_v2_walker2d,inr_transformer_history_conditioned,new_policy,1,0.6666666666666666,1.0,1.0,1.0,0.36493730545043945,0.37061914801597595,0.36336955040296265,0.0008556652464903891,0.608784976831702,,,1.0,1.0199510322341918,358,117,117,0
/mnt/data/INR/outputs/mujoco/suites/state_resampled_v2/runs/custom_mujoco_state_resampled_v2/custom_mujoco_state_resampled_v2_walker2d__cvae__specialization__s0,custom_mujoco_state_resampled_v2_walker2d,cvae,specialization,0,0.7631578947368421,0.7631578947368421,1.0,1.0,nan,1.4970299005508423,1.0640040000155504,1.227913498878479,1.2235317325475634,,,1.0,1.4069776998291015,358,38,38,38
/mnt/data/INR/outputs/mujoco/suites/state_resampled_v2/runs/custom_mujoco_state_resampled_v2/custom_mujoco_state_resampled_v2_ant__cvae__generalization__s1,custom_mujoco_state_resampled_v2_ant,cvae,generalization,1,1.0,1.0,1.0,1.0,nan,0.5225688815116882,0.5877765246720429,0.35135889053344727,0.7228892595077674,,,1.0,0.8890604840049744,180,78,78,0
