[gpu0] START /mnt/data/INR/outputs/mujoco/suites/state_resampled_v2/runs/custom_mujoco_state_resampled_v2/custom_mujoco_state_resampled_v2_ant__cvae__conflation__s0
[gpu1] START /mnt/data/INR/outputs/mujoco/suites/state_resampled_v2/runs/custom_mujoco_state_resampled_v2/custom_mujoco_state_resampled_v2_ant__cvae__conflation__s1
[gpu2] START /mnt/data/INR/outputs/mujoco/suites/state_resampled_v2/runs/custom_mujoco_state_resampled_v2/custom_mujoco_state_resampled_v2_ant__cvae__generalization__s0
[gpu3] START /mnt/data/INR/outputs/mujoco/suites/state_resampled_v2/runs/custom_mujoco_state_resampled_v2/custom_mujoco_state_resampled_v2_ant__cvae__generalization__s1
[gpu3] OK /mnt/data/INR/outputs/mujoco/suites/state_resampled_v2/runs/custom_mujoco_state_resampled_v2/custom_mujoco_state_resampled_v2_ant__cvae__generalization__s1 (16.0s)
[gpu3] START /mnt/data/INR/outputs/mujoco/suites/state_resampled_v2/runs/custom_mujoco_state_resampled_v2/custom_mujoco_state_resampled_v2_ant__cvae__new_policy__s0
[gpu0] OK /mnt/data/INR/outputs/mujoco/suites/state_resampled_v2/runs/custom_mujoco_state_resampled_v2/custom_mujoco_state_resampled_v2_ant__cvae__conflation__s0 (16.1s)
[gpu0] START /mnt/data/INR/outputs/mujoco/suites/state_resampled_v2/runs/custom_mujoco_state_resampled_v2/custom_mujoco_state_resampled_v2_ant__cvae__new_policy__s1
[gpu1] OK /mnt/data/INR/outputs/mujoco/suites/state_resampled_v2/runs/custom_mujoco_state_resampled_v2/custom_mujoco_state_resampled_v2_ant__cvae__conflation__s1 (16.3s)
[gpu1] START /mnt/data/INR/outputs/mujoco/suites/state_resampled_v2/runs/custom_mujoco_state_resampled_v2/custom_mujoco_state_resampled_v2_ant__cvae__no_shift__s0
[gpu2] OK /mnt/data/INR/outputs/mujoco/suites/state_resampled_v2/runs/custom_mujoco_state_resampled_v2/custom_mujoco_state_resampled_v2_ant__cvae__generalization__s0 (16.3s)
[gpu2] START /mnt/data/INR/outputs/mujoco/suites/state_resampled_v2/runs/custom_mujoco_state_resampled_v2/custom_mujoco_state_resampled_v2_ant__cvae__no_shift__s1
[gpu3] OK /mnt/data/INR/outputs/mujoco/suites/state_resampled_v2/runs/custom_mujoco_state_resampled_v2/custom_mujoco_state_resampled_v2_ant__cvae__new_policy__s0 (7.8s)
[gpu3] START /mnt/data/INR/outputs/mujoco/suites/state_resampled_v2/runs/custom_mujoco_state_resampled_v2/custom_mujoco_state_resampled_v2_ant__cvae__novel_generalization__s0
[gpu0] OK /mnt/data/INR/outputs/mujoco/suites/state_resampled_v2/runs/custom_mujoco_state_resampled_v2/custom_mujoco_state_resampled_v2_ant__cvae__new_policy__s1 (8.1s)
[gpu0] START /mnt/data/INR/outputs/mujoco/suites/state_resampled_v2/runs/custom_mujoco_state_resampled_v2/custom_mujoco_state_resampled_v2_ant__cvae__novel_generalization__s1
[gpu2] OK /mnt/data/INR/outputs/mujoco/suites/state_resampled_v2/runs/custom_mujoco_state_resampled_v2/custom_mujoco_state_resampled_v2_ant__cvae__no_shift__s1 (8.2s)
[gpu2] START /mnt/data/INR/outputs/mujoco/suites/state_resampled_v2/runs/custom_mujoco_state_resampled_v2/custom_mujoco_state_resampled_v2_ant__cvae__single_shift__s0
[gpu1] OK /mnt/data/INR/outputs/mujoco/suites/state_resampled_v2/runs/custom_mujoco_state_resampled_v2/custom_mujoco_state_resampled_v2_ant__cvae__no_shift__s0 (8.3s)
[gpu1] START /mnt/data/INR/outputs/mujoco/suites/state_resampled_v2/runs/custom_mujoco_state_resampled_v2/custom_mujoco_state_resampled_v2_ant__cvae__single_shift__s1
[gpu3] OK /mnt/data/INR/outputs/mujoco/suites/state_resampled_v2/runs/custom_mujoco_state_resampled_v2/custom_mujoco_state_resampled_v2_ant__cvae__novel_generalization__s0 (7.4s)
[gpu3] START /mnt/data/INR/outputs/mujoco/suites/state_resampled_v2/runs/custom_mujoco_state_resampled_v2/custom_mujoco_state_resampled_v2_ant__cvae__specialization__s0
[gpu0] OK /mnt/data/INR/outputs/mujoco/suites/state_resampled_v2/runs/custom_mujoco_state_resampled_v2/custom_mujoco_state_resampled_v2_ant__cvae__novel_generalization__s1 (7.7s)
[gpu0] START /mnt/data/INR/outputs/mujoco/suites/state_resampled_v2/runs/custom_mujoco_state_resampled_v2/custom_mujoco_state_resampled_v2_ant__cvae__specialization__s1
[gpu2] OK /mnt/data/INR/outputs/mujoco/suites/state_resampled_v2/runs/custom_mujoco_state_resampled_v2/custom_mujoco_state_resampled_v2_ant__cvae__single_shift__s0 (7.9s)
[gpu2] START /mnt/data/INR/outputs/mujoco/suites/state_resampled_v2/runs/custom_mujoco_state_resampled_v2/custom_mujoco_state_resampled_v2_ant__inr_diffusion_history_conditioned__conflation__s0
[gpu1] OK /mnt/data/INR/outputs/mujoco/suites/state_resampled_v2/runs/custom_mujoco_state_resampled_v2/custom_mujoco_state_resampled_v2_ant__cvae__single_shift__s1 (7.9s)
[gpu1] START /mnt/data/INR/outputs/mujoco/suites/state_resampled_v2/runs/custom_mujoco_state_resampled_v2/custom_mujoco_state_resampled_v2_ant__inr_diffusion_history_conditioned__conflation__s1
[gpu3] OK /mnt/data/INR/outputs/mujoco/suites/state_resampled_v2/runs/custom_mujoco_state_resampled_v2/custom_mujoco_state_resampled_v2_ant__cvae__specialization__s0 (7.4s)
[gpu3] START /mnt/data/INR/outputs/mujoco/suites/state_resampled_v2/runs/custom_mujoco_state_resampled_v2/custom_mujoco_state_resampled_v2_ant__inr_diffusion_history_conditioned__generalization__s0
[gpu0] OK /mnt/data/INR/outputs/mujoco/suites/state_resampled_v2/runs/custom_mujoco_state_resampled_v2/custom_mujoco_state_resampled_v2_ant__cvae__specialization__s1 (7.4s)
[gpu0] START /mnt/data/INR/outputs/mujoco/suites/state_resampled_v2/runs/custom_mujoco_state_resampled_v2/custom_mujoco_state_resampled_v2_ant__inr_diffusion_history_conditioned__generalization__s1
[gpu2] OK /mnt/data/INR/outputs/mujoco/suites/state_resampled_v2/runs/custom_mujoco_state_resampled_v2/custom_mujoco_state_resampled_v2_ant__inr_diffusion_history_conditioned__conflation__s0 (7.7s)
[gpu2] START /mnt/data/INR/outputs/mujoco/suites/state_resampled_v2/runs/custom_mujoco_state_resampled_v2/custom_mujoco_state_resampled_v2_ant__inr_diffusion_history_conditioned__new_policy__s0
[gpu1] OK /mnt/data/INR/outputs/mujoco/suites/state_resampled_v2/runs/custom_mujoco_state_resampled_v2/custom_mujoco_state_resampled_v2_ant__inr_diffusion_history_conditioned__conflation__s1 (7.7s)
[gpu1] START /mnt/data/INR/outputs/mujoco/suites/state_resampled_v2/runs/custom_mujoco_state_resampled_v2/custom_mujoco_state_resampled_v2_ant__inr_diffusion_history_conditioned__new_policy__s1
[gpu3] OK /mnt/data/INR/outputs/mujoco/suites/state_resampled_v2/runs/custom_mujoco_state_resampled_v2/custom_mujoco_state_resampled_v2_ant__inr_diffusion_history_conditioned__generalization__s0 (7.1s)
[gpu3] START /mnt/data/INR/outputs/mujoco/suites/state_resampled_v2/runs/custom_mujoco_state_resampled_v2/custom_mujoco_state_resampled_v2_ant__inr_diffusion_history_conditioned__no_shift__s0
[gpu0] OK /mnt/data/INR/outputs/mujoco/suites/state_resampled_v2/runs/custom_mujoco_state_resampled_v2/custom_mujoco_state_resampled_v2_ant__inr_diffusion_history_conditioned__generalization__s1 (7.6s)
[gpu0] START /mnt/data/INR/outputs/mujoco/suites/state_resampled_v2/runs/custom_mujoco_state_resampled_v2/custom_mujoco_state_resampled_v2_ant__inr_diffusion_history_conditioned__no_shift__s1
[gpu2] OK /mnt/data/INR/outputs/mujoco/suites/state_resampled_v2/runs/custom_mujoco_state_resampled_v2/custom_mujoco_state_resampled_v2_ant__inr_diffusion_history_conditioned__new_policy__s0 (7.8s)
[gpu2] START /mnt/data/INR/outputs/mujoco/suites/state_resampled_v2/runs/custom_mujoco_state_resampled_v2/custom_mujoco_state_resampled_v2_ant__inr_diffusion_history_conditioned__novel_generalization__s0
[gpu1] OK /mnt/data/INR/outputs/mujoco/suites/state_resampled_v2/runs/custom_mujoco_state_resampled_v2/custom_mujoco_state_resampled_v2_ant__inr_diffusion_history_conditioned__new_policy__s1 (8.0s)
[gpu1] START /mnt/data/INR/outputs/mujoco/suites/state_resampled_v2/runs/custom_mujoco_state_resampled_v2/custom_mujoco_state_resampled_v2_ant__inr_diffusion_history_conditioned__novel_generalization__s1
[gpu3] OK /mnt/data/INR/outputs/mujoco/suites/state_resampled_v2/runs/custom_mujoco_state_resampled_v2/custom_mujoco_state_resampled_v2_ant__inr_diffusion_history_conditioned__no_shift__s0 (7.0s)
[gpu3] START /mnt/data/INR/outputs/mujoco/suites/state_resampled_v2/runs/custom_mujoco_state_resampled_v2/custom_mujoco_state_resampled_v2_ant__inr_diffusion_history_conditioned__single_shift__s0
[gpu0] OK /mnt/data/INR/outputs/mujoco/suites/state_resampled_v2/runs/custom_mujoco_state_resampled_v2/custom_mujoco_state_resampled_v2_ant__inr_diffusion_history_conditioned__no_shift__s1 (7.7s)
[gpu0] START /mnt/data/INR/outputs/mujoco/suites/state_resampled_v2/runs/custom_mujoco_state_resampled_v2/custom_mujoco_state_resampled_v2_ant__inr_diffusion_history_conditioned__single_shift__s1
[gpu2] OK /mnt/data/INR/outputs/mujoco/suites/state_resampled_v2/runs/custom_mujoco_state_resampled_v2/custom_mujoco_state_resampled_v2_ant__inr_diffusion_history_conditioned__novel_generalization__s0 (7.6s)
[gpu2] START /mnt/data/INR/outputs/mujoco/suites/state_resampled_v2/runs/custom_mujoco_state_resampled_v2/custom_mujoco_state_resampled_v2_ant__inr_diffusion_history_conditioned__specialization__s0
[gpu1] OK /mnt/data/INR/outputs/mujoco/suites/state_resampled_v2/runs/custom_mujoco_state_resampled_v2/custom_mujoco_state_resampled_v2_ant__inr_diffusion_history_conditioned__novel_generalization__s1 (7.6s)
[gpu1] START /mnt/data/INR/outputs/mujoco/suites/state_resampled_v2/runs/custom_mujoco_state_resampled_v2/custom_mujoco_state_resampled_v2_ant__inr_diffusion_history_conditioned__specialization__s1
[gpu3] OK /mnt/data/INR/outputs/mujoco/suites/state_resampled_v2/runs/custom_mujoco_state_resampled_v2/custom_mujoco_state_resampled_v2_ant__inr_diffusion_history_conditioned__single_shift__s0 (7.1s)
[gpu3] START /mnt/data/INR/outputs/mujoco/suites/state_resampled_v2/runs/custom_mujoco_state_resampled_v2/custom_mujoco_state_resampled_v2_ant__inr_transformer_fitted_latent__conflation__s0
[gpu0] OK /mnt/data/INR/outputs/mujoco/suites/state_resampled_v2/runs/custom_mujoco_state_resampled_v2/custom_mujoco_state_resampled_v2_ant__inr_diffusion_history_conditioned__single_shift__s1 (7.6s)
[gpu0] START /mnt/data/INR/outputs/mujoco/suites/state_resampled_v2/runs/custom_mujoco_state_resampled_v2/custom_mujoco_state_resampled_v2_ant__inr_transformer_fitted_latent__conflation__s1
[gpu2] OK /mnt/data/INR/outputs/mujoco/suites/state_resampled_v2/runs/custom_mujoco_state_resampled_v2/custom_mujoco_state_resampled_v2_ant__inr_diffusion_history_conditioned__specialization__s0 (7.5s)
[gpu2] START /mnt/data/INR/outputs/mujoco/suites/state_resampled_v2/runs/custom_mujoco_state_resampled_v2/custom_mujoco_state_resampled_v2_ant__inr_transformer_fitted_latent__generalization__s0
[gpu1] OK /mnt/data/INR/outputs/mujoco/suites/state_resampled_v2/runs/custom_mujoco_state_resampled_v2/custom_mujoco_state_resampled_v2_ant__inr_diffusion_history_conditioned__specialization__s1 (7.8s)
[gpu1] START /mnt/data/INR/outputs/mujoco/suites/state_resampled_v2/runs/custom_mujoco_state_resampled_v2/custom_mujoco_state_resampled_v2_ant__inr_transformer_fitted_latent__generalization__s1
[gpu3] OK /mnt/data/INR/outputs/mujoco/suites/state_resampled_v2/runs/custom_mujoco_state_resampled_v2/custom_mujoco_state_resampled_v2_ant__inr_transformer_fitted_latent__conflation__s0 (8.7s)
[gpu3] START /mnt/data/INR/outputs/mujoco/suites/state_resampled_v2/runs/custom_mujoco_state_resampled_v2/custom_mujoco_state_resampled_v2_ant__inr_transformer_fitted_latent__new_policy__s0
[gpu0] OK /mnt/data/INR/outputs/mujoco/suites/state_resampled_v2/runs/custom_mujoco_state_resampled_v2/custom_mujoco_state_resampled_v2_ant__inr_transformer_fitted_latent__conflation__s1 (10.3s)
[gpu0] START /mnt/data/INR/outputs/mujoco/suites/state_resampled_v2/runs/custom_mujoco_state_resampled_v2/custom_mujoco_state_resampled_v2_ant__inr_transformer_fitted_latent__new_policy__s1
[gpu2] OK /mnt/data/INR/outputs/mujoco/suites/state_resampled_v2/runs/custom_mujoco_state_resampled_v2/custom_mujoco_state_resampled_v2_ant__inr_transformer_fitted_latent__generalization__s0 (9.8s)
[gpu2] START /mnt/data/INR/outputs/mujoco/suites/state_resampled_v2/runs/custom_mujoco_state_resampled_v2/custom_mujoco_state_resampled_v2_ant__inr_transformer_fitted_latent__no_shift__s0
[gpu1] OK /mnt/data/INR/outputs/mujoco/suites/state_resampled_v2/runs/custom_mujoco_state_resampled_v2/custom_mujoco_state_resampled_v2_ant__inr_transformer_fitted_latent__generalization__s1 (9.7s)
[gpu1] START /mnt/data/INR/outputs/mujoco/suites/state_resampled_v2/runs/custom_mujoco_state_resampled_v2/custom_mujoco_state_resampled_v2_ant__inr_transformer_fitted_latent__no_shift__s1
[gpu3] OK /mnt/data/INR/outputs/mujoco/suites/state_resampled_v2/runs/custom_mujoco_state_resampled_v2/custom_mujoco_state_resampled_v2_ant__inr_transformer_fitted_latent__new_policy__s0 (9.3s)
[gpu3] START /mnt/data/INR/outputs/mujoco/suites/state_resampled_v2/runs/custom_mujoco_state_resampled_v2/custom_mujoco_state_resampled_v2_ant__inr_transformer_fitted_latent__novel_generalization__s0
[gpu2] OK /mnt/data/INR/outputs/mujoco/suites/state_resampled_v2/runs/custom_mujoco_state_resampled_v2/custom_mujoco_state_resampled_v2_ant__inr_transformer_fitted_latent__no_shift__s0 (11.7s)
[gpu2] START /mnt/data/INR/outputs/mujoco/suites/state_resampled_v2/runs/custom_mujoco_state_resampled_v2/custom_mujoco_state_resampled_v2_ant__inr_transformer_fitted_latent__novel_generalization__s1
[gpu0] OK /mnt/data/INR/outputs/mujoco/suites/state_resampled_v2/runs/custom_mujoco_state_resampled_v2/custom_mujoco_state_resampled_v2_ant__inr_transformer_fitted_latent__new_policy__s1 (12.2s)
[gpu0] START /mnt/data/INR/outputs/mujoco/suites/state_resampled_v2/runs/custom_mujoco_state_resampled_v2/custom_mujoco_state_resampled_v2_ant__inr_transformer_fitted_latent__single_shift__s0
[gpu1] OK /mnt/data/INR/outputs/mujoco/suites/state_resampled_v2/runs/custom_mujoco_state_resampled_v2/custom_mujoco_state_resampled_v2_ant__inr_transformer_fitted_latent__no_shift__s1 (11.6s)
[gpu1] START /mnt/data/INR/outputs/mujoco/suites/state_resampled_v2/runs/custom_mujoco_state_resampled_v2/custom_mujoco_state_resampled_v2_ant__inr_transformer_fitted_latent__single_shift__s1
[gpu3] OK /mnt/data/INR/outputs/mujoco/suites/state_resampled_v2/runs/custom_mujoco_state_resampled_v2/custom_mujoco_state_resampled_v2_ant__inr_transformer_fitted_latent__novel_generalization__s0 (8.1s)
[gpu3] START /mnt/data/INR/outputs/mujoco/suites/state_resampled_v2/runs/custom_mujoco_state_resampled_v2/custom_mujoco_state_resampled_v2_ant__inr_transformer_fitted_latent__specialization__s0
[gpu3] OK /mnt/data/INR/outputs/mujoco/suites/state_resampled_v2/runs/custom_mujoco_state_resampled_v2/custom_mujoco_state_resampled_v2_ant__inr_transformer_fitted_latent__specialization__s0 (9.0s)
[gpu3] START /mnt/data/INR/outputs/mujoco/suites/state_resampled_v2/runs/custom_mujoco_state_resampled_v2/custom_mujoco_state_resampled_v2_ant__inr_transformer_fitted_latent__specialization__s1
[gpu2] OK /mnt/data/INR/outputs/mujoco/suites/state_resampled_v2/runs/custom_mujoco_state_resampled_v2/custom_mujoco_state_resampled_v2_ant__inr_transformer_fitted_latent__novel_generalization__s1 (10.6s)
[gpu2] START /mnt/data/INR/outputs/mujoco/suites/state_resampled_v2/runs/custom_mujoco_state_resampled_v2/custom_mujoco_state_resampled_v2_ant__inr_transformer_history_conditioned__conflation__s0
[gpu0] OK /mnt/data/INR/outputs/mujoco/suites/state_resampled_v2/runs/custom_mujoco_state_resampled_v2/custom_mujoco_state_resampled_v2_ant__inr_transformer_fitted_latent__single_shift__s0 (12.0s)
[gpu0] START /mnt/data/INR/outputs/mujoco/suites/state_resampled_v2/runs/custom_mujoco_state_resampled_v2/custom_mujoco_state_resampled_v2_ant__inr_transformer_history_conditioned__conflation__s1
[gpu1] OK /mnt/data/INR/outputs/mujoco/suites/state_resampled_v2/runs/custom_mujoco_state_resampled_v2/custom_mujoco_state_resampled_v2_ant__inr_transformer_fitted_latent__single_shift__s1 (11.9s)
[gpu1] START /mnt/data/INR/outputs/mujoco/suites/state_resampled_v2/runs/custom_mujoco_state_resampled_v2/custom_mujoco_state_resampled_v2_ant__inr_transformer_history_conditioned__generalization__s0
[gpu2] OK /mnt/data/INR/outputs/mujoco/suites/state_resampled_v2/runs/custom_mujoco_state_resampled_v2/custom_mujoco_state_resampled_v2_ant__inr_transformer_history_conditioned__conflation__s0 (7.6s)
[gpu2] START /mnt/data/INR/outputs/mujoco/suites/state_resampled_v2/runs/custom_mujoco_state_resampled_v2/custom_mujoco_state_resampled_v2_ant__inr_transformer_history_conditioned__generalization__s1
[gpu3] OK /mnt/data/INR/outputs/mujoco/suites/state_resampled_v2/runs/custom_mujoco_state_resampled_v2/custom_mujoco_state_resampled_v2_ant__inr_transformer_fitted_latent__specialization__s1 (9.3s)
[gpu3] START /mnt/data/INR/outputs/mujoco/suites/state_resampled_v2/runs/custom_mujoco_state_resampled_v2/custom_mujoco_state_resampled_v2_ant__inr_transformer_history_conditioned__new_policy__s0
[gpu1] OK /mnt/data/INR/outputs/mujoco/suites/state_resampled_v2/runs/custom_mujoco_state_resampled_v2/custom_mujoco_state_resampled_v2_ant__inr_transformer_history_conditioned__generalization__s0 (7.7s)
[gpu1] START /mnt/data/INR/outputs/mujoco/suites/state_resampled_v2/runs/custom_mujoco_state_resampled_v2/custom_mujoco_state_resampled_v2_ant__inr_transformer_history_conditioned__new_policy__s1
[gpu0] OK /mnt/data/INR/outputs/mujoco/suites/state_resampled_v2/runs/custom_mujoco_state_resampled_v2/custom_mujoco_state_resampled_v2_ant__inr_transformer_history_conditioned__conflation__s1 (7.9s)
[gpu0] START /mnt/data/INR/outputs/mujoco/suites/state_resampled_v2/runs/custom_mujoco_state_resampled_v2/custom_mujoco_state_resampled_v2_ant__inr_transformer_history_conditioned__no_shift__s0
[gpu2] OK /mnt/data/INR/outputs/mujoco/suites/state_resampled_v2/runs/custom_mujoco_state_resampled_v2/custom_mujoco_state_resampled_v2_ant__inr_transformer_history_conditioned__generalization__s1 (7.4s)
[gpu2] START /mnt/data/INR/outputs/mujoco/suites/state_resampled_v2/runs/custom_mujoco_state_resampled_v2/custom_mujoco_state_resampled_v2_ant__inr_transformer_history_conditioned__no_shift__s1
[gpu3] OK /mnt/data/INR/outputs/mujoco/suites/state_resampled_v2/runs/custom_mujoco_state_resampled_v2/custom_mujoco_state_resampled_v2_ant__inr_transformer_history_conditioned__new_policy__s0 (7.8s)
[gpu3] START /mnt/data/INR/outputs/mujoco/suites/state_resampled_v2/runs/custom_mujoco_state_resampled_v2/custom_mujoco_state_resampled_v2_ant__inr_transformer_history_conditioned__novel_generalization__s0
[gpu1] OK /mnt/data/INR/outputs/mujoco/suites/state_resampled_v2/runs/custom_mujoco_state_resampled_v2/custom_mujoco_state_resampled_v2_ant__inr_transformer_history_conditioned__new_policy__s1 (8.1s)
[gpu1] START /mnt/data/INR/outputs/mujoco/suites/state_resampled_v2/runs/custom_mujoco_state_resampled_v2/custom_mujoco_state_resampled_v2_ant__inr_transformer_history_conditioned__novel_generalization__s1
[gpu0] OK /mnt/data/INR/outputs/mujoco/suites/state_resampled_v2/runs/custom_mujoco_state_resampled_v2/custom_mujoco_state_resampled_v2_ant__inr_transformer_history_conditioned__no_shift__s0 (8.1s)
[gpu0] START /mnt/data/INR/outputs/mujoco/suites/state_resampled_v2/runs/custom_mujoco_state_resampled_v2/custom_mujoco_state_resampled_v2_ant__inr_transformer_history_conditioned__single_shift__s0
[gpu2] OK /mnt/data/INR/outputs/mujoco/suites/state_resampled_v2/runs/custom_mujoco_state_resampled_v2/custom_mujoco_state_resampled_v2_ant__inr_transformer_history_conditioned__no_shift__s1 (7.7s)
[gpu2] START /mnt/data/INR/outputs/mujoco/suites/state_resampled_v2/runs/custom_mujoco_state_resampled_v2/custom_mujoco_state_resampled_v2_ant__inr_transformer_history_conditioned__single_shift__s1
[gpu3] OK /mnt/data/INR/outputs/mujoco/suites/state_resampled_v2/runs/custom_mujoco_state_resampled_v2/custom_mujoco_state_resampled_v2_ant__inr_transformer_history_conditioned__novel_generalization__s0 (7.2s)
[gpu3] START /mnt/data/INR/outputs/mujoco/suites/state_resampled_v2/runs/custom_mujoco_state_resampled_v2/custom_mujoco_state_resampled_v2_ant__inr_transformer_history_conditioned__specialization__s0
[gpu1] OK /mnt/data/INR/outputs/mujoco/suites/state_resampled_v2/runs/custom_mujoco_state_resampled_v2/custom_mujoco_state_resampled_v2_ant__inr_transformer_history_conditioned__novel_generalization__s1 (7.7s)
[gpu1] START /mnt/data/INR/outputs/mujoco/suites/state_resampled_v2/runs/custom_mujoco_state_resampled_v2/custom_mujoco_state_resampled_v2_ant__inr_transformer_history_conditioned__specialization__s1
[gpu0] OK /mnt/data/INR/outputs/mujoco/suites/state_resampled_v2/runs/custom_mujoco_state_resampled_v2/custom_mujoco_state_resampled_v2_ant__inr_transformer_history_conditioned__single_shift__s0 (7.7s)
[gpu0] START /mnt/data/INR/outputs/mujoco/suites/state_resampled_v2/runs/custom_mujoco_state_resampled_v2/custom_mujoco_state_resampled_v2_halfcheetah__cvae__conflation__s0
[gpu2] OK /mnt/data/INR/outputs/mujoco/suites/state_resampled_v2/runs/custom_mujoco_state_resampled_v2/custom_mujoco_state_resampled_v2_ant__inr_transformer_history_conditioned__single_shift__s1 (7.5s)
[gpu2] START /mnt/data/INR/outputs/mujoco/suites/state_resampled_v2/runs/custom_mujoco_state_resampled_v2/custom_mujoco_state_resampled_v2_halfcheetah__cvae__conflation__s1
[gpu3] OK /mnt/data/INR/outputs/mujoco/suites/state_resampled_v2/runs/custom_mujoco_state_resampled_v2/custom_mujoco_state_resampled_v2_ant__inr_transformer_history_conditioned__specialization__s0 (6.9s)
[gpu3] START /mnt/data/INR/outputs/mujoco/suites/state_resampled_v2/runs/custom_mujoco_state_resampled_v2/custom_mujoco_state_resampled_v2_halfcheetah__cvae__generalization__s0
[gpu1] OK /mnt/data/INR/outputs/mujoco/suites/state_resampled_v2/runs/custom_mujoco_state_resampled_v2/custom_mujoco_state_resampled_v2_ant__inr_transformer_history_conditioned__specialization__s1 (7.4s)
[gpu1] START /mnt/data/INR/outputs/mujoco/suites/state_resampled_v2/runs/custom_mujoco_state_resampled_v2/custom_mujoco_state_resampled_v2_halfcheetah__cvae__generalization__s1
[gpu0] OK /mnt/data/INR/outputs/mujoco/suites/state_resampled_v2/runs/custom_mujoco_state_resampled_v2/custom_mujoco_state_resampled_v2_halfcheetah__cvae__conflation__s0 (11.0s)
[gpu0] START /mnt/data/INR/outputs/mujoco/suites/state_resampled_v2/runs/custom_mujoco_state_resampled_v2/custom_mujoco_state_resampled_v2_halfcheetah__cvae__new_policy__s0
[gpu3] OK /mnt/data/INR/outputs/mujoco/suites/state_resampled_v2/runs/custom_mujoco_state_resampled_v2/custom_mujoco_state_resampled_v2_halfcheetah__cvae__generalization__s0 (5.5s)
[gpu3] START /mnt/data/INR/outputs/mujoco/suites/state_resampled_v2/runs/custom_mujoco_state_resampled_v2/custom_mujoco_state_resampled_v2_halfcheetah__cvae__new_policy__s1
[gpu1] OK /mnt/data/INR/outputs/mujoco/suites/state_resampled_v2/runs/custom_mujoco_state_resampled_v2/custom_mujoco_state_resampled_v2_halfcheetah__cvae__generalization__s1 (5.9s)
[gpu1] START /mnt/data/INR/outputs/mujoco/suites/state_resampled_v2/runs/custom_mujoco_state_resampled_v2/custom_mujoco_state_resampled_v2_halfcheetah__cvae__no_shift__s0
[gpu2] OK /mnt/data/INR/outputs/mujoco/suites/state_resampled_v2/runs/custom_mujoco_state_resampled_v2/custom_mujoco_state_resampled_v2_halfcheetah__cvae__conflation__s1 (10.9s)
[gpu2] START /mnt/data/INR/outputs/mujoco/suites/state_resampled_v2/runs/custom_mujoco_state_resampled_v2/custom_mujoco_state_resampled_v2_halfcheetah__cvae__no_shift__s1
[gpu0] OK /mnt/data/INR/outputs/mujoco/suites/state_resampled_v2/runs/custom_mujoco_state_resampled_v2/custom_mujoco_state_resampled_v2_halfcheetah__cvae__new_policy__s0 (6.2s)
[gpu0] START /mnt/data/INR/outputs/mujoco/suites/state_resampled_v2/runs/custom_mujoco_state_resampled_v2/custom_mujoco_state_resampled_v2_halfcheetah__cvae__novel_generalization__s0
[gpu3] OK /mnt/data/INR/outputs/mujoco/suites/state_resampled_v2/runs/custom_mujoco_state_resampled_v2/custom_mujoco_state_resampled_v2_halfcheetah__cvae__new_policy__s1 (6.0s)
[gpu3] START /mnt/data/INR/outputs/mujoco/suites/state_resampled_v2/runs/custom_mujoco_state_resampled_v2/custom_mujoco_state_resampled_v2_halfcheetah__cvae__novel_generalization__s1
[gpu1] OK /mnt/data/INR/outputs/mujoco/suites/state_resampled_v2/runs/custom_mujoco_state_resampled_v2/custom_mujoco_state_resampled_v2_halfcheetah__cvae__no_shift__s0 (6.2s)
[gpu1] START /mnt/data/INR/outputs/mujoco/suites/state_resampled_v2/runs/custom_mujoco_state_resampled_v2/custom_mujoco_state_resampled_v2_halfcheetah__cvae__single_shift__s0
[gpu2] OK /mnt/data/INR/outputs/mujoco/suites/state_resampled_v2/runs/custom_mujoco_state_resampled_v2/custom_mujoco_state_resampled_v2_halfcheetah__cvae__no_shift__s1 (6.1s)
[gpu2] START /mnt/data/INR/outputs/mujoco/suites/state_resampled_v2/runs/custom_mujoco_state_resampled_v2/custom_mujoco_state_resampled_v2_halfcheetah__cvae__single_shift__s1
[gpu3] OK /mnt/data/INR/outputs/mujoco/suites/state_resampled_v2/runs/custom_mujoco_state_resampled_v2/custom_mujoco_state_resampled_v2_halfcheetah__cvae__novel_generalization__s1 (6.0s)
[gpu3] START /mnt/data/INR/outputs/mujoco/suites/state_resampled_v2/runs/custom_mujoco_state_resampled_v2/custom_mujoco_state_resampled_v2_halfcheetah__cvae__specialization__s0
[gpu0] OK /mnt/data/INR/outputs/mujoco/suites/state_resampled_v2/runs/custom_mujoco_state_resampled_v2/custom_mujoco_state_resampled_v2_halfcheetah__cvae__novel_generalization__s0 (6.4s)
[gpu0] START /mnt/data/INR/outputs/mujoco/suites/state_resampled_v2/runs/custom_mujoco_state_resampled_v2/custom_mujoco_state_resampled_v2_halfcheetah__cvae__specialization__s1
[gpu1] OK /mnt/data/INR/outputs/mujoco/suites/state_resampled_v2/runs/custom_mujoco_state_resampled_v2/custom_mujoco_state_resampled_v2_halfcheetah__cvae__single_shift__s0 (6.2s)
[gpu1] START /mnt/data/INR/outputs/mujoco/suites/state_resampled_v2/runs/custom_mujoco_state_resampled_v2/custom_mujoco_state_resampled_v2_halfcheetah__inr_diffusion_history_conditioned__conflation__s0
[gpu2] OK /mnt/data/INR/outputs/mujoco/suites/state_resampled_v2/runs/custom_mujoco_state_resampled_v2/custom_mujoco_state_resampled_v2_halfcheetah__cvae__single_shift__s1 (6.1s)
[gpu2] START /mnt/data/INR/outputs/mujoco/suites/state_resampled_v2/runs/custom_mujoco_state_resampled_v2/custom_mujoco_state_resampled_v2_halfcheetah__inr_diffusion_history_conditioned__conflation__s1
[gpu3] OK /mnt/data/INR/outputs/mujoco/suites/state_resampled_v2/runs/custom_mujoco_state_resampled_v2/custom_mujoco_state_resampled_v2_halfcheetah__cvae__specialization__s0 (5.5s)
[gpu3] START /mnt/data/INR/outputs/mujoco/suites/state_resampled_v2/runs/custom_mujoco_state_resampled_v2/custom_mujoco_state_resampled_v2_halfcheetah__inr_diffusion_history_conditioned__generalization__s0
[gpu0] OK /mnt/data/INR/outputs/mujoco/suites/state_resampled_v2/runs/custom_mujoco_state_resampled_v2/custom_mujoco_state_resampled_v2_halfcheetah__cvae__specialization__s1 (6.2s)
[gpu0] START /mnt/data/INR/outputs/mujoco/suites/state_resampled_v2/runs/custom_mujoco_state_resampled_v2/custom_mujoco_state_resampled_v2_halfcheetah__inr_diffusion_history_conditioned__generalization__s1
[gpu1] OK /mnt/data/INR/outputs/mujoco/suites/state_resampled_v2/runs/custom_mujoco_state_resampled_v2/custom_mujoco_state_resampled_v2_halfcheetah__inr_diffusion_history_conditioned__conflation__s0 (6.3s)
[gpu1] START /mnt/data/INR/outputs/mujoco/suites/state_resampled_v2/runs/custom_mujoco_state_resampled_v2/custom_mujoco_state_resampled_v2_halfcheetah__inr_diffusion_history_conditioned__new_policy__s0
[gpu2] OK /mnt/data/INR/outputs/mujoco/suites/state_resampled_v2/runs/custom_mujoco_state_resampled_v2/custom_mujoco_state_resampled_v2_halfcheetah__inr_diffusion_history_conditioned__conflation__s1 (6.1s)
[gpu2] START /mnt/data/INR/outputs/mujoco/suites/state_resampled_v2/runs/custom_mujoco_state_resampled_v2/custom_mujoco_state_resampled_v2_halfcheetah__inr_diffusion_history_conditioned__new_policy__s1
[gpu3] OK /mnt/data/INR/outputs/mujoco/suites/state_resampled_v2/runs/custom_mujoco_state_resampled_v2/custom_mujoco_state_resampled_v2_halfcheetah__inr_diffusion_history_conditioned__generalization__s0 (5.5s)
[gpu3] START /mnt/data/INR/outputs/mujoco/suites/state_resampled_v2/runs/custom_mujoco_state_resampled_v2/custom_mujoco_state_resampled_v2_halfcheetah__inr_diffusion_history_conditioned__no_shift__s0
[gpu0] OK /mnt/data/INR/outputs/mujoco/suites/state_resampled_v2/runs/custom_mujoco_state_resampled_v2/custom_mujoco_state_resampled_v2_halfcheetah__inr_diffusion_history_conditioned__generalization__s1 (6.3s)
[gpu0] START /mnt/data/INR/outputs/mujoco/suites/state_resampled_v2/runs/custom_mujoco_state_resampled_v2/custom_mujoco_state_resampled_v2_halfcheetah__inr_diffusion_history_conditioned__no_shift__s1
[gpu1] OK /mnt/data/INR/outputs/mujoco/suites/state_resampled_v2/runs/custom_mujoco_state_resampled_v2/custom_mujoco_state_resampled_v2_halfcheetah__inr_diffusion_history_conditioned__new_policy__s0 (6.6s)
[gpu1] START /mnt/data/INR/outputs/mujoco/suites/state_resampled_v2/runs/custom_mujoco_state_resampled_v2/custom_mujoco_state_resampled_v2_halfcheetah__inr_diffusion_history_conditioned__novel_generalization__s0
[gpu3] OK /mnt/data/INR/outputs/mujoco/suites/state_resampled_v2/runs/custom_mujoco_state_resampled_v2/custom_mujoco_state_resampled_v2_halfcheetah__inr_diffusion_history_conditioned__no_shift__s0 (6.0s)
[gpu3] START /mnt/data/INR/outputs/mujoco/suites/state_resampled_v2/runs/custom_mujoco_state_resampled_v2/custom_mujoco_state_resampled_v2_halfcheetah__inr_diffusion_history_conditioned__novel_generalization__s1
[gpu2] OK /mnt/data/INR/outputs/mujoco/suites/state_resampled_v2/runs/custom_mujoco_state_resampled_v2/custom_mujoco_state_resampled_v2_halfcheetah__inr_diffusion_history_conditioned__new_policy__s1 (6.7s)
[gpu2] START /mnt/data/INR/outputs/mujoco/suites/state_resampled_v2/runs/custom_mujoco_state_resampled_v2/custom_mujoco_state_resampled_v2_halfcheetah__inr_diffusion_history_conditioned__single_shift__s0
[gpu0] OK /mnt/data/INR/outputs/mujoco/suites/state_resampled_v2/runs/custom_mujoco_state_resampled_v2/custom_mujoco_state_resampled_v2_halfcheetah__inr_diffusion_history_conditioned__no_shift__s1 (6.3s)
[gpu0] START /mnt/data/INR/outputs/mujoco/suites/state_resampled_v2/runs/custom_mujoco_state_resampled_v2/custom_mujoco_state_resampled_v2_halfcheetah__inr_diffusion_history_conditioned__single_shift__s1
[gpu1] OK /mnt/data/INR/outputs/mujoco/suites/state_resampled_v2/runs/custom_mujoco_state_resampled_v2/custom_mujoco_state_resampled_v2_halfcheetah__inr_diffusion_history_conditioned__novel_generalization__s0 (6.2s)
[gpu1] START /mnt/data/INR/outputs/mujoco/suites/state_resampled_v2/runs/custom_mujoco_state_resampled_v2/custom_mujoco_state_resampled_v2_halfcheetah__inr_diffusion_history_conditioned__specialization__s0
[gpu3] OK /mnt/data/INR/outputs/mujoco/suites/state_resampled_v2/runs/custom_mujoco_state_resampled_v2/custom_mujoco_state_resampled_v2_halfcheetah__inr_diffusion_history_conditioned__novel_generalization__s1 (5.7s)
[gpu3] START /mnt/data/INR/outputs/mujoco/suites/state_resampled_v2/runs/custom_mujoco_state_resampled_v2/custom_mujoco_state_resampled_v2_halfcheetah__inr_diffusion_history_conditioned__specialization__s1
[gpu2] OK /mnt/data/INR/outputs/mujoco/suites/state_resampled_v2/runs/custom_mujoco_state_resampled_v2/custom_mujoco_state_resampled_v2_halfcheetah__inr_diffusion_history_conditioned__single_shift__s0 (6.3s)
[gpu2] START /mnt/data/INR/outputs/mujoco/suites/state_resampled_v2/runs/custom_mujoco_state_resampled_v2/custom_mujoco_state_resampled_v2_halfcheetah__inr_transformer_fitted_latent__conflation__s0
[gpu0] OK /mnt/data/INR/outputs/mujoco/suites/state_resampled_v2/runs/custom_mujoco_state_resampled_v2/custom_mujoco_state_resampled_v2_halfcheetah__inr_diffusion_history_conditioned__single_shift__s1 (6.1s)
[gpu0] START /mnt/data/INR/outputs/mujoco/suites/state_resampled_v2/runs/custom_mujoco_state_resampled_v2/custom_mujoco_state_resampled_v2_halfcheetah__inr_transformer_fitted_latent__conflation__s1
[gpu1] OK /mnt/data/INR/outputs/mujoco/suites/state_resampled_v2/runs/custom_mujoco_state_resampled_v2/custom_mujoco_state_resampled_v2_halfcheetah__inr_diffusion_history_conditioned__specialization__s0 (6.3s)
[gpu1] START /mnt/data/INR/outputs/mujoco/suites/state_resampled_v2/runs/custom_mujoco_state_resampled_v2/custom_mujoco_state_resampled_v2_halfcheetah__inr_transformer_fitted_latent__generalization__s0
[gpu3] OK /mnt/data/INR/outputs/mujoco/suites/state_resampled_v2/runs/custom_mujoco_state_resampled_v2/custom_mujoco_state_resampled_v2_halfcheetah__inr_diffusion_history_conditioned__specialization__s1 (5.6s)
[gpu3] START /mnt/data/INR/outputs/mujoco/suites/state_resampled_v2/runs/custom_mujoco_state_resampled_v2/custom_mujoco_state_resampled_v2_halfcheetah__inr_transformer_fitted_latent__generalization__s1
[gpu2] OK /mnt/data/INR/outputs/mujoco/suites/state_resampled_v2/runs/custom_mujoco_state_resampled_v2/custom_mujoco_state_resampled_v2_halfcheetah__inr_transformer_fitted_latent__conflation__s0 (9.2s)
[gpu2] START /mnt/data/INR/outputs/mujoco/suites/state_resampled_v2/runs/custom_mujoco_state_resampled_v2/custom_mujoco_state_resampled_v2_halfcheetah__inr_transformer_fitted_latent__new_policy__s0
[gpu0] OK /mnt/data/INR/outputs/mujoco/suites/state_resampled_v2/runs/custom_mujoco_state_resampled_v2/custom_mujoco_state_resampled_v2_halfcheetah__inr_transformer_fitted_latent__conflation__s1 (9.0s)
[gpu0] START /mnt/data/INR/outputs/mujoco/suites/state_resampled_v2/runs/custom_mujoco_state_resampled_v2/custom_mujoco_state_resampled_v2_halfcheetah__inr_transformer_fitted_latent__new_policy__s1
[gpu3] OK /mnt/data/INR/outputs/mujoco/suites/state_resampled_v2/runs/custom_mujoco_state_resampled_v2/custom_mujoco_state_resampled_v2_halfcheetah__inr_transformer_fitted_latent__generalization__s1 (6.6s)
[gpu3] START /mnt/data/INR/outputs/mujoco/suites/state_resampled_v2/runs/custom_mujoco_state_resampled_v2/custom_mujoco_state_resampled_v2_halfcheetah__inr_transformer_fitted_latent__no_shift__s0
[gpu1] OK /mnt/data/INR/outputs/mujoco/suites/state_resampled_v2/runs/custom_mujoco_state_resampled_v2/custom_mujoco_state_resampled_v2_halfcheetah__inr_transformer_fitted_latent__generalization__s0 (8.2s)
[gpu1] START /mnt/data/INR/outputs/mujoco/suites/state_resampled_v2/runs/custom_mujoco_state_resampled_v2/custom_mujoco_state_resampled_v2_halfcheetah__inr_transformer_fitted_latent__no_shift__s1
[gpu3] OK /mnt/data/INR/outputs/mujoco/suites/state_resampled_v2/runs/custom_mujoco_state_resampled_v2/custom_mujoco_state_resampled_v2_halfcheetah__inr_transformer_fitted_latent__no_shift__s0 (7.7s)
[gpu3] START /mnt/data/INR/outputs/mujoco/suites/state_resampled_v2/runs/custom_mujoco_state_resampled_v2/custom_mujoco_state_resampled_v2_halfcheetah__inr_transformer_fitted_latent__novel_generalization__s0
[gpu2] OK /mnt/data/INR/outputs/mujoco/suites/state_resampled_v2/runs/custom_mujoco_state_resampled_v2/custom_mujoco_state_resampled_v2_halfcheetah__inr_transformer_fitted_latent__new_policy__s0 (10.5s)
[gpu2] START /mnt/data/INR/outputs/mujoco/suites/state_resampled_v2/runs/custom_mujoco_state_resampled_v2/custom_mujoco_state_resampled_v2_halfcheetah__inr_transformer_fitted_latent__novel_generalization__s1
[gpu0] OK /mnt/data/INR/outputs/mujoco/suites/state_resampled_v2/runs/custom_mujoco_state_resampled_v2/custom_mujoco_state_resampled_v2_halfcheetah__inr_transformer_fitted_latent__new_policy__s1 (10.6s)
[gpu0] START /mnt/data/INR/outputs/mujoco/suites/state_resampled_v2/runs/custom_mujoco_state_resampled_v2/custom_mujoco_state_resampled_v2_halfcheetah__inr_transformer_fitted_latent__single_shift__s0
[gpu1] OK /mnt/data/INR/outputs/mujoco/suites/state_resampled_v2/runs/custom_mujoco_state_resampled_v2/custom_mujoco_state_resampled_v2_halfcheetah__inr_transformer_fitted_latent__no_shift__s1 (10.1s)
[gpu1] START /mnt/data/INR/outputs/mujoco/suites/state_resampled_v2/runs/custom_mujoco_state_resampled_v2/custom_mujoco_state_resampled_v2_halfcheetah__inr_transformer_fitted_latent__single_shift__s1
[gpu3] OK /mnt/data/INR/outputs/mujoco/suites/state_resampled_v2/runs/custom_mujoco_state_resampled_v2/custom_mujoco_state_resampled_v2_halfcheetah__inr_transformer_fitted_latent__novel_generalization__s0 (6.9s)
[gpu3] START /mnt/data/INR/outputs/mujoco/suites/state_resampled_v2/runs/custom_mujoco_state_resampled_v2/custom_mujoco_state_resampled_v2_halfcheetah__inr_transformer_fitted_latent__specialization__s0
[gpu2] OK /mnt/data/INR/outputs/mujoco/suites/state_resampled_v2/runs/custom_mujoco_state_resampled_v2/custom_mujoco_state_resampled_v2_halfcheetah__inr_transformer_fitted_latent__novel_generalization__s1 (8.7s)
[gpu2] START /mnt/data/INR/outputs/mujoco/suites/state_resampled_v2/runs/custom_mujoco_state_resampled_v2/custom_mujoco_state_resampled_v2_halfcheetah__inr_transformer_fitted_latent__specialization__s1
[gpu0] OK /mnt/data/INR/outputs/mujoco/suites/state_resampled_v2/runs/custom_mujoco_state_resampled_v2/custom_mujoco_state_resampled_v2_halfcheetah__inr_transformer_fitted_latent__single_shift__s0 (10.1s)
[gpu0] START /mnt/data/INR/outputs/mujoco/suites/state_resampled_v2/runs/custom_mujoco_state_resampled_v2/custom_mujoco_state_resampled_v2_halfcheetah__inr_transformer_history_conditioned__conflation__s0
[gpu1] OK /mnt/data/INR/outputs/mujoco/suites/state_resampled_v2/runs/custom_mujoco_state_resampled_v2/custom_mujoco_state_resampled_v2_halfcheetah__inr_transformer_fitted_latent__single_shift__s1 (9.9s)
[gpu1] START /mnt/data/INR/outputs/mujoco/suites/state_resampled_v2/runs/custom_mujoco_state_resampled_v2/custom_mujoco_state_resampled_v2_halfcheetah__inr_transformer_history_conditioned__conflation__s1
[gpu3] OK /mnt/data/INR/outputs/mujoco/suites/state_resampled_v2/runs/custom_mujoco_state_resampled_v2/custom_mujoco_state_resampled_v2_halfcheetah__inr_transformer_fitted_latent__specialization__s0 (7.4s)
[gpu3] START /mnt/data/INR/outputs/mujoco/suites/state_resampled_v2/runs/custom_mujoco_state_resampled_v2/custom_mujoco_state_resampled_v2_halfcheetah__inr_transformer_history_conditioned__generalization__s0
[gpu0] OK /mnt/data/INR/outputs/mujoco/suites/state_resampled_v2/runs/custom_mujoco_state_resampled_v2/custom_mujoco_state_resampled_v2_halfcheetah__inr_transformer_history_conditioned__conflation__s0 (5.9s)
[gpu0] START /mnt/data/INR/outputs/mujoco/suites/state_resampled_v2/runs/custom_mujoco_state_resampled_v2/custom_mujoco_state_resampled_v2_halfcheetah__inr_transformer_history_conditioned__generalization__s1
[gpu2] OK /mnt/data/INR/outputs/mujoco/suites/state_resampled_v2/runs/custom_mujoco_state_resampled_v2/custom_mujoco_state_resampled_v2_halfcheetah__inr_transformer_fitted_latent__specialization__s1 (9.7s)
[gpu2] START /mnt/data/INR/outputs/mujoco/suites/state_resampled_v2/runs/custom_mujoco_state_resampled_v2/custom_mujoco_state_resampled_v2_halfcheetah__inr_transformer_history_conditioned__new_policy__s0
[gpu1] OK /mnt/data/INR/outputs/mujoco/suites/state_resampled_v2/runs/custom_mujoco_state_resampled_v2/custom_mujoco_state_resampled_v2_halfcheetah__inr_transformer_history_conditioned__conflation__s1 (6.0s)
[gpu1] START /mnt/data/INR/outputs/mujoco/suites/state_resampled_v2/runs/custom_mujoco_state_resampled_v2/custom_mujoco_state_resampled_v2_halfcheetah__inr_transformer_history_conditioned__new_policy__s1
[gpu3] OK /mnt/data/INR/outputs/mujoco/suites/state_resampled_v2/runs/custom_mujoco_state_resampled_v2/custom_mujoco_state_resampled_v2_halfcheetah__inr_transformer_history_conditioned__generalization__s0 (5.5s)
[gpu3] START /mnt/data/INR/outputs/mujoco/suites/state_resampled_v2/runs/custom_mujoco_state_resampled_v2/custom_mujoco_state_resampled_v2_halfcheetah__inr_transformer_history_conditioned__no_shift__s0
[gpu0] OK /mnt/data/INR/outputs/mujoco/suites/state_resampled_v2/runs/custom_mujoco_state_resampled_v2/custom_mujoco_state_resampled_v2_halfcheetah__inr_transformer_history_conditioned__generalization__s1 (6.1s)
[gpu0] START /mnt/data/INR/outputs/mujoco/suites/state_resampled_v2/runs/custom_mujoco_state_resampled_v2/custom_mujoco_state_resampled_v2_halfcheetah__inr_transformer_history_conditioned__no_shift__s1
[gpu2] OK /mnt/data/INR/outputs/mujoco/suites/state_resampled_v2/runs/custom_mujoco_state_resampled_v2/custom_mujoco_state_resampled_v2_halfcheetah__inr_transformer_history_conditioned__new_policy__s0 (6.7s)
[gpu2] START /mnt/data/INR/outputs/mujoco/suites/state_resampled_v2/runs/custom_mujoco_state_resampled_v2/custom_mujoco_state_resampled_v2_halfcheetah__inr_transformer_history_conditioned__novel_generalization__s0
[gpu3] OK /mnt/data/INR/outputs/mujoco/suites/state_resampled_v2/runs/custom_mujoco_state_resampled_v2/custom_mujoco_state_resampled_v2_halfcheetah__inr_transformer_history_conditioned__no_shift__s0 (6.2s)
[gpu3] START /mnt/data/INR/outputs/mujoco/suites/state_resampled_v2/runs/custom_mujoco_state_resampled_v2/custom_mujoco_state_resampled_v2_halfcheetah__inr_transformer_history_conditioned__novel_generalization__s1
[gpu1] OK /mnt/data/INR/outputs/mujoco/suites/state_resampled_v2/runs/custom_mujoco_state_resampled_v2/custom_mujoco_state_resampled_v2_halfcheetah__inr_transformer_history_conditioned__new_policy__s1 (7.0s)
[gpu1] START /mnt/data/INR/outputs/mujoco/suites/state_resampled_v2/runs/custom_mujoco_state_resampled_v2/custom_mujoco_state_resampled_v2_halfcheetah__inr_transformer_history_conditioned__single_shift__s0
[gpu0] OK /mnt/data/INR/outputs/mujoco/suites/state_resampled_v2/runs/custom_mujoco_state_resampled_v2/custom_mujoco_state_resampled_v2_halfcheetah__inr_transformer_history_conditioned__no_shift__s1 (6.2s)
[gpu0] START /mnt/data/INR/outputs/mujoco/suites/state_resampled_v2/runs/custom_mujoco_state_resampled_v2/custom_mujoco_state_resampled_v2_halfcheetah__inr_transformer_history_conditioned__single_shift__s1
[gpu3] OK /mnt/data/INR/outputs/mujoco/suites/state_resampled_v2/runs/custom_mujoco_state_resampled_v2/custom_mujoco_state_resampled_v2_halfcheetah__inr_transformer_history_conditioned__novel_generalization__s1 (6.2s)
[gpu3] START /mnt/data/INR/outputs/mujoco/suites/state_resampled_v2/runs/custom_mujoco_state_resampled_v2/custom_mujoco_state_resampled_v2_halfcheetah__inr_transformer_history_conditioned__specialization__s0
[gpu2] OK /mnt/data/INR/outputs/mujoco/suites/state_resampled_v2/runs/custom_mujoco_state_resampled_v2/custom_mujoco_state_resampled_v2_halfcheetah__inr_transformer_history_conditioned__novel_generalization__s0 (6.4s)
[gpu2] START /mnt/data/INR/outputs/mujoco/suites/state_resampled_v2/runs/custom_mujoco_state_resampled_v2/custom_mujoco_state_resampled_v2_halfcheetah__inr_transformer_history_conditioned__specialization__s1
[gpu1] OK /mnt/data/INR/outputs/mujoco/suites/state_resampled_v2/runs/custom_mujoco_state_resampled_v2/custom_mujoco_state_resampled_v2_halfcheetah__inr_transformer_history_conditioned__single_shift__s0 (6.5s)
[gpu1] START /mnt/data/INR/outputs/mujoco/suites/state_resampled_v2/runs/custom_mujoco_state_resampled_v2/custom_mujoco_state_resampled_v2_hopper__cvae__conflation__s0
[gpu0] OK /mnt/data/INR/outputs/mujoco/suites/state_resampled_v2/runs/custom_mujoco_state_resampled_v2/custom_mujoco_state_resampled_v2_halfcheetah__inr_transformer_history_conditioned__single_shift__s1 (6.0s)
[gpu0] START /mnt/data/INR/outputs/mujoco/suites/state_resampled_v2/runs/custom_mujoco_state_resampled_v2/custom_mujoco_state_resampled_v2_hopper__cvae__conflation__s1
[gpu3] OK /mnt/data/INR/outputs/mujoco/suites/state_resampled_v2/runs/custom_mujoco_state_resampled_v2/custom_mujoco_state_resampled_v2_halfcheetah__inr_transformer_history_conditioned__specialization__s0 (6.0s)
[gpu3] START /mnt/data/INR/outputs/mujoco/suites/state_resampled_v2/runs/custom_mujoco_state_resampled_v2/custom_mujoco_state_resampled_v2_hopper__cvae__generalization__s0
[gpu2] OK /mnt/data/INR/outputs/mujoco/suites/state_resampled_v2/runs/custom_mujoco_state_resampled_v2/custom_mujoco_state_resampled_v2_halfcheetah__inr_transformer_history_conditioned__specialization__s1 (6.4s)
[gpu2] START /mnt/data/INR/outputs/mujoco/suites/state_resampled_v2/runs/custom_mujoco_state_resampled_v2/custom_mujoco_state_resampled_v2_hopper__cvae__generalization__s1
[gpu1] OK /mnt/data/INR/outputs/mujoco/suites/state_resampled_v2/runs/custom_mujoco_state_resampled_v2/custom_mujoco_state_resampled_v2_hopper__cvae__conflation__s0 (10.2s)
[gpu1] START /mnt/data/INR/outputs/mujoco/suites/state_resampled_v2/runs/custom_mujoco_state_resampled_v2/custom_mujoco_state_resampled_v2_hopper__cvae__new_policy__s0
[gpu3] OK /mnt/data/INR/outputs/mujoco/suites/state_resampled_v2/runs/custom_mujoco_state_resampled_v2/custom_mujoco_state_resampled_v2_hopper__cvae__generalization__s0 (5.3s)
[gpu3] START /mnt/data/INR/outputs/mujoco/suites/state_resampled_v2/runs/custom_mujoco_state_resampled_v2/custom_mujoco_state_resampled_v2_hopper__cvae__new_policy__s1
[gpu2] OK /mnt/data/INR/outputs/mujoco/suites/state_resampled_v2/runs/custom_mujoco_state_resampled_v2/custom_mujoco_state_resampled_v2_hopper__cvae__generalization__s1 (5.9s)
[gpu2] START /mnt/data/INR/outputs/mujoco/suites/state_resampled_v2/runs/custom_mujoco_state_resampled_v2/custom_mujoco_state_resampled_v2_hopper__cvae__no_shift__s0
[gpu0] OK /mnt/data/INR/outputs/mujoco/suites/state_resampled_v2/runs/custom_mujoco_state_resampled_v2/custom_mujoco_state_resampled_v2_hopper__cvae__conflation__s1 (10.0s)
[gpu0] START /mnt/data/INR/outputs/mujoco/suites/state_resampled_v2/runs/custom_mujoco_state_resampled_v2/custom_mujoco_state_resampled_v2_hopper__cvae__no_shift__s1
[gpu3] OK /mnt/data/INR/outputs/mujoco/suites/state_resampled_v2/runs/custom_mujoco_state_resampled_v2/custom_mujoco_state_resampled_v2_hopper__cvae__new_policy__s1 (5.6s)
[gpu3] START /mnt/data/INR/outputs/mujoco/suites/state_resampled_v2/runs/custom_mujoco_state_resampled_v2/custom_mujoco_state_resampled_v2_hopper__cvae__novel_generalization__s0
[gpu1] OK /mnt/data/INR/outputs/mujoco/suites/state_resampled_v2/runs/custom_mujoco_state_resampled_v2/custom_mujoco_state_resampled_v2_hopper__cvae__new_policy__s0 (6.2s)
[gpu1] START /mnt/data/INR/outputs/mujoco/suites/state_resampled_v2/runs/custom_mujoco_state_resampled_v2/custom_mujoco_state_resampled_v2_hopper__cvae__novel_generalization__s1
[gpu2] OK /mnt/data/INR/outputs/mujoco/suites/state_resampled_v2/runs/custom_mujoco_state_resampled_v2/custom_mujoco_state_resampled_v2_hopper__cvae__no_shift__s0 (6.1s)
[gpu2] START /mnt/data/INR/outputs/mujoco/suites/state_resampled_v2/runs/custom_mujoco_state_resampled_v2/custom_mujoco_state_resampled_v2_hopper__cvae__single_shift__s0
[gpu0] OK /mnt/data/INR/outputs/mujoco/suites/state_resampled_v2/runs/custom_mujoco_state_resampled_v2/custom_mujoco_state_resampled_v2_hopper__cvae__no_shift__s1 (6.1s)
[gpu0] START /mnt/data/INR/outputs/mujoco/suites/state_resampled_v2/runs/custom_mujoco_state_resampled_v2/custom_mujoco_state_resampled_v2_hopper__cvae__single_shift__s1
[gpu3] OK /mnt/data/INR/outputs/mujoco/suites/state_resampled_v2/runs/custom_mujoco_state_resampled_v2/custom_mujoco_state_resampled_v2_hopper__cvae__novel_generalization__s0 (5.4s)
[gpu3] START /mnt/data/INR/outputs/mujoco/suites/state_resampled_v2/runs/custom_mujoco_state_resampled_v2/custom_mujoco_state_resampled_v2_hopper__cvae__specialization__s0
[gpu1] OK /mnt/data/INR/outputs/mujoco/suites/state_resampled_v2/runs/custom_mujoco_state_resampled_v2/custom_mujoco_state_resampled_v2_hopper__cvae__novel_generalization__s1 (5.9s)
[gpu1] START /mnt/data/INR/outputs/mujoco/suites/state_resampled_v2/runs/custom_mujoco_state_resampled_v2/custom_mujoco_state_resampled_v2_hopper__cvae__specialization__s1
[gpu2] OK /mnt/data/INR/outputs/mujoco/suites/state_resampled_v2/runs/custom_mujoco_state_resampled_v2/custom_mujoco_state_resampled_v2_hopper__cvae__single_shift__s0 (6.1s)
[gpu2] START /mnt/data/INR/outputs/mujoco/suites/state_resampled_v2/runs/custom_mujoco_state_resampled_v2/custom_mujoco_state_resampled_v2_hopper__inr_diffusion_history_conditioned__conflation__s0
[gpu0] OK /mnt/data/INR/outputs/mujoco/suites/state_resampled_v2/runs/custom_mujoco_state_resampled_v2/custom_mujoco_state_resampled_v2_hopper__cvae__single_shift__s1 (6.0s)
[gpu0] START /mnt/data/INR/outputs/mujoco/suites/state_resampled_v2/runs/custom_mujoco_state_resampled_v2/custom_mujoco_state_resampled_v2_hopper__inr_diffusion_history_conditioned__conflation__s1
[gpu3] OK /mnt/data/INR/outputs/mujoco/suites/state_resampled_v2/runs/custom_mujoco_state_resampled_v2/custom_mujoco_state_resampled_v2_hopper__cvae__specialization__s0 (5.6s)
[gpu3] START /mnt/data/INR/outputs/mujoco/suites/state_resampled_v2/runs/custom_mujoco_state_resampled_v2/custom_mujoco_state_resampled_v2_hopper__inr_diffusion_history_conditioned__generalization__s0
[gpu1] OK /mnt/data/INR/outputs/mujoco/suites/state_resampled_v2/runs/custom_mujoco_state_resampled_v2/custom_mujoco_state_resampled_v2_hopper__cvae__specialization__s1 (5.9s)
[gpu1] START /mnt/data/INR/outputs/mujoco/suites/state_resampled_v2/runs/custom_mujoco_state_resampled_v2/custom_mujoco_state_resampled_v2_hopper__inr_diffusion_history_conditioned__generalization__s1
[gpu2] OK /mnt/data/INR/outputs/mujoco/suites/state_resampled_v2/runs/custom_mujoco_state_resampled_v2/custom_mujoco_state_resampled_v2_hopper__inr_diffusion_history_conditioned__conflation__s0 (6.1s)
[gpu2] START /mnt/data/INR/outputs/mujoco/suites/state_resampled_v2/runs/custom_mujoco_state_resampled_v2/custom_mujoco_state_resampled_v2_hopper__inr_diffusion_history_conditioned__new_policy__s0
[gpu0] OK /mnt/data/INR/outputs/mujoco/suites/state_resampled_v2/runs/custom_mujoco_state_resampled_v2/custom_mujoco_state_resampled_v2_hopper__inr_diffusion_history_conditioned__conflation__s1 (6.2s)
[gpu0] START /mnt/data/INR/outputs/mujoco/suites/state_resampled_v2/runs/custom_mujoco_state_resampled_v2/custom_mujoco_state_resampled_v2_hopper__inr_diffusion_history_conditioned__new_policy__s1
[gpu3] OK /mnt/data/INR/outputs/mujoco/suites/state_resampled_v2/runs/custom_mujoco_state_resampled_v2/custom_mujoco_state_resampled_v2_hopper__inr_diffusion_history_conditioned__generalization__s0 (5.2s)
[gpu3] START /mnt/data/INR/outputs/mujoco/suites/state_resampled_v2/runs/custom_mujoco_state_resampled_v2/custom_mujoco_state_resampled_v2_hopper__inr_diffusion_history_conditioned__no_shift__s0
[gpu1] OK /mnt/data/INR/outputs/mujoco/suites/state_resampled_v2/runs/custom_mujoco_state_resampled_v2/custom_mujoco_state_resampled_v2_hopper__inr_diffusion_history_conditioned__generalization__s1 (6.1s)
[gpu1] START /mnt/data/INR/outputs/mujoco/suites/state_resampled_v2/runs/custom_mujoco_state_resampled_v2/custom_mujoco_state_resampled_v2_hopper__inr_diffusion_history_conditioned__no_shift__s1
[gpu2] OK /mnt/data/INR/outputs/mujoco/suites/state_resampled_v2/runs/custom_mujoco_state_resampled_v2/custom_mujoco_state_resampled_v2_hopper__inr_diffusion_history_conditioned__new_policy__s0 (6.2s)
[gpu2] START /mnt/data/INR/outputs/mujoco/suites/state_resampled_v2/runs/custom_mujoco_state_resampled_v2/custom_mujoco_state_resampled_v2_hopper__inr_diffusion_history_conditioned__novel_generalization__s0
[gpu0] OK /mnt/data/INR/outputs/mujoco/suites/state_resampled_v2/runs/custom_mujoco_state_resampled_v2/custom_mujoco_state_resampled_v2_hopper__inr_diffusion_history_conditioned__new_policy__s1 (6.1s)
[gpu0] START /mnt/data/INR/outputs/mujoco/suites/state_resampled_v2/runs/custom_mujoco_state_resampled_v2/custom_mujoco_state_resampled_v2_hopper__inr_diffusion_history_conditioned__novel_generalization__s1
[gpu3] OK /mnt/data/INR/outputs/mujoco/suites/state_resampled_v2/runs/custom_mujoco_state_resampled_v2/custom_mujoco_state_resampled_v2_hopper__inr_diffusion_history_conditioned__no_shift__s0 (5.7s)
[gpu3] START /mnt/data/INR/outputs/mujoco/suites/state_resampled_v2/runs/custom_mujoco_state_resampled_v2/custom_mujoco_state_resampled_v2_hopper__inr_diffusion_history_conditioned__single_shift__s0
[gpu1] OK /mnt/data/INR/outputs/mujoco/suites/state_resampled_v2/runs/custom_mujoco_state_resampled_v2/custom_mujoco_state_resampled_v2_hopper__inr_diffusion_history_conditioned__no_shift__s1 (6.1s)
[gpu1] START /mnt/data/INR/outputs/mujoco/suites/state_resampled_v2/runs/custom_mujoco_state_resampled_v2/custom_mujoco_state_resampled_v2_hopper__inr_diffusion_history_conditioned__single_shift__s1
[gpu2] OK /mnt/data/INR/outputs/mujoco/suites/state_resampled_v2/runs/custom_mujoco_state_resampled_v2/custom_mujoco_state_resampled_v2_hopper__inr_diffusion_history_conditioned__novel_generalization__s0 (6.0s)
[gpu2] START /mnt/data/INR/outputs/mujoco/suites/state_resampled_v2/runs/custom_mujoco_state_resampled_v2/custom_mujoco_state_resampled_v2_hopper__inr_diffusion_history_conditioned__specialization__s0
[gpu0] OK /mnt/data/INR/outputs/mujoco/suites/state_resampled_v2/runs/custom_mujoco_state_resampled_v2/custom_mujoco_state_resampled_v2_hopper__inr_diffusion_history_conditioned__novel_generalization__s1 (6.4s)
[gpu0] START /mnt/data/INR/outputs/mujoco/suites/state_resampled_v2/runs/custom_mujoco_state_resampled_v2/custom_mujoco_state_resampled_v2_hopper__inr_diffusion_history_conditioned__specialization__s1
[gpu3] OK /mnt/data/INR/outputs/mujoco/suites/state_resampled_v2/runs/custom_mujoco_state_resampled_v2/custom_mujoco_state_resampled_v2_hopper__inr_diffusion_history_conditioned__single_shift__s0 (6.6s)
[gpu3] START /mnt/data/INR/outputs/mujoco/suites/state_resampled_v2/runs/custom_mujoco_state_resampled_v2/custom_mujoco_state_resampled_v2_hopper__inr_transformer_fitted_latent__conflation__s0
[gpu1] OK /mnt/data/INR/outputs/mujoco/suites/state_resampled_v2/runs/custom_mujoco_state_resampled_v2/custom_mujoco_state_resampled_v2_hopper__inr_diffusion_history_conditioned__single_shift__s1 (6.1s)
[gpu1] START /mnt/data/INR/outputs/mujoco/suites/state_resampled_v2/runs/custom_mujoco_state_resampled_v2/custom_mujoco_state_resampled_v2_hopper__inr_transformer_fitted_latent__conflation__s1
[gpu2] OK /mnt/data/INR/outputs/mujoco/suites/state_resampled_v2/runs/custom_mujoco_state_resampled_v2/custom_mujoco_state_resampled_v2_hopper__inr_diffusion_history_conditioned__specialization__s0 (6.0s)
[gpu2] START /mnt/data/INR/outputs/mujoco/suites/state_resampled_v2/runs/custom_mujoco_state_resampled_v2/custom_mujoco_state_resampled_v2_hopper__inr_transformer_fitted_latent__generalization__s0
[gpu0] OK /mnt/data/INR/outputs/mujoco/suites/state_resampled_v2/runs/custom_mujoco_state_resampled_v2/custom_mujoco_state_resampled_v2_hopper__inr_diffusion_history_conditioned__specialization__s1 (6.2s)
[gpu0] START /mnt/data/INR/outputs/mujoco/suites/state_resampled_v2/runs/custom_mujoco_state_resampled_v2/custom_mujoco_state_resampled_v2_hopper__inr_transformer_fitted_latent__generalization__s1
[gpu3] OK /mnt/data/INR/outputs/mujoco/suites/state_resampled_v2/runs/custom_mujoco_state_resampled_v2/custom_mujoco_state_resampled_v2_hopper__inr_transformer_fitted_latent__conflation__s0 (8.9s)
[gpu3] START /mnt/data/INR/outputs/mujoco/suites/state_resampled_v2/runs/custom_mujoco_state_resampled_v2/custom_mujoco_state_resampled_v2_hopper__inr_transformer_fitted_latent__new_policy__s0
[gpu1] OK /mnt/data/INR/outputs/mujoco/suites/state_resampled_v2/runs/custom_mujoco_state_resampled_v2/custom_mujoco_state_resampled_v2_hopper__inr_transformer_fitted_latent__conflation__s1 (8.7s)
[gpu1] START /mnt/data/INR/outputs/mujoco/suites/state_resampled_v2/runs/custom_mujoco_state_resampled_v2/custom_mujoco_state_resampled_v2_hopper__inr_transformer_fitted_latent__new_policy__s1
[gpu2] OK /mnt/data/INR/outputs/mujoco/suites/state_resampled_v2/runs/custom_mujoco_state_resampled_v2/custom_mujoco_state_resampled_v2_hopper__inr_transformer_fitted_latent__generalization__s0 (8.0s)
[gpu2] START /mnt/data/INR/outputs/mujoco/suites/state_resampled_v2/runs/custom_mujoco_state_resampled_v2/custom_mujoco_state_resampled_v2_hopper__inr_transformer_fitted_latent__no_shift__s0
[gpu0] OK /mnt/data/INR/outputs/mujoco/suites/state_resampled_v2/runs/custom_mujoco_state_resampled_v2/custom_mujoco_state_resampled_v2_hopper__inr_transformer_fitted_latent__generalization__s1 (8.0s)
[gpu0] START /mnt/data/INR/outputs/mujoco/suites/state_resampled_v2/runs/custom_mujoco_state_resampled_v2/custom_mujoco_state_resampled_v2_hopper__inr_transformer_fitted_latent__no_shift__s1
[gpu3] OK /mnt/data/INR/outputs/mujoco/suites/state_resampled_v2/runs/custom_mujoco_state_resampled_v2/custom_mujoco_state_resampled_v2_hopper__inr_transformer_fitted_latent__new_policy__s0 (10.1s)
[gpu3] START /mnt/data/INR/outputs/mujoco/suites/state_resampled_v2/runs/custom_mujoco_state_resampled_v2/custom_mujoco_state_resampled_v2_hopper__inr_transformer_fitted_latent__novel_generalization__s0
[gpu1] OK /mnt/data/INR/outputs/mujoco/suites/state_resampled_v2/runs/custom_mujoco_state_resampled_v2/custom_mujoco_state_resampled_v2_hopper__inr_transformer_fitted_latent__new_policy__s1 (10.2s)
[gpu1] START /mnt/data/INR/outputs/mujoco/suites/state_resampled_v2/runs/custom_mujoco_state_resampled_v2/custom_mujoco_state_resampled_v2_hopper__inr_transformer_fitted_latent__novel_generalization__s1
[gpu2] OK /mnt/data/INR/outputs/mujoco/suites/state_resampled_v2/runs/custom_mujoco_state_resampled_v2/custom_mujoco_state_resampled_v2_hopper__inr_transformer_fitted_latent__no_shift__s0 (9.7s)
[gpu2] START /mnt/data/INR/outputs/mujoco/suites/state_resampled_v2/runs/custom_mujoco_state_resampled_v2/custom_mujoco_state_resampled_v2_hopper__inr_transformer_fitted_latent__single_shift__s0
[gpu0] OK /mnt/data/INR/outputs/mujoco/suites/state_resampled_v2/runs/custom_mujoco_state_resampled_v2/custom_mujoco_state_resampled_v2_hopper__inr_transformer_fitted_latent__no_shift__s1 (9.6s)
[gpu0] START /mnt/data/INR/outputs/mujoco/suites/state_resampled_v2/runs/custom_mujoco_state_resampled_v2/custom_mujoco_state_resampled_v2_hopper__inr_transformer_fitted_latent__single_shift__s1
[gpu3] OK /mnt/data/INR/outputs/mujoco/suites/state_resampled_v2/runs/custom_mujoco_state_resampled_v2/custom_mujoco_state_resampled_v2_hopper__inr_transformer_fitted_latent__novel_generalization__s0 (8.4s)
[gpu3] START /mnt/data/INR/outputs/mujoco/suites/state_resampled_v2/runs/custom_mujoco_state_resampled_v2/custom_mujoco_state_resampled_v2_hopper__inr_transformer_fitted_latent__specialization__s0
[gpu1] OK /mnt/data/INR/outputs/mujoco/suites/state_resampled_v2/runs/custom_mujoco_state_resampled_v2/custom_mujoco_state_resampled_v2_hopper__inr_transformer_fitted_latent__novel_generalization__s1 (8.5s)
[gpu1] START /mnt/data/INR/outputs/mujoco/suites/state_resampled_v2/runs/custom_mujoco_state_resampled_v2/custom_mujoco_state_resampled_v2_hopper__inr_transformer_fitted_latent__specialization__s1
[gpu2] OK /mnt/data/INR/outputs/mujoco/suites/state_resampled_v2/runs/custom_mujoco_state_resampled_v2/custom_mujoco_state_resampled_v2_hopper__inr_transformer_fitted_latent__single_shift__s0 (9.5s)
[gpu2] START /mnt/data/INR/outputs/mujoco/suites/state_resampled_v2/runs/custom_mujoco_state_resampled_v2/custom_mujoco_state_resampled_v2_hopper__inr_transformer_history_conditioned__conflation__s0
[gpu0] OK /mnt/data/INR/outputs/mujoco/suites/state_resampled_v2/runs/custom_mujoco_state_resampled_v2/custom_mujoco_state_resampled_v2_hopper__inr_transformer_fitted_latent__single_shift__s1 (9.6s)
[gpu0] START /mnt/data/INR/outputs/mujoco/suites/state_resampled_v2/runs/custom_mujoco_state_resampled_v2/custom_mujoco_state_resampled_v2_hopper__inr_transformer_history_conditioned__conflation__s1
[gpu2] OK /mnt/data/INR/outputs/mujoco/suites/state_resampled_v2/runs/custom_mujoco_state_resampled_v2/custom_mujoco_state_resampled_v2_hopper__inr_transformer_history_conditioned__conflation__s0 (5.7s)
[gpu2] START /mnt/data/INR/outputs/mujoco/suites/state_resampled_v2/runs/custom_mujoco_state_resampled_v2/custom_mujoco_state_resampled_v2_hopper__inr_transformer_history_conditioned__generalization__s0
[gpu3] OK /mnt/data/INR/outputs/mujoco/suites/state_resampled_v2/runs/custom_mujoco_state_resampled_v2/custom_mujoco_state_resampled_v2_hopper__inr_transformer_fitted_latent__specialization__s0 (9.4s)
[gpu3] START /mnt/data/INR/outputs/mujoco/suites/state_resampled_v2/runs/custom_mujoco_state_resampled_v2/custom_mujoco_state_resampled_v2_hopper__inr_transformer_history_conditioned__generalization__s1
[gpu1] OK /mnt/data/INR/outputs/mujoco/suites/state_resampled_v2/runs/custom_mujoco_state_resampled_v2/custom_mujoco_state_resampled_v2_hopper__inr_transformer_fitted_latent__specialization__s1 (9.6s)
[gpu1] START /mnt/data/INR/outputs/mujoco/suites/state_resampled_v2/runs/custom_mujoco_state_resampled_v2/custom_mujoco_state_resampled_v2_hopper__inr_transformer_history_conditioned__new_policy__s0
[gpu0] OK /mnt/data/INR/outputs/mujoco/suites/state_resampled_v2/runs/custom_mujoco_state_resampled_v2/custom_mujoco_state_resampled_v2_hopper__inr_transformer_history_conditioned__conflation__s1 (5.7s)
[gpu0] START /mnt/data/INR/outputs/mujoco/suites/state_resampled_v2/runs/custom_mujoco_state_resampled_v2/custom_mujoco_state_resampled_v2_hopper__inr_transformer_history_conditioned__new_policy__s1
[gpu2] OK /mnt/data/INR/outputs/mujoco/suites/state_resampled_v2/runs/custom_mujoco_state_resampled_v2/custom_mujoco_state_resampled_v2_hopper__inr_transformer_history_conditioned__generalization__s0 (5.8s)
[gpu2] START /mnt/data/INR/outputs/mujoco/suites/state_resampled_v2/runs/custom_mujoco_state_resampled_v2/custom_mujoco_state_resampled_v2_hopper__inr_transformer_history_conditioned__no_shift__s0
[gpu3] OK /mnt/data/INR/outputs/mujoco/suites/state_resampled_v2/runs/custom_mujoco_state_resampled_v2/custom_mujoco_state_resampled_v2_hopper__inr_transformer_history_conditioned__generalization__s1 (5.8s)
[gpu3] START /mnt/data/INR/outputs/mujoco/suites/state_resampled_v2/runs/custom_mujoco_state_resampled_v2/custom_mujoco_state_resampled_v2_hopper__inr_transformer_history_conditioned__no_shift__s1
[gpu1] OK /mnt/data/INR/outputs/mujoco/suites/state_resampled_v2/runs/custom_mujoco_state_resampled_v2/custom_mujoco_state_resampled_v2_hopper__inr_transformer_history_conditioned__new_policy__s0 (6.2s)
[gpu1] START /mnt/data/INR/outputs/mujoco/suites/state_resampled_v2/runs/custom_mujoco_state_resampled_v2/custom_mujoco_state_resampled_v2_hopper__inr_transformer_history_conditioned__novel_generalization__s0
[gpu0] OK /mnt/data/INR/outputs/mujoco/suites/state_resampled_v2/runs/custom_mujoco_state_resampled_v2/custom_mujoco_state_resampled_v2_hopper__inr_transformer_history_conditioned__new_policy__s1 (6.1s)
[gpu0] START /mnt/data/INR/outputs/mujoco/suites/state_resampled_v2/runs/custom_mujoco_state_resampled_v2/custom_mujoco_state_resampled_v2_hopper__inr_transformer_history_conditioned__novel_generalization__s1
[gpu2] OK /mnt/data/INR/outputs/mujoco/suites/state_resampled_v2/runs/custom_mujoco_state_resampled_v2/custom_mujoco_state_resampled_v2_hopper__inr_transformer_history_conditioned__no_shift__s0 (6.0s)
[gpu2] START /mnt/data/INR/outputs/mujoco/suites/state_resampled_v2/runs/custom_mujoco_state_resampled_v2/custom_mujoco_state_resampled_v2_hopper__inr_transformer_history_conditioned__single_shift__s0
[gpu3] OK /mnt/data/INR/outputs/mujoco/suites/state_resampled_v2/runs/custom_mujoco_state_resampled_v2/custom_mujoco_state_resampled_v2_hopper__inr_transformer_history_conditioned__no_shift__s1 (6.0s)
[gpu3] START /mnt/data/INR/outputs/mujoco/suites/state_resampled_v2/runs/custom_mujoco_state_resampled_v2/custom_mujoco_state_resampled_v2_hopper__inr_transformer_history_conditioned__single_shift__s1
[gpu1] OK /mnt/data/INR/outputs/mujoco/suites/state_resampled_v2/runs/custom_mujoco_state_resampled_v2/custom_mujoco_state_resampled_v2_hopper__inr_transformer_history_conditioned__novel_generalization__s0 (5.9s)
[gpu1] START /mnt/data/INR/outputs/mujoco/suites/state_resampled_v2/runs/custom_mujoco_state_resampled_v2/custom_mujoco_state_resampled_v2_hopper__inr_transformer_history_conditioned__specialization__s0
[gpu0] OK /mnt/data/INR/outputs/mujoco/suites/state_resampled_v2/runs/custom_mujoco_state_resampled_v2/custom_mujoco_state_resampled_v2_hopper__inr_transformer_history_conditioned__novel_generalization__s1 (5.9s)
[gpu0] START /mnt/data/INR/outputs/mujoco/suites/state_resampled_v2/runs/custom_mujoco_state_resampled_v2/custom_mujoco_state_resampled_v2_hopper__inr_transformer_history_conditioned__specialization__s1
[gpu2] OK /mnt/data/INR/outputs/mujoco/suites/state_resampled_v2/runs/custom_mujoco_state_resampled_v2/custom_mujoco_state_resampled_v2_hopper__inr_transformer_history_conditioned__single_shift__s0 (6.0s)
[gpu2] START /mnt/data/INR/outputs/mujoco/suites/state_resampled_v2/runs/custom_mujoco_state_resampled_v2/custom_mujoco_state_resampled_v2_humanoid__cvae__conflation__s0
[gpu3] OK /mnt/data/INR/outputs/mujoco/suites/state_resampled_v2/runs/custom_mujoco_state_resampled_v2/custom_mujoco_state_resampled_v2_hopper__inr_transformer_history_conditioned__single_shift__s1 (5.9s)
[gpu3] START /mnt/data/INR/outputs/mujoco/suites/state_resampled_v2/runs/custom_mujoco_state_resampled_v2/custom_mujoco_state_resampled_v2_humanoid__cvae__conflation__s1
[gpu1] OK /mnt/data/INR/outputs/mujoco/suites/state_resampled_v2/runs/custom_mujoco_state_resampled_v2/custom_mujoco_state_resampled_v2_hopper__inr_transformer_history_conditioned__specialization__s0 (6.0s)
[gpu1] START /mnt/data/INR/outputs/mujoco/suites/state_resampled_v2/runs/custom_mujoco_state_resampled_v2/custom_mujoco_state_resampled_v2_humanoid__cvae__generalization__s0
[gpu0] OK /mnt/data/INR/outputs/mujoco/suites/state_resampled_v2/runs/custom_mujoco_state_resampled_v2/custom_mujoco_state_resampled_v2_hopper__inr_transformer_history_conditioned__specialization__s1 (6.1s)
[gpu0] START /mnt/data/INR/outputs/mujoco/suites/state_resampled_v2/runs/custom_mujoco_state_resampled_v2/custom_mujoco_state_resampled_v2_humanoid__cvae__generalization__s1
[gpu1] OK /mnt/data/INR/outputs/mujoco/suites/state_resampled_v2/runs/custom_mujoco_state_resampled_v2/custom_mujoco_state_resampled_v2_humanoid__cvae__generalization__s0 (50.5s)
[gpu1] START /mnt/data/INR/outputs/mujoco/suites/state_resampled_v2/runs/custom_mujoco_state_resampled_v2/custom_mujoco_state_resampled_v2_humanoid__cvae__new_policy__s0
[gpu0] OK /mnt/data/INR/outputs/mujoco/suites/state_resampled_v2/runs/custom_mujoco_state_resampled_v2/custom_mujoco_state_resampled_v2_humanoid__cvae__generalization__s1 (50.2s)
[gpu0] START /mnt/data/INR/outputs/mujoco/suites/state_resampled_v2/runs/custom_mujoco_state_resampled_v2/custom_mujoco_state_resampled_v2_humanoid__cvae__new_policy__s1
[gpu2] OK /mnt/data/INR/outputs/mujoco/suites/state_resampled_v2/runs/custom_mujoco_state_resampled_v2/custom_mujoco_state_resampled_v2_humanoid__cvae__conflation__s0 (53.2s)
[gpu2] START /mnt/data/INR/outputs/mujoco/suites/state_resampled_v2/runs/custom_mujoco_state_resampled_v2/custom_mujoco_state_resampled_v2_humanoid__cvae__no_shift__s0
[gpu3] OK /mnt/data/INR/outputs/mujoco/suites/state_resampled_v2/runs/custom_mujoco_state_resampled_v2/custom_mujoco_state_resampled_v2_humanoid__cvae__conflation__s1 (53.0s)
[gpu3] START /mnt/data/INR/outputs/mujoco/suites/state_resampled_v2/runs/custom_mujoco_state_resampled_v2/custom_mujoco_state_resampled_v2_humanoid__cvae__no_shift__s1
[gpu1] OK /mnt/data/INR/outputs/mujoco/suites/state_resampled_v2/runs/custom_mujoco_state_resampled_v2/custom_mujoco_state_resampled_v2_humanoid__cvae__new_policy__s0 (12.1s)
[gpu1] START /mnt/data/INR/outputs/mujoco/suites/state_resampled_v2/runs/custom_mujoco_state_resampled_v2/custom_mujoco_state_resampled_v2_humanoid__cvae__novel_generalization__s0
[gpu2] OK /mnt/data/INR/outputs/mujoco/suites/state_resampled_v2/runs/custom_mujoco_state_resampled_v2/custom_mujoco_state_resampled_v2_humanoid__cvae__no_shift__s0 (12.5s)
[gpu2] START /mnt/data/INR/outputs/mujoco/suites/state_resampled_v2/runs/custom_mujoco_state_resampled_v2/custom_mujoco_state_resampled_v2_humanoid__cvae__novel_generalization__s1
[gpu0] OK /mnt/data/INR/outputs/mujoco/suites/state_resampled_v2/runs/custom_mujoco_state_resampled_v2/custom_mujoco_state_resampled_v2_humanoid__cvae__new_policy__s1 (12.7s)
[gpu0] START /mnt/data/INR/outputs/mujoco/suites/state_resampled_v2/runs/custom_mujoco_state_resampled_v2/custom_mujoco_state_resampled_v2_humanoid__cvae__single_shift__s0
[gpu3] OK /mnt/data/INR/outputs/mujoco/suites/state_resampled_v2/runs/custom_mujoco_state_resampled_v2/custom_mujoco_state_resampled_v2_humanoid__cvae__no_shift__s1 (12.6s)
[gpu3] START /mnt/data/INR/outputs/mujoco/suites/state_resampled_v2/runs/custom_mujoco_state_resampled_v2/custom_mujoco_state_resampled_v2_humanoid__cvae__single_shift__s1
[gpu1] OK /mnt/data/INR/outputs/mujoco/suites/state_resampled_v2/runs/custom_mujoco_state_resampled_v2/custom_mujoco_state_resampled_v2_humanoid__cvae__novel_generalization__s0 (11.7s)
[gpu1] START /mnt/data/INR/outputs/mujoco/suites/state_resampled_v2/runs/custom_mujoco_state_resampled_v2/custom_mujoco_state_resampled_v2_humanoid__cvae__specialization__s0
[gpu2] OK /mnt/data/INR/outputs/mujoco/suites/state_resampled_v2/runs/custom_mujoco_state_resampled_v2/custom_mujoco_state_resampled_v2_humanoid__cvae__novel_generalization__s1 (12.1s)
[gpu2] START /mnt/data/INR/outputs/mujoco/suites/state_resampled_v2/runs/custom_mujoco_state_resampled_v2/custom_mujoco_state_resampled_v2_humanoid__cvae__specialization__s1
[gpu3] OK /mnt/data/INR/outputs/mujoco/suites/state_resampled_v2/runs/custom_mujoco_state_resampled_v2/custom_mujoco_state_resampled_v2_humanoid__cvae__single_shift__s1 (12.4s)
[gpu3] START /mnt/data/INR/outputs/mujoco/suites/state_resampled_v2/runs/custom_mujoco_state_resampled_v2/custom_mujoco_state_resampled_v2_humanoid__inr_diffusion_history_conditioned__conflation__s0
[gpu0] OK /mnt/data/INR/outputs/mujoco/suites/state_resampled_v2/runs/custom_mujoco_state_resampled_v2/custom_mujoco_state_resampled_v2_humanoid__cvae__single_shift__s0 (12.6s)
[gpu0] START /mnt/data/INR/outputs/mujoco/suites/state_resampled_v2/runs/custom_mujoco_state_resampled_v2/custom_mujoco_state_resampled_v2_humanoid__inr_diffusion_history_conditioned__conflation__s1
[gpu1] OK /mnt/data/INR/outputs/mujoco/suites/state_resampled_v2/runs/custom_mujoco_state_resampled_v2/custom_mujoco_state_resampled_v2_humanoid__cvae__specialization__s0 (11.4s)
[gpu1] START /mnt/data/INR/outputs/mujoco/suites/state_resampled_v2/runs/custom_mujoco_state_resampled_v2/custom_mujoco_state_resampled_v2_humanoid__inr_diffusion_history_conditioned__generalization__s0
[gpu2] OK /mnt/data/INR/outputs/mujoco/suites/state_resampled_v2/runs/custom_mujoco_state_resampled_v2/custom_mujoco_state_resampled_v2_humanoid__cvae__specialization__s1 (11.9s)
[gpu2] START /mnt/data/INR/outputs/mujoco/suites/state_resampled_v2/runs/custom_mujoco_state_resampled_v2/custom_mujoco_state_resampled_v2_humanoid__inr_diffusion_history_conditioned__generalization__s1
[gpu3] OK /mnt/data/INR/outputs/mujoco/suites/state_resampled_v2/runs/custom_mujoco_state_resampled_v2/custom_mujoco_state_resampled_v2_humanoid__inr_diffusion_history_conditioned__conflation__s0 (12.3s)
[gpu3] START /mnt/data/INR/outputs/mujoco/suites/state_resampled_v2/runs/custom_mujoco_state_resampled_v2/custom_mujoco_state_resampled_v2_humanoid__inr_diffusion_history_conditioned__new_policy__s0
[gpu0] OK /mnt/data/INR/outputs/mujoco/suites/state_resampled_v2/runs/custom_mujoco_state_resampled_v2/custom_mujoco_state_resampled_v2_humanoid__inr_diffusion_history_conditioned__conflation__s1 (12.3s)
[gpu0] START /mnt/data/INR/outputs/mujoco/suites/state_resampled_v2/runs/custom_mujoco_state_resampled_v2/custom_mujoco_state_resampled_v2_humanoid__inr_diffusion_history_conditioned__new_policy__s1
[gpu1] OK /mnt/data/INR/outputs/mujoco/suites/state_resampled_v2/runs/custom_mujoco_state_resampled_v2/custom_mujoco_state_resampled_v2_humanoid__inr_diffusion_history_conditioned__generalization__s0 (11.6s)
[gpu1] START /mnt/data/INR/outputs/mujoco/suites/state_resampled_v2/runs/custom_mujoco_state_resampled_v2/custom_mujoco_state_resampled_v2_humanoid__inr_diffusion_history_conditioned__no_shift__s0
[gpu2] OK /mnt/data/INR/outputs/mujoco/suites/state_resampled_v2/runs/custom_mujoco_state_resampled_v2/custom_mujoco_state_resampled_v2_humanoid__inr_diffusion_history_conditioned__generalization__s1 (11.7s)
[gpu2] START /mnt/data/INR/outputs/mujoco/suites/state_resampled_v2/runs/custom_mujoco_state_resampled_v2/custom_mujoco_state_resampled_v2_humanoid__inr_diffusion_history_conditioned__no_shift__s1
[gpu3] OK /mnt/data/INR/outputs/mujoco/suites/state_resampled_v2/runs/custom_mujoco_state_resampled_v2/custom_mujoco_state_resampled_v2_humanoid__inr_diffusion_history_conditioned__new_policy__s0 (12.1s)
[gpu3] START /mnt/data/INR/outputs/mujoco/suites/state_resampled_v2/runs/custom_mujoco_state_resampled_v2/custom_mujoco_state_resampled_v2_humanoid__inr_diffusion_history_conditioned__novel_generalization__s0
[gpu0] OK /mnt/data/INR/outputs/mujoco/suites/state_resampled_v2/runs/custom_mujoco_state_resampled_v2/custom_mujoco_state_resampled_v2_humanoid__inr_diffusion_history_conditioned__new_policy__s1 (12.1s)
[gpu0] START /mnt/data/INR/outputs/mujoco/suites/state_resampled_v2/runs/custom_mujoco_state_resampled_v2/custom_mujoco_state_resampled_v2_humanoid__inr_diffusion_history_conditioned__novel_generalization__s1
[gpu1] OK /mnt/data/INR/outputs/mujoco/suites/state_resampled_v2/runs/custom_mujoco_state_resampled_v2/custom_mujoco_state_resampled_v2_humanoid__inr_diffusion_history_conditioned__no_shift__s0 (11.9s)
[gpu1] START /mnt/data/INR/outputs/mujoco/suites/state_resampled_v2/runs/custom_mujoco_state_resampled_v2/custom_mujoco_state_resampled_v2_humanoid__inr_diffusion_history_conditioned__single_shift__s0
[gpu2] OK /mnt/data/INR/outputs/mujoco/suites/state_resampled_v2/runs/custom_mujoco_state_resampled_v2/custom_mujoco_state_resampled_v2_humanoid__inr_diffusion_history_conditioned__no_shift__s1 (11.8s)
[gpu2] START /mnt/data/INR/outputs/mujoco/suites/state_resampled_v2/runs/custom_mujoco_state_resampled_v2/custom_mujoco_state_resampled_v2_humanoid__inr_diffusion_history_conditioned__single_shift__s1
[gpu3] OK /mnt/data/INR/outputs/mujoco/suites/state_resampled_v2/runs/custom_mujoco_state_resampled_v2/custom_mujoco_state_resampled_v2_humanoid__inr_diffusion_history_conditioned__novel_generalization__s0 (12.0s)
[gpu3] START /mnt/data/INR/outputs/mujoco/suites/state_resampled_v2/runs/custom_mujoco_state_resampled_v2/custom_mujoco_state_resampled_v2_humanoid__inr_diffusion_history_conditioned__specialization__s0
[gpu0] OK /mnt/data/INR/outputs/mujoco/suites/state_resampled_v2/runs/custom_mujoco_state_resampled_v2/custom_mujoco_state_resampled_v2_humanoid__inr_diffusion_history_conditioned__novel_generalization__s1 (12.2s)
[gpu0] START /mnt/data/INR/outputs/mujoco/suites/state_resampled_v2/runs/custom_mujoco_state_resampled_v2/custom_mujoco_state_resampled_v2_humanoid__inr_diffusion_history_conditioned__specialization__s1
[gpu1] OK /mnt/data/INR/outputs/mujoco/suites/state_resampled_v2/runs/custom_mujoco_state_resampled_v2/custom_mujoco_state_resampled_v2_humanoid__inr_diffusion_history_conditioned__single_shift__s0 (12.0s)
[gpu1] START /mnt/data/INR/outputs/mujoco/suites/state_resampled_v2/runs/custom_mujoco_state_resampled_v2/custom_mujoco_state_resampled_v2_humanoid__inr_transformer_fitted_latent__conflation__s0
[gpu2] OK /mnt/data/INR/outputs/mujoco/suites/state_resampled_v2/runs/custom_mujoco_state_resampled_v2/custom_mujoco_state_resampled_v2_humanoid__inr_diffusion_history_conditioned__single_shift__s1 (11.6s)
[gpu2] START /mnt/data/INR/outputs/mujoco/suites/state_resampled_v2/runs/custom_mujoco_state_resampled_v2/custom_mujoco_state_resampled_v2_humanoid__inr_transformer_fitted_latent__conflation__s1
[gpu3] OK /mnt/data/INR/outputs/mujoco/suites/state_resampled_v2/runs/custom_mujoco_state_resampled_v2/custom_mujoco_state_resampled_v2_humanoid__inr_diffusion_history_conditioned__specialization__s0 (12.0s)
[gpu3] START /mnt/data/INR/outputs/mujoco/suites/state_resampled_v2/runs/custom_mujoco_state_resampled_v2/custom_mujoco_state_resampled_v2_humanoid__inr_transformer_fitted_latent__generalization__s0
[gpu0] OK /mnt/data/INR/outputs/mujoco/suites/state_resampled_v2/runs/custom_mujoco_state_resampled_v2/custom_mujoco_state_resampled_v2_humanoid__inr_diffusion_history_conditioned__specialization__s1 (12.2s)
[gpu0] START /mnt/data/INR/outputs/mujoco/suites/state_resampled_v2/runs/custom_mujoco_state_resampled_v2/custom_mujoco_state_resampled_v2_humanoid__inr_transformer_fitted_latent__generalization__s1
[gpu2] OK /mnt/data/INR/outputs/mujoco/suites/state_resampled_v2/runs/custom_mujoco_state_resampled_v2/custom_mujoco_state_resampled_v2_humanoid__inr_transformer_fitted_latent__conflation__s1 (13.0s)
[gpu2] START /mnt/data/INR/outputs/mujoco/suites/state_resampled_v2/runs/custom_mujoco_state_resampled_v2/custom_mujoco_state_resampled_v2_humanoid__inr_transformer_fitted_latent__new_policy__s0
[gpu1] OK /mnt/data/INR/outputs/mujoco/suites/state_resampled_v2/runs/custom_mujoco_state_resampled_v2/custom_mujoco_state_resampled_v2_humanoid__inr_transformer_fitted_latent__conflation__s0 (14.9s)
[gpu1] START /mnt/data/INR/outputs/mujoco/suites/state_resampled_v2/runs/custom_mujoco_state_resampled_v2/custom_mujoco_state_resampled_v2_humanoid__inr_transformer_fitted_latent__new_policy__s1
[gpu3] OK /mnt/data/INR/outputs/mujoco/suites/state_resampled_v2/runs/custom_mujoco_state_resampled_v2/custom_mujoco_state_resampled_v2_humanoid__inr_transformer_fitted_latent__generalization__s0 (14.3s)
[gpu3] START /mnt/data/INR/outputs/mujoco/suites/state_resampled_v2/runs/custom_mujoco_state_resampled_v2/custom_mujoco_state_resampled_v2_humanoid__inr_transformer_fitted_latent__no_shift__s0
[gpu0] OK /mnt/data/INR/outputs/mujoco/suites/state_resampled_v2/runs/custom_mujoco_state_resampled_v2/custom_mujoco_state_resampled_v2_humanoid__inr_transformer_fitted_latent__generalization__s1 (14.2s)
[gpu0] START /mnt/data/INR/outputs/mujoco/suites/state_resampled_v2/runs/custom_mujoco_state_resampled_v2/custom_mujoco_state_resampled_v2_humanoid__inr_transformer_fitted_latent__no_shift__s1
[gpu2] OK /mnt/data/INR/outputs/mujoco/suites/state_resampled_v2/runs/custom_mujoco_state_resampled_v2/custom_mujoco_state_resampled_v2_humanoid__inr_transformer_fitted_latent__new_policy__s0 (14.0s)
[gpu2] START /mnt/data/INR/outputs/mujoco/suites/state_resampled_v2/runs/custom_mujoco_state_resampled_v2/custom_mujoco_state_resampled_v2_humanoid__inr_transformer_fitted_latent__novel_generalization__s0
[gpu1] OK /mnt/data/INR/outputs/mujoco/suites/state_resampled_v2/runs/custom_mujoco_state_resampled_v2/custom_mujoco_state_resampled_v2_humanoid__inr_transformer_fitted_latent__new_policy__s1 (16.3s)
[gpu1] START /mnt/data/INR/outputs/mujoco/suites/state_resampled_v2/runs/custom_mujoco_state_resampled_v2/custom_mujoco_state_resampled_v2_humanoid__inr_transformer_fitted_latent__novel_generalization__s1
[gpu3] OK /mnt/data/INR/outputs/mujoco/suites/state_resampled_v2/runs/custom_mujoco_state_resampled_v2/custom_mujoco_state_resampled_v2_humanoid__inr_transformer_fitted_latent__no_shift__s0 (16.3s)
[gpu3] START /mnt/data/INR/outputs/mujoco/suites/state_resampled_v2/runs/custom_mujoco_state_resampled_v2/custom_mujoco_state_resampled_v2_humanoid__inr_transformer_fitted_latent__single_shift__s0
[gpu0] OK /mnt/data/INR/outputs/mujoco/suites/state_resampled_v2/runs/custom_mujoco_state_resampled_v2/custom_mujoco_state_resampled_v2_humanoid__inr_transformer_fitted_latent__no_shift__s1 (16.4s)
[gpu0] START /mnt/data/INR/outputs/mujoco/suites/state_resampled_v2/runs/custom_mujoco_state_resampled_v2/custom_mujoco_state_resampled_v2_humanoid__inr_transformer_fitted_latent__single_shift__s1
[gpu2] OK /mnt/data/INR/outputs/mujoco/suites/state_resampled_v2/runs/custom_mujoco_state_resampled_v2/custom_mujoco_state_resampled_v2_humanoid__inr_transformer_fitted_latent__novel_generalization__s0 (13.0s)
[gpu2] START /mnt/data/INR/outputs/mujoco/suites/state_resampled_v2/runs/custom_mujoco_state_resampled_v2/custom_mujoco_state_resampled_v2_humanoid__inr_transformer_fitted_latent__specialization__s0
[gpu1] OK /mnt/data/INR/outputs/mujoco/suites/state_resampled_v2/runs/custom_mujoco_state_resampled_v2/custom_mujoco_state_resampled_v2_humanoid__inr_transformer_fitted_latent__novel_generalization__s1 (14.8s)
[gpu1] START /mnt/data/INR/outputs/mujoco/suites/state_resampled_v2/runs/custom_mujoco_state_resampled_v2/custom_mujoco_state_resampled_v2_humanoid__inr_transformer_fitted_latent__specialization__s1
[gpu3] OK /mnt/data/INR/outputs/mujoco/suites/state_resampled_v2/runs/custom_mujoco_state_resampled_v2/custom_mujoco_state_resampled_v2_humanoid__inr_transformer_fitted_latent__single_shift__s0 (16.0s)
[gpu3] START /mnt/data/INR/outputs/mujoco/suites/state_resampled_v2/runs/custom_mujoco_state_resampled_v2/custom_mujoco_state_resampled_v2_humanoid__inr_transformer_history_conditioned__conflation__s0
[gpu0] OK /mnt/data/INR/outputs/mujoco/suites/state_resampled_v2/runs/custom_mujoco_state_resampled_v2/custom_mujoco_state_resampled_v2_humanoid__inr_transformer_fitted_latent__single_shift__s1 (16.0s)
[gpu0] START /mnt/data/INR/outputs/mujoco/suites/state_resampled_v2/runs/custom_mujoco_state_resampled_v2/custom_mujoco_state_resampled_v2_humanoid__inr_transformer_history_conditioned__conflation__s1
[gpu2] OK /mnt/data/INR/outputs/mujoco/suites/state_resampled_v2/runs/custom_mujoco_state_resampled_v2/custom_mujoco_state_resampled_v2_humanoid__inr_transformer_fitted_latent__specialization__s0 (13.6s)
[gpu2] START /mnt/data/INR/outputs/mujoco/suites/state_resampled_v2/runs/custom_mujoco_state_resampled_v2/custom_mujoco_state_resampled_v2_humanoid__inr_transformer_history_conditioned__generalization__s0
[gpu1] OK /mnt/data/INR/outputs/mujoco/suites/state_resampled_v2/runs/custom_mujoco_state_resampled_v2/custom_mujoco_state_resampled_v2_humanoid__inr_transformer_fitted_latent__specialization__s1 (15.4s)
[gpu1] START /mnt/data/INR/outputs/mujoco/suites/state_resampled_v2/runs/custom_mujoco_state_resampled_v2/custom_mujoco_state_resampled_v2_humanoid__inr_transformer_history_conditioned__generalization__s1
[gpu3] OK /mnt/data/INR/outputs/mujoco/suites/state_resampled_v2/runs/custom_mujoco_state_resampled_v2/custom_mujoco_state_resampled_v2_humanoid__inr_transformer_history_conditioned__conflation__s0 (12.1s)
[gpu3] START /mnt/data/INR/outputs/mujoco/suites/state_resampled_v2/runs/custom_mujoco_state_resampled_v2/custom_mujoco_state_resampled_v2_humanoid__inr_transformer_history_conditioned__new_policy__s0
[gpu0] OK /mnt/data/INR/outputs/mujoco/suites/state_resampled_v2/runs/custom_mujoco_state_resampled_v2/custom_mujoco_state_resampled_v2_humanoid__inr_transformer_history_conditioned__conflation__s1 (11.9s)
[gpu0] START /mnt/data/INR/outputs/mujoco/suites/state_resampled_v2/runs/custom_mujoco_state_resampled_v2/custom_mujoco_state_resampled_v2_humanoid__inr_transformer_history_conditioned__new_policy__s1
[gpu2] OK /mnt/data/INR/outputs/mujoco/suites/state_resampled_v2/runs/custom_mujoco_state_resampled_v2/custom_mujoco_state_resampled_v2_humanoid__inr_transformer_history_conditioned__generalization__s0 (11.6s)
[gpu2] START /mnt/data/INR/outputs/mujoco/suites/state_resampled_v2/runs/custom_mujoco_state_resampled_v2/custom_mujoco_state_resampled_v2_humanoid__inr_transformer_history_conditioned__no_shift__s0
[gpu1] OK /mnt/data/INR/outputs/mujoco/suites/state_resampled_v2/runs/custom_mujoco_state_resampled_v2/custom_mujoco_state_resampled_v2_humanoid__inr_transformer_history_conditioned__generalization__s1 (12.0s)
[gpu1] START /mnt/data/INR/outputs/mujoco/suites/state_resampled_v2/runs/custom_mujoco_state_resampled_v2/custom_mujoco_state_resampled_v2_humanoid__inr_transformer_history_conditioned__no_shift__s1
[gpu3] OK /mnt/data/INR/outputs/mujoco/suites/state_resampled_v2/runs/custom_mujoco_state_resampled_v2/custom_mujoco_state_resampled_v2_humanoid__inr_transformer_history_conditioned__new_policy__s0 (12.7s)
[gpu3] START /mnt/data/INR/outputs/mujoco/suites/state_resampled_v2/runs/custom_mujoco_state_resampled_v2/custom_mujoco_state_resampled_v2_humanoid__inr_transformer_history_conditioned__novel_generalization__s0
[gpu0] OK /mnt/data/INR/outputs/mujoco/suites/state_resampled_v2/runs/custom_mujoco_state_resampled_v2/custom_mujoco_state_resampled_v2_humanoid__inr_transformer_history_conditioned__new_policy__s1 (12.6s)
[gpu0] START /mnt/data/INR/outputs/mujoco/suites/state_resampled_v2/runs/custom_mujoco_state_resampled_v2/custom_mujoco_state_resampled_v2_humanoid__inr_transformer_history_conditioned__novel_generalization__s1
[gpu2] OK /mnt/data/INR/outputs/mujoco/suites/state_resampled_v2/runs/custom_mujoco_state_resampled_v2/custom_mujoco_state_resampled_v2_humanoid__inr_transformer_history_conditioned__no_shift__s0 (11.8s)
[gpu2] START /mnt/data/INR/outputs/mujoco/suites/state_resampled_v2/runs/custom_mujoco_state_resampled_v2/custom_mujoco_state_resampled_v2_humanoid__inr_transformer_history_conditioned__single_shift__s0
[gpu1] OK /mnt/data/INR/outputs/mujoco/suites/state_resampled_v2/runs/custom_mujoco_state_resampled_v2/custom_mujoco_state_resampled_v2_humanoid__inr_transformer_history_conditioned__no_shift__s1 (11.9s)
[gpu1] START /mnt/data/INR/outputs/mujoco/suites/state_resampled_v2/runs/custom_mujoco_state_resampled_v2/custom_mujoco_state_resampled_v2_humanoid__inr_transformer_history_conditioned__single_shift__s1
[gpu0] OK /mnt/data/INR/outputs/mujoco/suites/state_resampled_v2/runs/custom_mujoco_state_resampled_v2/custom_mujoco_state_resampled_v2_humanoid__inr_transformer_history_conditioned__novel_generalization__s1 (12.2s)
[gpu0] START /mnt/data/INR/outputs/mujoco/suites/state_resampled_v2/runs/custom_mujoco_state_resampled_v2/custom_mujoco_state_resampled_v2_humanoid__inr_transformer_history_conditioned__specialization__s0
[gpu3] OK /mnt/data/INR/outputs/mujoco/suites/state_resampled_v2/runs/custom_mujoco_state_resampled_v2/custom_mujoco_state_resampled_v2_humanoid__inr_transformer_history_conditioned__novel_generalization__s0 (12.4s)
[gpu3] START /mnt/data/INR/outputs/mujoco/suites/state_resampled_v2/runs/custom_mujoco_state_resampled_v2/custom_mujoco_state_resampled_v2_humanoid__inr_transformer_history_conditioned__specialization__s1
[gpu2] OK /mnt/data/INR/outputs/mujoco/suites/state_resampled_v2/runs/custom_mujoco_state_resampled_v2/custom_mujoco_state_resampled_v2_humanoid__inr_transformer_history_conditioned__single_shift__s0 (11.8s)
[gpu2] START /mnt/data/INR/outputs/mujoco/suites/state_resampled_v2/runs/custom_mujoco_state_resampled_v2/custom_mujoco_state_resampled_v2_walker2d__cvae__conflation__s0
[gpu1] OK /mnt/data/INR/outputs/mujoco/suites/state_resampled_v2/runs/custom_mujoco_state_resampled_v2/custom_mujoco_state_resampled_v2_humanoid__inr_transformer_history_conditioned__single_shift__s1 (12.1s)
[gpu1] START /mnt/data/INR/outputs/mujoco/suites/state_resampled_v2/runs/custom_mujoco_state_resampled_v2/custom_mujoco_state_resampled_v2_walker2d__cvae__conflation__s1
[gpu3] OK /mnt/data/INR/outputs/mujoco/suites/state_resampled_v2/runs/custom_mujoco_state_resampled_v2/custom_mujoco_state_resampled_v2_humanoid__inr_transformer_history_conditioned__specialization__s1 (12.2s)
[gpu3] START /mnt/data/INR/outputs/mujoco/suites/state_resampled_v2/runs/custom_mujoco_state_resampled_v2/custom_mujoco_state_resampled_v2_walker2d__cvae__generalization__s0
[gpu0] OK /mnt/data/INR/outputs/mujoco/suites/state_resampled_v2/runs/custom_mujoco_state_resampled_v2/custom_mujoco_state_resampled_v2_humanoid__inr_transformer_history_conditioned__specialization__s0 (12.5s)
[gpu0] START /mnt/data/INR/outputs/mujoco/suites/state_resampled_v2/runs/custom_mujoco_state_resampled_v2/custom_mujoco_state_resampled_v2_walker2d__cvae__generalization__s1
[gpu2] OK /mnt/data/INR/outputs/mujoco/suites/state_resampled_v2/runs/custom_mujoco_state_resampled_v2/custom_mujoco_state_resampled_v2_walker2d__cvae__conflation__s0 (10.6s)
[gpu2] START /mnt/data/INR/outputs/mujoco/suites/state_resampled_v2/runs/custom_mujoco_state_resampled_v2/custom_mujoco_state_resampled_v2_walker2d__cvae__new_policy__s0
[gpu1] OK /mnt/data/INR/outputs/mujoco/suites/state_resampled_v2/runs/custom_mujoco_state_resampled_v2/custom_mujoco_state_resampled_v2_walker2d__cvae__conflation__s1 (6.0s)
[gpu1] START /mnt/data/INR/outputs/mujoco/suites/state_resampled_v2/runs/custom_mujoco_state_resampled_v2/custom_mujoco_state_resampled_v2_walker2d__cvae__new_policy__s1
[gpu3] OK /mnt/data/INR/outputs/mujoco/suites/state_resampled_v2/runs/custom_mujoco_state_resampled_v2/custom_mujoco_state_resampled_v2_walker2d__cvae__generalization__s0 (6.3s)
[gpu3] START /mnt/data/INR/outputs/mujoco/suites/state_resampled_v2/runs/custom_mujoco_state_resampled_v2/custom_mujoco_state_resampled_v2_walker2d__cvae__no_shift__s0
[gpu0] OK /mnt/data/INR/outputs/mujoco/suites/state_resampled_v2/runs/custom_mujoco_state_resampled_v2/custom_mujoco_state_resampled_v2_walker2d__cvae__generalization__s1 (6.3s)
[gpu0] START /mnt/data/INR/outputs/mujoco/suites/state_resampled_v2/runs/custom_mujoco_state_resampled_v2/custom_mujoco_state_resampled_v2_walker2d__cvae__no_shift__s1
[gpu2] OK /mnt/data/INR/outputs/mujoco/suites/state_resampled_v2/runs/custom_mujoco_state_resampled_v2/custom_mujoco_state_resampled_v2_walker2d__cvae__new_policy__s0 (5.6s)
[gpu2] START /mnt/data/INR/outputs/mujoco/suites/state_resampled_v2/runs/custom_mujoco_state_resampled_v2/custom_mujoco_state_resampled_v2_walker2d__cvae__novel_generalization__s0
[gpu1] OK /mnt/data/INR/outputs/mujoco/suites/state_resampled_v2/runs/custom_mujoco_state_resampled_v2/custom_mujoco_state_resampled_v2_walker2d__cvae__new_policy__s1 (5.9s)
[gpu1] START /mnt/data/INR/outputs/mujoco/suites/state_resampled_v2/runs/custom_mujoco_state_resampled_v2/custom_mujoco_state_resampled_v2_walker2d__cvae__novel_generalization__s1
[gpu3] OK /mnt/data/INR/outputs/mujoco/suites/state_resampled_v2/runs/custom_mujoco_state_resampled_v2/custom_mujoco_state_resampled_v2_walker2d__cvae__no_shift__s0 (6.5s)
[gpu3] START /mnt/data/INR/outputs/mujoco/suites/state_resampled_v2/runs/custom_mujoco_state_resampled_v2/custom_mujoco_state_resampled_v2_walker2d__cvae__single_shift__s0
[gpu2] OK /mnt/data/INR/outputs/mujoco/suites/state_resampled_v2/runs/custom_mujoco_state_resampled_v2/custom_mujoco_state_resampled_v2_walker2d__cvae__novel_generalization__s0 (6.0s)
[gpu2] START /mnt/data/INR/outputs/mujoco/suites/state_resampled_v2/runs/custom_mujoco_state_resampled_v2/custom_mujoco_state_resampled_v2_walker2d__cvae__single_shift__s1
[gpu0] OK /mnt/data/INR/outputs/mujoco/suites/state_resampled_v2/runs/custom_mujoco_state_resampled_v2/custom_mujoco_state_resampled_v2_walker2d__cvae__no_shift__s1 (6.5s)
[gpu0] START /mnt/data/INR/outputs/mujoco/suites/state_resampled_v2/runs/custom_mujoco_state_resampled_v2/custom_mujoco_state_resampled_v2_walker2d__cvae__specialization__s0
[gpu1] OK /mnt/data/INR/outputs/mujoco/suites/state_resampled_v2/runs/custom_mujoco_state_resampled_v2/custom_mujoco_state_resampled_v2_walker2d__cvae__novel_generalization__s1 (5.8s)
[gpu1] START /mnt/data/INR/outputs/mujoco/suites/state_resampled_v2/runs/custom_mujoco_state_resampled_v2/custom_mujoco_state_resampled_v2_walker2d__cvae__specialization__s1
[gpu2] OK /mnt/data/INR/outputs/mujoco/suites/state_resampled_v2/runs/custom_mujoco_state_resampled_v2/custom_mujoco_state_resampled_v2_walker2d__cvae__single_shift__s1 (6.0s)
[gpu2] START /mnt/data/INR/outputs/mujoco/suites/state_resampled_v2/runs/custom_mujoco_state_resampled_v2/custom_mujoco_state_resampled_v2_walker2d__inr_diffusion_history_conditioned__conflation__s0
[gpu3] OK /mnt/data/INR/outputs/mujoco/suites/state_resampled_v2/runs/custom_mujoco_state_resampled_v2/custom_mujoco_state_resampled_v2_walker2d__cvae__single_shift__s0 (6.4s)
[gpu3] START /mnt/data/INR/outputs/mujoco/suites/state_resampled_v2/runs/custom_mujoco_state_resampled_v2/custom_mujoco_state_resampled_v2_walker2d__inr_diffusion_history_conditioned__conflation__s1
[gpu0] OK /mnt/data/INR/outputs/mujoco/suites/state_resampled_v2/runs/custom_mujoco_state_resampled_v2/custom_mujoco_state_resampled_v2_walker2d__cvae__specialization__s0 (6.3s)
[gpu0] START /mnt/data/INR/outputs/mujoco/suites/state_resampled_v2/runs/custom_mujoco_state_resampled_v2/custom_mujoco_state_resampled_v2_walker2d__inr_diffusion_history_conditioned__generalization__s0
[gpu1] OK /mnt/data/INR/outputs/mujoco/suites/state_resampled_v2/runs/custom_mujoco_state_resampled_v2/custom_mujoco_state_resampled_v2_walker2d__cvae__specialization__s1 (6.0s)
[gpu1] START /mnt/data/INR/outputs/mujoco/suites/state_resampled_v2/runs/custom_mujoco_state_resampled_v2/custom_mujoco_state_resampled_v2_walker2d__inr_diffusion_history_conditioned__generalization__s1
[gpu2] OK /mnt/data/INR/outputs/mujoco/suites/state_resampled_v2/runs/custom_mujoco_state_resampled_v2/custom_mujoco_state_resampled_v2_walker2d__inr_diffusion_history_conditioned__conflation__s0 (5.6s)
[gpu2] START /mnt/data/INR/outputs/mujoco/suites/state_resampled_v2/runs/custom_mujoco_state_resampled_v2/custom_mujoco_state_resampled_v2_walker2d__inr_diffusion_history_conditioned__new_policy__s0
[gpu0] OK /mnt/data/INR/outputs/mujoco/suites/state_resampled_v2/runs/custom_mujoco_state_resampled_v2/custom_mujoco_state_resampled_v2_walker2d__inr_diffusion_history_conditioned__generalization__s0 (6.4s)
[gpu0] START /mnt/data/INR/outputs/mujoco/suites/state_resampled_v2/runs/custom_mujoco_state_resampled_v2/custom_mujoco_state_resampled_v2_walker2d__inr_diffusion_history_conditioned__new_policy__s1
[gpu3] OK /mnt/data/INR/outputs/mujoco/suites/state_resampled_v2/runs/custom_mujoco_state_resampled_v2/custom_mujoco_state_resampled_v2_walker2d__inr_diffusion_history_conditioned__conflation__s1 (6.6s)
[gpu3] START /mnt/data/INR/outputs/mujoco/suites/state_resampled_v2/runs/custom_mujoco_state_resampled_v2/custom_mujoco_state_resampled_v2_walker2d__inr_diffusion_history_conditioned__no_shift__s0
[gpu1] OK /mnt/data/INR/outputs/mujoco/suites/state_resampled_v2/runs/custom_mujoco_state_resampled_v2/custom_mujoco_state_resampled_v2_walker2d__inr_diffusion_history_conditioned__generalization__s1 (5.9s)
[gpu1] START /mnt/data/INR/outputs/mujoco/suites/state_resampled_v2/runs/custom_mujoco_state_resampled_v2/custom_mujoco_state_resampled_v2_walker2d__inr_diffusion_history_conditioned__no_shift__s1
[gpu2] OK /mnt/data/INR/outputs/mujoco/suites/state_resampled_v2/runs/custom_mujoco_state_resampled_v2/custom_mujoco_state_resampled_v2_walker2d__inr_diffusion_history_conditioned__new_policy__s0 (5.9s)
[gpu2] START /mnt/data/INR/outputs/mujoco/suites/state_resampled_v2/runs/custom_mujoco_state_resampled_v2/custom_mujoco_state_resampled_v2_walker2d__inr_diffusion_history_conditioned__novel_generalization__s0
[gpu0] OK /mnt/data/INR/outputs/mujoco/suites/state_resampled_v2/runs/custom_mujoco_state_resampled_v2/custom_mujoco_state_resampled_v2_walker2d__inr_diffusion_history_conditioned__new_policy__s1 (6.0s)
[gpu0] START /mnt/data/INR/outputs/mujoco/suites/state_resampled_v2/runs/custom_mujoco_state_resampled_v2/custom_mujoco_state_resampled_v2_walker2d__inr_diffusion_history_conditioned__novel_generalization__s1
[gpu3] OK /mnt/data/INR/outputs/mujoco/suites/state_resampled_v2/runs/custom_mujoco_state_resampled_v2/custom_mujoco_state_resampled_v2_walker2d__inr_diffusion_history_conditioned__no_shift__s0 (6.5s)
[gpu3] START /mnt/data/INR/outputs/mujoco/suites/state_resampled_v2/runs/custom_mujoco_state_resampled_v2/custom_mujoco_state_resampled_v2_walker2d__inr_diffusion_history_conditioned__single_shift__s0
[gpu1] OK /mnt/data/INR/outputs/mujoco/suites/state_resampled_v2/runs/custom_mujoco_state_resampled_v2/custom_mujoco_state_resampled_v2_walker2d__inr_diffusion_history_conditioned__no_shift__s1 (6.1s)
[gpu1] START /mnt/data/INR/outputs/mujoco/suites/state_resampled_v2/runs/custom_mujoco_state_resampled_v2/custom_mujoco_state_resampled_v2_walker2d__inr_diffusion_history_conditioned__single_shift__s1
[gpu2] OK /mnt/data/INR/outputs/mujoco/suites/state_resampled_v2/runs/custom_mujoco_state_resampled_v2/custom_mujoco_state_resampled_v2_walker2d__inr_diffusion_history_conditioned__novel_generalization__s0 (5.7s)
[gpu2] START /mnt/data/INR/outputs/mujoco/suites/state_resampled_v2/runs/custom_mujoco_state_resampled_v2/custom_mujoco_state_resampled_v2_walker2d__inr_diffusion_history_conditioned__specialization__s0
[gpu0] OK /mnt/data/INR/outputs/mujoco/suites/state_resampled_v2/runs/custom_mujoco_state_resampled_v2/custom_mujoco_state_resampled_v2_walker2d__inr_diffusion_history_conditioned__novel_generalization__s1 (5.7s)
[gpu0] START /mnt/data/INR/outputs/mujoco/suites/state_resampled_v2/runs/custom_mujoco_state_resampled_v2/custom_mujoco_state_resampled_v2_walker2d__inr_diffusion_history_conditioned__specialization__s1
[gpu3] OK /mnt/data/INR/outputs/mujoco/suites/state_resampled_v2/runs/custom_mujoco_state_resampled_v2/custom_mujoco_state_resampled_v2_walker2d__inr_diffusion_history_conditioned__single_shift__s0 (6.3s)
[gpu3] START /mnt/data/INR/outputs/mujoco/suites/state_resampled_v2/runs/custom_mujoco_state_resampled_v2/custom_mujoco_state_resampled_v2_walker2d__inr_transformer_fitted_latent__conflation__s0
[gpu1] OK /mnt/data/INR/outputs/mujoco/suites/state_resampled_v2/runs/custom_mujoco_state_resampled_v2/custom_mujoco_state_resampled_v2_walker2d__inr_diffusion_history_conditioned__single_shift__s1 (6.5s)
[gpu1] START /mnt/data/INR/outputs/mujoco/suites/state_resampled_v2/runs/custom_mujoco_state_resampled_v2/custom_mujoco_state_resampled_v2_walker2d__inr_transformer_fitted_latent__conflation__s1
[gpu2] OK /mnt/data/INR/outputs/mujoco/suites/state_resampled_v2/runs/custom_mujoco_state_resampled_v2/custom_mujoco_state_resampled_v2_walker2d__inr_diffusion_history_conditioned__specialization__s0 (6.4s)
[gpu2] START /mnt/data/INR/outputs/mujoco/suites/state_resampled_v2/runs/custom_mujoco_state_resampled_v2/custom_mujoco_state_resampled_v2_walker2d__inr_transformer_fitted_latent__generalization__s0
[gpu0] OK /mnt/data/INR/outputs/mujoco/suites/state_resampled_v2/runs/custom_mujoco_state_resampled_v2/custom_mujoco_state_resampled_v2_walker2d__inr_diffusion_history_conditioned__specialization__s1 (5.6s)
[gpu0] START /mnt/data/INR/outputs/mujoco/suites/state_resampled_v2/runs/custom_mujoco_state_resampled_v2/custom_mujoco_state_resampled_v2_walker2d__inr_transformer_fitted_latent__generalization__s1
[gpu3] OK /mnt/data/INR/outputs/mujoco/suites/state_resampled_v2/runs/custom_mujoco_state_resampled_v2/custom_mujoco_state_resampled_v2_walker2d__inr_transformer_fitted_latent__conflation__s0 (9.0s)
[gpu3] START /mnt/data/INR/outputs/mujoco/suites/state_resampled_v2/runs/custom_mujoco_state_resampled_v2/custom_mujoco_state_resampled_v2_walker2d__inr_transformer_fitted_latent__new_policy__s0
[gpu1] OK /mnt/data/INR/outputs/mujoco/suites/state_resampled_v2/runs/custom_mujoco_state_resampled_v2/custom_mujoco_state_resampled_v2_walker2d__inr_transformer_fitted_latent__conflation__s1 (8.7s)
[gpu1] START /mnt/data/INR/outputs/mujoco/suites/state_resampled_v2/runs/custom_mujoco_state_resampled_v2/custom_mujoco_state_resampled_v2_walker2d__inr_transformer_fitted_latent__new_policy__s1
[gpu0] OK /mnt/data/INR/outputs/mujoco/suites/state_resampled_v2/runs/custom_mujoco_state_resampled_v2/custom_mujoco_state_resampled_v2_walker2d__inr_transformer_fitted_latent__generalization__s1 (6.7s)
[gpu0] START /mnt/data/INR/outputs/mujoco/suites/state_resampled_v2/runs/custom_mujoco_state_resampled_v2/custom_mujoco_state_resampled_v2_walker2d__inr_transformer_fitted_latent__no_shift__s0
[gpu2] OK /mnt/data/INR/outputs/mujoco/suites/state_resampled_v2/runs/custom_mujoco_state_resampled_v2/custom_mujoco_state_resampled_v2_walker2d__inr_transformer_fitted_latent__generalization__s0 (8.2s)
[gpu2] START /mnt/data/INR/outputs/mujoco/suites/state_resampled_v2/runs/custom_mujoco_state_resampled_v2/custom_mujoco_state_resampled_v2_walker2d__inr_transformer_fitted_latent__no_shift__s1
[gpu0] OK /mnt/data/INR/outputs/mujoco/suites/state_resampled_v2/runs/custom_mujoco_state_resampled_v2/custom_mujoco_state_resampled_v2_walker2d__inr_transformer_fitted_latent__no_shift__s0 (7.9s)
[gpu0] START /mnt/data/INR/outputs/mujoco/suites/state_resampled_v2/runs/custom_mujoco_state_resampled_v2/custom_mujoco_state_resampled_v2_walker2d__inr_transformer_fitted_latent__novel_generalization__s0
[gpu3] OK /mnt/data/INR/outputs/mujoco/suites/state_resampled_v2/runs/custom_mujoco_state_resampled_v2/custom_mujoco_state_resampled_v2_walker2d__inr_transformer_fitted_latent__new_policy__s0 (10.4s)
[gpu3] START /mnt/data/INR/outputs/mujoco/suites/state_resampled_v2/runs/custom_mujoco_state_resampled_v2/custom_mujoco_state_resampled_v2_walker2d__inr_transformer_fitted_latent__novel_generalization__s1
[gpu1] OK /mnt/data/INR/outputs/mujoco/suites/state_resampled_v2/runs/custom_mujoco_state_resampled_v2/custom_mujoco_state_resampled_v2_walker2d__inr_transformer_fitted_latent__new_policy__s1 (10.4s)
[gpu1] START /mnt/data/INR/outputs/mujoco/suites/state_resampled_v2/runs/custom_mujoco_state_resampled_v2/custom_mujoco_state_resampled_v2_walker2d__inr_transformer_fitted_latent__single_shift__s0
[gpu2] OK /mnt/data/INR/outputs/mujoco/suites/state_resampled_v2/runs/custom_mujoco_state_resampled_v2/custom_mujoco_state_resampled_v2_walker2d__inr_transformer_fitted_latent__no_shift__s1 (10.0s)
[gpu2] START /mnt/data/INR/outputs/mujoco/suites/state_resampled_v2/runs/custom_mujoco_state_resampled_v2/custom_mujoco_state_resampled_v2_walker2d__inr_transformer_fitted_latent__single_shift__s1
[gpu0] OK /mnt/data/INR/outputs/mujoco/suites/state_resampled_v2/runs/custom_mujoco_state_resampled_v2/custom_mujoco_state_resampled_v2_walker2d__inr_transformer_fitted_latent__novel_generalization__s0 (6.8s)
[gpu0] START /mnt/data/INR/outputs/mujoco/suites/state_resampled_v2/runs/custom_mujoco_state_resampled_v2/custom_mujoco_state_resampled_v2_walker2d__inr_transformer_fitted_latent__specialization__s0
[gpu3] OK /mnt/data/INR/outputs/mujoco/suites/state_resampled_v2/runs/custom_mujoco_state_resampled_v2/custom_mujoco_state_resampled_v2_walker2d__inr_transformer_fitted_latent__novel_generalization__s1 (8.7s)
[gpu3] START /mnt/data/INR/outputs/mujoco/suites/state_resampled_v2/runs/custom_mujoco_state_resampled_v2/custom_mujoco_state_resampled_v2_walker2d__inr_transformer_fitted_latent__specialization__s1
[gpu1] OK /mnt/data/INR/outputs/mujoco/suites/state_resampled_v2/runs/custom_mujoco_state_resampled_v2/custom_mujoco_state_resampled_v2_walker2d__inr_transformer_fitted_latent__single_shift__s0 (9.6s)
[gpu1] START /mnt/data/INR/outputs/mujoco/suites/state_resampled_v2/runs/custom_mujoco_state_resampled_v2/custom_mujoco_state_resampled_v2_walker2d__inr_transformer_history_conditioned__conflation__s0
[gpu2] OK /mnt/data/INR/outputs/mujoco/suites/state_resampled_v2/runs/custom_mujoco_state_resampled_v2/custom_mujoco_state_resampled_v2_walker2d__inr_transformer_fitted_latent__single_shift__s1 (9.7s)
[gpu2] START /mnt/data/INR/outputs/mujoco/suites/state_resampled_v2/runs/custom_mujoco_state_resampled_v2/custom_mujoco_state_resampled_v2_walker2d__inr_transformer_history_conditioned__conflation__s1
[gpu0] OK /mnt/data/INR/outputs/mujoco/suites/state_resampled_v2/runs/custom_mujoco_state_resampled_v2/custom_mujoco_state_resampled_v2_walker2d__inr_transformer_fitted_latent__specialization__s0 (7.4s)
[gpu0] START /mnt/data/INR/outputs/mujoco/suites/state_resampled_v2/runs/custom_mujoco_state_resampled_v2/custom_mujoco_state_resampled_v2_walker2d__inr_transformer_history_conditioned__generalization__s0
[gpu1] OK /mnt/data/INR/outputs/mujoco/suites/state_resampled_v2/runs/custom_mujoco_state_resampled_v2/custom_mujoco_state_resampled_v2_walker2d__inr_transformer_history_conditioned__conflation__s0 (6.1s)
[gpu1] START /mnt/data/INR/outputs/mujoco/suites/state_resampled_v2/runs/custom_mujoco_state_resampled_v2/custom_mujoco_state_resampled_v2_walker2d__inr_transformer_history_conditioned__generalization__s1
[gpu3] OK /mnt/data/INR/outputs/mujoco/suites/state_resampled_v2/runs/custom_mujoco_state_resampled_v2/custom_mujoco_state_resampled_v2_walker2d__inr_transformer_fitted_latent__specialization__s1 (9.6s)
[gpu3] START /mnt/data/INR/outputs/mujoco/suites/state_resampled_v2/runs/custom_mujoco_state_resampled_v2/custom_mujoco_state_resampled_v2_walker2d__inr_transformer_history_conditioned__new_policy__s0
[gpu2] OK /mnt/data/INR/outputs/mujoco/suites/state_resampled_v2/runs/custom_mujoco_state_resampled_v2/custom_mujoco_state_resampled_v2_walker2d__inr_transformer_history_conditioned__conflation__s1 (6.1s)
[gpu2] START /mnt/data/INR/outputs/mujoco/suites/state_resampled_v2/runs/custom_mujoco_state_resampled_v2/custom_mujoco_state_resampled_v2_walker2d__inr_transformer_history_conditioned__new_policy__s1
[gpu0] OK /mnt/data/INR/outputs/mujoco/suites/state_resampled_v2/runs/custom_mujoco_state_resampled_v2/custom_mujoco_state_resampled_v2_walker2d__inr_transformer_history_conditioned__generalization__s0 (5.6s)
[gpu0] START /mnt/data/INR/outputs/mujoco/suites/state_resampled_v2/runs/custom_mujoco_state_resampled_v2/custom_mujoco_state_resampled_v2_walker2d__inr_transformer_history_conditioned__no_shift__s0
[gpu1] OK /mnt/data/INR/outputs/mujoco/suites/state_resampled_v2/runs/custom_mujoco_state_resampled_v2/custom_mujoco_state_resampled_v2_walker2d__inr_transformer_history_conditioned__generalization__s1 (6.0s)
[gpu1] START /mnt/data/INR/outputs/mujoco/suites/state_resampled_v2/runs/custom_mujoco_state_resampled_v2/custom_mujoco_state_resampled_v2_walker2d__inr_transformer_history_conditioned__no_shift__s1
[gpu3] OK /mnt/data/INR/outputs/mujoco/suites/state_resampled_v2/runs/custom_mujoco_state_resampled_v2/custom_mujoco_state_resampled_v2_walker2d__inr_transformer_history_conditioned__new_policy__s0 (6.4s)
[gpu3] START /mnt/data/INR/outputs/mujoco/suites/state_resampled_v2/runs/custom_mujoco_state_resampled_v2/custom_mujoco_state_resampled_v2_walker2d__inr_transformer_history_conditioned__novel_generalization__s0
[gpu2] OK /mnt/data/INR/outputs/mujoco/suites/state_resampled_v2/runs/custom_mujoco_state_resampled_v2/custom_mujoco_state_resampled_v2_walker2d__inr_transformer_history_conditioned__new_policy__s1 (6.7s)
[gpu2] START /mnt/data/INR/outputs/mujoco/suites/state_resampled_v2/runs/custom_mujoco_state_resampled_v2/custom_mujoco_state_resampled_v2_walker2d__inr_transformer_history_conditioned__novel_generalization__s1
[gpu0] OK /mnt/data/INR/outputs/mujoco/suites/state_resampled_v2/runs/custom_mujoco_state_resampled_v2/custom_mujoco_state_resampled_v2_walker2d__inr_transformer_history_conditioned__no_shift__s0 (5.8s)
[gpu0] START /mnt/data/INR/outputs/mujoco/suites/state_resampled_v2/runs/custom_mujoco_state_resampled_v2/custom_mujoco_state_resampled_v2_walker2d__inr_transformer_history_conditioned__single_shift__s0
[gpu1] OK /mnt/data/INR/outputs/mujoco/suites/state_resampled_v2/runs/custom_mujoco_state_resampled_v2/custom_mujoco_state_resampled_v2_walker2d__inr_transformer_history_conditioned__no_shift__s1 (6.1s)
[gpu1] START /mnt/data/INR/outputs/mujoco/suites/state_resampled_v2/runs/custom_mujoco_state_resampled_v2/custom_mujoco_state_resampled_v2_walker2d__inr_transformer_history_conditioned__single_shift__s1
[gpu3] OK /mnt/data/INR/outputs/mujoco/suites/state_resampled_v2/runs/custom_mujoco_state_resampled_v2/custom_mujoco_state_resampled_v2_walker2d__inr_transformer_history_conditioned__novel_generalization__s0 (6.3s)
[gpu3] START /mnt/data/INR/outputs/mujoco/suites/state_resampled_v2/runs/custom_mujoco_state_resampled_v2/custom_mujoco_state_resampled_v2_walker2d__inr_transformer_history_conditioned__specialization__s0
[gpu0] OK /mnt/data/INR/outputs/mujoco/suites/state_resampled_v2/runs/custom_mujoco_state_resampled_v2/custom_mujoco_state_resampled_v2_walker2d__inr_transformer_history_conditioned__single_shift__s0 (6.2s)
[gpu0] START /mnt/data/INR/outputs/mujoco/suites/state_resampled_v2/runs/custom_mujoco_state_resampled_v2/custom_mujoco_state_resampled_v2_walker2d__inr_transformer_history_conditioned__specialization__s1
[gpu2] OK /mnt/data/INR/outputs/mujoco/suites/state_resampled_v2/runs/custom_mujoco_state_resampled_v2/custom_mujoco_state_resampled_v2_walker2d__inr_transformer_history_conditioned__novel_generalization__s1 (6.5s)
[gpu1] OK /mnt/data/INR/outputs/mujoco/suites/state_resampled_v2/runs/custom_mujoco_state_resampled_v2/custom_mujoco_state_resampled_v2_walker2d__inr_transformer_history_conditioned__single_shift__s1 (5.9s)
[gpu0] OK /mnt/data/INR/outputs/mujoco/suites/state_resampled_v2/runs/custom_mujoco_state_resampled_v2/custom_mujoco_state_resampled_v2_walker2d__inr_transformer_history_conditioned__specialization__s1 (5.8s)
[gpu3] OK /mnt/data/INR/outputs/mujoco/suites/state_resampled_v2/runs/custom_mujoco_state_resampled_v2/custom_mujoco_state_resampled_v2_walker2d__inr_transformer_history_conditioned__specialization__s0 (6.4s)
