run_dir,data,model,experiment,seed,probe_acc,probe_acc_seen,knn_acc1,knn_acc5,novel_mean_embed_dist,gen_mse,gen_nmse,gen_median_se,gen_rmse,gen_acc,gen_nll,finite_fraction,target_var,n_train_episodes,n_test_episodes,n_test_episodes_used,n_test_ood
/mnt/data/INR/outputs/full_suite_new_datasets/lichess_top3_full__inr_transformer_fitted_latent__specialization__s0,lichess_top3_full,inr_transformer_fitted_latent,specialization,0,0.5181598062953995,0.5181598062953995,0.5108958837772397,0.9467312348668281,nan,nan,nan,nan,,0.09628339140534263,5.3329837103477065,1.0,,4490,413,413,413
/mnt/data/INR/outputs/full_suite_new_datasets/dmlab_seekavoid_full__inr_transformer_fitted_latent__single_shift__s1,dmlab_seekavoid_full,inr_transformer_fitted_latent,single_shift,1,1.0,1.0,1.0,1.0,nan,nan,nan,nan,,0.3912962962962963,1.9133434323911314,1.0,,84,18,18,9
/mnt/data/INR/outputs/full_suite_new_datasets/dmlab_seekavoid_sa16__inr_diffusion_history_conditioned__specialization__s1,dmlab_seekavoid_sa16,inr_diffusion_history_conditioned,specialization,1,0.9166666666666666,0.9166666666666666,0.9166666666666666,1.0,nan,nan,nan,nan,,0.2311111111111111,0.0,1.0,,118,12,12,12
/mnt/data/INR/outputs/full_suite_new_datasets/synthetic_grf_10x__inr_diffusion_history_conditioned__conflation__s0,synthetic_grf_10x,inr_diffusion_history_conditioned,conflation,0,0.9166666666666666,0.9166666666666666,0.75,1.0,nan,0.33856096863746643,0.3356289339109716,0.06351139396429062,0.5818599218346856,,,1.0,1.0087359414825439,56,12,12,3
/mnt/data/INR/outputs/full_suite_new_datasets/lichess_top3_sa16__inr_transformer_fitted_latent__generalization__s1,lichess_top3_sa16,inr_transformer_fitted_latent,generalization,1,0.5124740124740125,0.5124740124740125,0.5083160083160083,0.972972972972973,nan,nan,nan,nan,,0.07530197165568159,5.715679975322259,1.0,,1924,962,962,0
/mnt/data/INR/outputs/full_suite_new_datasets/dmlab_seekavoid_sa16__inr_transformer_history_conditioned__novel_generalization__s1,dmlab_seekavoid_sa16,inr_transformer_history_conditioned,novel_generalization,1,0.6666666666666666,1.0,,,3.0770013332366943,nan,nan,nan,,0.44,1.680245584154886,1.0,,26,21,21,0
/mnt/data/INR/outputs/full_suite_new_datasets/lichess_top3_full__cvae__novel_generalization__s0,lichess_top3_full,cvae,novel_generalization,0,0.41684064022268613,0.6226611226611226,0.35073068893528186,0.6471816283924844,6.557599067687988,nan,nan,nan,,0.0349899159024316,6.076130621282381,1.0,,1924,1437,1437,0
/mnt/data/INR/outputs/full_suite_new_datasets/dmlab_seekavoid_full__inr_transformer_fitted_latent__no_shift__s1,dmlab_seekavoid_full,inr_transformer_fitted_latent,no_shift,1,1.0,1.0,1.0,1.0,nan,nan,nan,nan,,0.567037037037037,1.1688940486201533,1.0,,84,18,18,0
/mnt/data/INR/outputs/full_suite_new_datasets/dmlab_seekavoid_sa16__inr_transformer_history_conditioned__no_shift__s0,dmlab_seekavoid_sa16,inr_transformer_history_conditioned,no_shift,0,1.0,1.0,1.0,1.0,nan,nan,nan,nan,,0.6478571428571429,0.9514096323649088,1.0,,118,24,24,0
/mnt/data/INR/outputs/full_suite_new_datasets/synthetic_grf_10x__inr_diffusion_history_conditioned__single_shift__s0,synthetic_grf_10x,inr_diffusion_history_conditioned,single_shift,0,0.8333333333333334,0.8333333333333334,0.75,1.0,nan,0.05795752629637718,0.05740364733070566,0.03534786403179169,0.2407436941985754,,,1.0,1.0096488462219237,78,12,12,3
/mnt/data/INR/outputs/full_suite_new_datasets/dmlab_seekavoid_full__inr_diffusion_history_conditioned__specialization__s1,dmlab_seekavoid_full,inr_diffusion_history_conditioned,specialization,1,0.8333333333333334,0.8333333333333334,0.9444444444444444,0.9444444444444444,nan,nan,nan,nan,,0.16962962962962963,0.0,1.0,,84,18,18,18
/mnt/data/INR/outputs/full_suite_new_datasets/synthetic_grf_10x__inr_transformer_history_conditioned__generalization__s0,synthetic_grf_10x,inr_transformer_history_conditioned,generalization,0,0.8888888888888888,0.8888888888888888,1.0,1.0,nan,0.613900899887085,0.5394730709252253,0.46588289737701416,0.7835182830585927,,,1.0,1.1379639373550414,34,18,18,0
/mnt/data/INR/outputs/full_suite_new_datasets/dmlab_seekavoid_full__inr_diffusion_history_conditioned__single_shift__s1,dmlab_seekavoid_full,inr_diffusion_history_conditioned,single_shift,1,1.0,1.0,1.0,1.0,nan,nan,nan,nan,,0.21666666666666667,0.0,1.0,,84,18,18,9
/mnt/data/INR/outputs/full_suite_new_datasets/lichess_top3_full__cvae__no_shift__s0,lichess_top3_full,cvae,no_shift,0,0.8222453222453222,0.8222453222453222,0.8201663201663202,0.972972972972973,nan,nan,nan,nan,,0.16385453930875188,4.784439239497655,1.0,,4490,962,962,0
/mnt/data/INR/outputs/full_suite_new_datasets/dmlab_seekavoid_full__cvae__single_shift__s0,dmlab_seekavoid_full,cvae,single_shift,0,0.9444444444444444,0.9444444444444444,0.9444444444444444,1.0,nan,nan,nan,nan,,0.4362962962962963,1.896162942956995,1.0,,84,18,18,9
/mnt/data/INR/outputs/full_suite_new_datasets/lichess_top3_full__inr_transformer_history_conditioned__single_shift__s0,lichess_top3_full,inr_transformer_history_conditioned,single_shift,0,0.6420289855072464,0.6420289855072464,0.5362318840579711,0.9333333333333333,nan,nan,nan,nan,,0.20724755700325734,4.531808784807932,1.0,,4490,690,690,205
/mnt/data/INR/outputs/full_suite_new_datasets/lichess_top3_sa16__cvae__generalization__s0,lichess_top3_sa16,cvae,generalization,0,0.5873180873180873,0.5873180873180873,0.5291060291060291,0.9594594594594594,nan,nan,nan,nan,,0.041942480493507225,6.0005643375087585,1.0,,1924,962,962,0
/mnt/data/INR/outputs/full_suite_new_datasets/synthetic_grf_10x__inr_diffusion_history_conditioned__specialization__s0,synthetic_grf_10x,inr_diffusion_history_conditioned,specialization,0,0.8333333333333334,0.8333333333333334,0.8333333333333334,1.0,nan,0.05628158524632454,0.06771113704320685,0.03303901106119156,0.23723740271366262,,,1.0,0.8312013016471863,78,6,6,6
/mnt/data/INR/outputs/full_suite_new_datasets/synthetic_grf_10x__inr_transformer_fitted_latent__single_shift__s1,synthetic_grf_10x,inr_transformer_fitted_latent,single_shift,1,1.0,1.0,1.0,1.0,nan,0.8837115168571472,0.8443829735654981,0.6850873231887817,0.940059315605748,,,1.0,1.046576665473938,78,12,12,3
/mnt/data/INR/outputs/full_suite_new_datasets/dmlab_seekavoid_full__inr_transformer_history_conditioned__specialization__s0,dmlab_seekavoid_full,inr_transformer_history_conditioned,specialization,0,1.0,1.0,1.0,1.0,nan,nan,nan,nan,,0.322037037037037,2.771903788248698,1.0,,84,18,18,18
/mnt/data/INR/outputs/full_suite_new_datasets/lichess_top3_full__inr_transformer_fitted_latent__generalization__s1,lichess_top3_full,inr_transformer_fitted_latent,generalization,1,0.5322245322245323,0.5322245322245323,0.5176715176715176,0.9667359667359667,nan,nan,nan,nan,,0.07544341037028655,5.715672639656504,1.0,,1924,962,962,0
/mnt/data/INR/outputs/full_suite_new_datasets/dmlab_seekavoid_sa16__inr_diffusion_history_conditioned__no_shift__s0,dmlab_seekavoid_sa16,inr_diffusion_history_conditioned,no_shift,0,1.0,1.0,1.0,1.0,nan,nan,nan,nan,,0.2745238095238095,0.0,1.0,,118,24,24,0
/mnt/data/INR/outputs/full_suite_new_datasets/dmlab_seekavoid_sa16__cvae__no_shift__s1,dmlab_seekavoid_sa16,cvae,no_shift,1,1.0,1.0,1.0,1.0,nan,nan,nan,nan,,0.6033333333333334,1.0554174150739397,1.0,,118,24,24,0
/mnt/data/INR/outputs/full_suite_new_datasets/dmlab_seekavoid_full__inr_diffusion_history_conditioned__specialization__s0,dmlab_seekavoid_full,inr_diffusion_history_conditioned,specialization,0,0.9444444444444444,0.9444444444444444,1.0,1.0,nan,nan,nan,nan,,0.17425925925925925,0.0,1.0,,84,18,18,18
/mnt/data/INR/outputs/full_suite_new_datasets/lichess_top3_full__cvae__conflation__s1,lichess_top3_full,cvae,conflation,1,0.908695652173913,0.908695652173913,0.8130434782608695,0.9695652173913043,nan,nan,nan,nan,,0.14202115687598468,5.227856637635747,1.0,,3217,690,690,205
/mnt/data/INR/outputs/full_suite_new_datasets/synthetic_grf_10x__inr_transformer_fitted_latent__no_shift__s0,synthetic_grf_10x,inr_transformer_fitted_latent,no_shift,0,1.0,1.0,0.9444444444444444,1.0,nan,0.7594683766365051,0.727077266249862,0.5415626168251038,0.8714748284583469,,,1.0,1.044549749923706,78,18,18,0
/mnt/data/INR/outputs/full_suite_new_datasets/lichess_top3_sa16__cvae__single_shift__s0,lichess_top3_sa16,cvae,single_shift,0,0.7492753623188406,0.7492753623188406,0.7971014492753623,0.9608695652173913,nan,nan,nan,nan,,0.1495656894679696,4.911556620810112,1.0,,4490,690,690,205
/mnt/data/INR/outputs/full_suite_new_datasets/lichess_top3_full__inr_diffusion_history_conditioned__specialization__s0,lichess_top3_full,inr_diffusion_history_conditioned,specialization,0,0.5569007263922519,0.5569007263922519,0.5108958837772397,0.9297820823244553,nan,nan,nan,nan,,0.0003484320557491289,0.0,1.0,,4490,413,413,413
/mnt/data/INR/outputs/full_suite_new_datasets/lichess_top3_sa16__inr_transformer_fitted_latent__conflation__s0,lichess_top3_sa16,inr_transformer_fitted_latent,conflation,0,0.7057971014492753,0.7057971014492753,0.7347826086956522,0.8855072463768116,nan,nan,nan,nan,,0.1922276511038726,4.749002200557062,1.0,,3217,690,690,205
/mnt/data/INR/outputs/full_suite_new_datasets/lichess_top3_sa16__cvae__single_shift__s1,lichess_top3_sa16,cvae,single_shift,1,0.7275362318840579,0.7275362318840579,0.7797101449275362,0.9623188405797102,nan,nan,nan,nan,,0.15588566284042313,4.939903458125844,1.0,,4490,690,690,205
/mnt/data/INR/outputs/full_suite_new_datasets/dmlab_seekavoid_sa16__cvae__novel_generalization__s1,dmlab_seekavoid_sa16,cvae,novel_generalization,1,0.6666666666666666,1.0,,,3.412527084350586,nan,nan,nan,,0.4207936507936508,1.7755701264880952,1.0,,26,21,21,0
/mnt/data/INR/outputs/full_suite_new_datasets/dmlab_seekavoid_full__cvae__conflation__s0,dmlab_seekavoid_full,cvae,conflation,0,1.0,1.0,1.0,1.0,nan,nan,nan,nan,,0.4690740740740741,1.5682087085865162,1.0,,84,18,18,9
/mnt/data/INR/outputs/full_suite_new_datasets/dmlab_seekavoid_sa16__inr_transformer_fitted_latent__single_shift__s0,dmlab_seekavoid_sa16,inr_transformer_fitted_latent,single_shift,0,1.0,1.0,1.0,1.0,nan,nan,nan,nan,,0.41444444444444445,1.8424654303656685,1.0,,84,18,18,9
/mnt/data/INR/outputs/full_suite_new_datasets/synthetic_grf_10x__inr_transformer_history_conditioned__single_shift__s0,synthetic_grf_10x,inr_transformer_history_conditioned,single_shift,0,0.9166666666666666,0.9166666666666666,0.9166666666666666,1.0,nan,0.017258113250136375,0.017093183748702064,0.010617274791002274,0.13137013835014552,,,1.0,1.0096488462219237,78,12,12,3
/mnt/data/INR/outputs/full_suite_new_datasets/synthetic_grf_10x__inr_transformer_history_conditioned__specialization__s0,synthetic_grf_10x,inr_transformer_history_conditioned,specialization,0,1.0,1.0,1.0,1.0,nan,0.03369538113474846,0.04053817176173153,0.012949459254741669,0.18356301679463774,,,1.0,0.8312013016471863,78,6,6,6
/mnt/data/INR/outputs/full_suite_new_datasets/dmlab_seekavoid_full__inr_transformer_history_conditioned__no_shift__s0,dmlab_seekavoid_full,inr_transformer_history_conditioned,no_shift,0,1.0,1.0,1.0,1.0,nan,nan,nan,nan,,0.6555555555555556,0.9110325622558594,1.0,,84,18,18,0
/mnt/data/INR/outputs/full_suite_new_datasets/lichess_top3_sa16__inr_transformer_history_conditioned__novel_generalization__s0,lichess_top3_sa16,inr_transformer_history_conditioned,novel_generalization,0,0.39526791927627003,0.5904365904365905,0.35490605427974947,0.6478775226165623,4.3756794929504395,nan,nan,nan,,0.06815327828303969,5.7946343717521005,1.0,,1924,1437,1437,0
/mnt/data/INR/outputs/full_suite_new_datasets/lichess_top3_full__inr_transformer_fitted_latent__no_shift__s0,lichess_top3_full,inr_transformer_fitted_latent,no_shift,0,0.6933471933471933,0.6933471933471933,0.5925155925155925,0.972972972972973,nan,nan,nan,nan,,0.22954282977944282,4.277508258322609,1.0,,4490,962,962,0
/mnt/data/INR/outputs/full_suite_new_datasets/lichess_top3_sa16__cvae__conflation__s1,lichess_top3_sa16,cvae,conflation,1,0.8942028985507247,0.8942028985507247,0.7478260869565218,0.9579710144927536,nan,nan,nan,nan,,0.15331982894440693,5.143704743592449,1.0,,3217,690,690,205
/mnt/data/INR/outputs/full_suite_new_datasets/synthetic_grf_10x__inr_diffusion_history_conditioned__novel_generalization__s1,synthetic_grf_10x,inr_diffusion_history_conditioned,novel_generalization,1,0.4444444444444444,0.6666666666666666,0.4074074074074074,0.6666666666666666,4.80492639541626,0.7657778859138489,0.7011628718840771,0.15712954103946686,0.875087359018429,,,1.0,1.0921540723571777,34,27,27,0
/mnt/data/INR/outputs/full_suite_new_datasets/lichess_top3_full__inr_transformer_history_conditioned__no_shift__s0,lichess_top3_full,inr_transformer_history_conditioned,no_shift,0,0.6434511434511434,0.6434511434511434,0.5332640332640333,0.9542619542619543,nan,nan,nan,nan,,0.23112025013379905,4.2275033794300025,1.0,,4490,962,962,0
/mnt/data/INR/outputs/full_suite_new_datasets/lichess_top3_full__inr_transformer_fitted_latent__new_policy__s1,lichess_top3_full,inr_transformer_fitted_latent,new_policy,1,0.4627696590118302,0.6912681912681913,0.40501043841336115,0.6485734168406402,0.008521107956767082,nan,nan,nan,,0.205907509836346,4.447068227993552,1.0,,4490,1437,1437,0
/mnt/data/INR/outputs/full_suite_new_datasets/dmlab_seekavoid_full__inr_transformer_history_conditioned__specialization__s1,dmlab_seekavoid_full,inr_transformer_history_conditioned,specialization,1,1.0,1.0,1.0,1.0,nan,nan,nan,nan,,0.31277777777777777,2.823724998191551,1.0,,84,18,18,18
/mnt/data/INR/outputs/full_suite_new_datasets/lichess_top3_full__cvae__single_shift__s0,lichess_top3_full,cvae,single_shift,0,0.8144927536231884,0.8144927536231884,0.7884057971014493,0.972463768115942,nan,nan,nan,nan,,0.15255157437567862,4.9863726021887125,1.0,,4490,690,690,205
/mnt/data/INR/outputs/full_suite_new_datasets/dmlab_seekavoid_sa16__inr_transformer_history_conditioned__new_policy__s0,dmlab_seekavoid_sa16,inr_transformer_history_conditioned,new_policy,0,0.6666666666666666,1.0,,,4.701955318450928,nan,nan,nan,,0.5246031746031746,1.4937664504278274,1.0,,58,21,21,0
/mnt/data/INR/outputs/full_suite_new_datasets/lichess_top3_full__inr_diffusion_history_conditioned__conflation__s0,lichess_top3_full,inr_diffusion_history_conditioned,conflation,0,0.8710144927536232,0.8710144927536232,0.8478260869565217,0.9420289855072463,nan,nan,nan,nan,,0.0010857763300760044,0.0,1.0,,3217,690,690,205
/mnt/data/INR/outputs/full_suite_new_datasets/synthetic_grf_10x__cvae__generalization__s0,synthetic_grf_10x,cvae,generalization,0,0.9444444444444444,0.9444444444444444,0.8888888888888888,1.0,nan,0.9414170980453491,0.82728201407988,0.6825281977653503,0.9702665087723832,,,1.0,1.1379639373550414,34,18,18,0
/mnt/data/INR/outputs/full_suite_new_datasets/lichess_top3_full__inr_transformer_history_conditioned__new_policy__s0,lichess_top3_full,inr_transformer_history_conditioned,new_policy,0,0.43075852470424497,0.6434511434511434,0.3569937369519833,0.6388308977035491,5.042782783508301,nan,nan,nan,,0.2083032078846227,4.384862799546305,1.0,,4490,1437,1437,0
/mnt/data/INR/outputs/full_suite_new_datasets/synthetic_grf_10x__inr_diffusion_history_conditioned__generalization__s1,synthetic_grf_10x,inr_diffusion_history_conditioned,generalization,1,0.6666666666666666,0.6666666666666666,0.6111111111111112,1.0,nan,0.7028748393058777,0.7193118805333624,0.11639529466629028,0.8383763112742855,,,1.0,0.9771489368209839,34,18,18,0
/mnt/data/INR/outputs/full_suite_new_datasets/lichess_top3_full__inr_transformer_history_conditioned__no_shift__s1,lichess_top3_full,inr_transformer_history_conditioned,no_shift,1,0.6413721413721414,0.6413721413721414,0.5727650727650727,0.9563409563409564,nan,nan,nan,nan,,0.2380130689372295,4.194067948083926,1.0,,4490,962,962,0
/mnt/data/INR/outputs/full_suite_new_datasets/lichess_top3_sa16__inr_transformer_fitted_latent__no_shift__s0,lichess_top3_sa16,inr_transformer_fitted_latent,no_shift,0,0.682952182952183,0.682952182952183,0.5821205821205822,0.9719334719334719,nan,nan,nan,nan,,0.22971183910312384,4.275407657627052,1.0,,4490,962,962,0
/mnt/data/INR/outputs/full_suite_new_datasets/synthetic_grf_10x__cvae__generalization__s1,synthetic_grf_10x,cvae,generalization,1,0.7777777777777778,0.7777777777777778,0.8888888888888888,0.8888888888888888,nan,0.9417405128479004,0.963763534258882,0.644658625125885,0.9704331573312509,,,1.0,0.9771489368209839,34,18,18,0
/mnt/data/INR/outputs/full_suite_new_datasets/lichess_top3_full__inr_diffusion_history_conditioned__novel_generalization__s0,lichess_top3_full,inr_diffusion_history_conditioned,novel_generalization,0,0.3521224773834377,0.525987525987526,0.3500347947112039,0.6450939457202505,3.166686773300171,nan,nan,nan,,0.0006088511739411697,0.0,1.0,,1924,1437,1437,0
/mnt/data/INR/outputs/full_suite_new_datasets/lichess_top3_sa16__inr_transformer_fitted_latent__specialization__s1,lichess_top3_sa16,inr_transformer_fitted_latent,specialization,1,0.5254237288135594,0.5254237288135594,0.5060532687651331,0.9418886198547215,nan,nan,nan,nan,,0.091591087224275,5.426025992023919,1.0,,4490,413,413,413
/mnt/data/INR/outputs/full_suite_new_datasets/dmlab_seekavoid_sa16__cvae__single_shift__s0,dmlab_seekavoid_sa16,cvae,single_shift,0,1.0,1.0,1.0,1.0,nan,nan,nan,nan,,0.5998318621269441,1.0323212195865845,1.0,,118,18,18,6
/mnt/data/INR/outputs/full_suite_new_datasets/lichess_top3_sa16__cvae__new_policy__s0,lichess_top3_sa16,cvae,new_policy,0,0.5434933890048712,0.8118503118503119,0.5483646485734168,0.6506610995128741,9.514360427856445,nan,nan,nan,,0.15413448000304425,4.8452953560865195,1.0,,4490,1437,1437,0
/mnt/data/INR/outputs/full_suite_new_datasets/synthetic_grf_10x__cvae__specialization__s0,synthetic_grf_10x,cvae,specialization,0,0.8333333333333334,0.8333333333333334,1.0,1.0,nan,0.4623225927352905,0.5562101404546754,0.30338579416275024,0.6799430805113693,,,1.0,0.8312013016471863,78,6,6,6
/mnt/data/INR/outputs/full_suite_new_datasets/lichess_top3_sa16__inr_diffusion_history_conditioned__no_shift__s1,lichess_top3_sa16,inr_diffusion_history_conditioned,no_shift,1,0.7182952182952183,0.7182952182952183,0.6548856548856549,0.9698544698544699,nan,nan,nan,nan,,0.001018358745155724,0.0,1.0,,4490,962,962,0
/mnt/data/INR/outputs/full_suite_new_datasets/synthetic_grf_10x__inr_diffusion_history_conditioned__single_shift__s1,synthetic_grf_10x,inr_diffusion_history_conditioned,single_shift,1,0.75,0.75,0.75,1.0,nan,0.05871785804629326,0.056104688727894696,0.03660184517502785,0.24231768001178383,,,1.0,1.046576665473938,78,12,12,3
/mnt/data/INR/outputs/full_suite_new_datasets/dmlab_seekavoid_sa16__inr_diffusion_history_conditioned__conflation__s1,dmlab_seekavoid_sa16,inr_diffusion_history_conditioned,conflation,1,1.0,1.0,1.0,1.0,nan,nan,nan,nan,,0.2781065088757396,0.0,1.0,,84,18,18,6
/mnt/data/INR/outputs/full_suite_new_datasets/lichess_top3_sa16__inr_transformer_history_conditioned__generalization__s1,lichess_top3_sa16,inr_transformer_history_conditioned,generalization,1,0.5748440748440748,0.5748440748440748,0.5363825363825364,0.9802494802494802,nan,nan,nan,nan,,0.07657492008712624,5.745533948922433,1.0,,1924,962,962,0
/mnt/data/INR/outputs/full_suite_new_datasets/lichess_top3_full__inr_diffusion_history_conditioned__conflation__s1,lichess_top3_full,inr_diffusion_history_conditioned,conflation,1,0.8681159420289855,0.8681159420289855,0.8623188405797102,0.9492753623188406,nan,nan,nan,nan,,0.0011253657438667567,0.0,1.0,,3217,690,690,205
/mnt/data/INR/outputs/full_suite_new_datasets/lichess_top3_sa16__inr_diffusion_history_conditioned__new_policy__s1,lichess_top3_sa16,inr_diffusion_history_conditioned,new_policy,1,0.48086290883785665,0.7182952182952183,0.4405010438413361,0.6499652052887961,0.06270064413547516,nan,nan,nan,,0.000969379027199635,0.0,1.0,,4490,1437,1437,0
/mnt/data/INR/outputs/full_suite_new_datasets/synthetic_grf_10x__inr_transformer_history_conditioned__novel_generalization__s0,synthetic_grf_10x,inr_transformer_history_conditioned,novel_generalization,0,0.5925925925925926,0.8888888888888888,0.6666666666666666,0.6666666666666666,7.555362224578857,0.836024820804596,0.707789509475095,0.6149635910987854,0.9143439291670262,,,1.0,1.18117718560791,34,27,27,0
/mnt/data/INR/outputs/full_suite_new_datasets/lichess_top3_sa16__inr_transformer_fitted_latent__conflation__s1,lichess_top3_sa16,inr_transformer_fitted_latent,conflation,1,0.7043478260869566,0.7043478260869566,0.7318840579710145,0.8884057971014493,nan,nan,nan,nan,,0.20229574611748818,4.748319232192846,1.0,,3217,690,690,205
/mnt/data/INR/outputs/full_suite_new_datasets/dmlab_seekavoid_full__inr_transformer_fitted_latent__specialization__s0,dmlab_seekavoid_full,inr_transformer_fitted_latent,specialization,0,1.0,1.0,1.0,1.0,nan,nan,nan,nan,,0.2764814814814815,2.494789202654803,1.0,,84,18,18,18
/mnt/data/INR/outputs/full_suite_new_datasets/lichess_top3_sa16__inr_transformer_fitted_latent__new_policy__s0,lichess_top3_sa16,inr_transformer_fitted_latent,new_policy,0,0.4572025052192067,0.682952182952183,0.38900487125956856,0.6506610995128741,0.011829819530248642,nan,nan,nan,,0.20733285132615395,4.441531708960963,1.0,,4490,1437,1437,0
/mnt/data/INR/outputs/full_suite_new_datasets/lichess_top3_sa16__inr_diffusion_history_conditioned__conflation__s1,lichess_top3_sa16,inr_diffusion_history_conditioned,conflation,1,0.8855072463768116,0.8855072463768116,0.7797101449275362,0.9550724637681159,nan,nan,nan,nan,,0.0009002925950934053,0.0,1.0,,3217,690,690,205
/mnt/data/INR/outputs/full_suite_new_datasets/lichess_top3_sa16__inr_transformer_fitted_latent__single_shift__s0,lichess_top3_sa16,inr_transformer_fitted_latent,single_shift,0,0.6101449275362318,0.6101449275362318,0.5869565217391305,0.9710144927536232,nan,nan,nan,nan,,0.20661418747737967,4.455389853279702,1.0,,4490,690,690,205
/mnt/data/INR/outputs/full_suite_new_datasets/lichess_top3_full__cvae__conflation__s0,lichess_top3_full,cvae,conflation,0,0.9260869565217391,0.9260869565217391,0.8246376811594203,0.9681159420289855,nan,nan,nan,nan,,0.1307908070937387,5.266641200559535,1.0,,3217,690,690,205
/mnt/data/INR/outputs/full_suite_new_datasets/dmlab_seekavoid_full__inr_transformer_history_conditioned__conflation__s0,dmlab_seekavoid_full,inr_transformer_history_conditioned,conflation,0,1.0,1.0,1.0,1.0,nan,nan,nan,nan,,0.51,1.4721021722864223,1.0,,84,18,18,9
/mnt/data/INR/outputs/full_suite_new_datasets/lichess_top3_sa16__inr_transformer_history_conditioned__generalization__s0,lichess_top3_sa16,inr_transformer_history_conditioned,generalization,0,0.5904365904365905,0.5904365904365905,0.5301455301455301,0.9677754677754677,nan,nan,nan,nan,,0.0710965888284837,5.75286165326989,1.0,,1924,962,962,0
/mnt/data/INR/outputs/full_suite_new_datasets/lichess_top3_full__inr_transformer_fitted_latent__new_policy__s0,lichess_top3_full,inr_transformer_fitted_latent,new_policy,0,0.4641614474599861,0.6933471933471933,0.39526791927627003,0.651356993736952,0.011162049137055874,nan,nan,nan,,0.20714258533429736,4.443724057677946,1.0,,4490,1437,1437,0
/mnt/data/INR/outputs/full_suite_new_datasets/lichess_top3_sa16__inr_transformer_fitted_latent__new_policy__s1,lichess_top3_sa16,inr_transformer_fitted_latent,new_policy,1,0.4495476687543493,0.6715176715176715,0.38970076548364646,0.6381350034794712,0.009058653376996517,nan,nan,nan,,0.20571743551728727,4.445887748603845,1.0,,4490,1437,1437,0
/mnt/data/INR/outputs/full_suite_new_datasets/synthetic_grf_10x__cvae__specialization__s1,synthetic_grf_10x,cvae,specialization,1,1.0,1.0,1.0,1.0,nan,0.4994220435619354,0.5971286094204428,0.28492674231529236,0.7066979861029289,,,1.0,0.836372660232544,78,6,6,6
/mnt/data/INR/outputs/full_suite_new_datasets/lichess_top3_sa16__inr_transformer_fitted_latent__specialization__s0,lichess_top3_sa16,inr_transformer_fitted_latent,specialization,0,0.5254237288135594,0.5254237288135594,0.5472154963680388,0.9636803874092009,nan,nan,nan,nan,,0.09639953542392567,5.3307819929134,1.0,,4490,413,413,413
/mnt/data/INR/outputs/full_suite_new_datasets/lichess_top3_sa16__cvae__new_policy__s1,lichess_top3_sa16,cvae,new_policy,1,0.5128740431454419,0.7661122661122661,0.5407098121085595,0.651356993736952,9.65656566619873,nan,nan,nan,,0.1572484841573055,4.860808703766649,1.0,,4490,1437,1437,0
/mnt/data/INR/outputs/full_suite_new_datasets/dmlab_seekavoid_sa16__inr_diffusion_history_conditioned__novel_generalization__s1,dmlab_seekavoid_sa16,inr_diffusion_history_conditioned,novel_generalization,1,0.6666666666666666,1.0,,,0.8902152180671692,nan,nan,nan,,0.17317460317460318,0.0,1.0,,26,21,21,0
/mnt/data/INR/outputs/full_suite_new_datasets/dmlab_seekavoid_full__cvae__conflation__s1,dmlab_seekavoid_full,cvae,conflation,1,1.0,1.0,1.0,1.0,nan,nan,nan,nan,,0.4675925925925926,1.618372107611762,1.0,,84,18,18,9
/mnt/data/INR/outputs/full_suite_new_datasets/lichess_top3_sa16__inr_transformer_history_conditioned__novel_generalization__s1,lichess_top3_sa16,inr_transformer_history_conditioned,novel_generalization,1,0.3848295059151009,0.5748440748440748,0.35908141962421714,0.6562282533054976,4.482044696807861,nan,nan,nan,,0.07418600672863089,5.762733610433476,1.0,,1924,1437,1437,0
/mnt/data/INR/outputs/full_suite_new_datasets/synthetic_grf_10x__cvae__novel_generalization__s1,synthetic_grf_10x,cvae,novel_generalization,1,0.5185185185185185,0.7777777777777778,0.5925925925925926,0.5925925925925926,4.929656982421875,1.260396957397461,1.1540468412823546,0.9158111810684204,1.1226740209862616,,,1.0,1.0921540723571777,34,27,27,0
/mnt/data/INR/outputs/full_suite_new_datasets/lichess_top3_full__inr_transformer_fitted_latent__novel_generalization__s1,lichess_top3_full,inr_transformer_fitted_latent,novel_generalization,1,0.3562978427279054,0.5322245322245323,0.3465553235908142,0.6471816283924844,0.0068204402923583984,nan,nan,nan,,0.07350173918001938,5.740083406059035,1.0,,1924,1437,1437,0
/mnt/data/INR/outputs/full_suite_new_datasets/lichess_top3_full__cvae__specialization__s0,lichess_top3_full,cvae,specialization,0,0.612590799031477,0.612590799031477,0.6682808716707022,0.9346246973365617,nan,nan,nan,nan,,0.059233449477351915,5.973858550422837,1.0,,4490,413,413,413
/mnt/data/INR/outputs/full_suite_new_datasets/lichess_top3_sa16__inr_transformer_history_conditioned__specialization__s1,lichess_top3_sa16,inr_transformer_history_conditioned,specialization,1,0.6004842615012107,0.6004842615012107,0.5254237288135594,0.9418886198547215,nan,nan,nan,nan,,0.08756018363005262,5.355852305829065,1.0,,4490,413,413,413
/mnt/data/INR/outputs/full_suite_new_datasets/dmlab_seekavoid_sa16__cvae__new_policy__s0,dmlab_seekavoid_sa16,cvae,new_policy,0,0.6666666666666666,1.0,,,1.8773620128631592,nan,nan,nan,,0.47984126984126985,1.7164982386997767,1.0,,58,21,21,0
/mnt/data/INR/outputs/full_suite_new_datasets/dmlab_seekavoid_full__inr_transformer_fitted_latent__conflation__s1,dmlab_seekavoid_full,inr_transformer_fitted_latent,conflation,1,1.0,1.0,1.0,1.0,nan,nan,nan,nan,,0.4538888888888889,1.6553528058087383,1.0,,84,18,18,9
/mnt/data/INR/outputs/full_suite_new_datasets/dmlab_seekavoid_full__inr_diffusion_history_conditioned__no_shift__s1,dmlab_seekavoid_full,inr_diffusion_history_conditioned,no_shift,1,1.0,1.0,1.0,1.0,nan,nan,nan,nan,,0.25685185185185183,0.0,1.0,,84,18,18,0
/mnt/data/INR/outputs/full_suite_new_datasets/lichess_top3_sa16__cvae__conflation__s0,lichess_top3_sa16,cvae,conflation,0,0.9028985507246376,0.9028985507246376,0.808695652173913,0.9652173913043478,nan,nan,nan,nan,,0.14477017734346725,5.187519787275139,1.0,,3217,690,690,205
/mnt/data/INR/outputs/full_suite_new_datasets/lichess_top3_full__inr_transformer_fitted_latent__single_shift__s0,lichess_top3_full,inr_transformer_fitted_latent,single_shift,0,0.6579710144927536,0.6579710144927536,0.5840579710144927,0.9681159420289855,nan,nan,nan,nan,,0.20647846543612017,4.4572326295668345,1.0,,4490,690,690,205
/mnt/data/INR/outputs/full_suite_new_datasets/dmlab_seekavoid_full__inr_transformer_fitted_latent__specialization__s1,dmlab_seekavoid_full,inr_transformer_fitted_latent,specialization,1,1.0,1.0,1.0,1.0,nan,nan,nan,nan,,0.2772222222222222,2.5087016465928818,1.0,,84,18,18,18
/mnt/data/INR/outputs/full_suite_new_datasets/dmlab_seekavoid_sa16__cvae__no_shift__s0,dmlab_seekavoid_sa16,cvae,no_shift,0,1.0,1.0,1.0,1.0,nan,nan,nan,nan,,0.5945238095238096,1.0778492591494606,1.0,,118,24,24,0
/mnt/data/INR/outputs/full_suite_new_datasets/lichess_top3_sa16__inr_diffusion_history_conditioned__single_shift__s1,lichess_top3_sa16,inr_diffusion_history_conditioned,single_shift,1,0.6579710144927536,0.6579710144927536,0.6130434782608696,0.9681159420289855,nan,nan,nan,nan,,0.0013504388926401081,0.0,1.0,,4490,690,690,205
/mnt/data/INR/outputs/full_suite_new_datasets/dmlab_seekavoid_full__inr_transformer_history_conditioned__generalization__s0,dmlab_seekavoid_full,inr_transformer_history_conditioned,generalization,0,1.0,1.0,1.0,1.0,nan,nan,nan,nan,,0.5218518518518519,1.3916544483326099,1.0,,84,18,18,0
/mnt/data/INR/outputs/full_suite_new_datasets/dmlab_seekavoid_sa16__inr_transformer_fitted_latent__generalization__s1,dmlab_seekavoid_sa16,inr_transformer_fitted_latent,generalization,1,1.0,1.0,1.0,1.0,nan,nan,nan,nan,,0.525,1.5085896470811633,1.0,,84,18,18,0
/mnt/data/INR/outputs/full_suite_new_datasets/dmlab_seekavoid_sa16__inr_transformer_history_conditioned__specialization__s1,dmlab_seekavoid_sa16,inr_transformer_history_conditioned,specialization,1,1.0,1.0,1.0,1.0,nan,nan,nan,nan,,0.56,1.2448897298177084,1.0,,118,12,12,12
/mnt/data/INR/outputs/full_suite_new_datasets/dmlab_seekavoid_full__inr_transformer_history_conditioned__no_shift__s1,dmlab_seekavoid_full,inr_transformer_history_conditioned,no_shift,1,1.0,1.0,1.0,1.0,nan,nan,nan,nan,,0.6316666666666667,1.001620443838614,1.0,,84,18,18,0
/mnt/data/INR/outputs/full_suite_new_datasets/lichess_top3_full__inr_transformer_history_conditioned__single_shift__s1,lichess_top3_full,inr_transformer_history_conditioned,single_shift,1,0.6565217391304348,0.6565217391304348,0.5695652173913044,0.9594202898550724,nan,nan,nan,nan,,0.21017330632455547,4.555355655688197,1.0,,4490,690,690,205
/mnt/data/INR/outputs/full_suite_new_datasets/synthetic_grf_10x__inr_transformer_history_conditioned__specialization__s1,synthetic_grf_10x,inr_transformer_history_conditioned,specialization,1,0.8333333333333334,0.8333333333333334,0.8333333333333334,1.0,nan,0.03285687416791916,0.039284969165280556,0.012695912271738052,0.18126465228477162,,,1.0,0.836372660232544,78,6,6,6
/mnt/data/INR/outputs/full_suite_new_datasets/lichess_top3_full__inr_transformer_history_conditioned__novel_generalization__s1,lichess_top3_full,inr_transformer_history_conditioned,novel_generalization,1,0.42519137091162146,0.6351351351351351,0.3771746694502436,0.6520528879610299,3.6538848876953125,nan,nan,nan,,0.07238030069757274,5.758808023527043,1.0,,1924,1437,1437,0
/mnt/data/INR/outputs/full_suite_new_datasets/synthetic_grf_10x__inr_diffusion_history_conditioned__new_policy__s0,synthetic_grf_10x,inr_diffusion_history_conditioned,new_policy,0,0.5185185185185185,0.7777777777777778,0.4444444444444444,0.6666666666666666,1.7379904985427856,0.06331147253513336,0.058143365103743044,0.04054100438952446,0.25161771109191294,,,1.0,1.0888855920562743,78,27,27,0
/mnt/data/INR/outputs/full_suite_new_datasets/dmlab_seekavoid_sa16__cvae__conflation__s0,dmlab_seekavoid_sa16,cvae,conflation,0,1.0,1.0,1.0,1.0,nan,nan,nan,nan,,0.5922656578394283,1.0721917491141564,1.0,,84,18,18,6
/mnt/data/INR/outputs/full_suite_new_datasets/dmlab_seekavoid_sa16__inr_transformer_history_conditioned__conflation__s1,dmlab_seekavoid_sa16,inr_transformer_history_conditioned,conflation,1,1.0,1.0,1.0,1.0,nan,nan,nan,nan,,0.6496196111580727,0.9158552335866508,1.0,,84,18,18,6
/mnt/data/INR/outputs/full_suite_new_datasets/dmlab_seekavoid_full__inr_transformer_fitted_latent__no_shift__s0,dmlab_seekavoid_full,inr_transformer_fitted_latent,no_shift,0,1.0,1.0,1.0,1.0,nan,nan,nan,nan,,0.5875925925925926,1.1113164378978588,1.0,,84,18,18,0
/mnt/data/INR/outputs/full_suite_new_datasets/lichess_top3_full__inr_transformer_history_conditioned__conflation__s0,lichess_top3_full,inr_transformer_history_conditioned,conflation,0,0.9101449275362319,0.9101449275362319,0.7884057971014493,0.9652173913043478,nan,nan,nan,nan,,0.19960188201230547,4.691818723288559,1.0,,3217,690,690,205
/mnt/data/INR/outputs/full_suite_new_datasets/dmlab_seekavoid_full__inr_diffusion_history_conditioned__generalization__s0,dmlab_seekavoid_full,inr_diffusion_history_conditioned,generalization,0,1.0,1.0,1.0,1.0,nan,nan,nan,nan,,0.15611111111111112,0.0,1.0,,84,18,18,0
/mnt/data/INR/outputs/full_suite_new_datasets/lichess_top3_full__inr_diffusion_history_conditioned__single_shift__s1,lichess_top3_full,inr_diffusion_history_conditioned,single_shift,1,0.6811594202898551,0.6811594202898551,0.6202898550724638,0.9797101449275363,nan,nan,nan,nan,,0.0010353364843574161,0.0,1.0,,4490,690,690,205
/mnt/data/INR/outputs/full_suite_new_datasets/dmlab_seekavoid_sa16__cvae__generalization__s1,dmlab_seekavoid_sa16,cvae,generalization,1,1.0,1.0,1.0,1.0,nan,nan,nan,nan,,0.5111904761904762,1.2744133794875372,1.0,,50,24,24,0
/mnt/data/INR/outputs/full_suite_new_datasets/dmlab_seekavoid_sa16__cvae__specialization__s0,dmlab_seekavoid_sa16,cvae,specialization,0,1.0,1.0,1.0,1.0,nan,nan,nan,nan,,0.5338983050847458,1.2526971849344544,1.0,,118,12,12,12
/mnt/data/INR/outputs/full_suite_new_datasets/dmlab_seekavoid_full__cvae__specialization__s1,dmlab_seekavoid_full,cvae,specialization,1,1.0,1.0,1.0,1.0,nan,nan,nan,nan,,0.27944444444444444,2.720251894350405,1.0,,84,18,18,18
/mnt/data/INR/outputs/full_suite_new_datasets/dmlab_seekavoid_sa16__inr_diffusion_history_conditioned__novel_generalization__s0,dmlab_seekavoid_sa16,inr_diffusion_history_conditioned,novel_generalization,0,0.6666666666666666,1.0,,,0.84586101770401,nan,nan,nan,,0.17587301587301588,0.0,1.0,,26,21,21,0
/mnt/data/INR/outputs/full_suite_new_datasets/lichess_top3_sa16__inr_diffusion_history_conditioned__specialization__s1,lichess_top3_sa16,inr_diffusion_history_conditioned,specialization,1,0.5351089588377724,0.5351089588377724,0.5641646489104116,0.9661016949152542,nan,nan,nan,nan,,0.0008957563542716381,0.0,1.0,,4490,413,413,413
/mnt/data/INR/outputs/full_suite_new_datasets/synthetic_grf_10x__inr_transformer_history_conditioned__no_shift__s0,synthetic_grf_10x,inr_transformer_history_conditioned,no_shift,0,0.8888888888888888,0.8888888888888888,0.7777777777777778,0.9444444444444444,nan,0.014001074247062206,0.013403932410193815,0.010931977070868015,0.11832613509729034,,,1.0,1.044549749923706,78,18,18,0
/mnt/data/INR/outputs/full_suite_new_datasets/lichess_top3_sa16__inr_diffusion_history_conditioned__conflation__s0,lichess_top3_sa16,inr_diffusion_history_conditioned,conflation,0,0.8623188405797102,0.8623188405797102,0.7840579710144927,0.9420289855072463,nan,nan,nan,nan,,0.0010405356496561709,0.0,1.0,,3217,690,690,205
/mnt/data/INR/outputs/full_suite_new_datasets/dmlab_seekavoid_sa16__inr_transformer_history_conditioned__generalization__s1,dmlab_seekavoid_sa16,inr_transformer_history_conditioned,generalization,1,1.0,1.0,1.0,1.0,nan,nan,nan,nan,,0.5238095238095238,1.2348627290271577,1.0,,50,24,24,0
/mnt/data/INR/outputs/full_suite_new_datasets/dmlab_seekavoid_full__inr_transformer_history_conditioned__conflation__s1,dmlab_seekavoid_full,inr_transformer_history_conditioned,conflation,1,1.0,1.0,1.0,1.0,nan,nan,nan,nan,,0.4888888888888889,1.548491281580042,1.0,,84,18,18,9
/mnt/data/INR/outputs/full_suite_new_datasets/dmlab_seekavoid_sa16__cvae__generalization__s0,dmlab_seekavoid_sa16,cvae,generalization,0,1.0,1.0,1.0,1.0,nan,nan,nan,nan,,0.5157142857142857,1.287999038696289,1.0,,50,24,24,0
/mnt/data/INR/outputs/full_suite_new_datasets/synthetic_grf_10x__inr_transformer_fitted_latent__novel_generalization__s1,synthetic_grf_10x,inr_transformer_fitted_latent,novel_generalization,1,0.5555555555555556,0.8333333333333334,0.5555555555555556,0.6296296296296297,0.006121523678302765,1.2969696521759033,1.1875335953073687,1.0152313709259033,1.1388457543389725,,,1.0,1.0921540723571777,34,27,27,0
/mnt/data/INR/outputs/full_suite_new_datasets/dmlab_seekavoid_sa16__inr_transformer_history_conditioned__generalization__s0,dmlab_seekavoid_sa16,inr_transformer_history_conditioned,generalization,0,1.0,1.0,1.0,1.0,nan,nan,nan,nan,,0.5452380952380952,1.2400043305896578,1.0,,50,24,24,0
/mnt/data/INR/outputs/full_suite_new_datasets/lichess_top3_full__inr_diffusion_history_conditioned__generalization__s0,lichess_top3_full,inr_diffusion_history_conditioned,generalization,0,0.525987525987526,0.525987525987526,0.5228690228690228,0.9636174636174636,nan,nan,nan,nan,,0.0005633644122700769,0.0,1.0,,1924,962,962,0
/mnt/data/INR/outputs/full_suite_new_datasets/lichess_top3_sa16__inr_diffusion_history_conditioned__new_policy__s0,lichess_top3_sa16,inr_diffusion_history_conditioned,new_policy,0,0.4606819763395964,0.6881496881496881,0.4196242171189979,0.6423103688239388,0.07589072734117508,nan,nan,nan,,0.0008371703641691084,0.0,1.0,,4490,1437,1437,0
/mnt/data/INR/outputs/full_suite_new_datasets/lichess_top3_full__cvae__new_policy__s1,lichess_top3_full,cvae,new_policy,1,0.5400139178844816,0.8066528066528067,0.5560194850382741,0.6478775226165623,10.02392292022705,nan,nan,nan,,0.14310695481933436,4.993293007692961,1.0,,4490,1437,1437,0
/mnt/data/INR/outputs/full_suite_new_datasets/lichess_top3_sa16__inr_transformer_fitted_latent__novel_generalization__s0,lichess_top3_sa16,inr_transformer_fitted_latent,novel_generalization,0,0.33402922755741127,0.498960498960499,0.32289491997216424,0.6430062630480167,0.007045513950288296,nan,nan,nan,,0.06929487423417938,5.760096193580187,1.0,,1924,1437,1437,0
/mnt/data/INR/outputs/full_suite_new_datasets/synthetic_grf_10x__inr_transformer_history_conditioned__conflation__s1,synthetic_grf_10x,inr_transformer_history_conditioned,conflation,1,0.6666666666666666,0.6666666666666666,0.5,1.0,nan,0.05072681978344917,0.04857329133743748,0.02675662562251091,0.2252261525299608,,,1.0,1.0443356500396728,56,12,12,3
/mnt/data/INR/outputs/full_suite_new_datasets/lichess_top3_full__cvae__generalization__s0,lichess_top3_full,cvae,generalization,0,0.6226611226611226,0.6226611226611226,0.5239085239085239,0.9667359667359667,nan,nan,nan,nan,,0.0344215655897017,6.051901122448576,1.0,,1924,962,962,0
/mnt/data/INR/outputs/full_suite_new_datasets/lichess_top3_sa16__inr_transformer_history_conditioned__single_shift__s1,lichess_top3_sa16,inr_transformer_history_conditioned,single_shift,1,0.6565217391304348,0.6565217391304348,0.5942028985507246,0.9623188405797102,nan,nan,nan,nan,,0.20918298446995273,4.455499488749859,1.0,,4490,690,690,205
/mnt/data/INR/outputs/full_suite_new_datasets/dmlab_seekavoid_sa16__inr_diffusion_history_conditioned__new_policy__s1,dmlab_seekavoid_sa16,inr_diffusion_history_conditioned,new_policy,1,0.6666666666666666,1.0,,,2.036695718765259,nan,nan,nan,,0.22936507936507936,0.0,1.0,,58,21,21,0
/mnt/data/INR/outputs/full_suite_new_datasets/dmlab_seekavoid_full__cvae__specialization__s0,dmlab_seekavoid_full,cvae,specialization,0,0.9444444444444444,0.9444444444444444,0.9444444444444444,1.0,nan,nan,nan,nan,,0.31,2.635331454806858,1.0,,84,18,18,18
/mnt/data/INR/outputs/full_suite_new_datasets/synthetic_grf_10x__inr_diffusion_history_conditioned__no_shift__s1,synthetic_grf_10x,inr_diffusion_history_conditioned,no_shift,1,0.6666666666666666,0.6666666666666666,0.7222222222222222,1.0,nan,0.04956437647342682,0.050766629349179304,0.03432842716574669,0.2226305829696963,,,1.0,0.976318048072815,78,18,18,0
/mnt/data/INR/outputs/full_suite_new_datasets/dmlab_seekavoid_sa16__inr_transformer_history_conditioned__new_policy__s1,dmlab_seekavoid_sa16,inr_transformer_history_conditioned,new_policy,1,0.6666666666666666,1.0,,,6.182434558868408,nan,nan,nan,,0.5338095238095238,1.5233227199978299,1.0,,58,21,21,0
/mnt/data/INR/outputs/full_suite_new_datasets/synthetic_grf_10x__inr_transformer_fitted_latent__new_policy__s1,synthetic_grf_10x,inr_transformer_fitted_latent,new_policy,1,0.6296296296296297,0.9444444444444444,0.6666666666666666,0.6666666666666666,0.00832332856953144,1.2440550327301025,1.1314143132497594,0.9626398086547852,1.1153721498809726,,,1.0,1.0995574460754394,78,27,27,0
/mnt/data/INR/outputs/full_suite_new_datasets/dmlab_seekavoid_sa16__cvae__new_policy__s1,dmlab_seekavoid_sa16,cvae,new_policy,1,0.6666666666666666,1.0,,,2.7736127376556396,nan,nan,nan,,0.47619047619047616,1.7033180503239707,1.0,,58,21,21,0
/mnt/data/INR/outputs/full_suite_new_datasets/synthetic_grf_10x__inr_transformer_fitted_latent__conflation__s0,synthetic_grf_10x,inr_transformer_fitted_latent,conflation,0,0.9166666666666666,0.9166666666666666,0.9166666666666666,0.9166666666666666,nan,0.6076239347457886,0.602361737852585,0.3844969570636749,0.7795023635280323,,,1.0,1.0087359414825439,56,12,12,3
/mnt/data/INR/outputs/full_suite_new_datasets/synthetic_grf_10x__inr_diffusion_history_conditioned__no_shift__s0,synthetic_grf_10x,inr_diffusion_history_conditioned,no_shift,0,0.7777777777777778,0.7777777777777778,0.6666666666666666,1.0,nan,0.05522438883781433,0.05286908435126994,0.0366634726524353,0.23499869965132644,,,1.0,1.044549749923706,78,18,18,0
/mnt/data/INR/outputs/full_suite_new_datasets/lichess_top3_sa16__inr_transformer_history_conditioned__conflation__s0,lichess_top3_sa16,inr_transformer_history_conditioned,conflation,0,0.908695652173913,0.908695652173913,0.8463768115942029,0.972463768115942,nan,nan,nan,nan,,0.19702316322837496,4.715968816469339,1.0,,3217,690,690,205
/mnt/data/INR/outputs/full_suite_new_datasets/synthetic_grf_10x__cvae__conflation__s1,synthetic_grf_10x,cvae,conflation,1,0.9166666666666666,0.9166666666666666,0.5833333333333334,0.75,nan,0.5493322610855103,0.5260112120702208,0.27876901626586914,0.7411695225017757,,,1.0,1.0443356500396728,56,12,12,3
/mnt/data/INR/outputs/full_suite_new_datasets/lichess_top3_sa16__cvae__novel_generalization__s0,lichess_top3_sa16,cvae,novel_generalization,0,0.39318023660403617,0.5873180873180873,0.3542101600556715,0.6423103688239388,6.656517505645752,nan,nan,nan,,0.04104037444347197,6.0186296883472785,1.0,,1924,1437,1437,0
/mnt/data/INR/outputs/full_suite_new_datasets/dmlab_seekavoid_full__inr_diffusion_history_conditioned__no_shift__s0,dmlab_seekavoid_full,inr_diffusion_history_conditioned,no_shift,0,1.0,1.0,1.0,1.0,nan,nan,nan,nan,,0.2627777777777778,0.0,1.0,,84,18,18,0
/mnt/data/INR/outputs/full_suite_new_datasets/lichess_top3_full__inr_transformer_fitted_latent__generalization__s0,lichess_top3_full,inr_transformer_fitted_latent,generalization,0,0.4968814968814969,0.4968814968814969,0.5072765072765073,0.9656964656964657,nan,nan,nan,nan,,0.0695191684741275,5.7273473040372105,1.0,,1924,962,962,0
/mnt/data/INR/outputs/full_suite_new_datasets/lichess_top3_sa16__inr_transformer_fitted_latent__no_shift__s1,lichess_top3_sa16,inr_transformer_fitted_latent,no_shift,1,0.6715176715176715,0.6715176715176715,0.5831600831600832,0.9532224532224532,nan,nan,nan,nan,,0.23006421317643067,4.300247747899248,1.0,,4490,962,962,0
/mnt/data/INR/outputs/full_suite_new_datasets/dmlab_seekavoid_full__cvae__no_shift__s1,dmlab_seekavoid_full,cvae,no_shift,1,1.0,1.0,1.0,1.0,nan,nan,nan,nan,,0.5762962962962963,1.0908398550528067,1.0,,84,18,18,0
/mnt/data/INR/outputs/full_suite_new_datasets/synthetic_grf_10x__inr_diffusion_history_conditioned__conflation__s1,synthetic_grf_10x,inr_diffusion_history_conditioned,conflation,1,0.6666666666666666,0.6666666666666666,0.5833333333333334,0.8333333333333334,nan,0.2572205662727356,0.2463006661344599,0.05157557874917984,0.5071691692845057,,,1.0,1.0443356500396728,56,12,12,3
/mnt/data/INR/outputs/full_suite_new_datasets/dmlab_seekavoid_sa16__cvae__conflation__s1,dmlab_seekavoid_sa16,cvae,conflation,1,1.0,1.0,1.0,1.0,nan,nan,nan,nan,,0.5803043110735419,1.0625860838192758,1.0,,84,18,18,6
/mnt/data/INR/outputs/full_suite_new_datasets/lichess_top3_sa16__cvae__no_shift__s1,lichess_top3_sa16,cvae,no_shift,1,0.7661122661122661,0.7661122661122661,0.8076923076923077,0.972972972972973,nan,nan,nan,nan,,0.17693983197080704,4.723554711723452,1.0,,4490,962,962,0
/mnt/data/INR/outputs/full_suite_new_datasets/synthetic_grf_10x__inr_transformer_history_conditioned__no_shift__s1,synthetic_grf_10x,inr_transformer_history_conditioned,no_shift,1,0.6111111111111112,0.6111111111111112,0.6111111111111112,0.9444444444444444,nan,0.014363393187522888,0.01471179726306939,0.011154341511428356,0.1198473745541507,,,1.0,0.976318048072815,78,18,18,0
/mnt/data/INR/outputs/full_suite_new_datasets/lichess_top3_sa16__cvae__specialization__s0,lichess_top3_sa16,cvae,specialization,0,0.6319612590799032,0.6319612590799032,0.6949152542372882,0.9418886198547215,nan,nan,nan,nan,,0.06573751451800232,5.740203212334857,1.0,,4490,413,413,413
/mnt/data/INR/outputs/full_suite_new_datasets/lichess_top3_sa16__inr_transformer_history_conditioned__specialization__s0,lichess_top3_sa16,inr_transformer_history_conditioned,specialization,0,0.5714285714285714,0.5714285714285714,0.5399515738498789,0.9564164648910412,nan,nan,nan,nan,,0.09535423925667828,5.323609872922111,1.0,,4490,413,413,413
/mnt/data/INR/outputs/full_suite_new_datasets/lichess_top3_full__inr_transformer_history_conditioned__generalization__s0,lichess_top3_full,inr_transformer_history_conditioned,generalization,0,0.6029106029106029,0.6029106029106029,0.5395010395010394,0.9501039501039501,nan,nan,nan,nan,,0.07151911213768626,5.758289623306165,1.0,,1924,962,962,0
/mnt/data/INR/outputs/full_suite_new_datasets/dmlab_seekavoid_full__cvae__generalization__s1,dmlab_seekavoid_full,cvae,generalization,1,1.0,1.0,1.0,1.0,nan,nan,nan,nan,,0.5220370370370371,1.4416705039695457,1.0,,84,18,18,0
/mnt/data/INR/outputs/full_suite_new_datasets/dmlab_seekavoid_sa16__inr_transformer_fitted_latent__no_shift__s1,dmlab_seekavoid_sa16,inr_transformer_fitted_latent,no_shift,1,1.0,1.0,1.0,1.0,nan,nan,nan,nan,,0.5653703703703704,1.1710647809063948,1.0,,84,18,18,0
/mnt/data/INR/outputs/full_suite_new_datasets/lichess_top3_full__cvae__novel_generalization__s1,lichess_top3_full,cvae,novel_generalization,1,0.43145441892832287,0.6444906444906445,0.37230340988169797,0.6541405706332637,6.87967586517334,nan,nan,nan,,0.04080895630191405,6.085506839668451,1.0,,1924,1437,1437,0
/mnt/data/INR/outputs/full_suite_new_datasets/synthetic_grf_10x__inr_transformer_fitted_latent__generalization__s1,synthetic_grf_10x,inr_transformer_fitted_latent,generalization,1,0.8333333333333334,0.8333333333333334,0.8333333333333334,0.9444444444444444,nan,0.9368631839752197,0.9587721468778053,0.7783211469650269,0.9679169303071518,,,1.0,0.9771489368209839,34,18,18,0
/mnt/data/INR/outputs/full_suite_new_datasets/lichess_top3_sa16__inr_transformer_history_conditioned__single_shift__s0,lichess_top3_sa16,inr_transformer_history_conditioned,single_shift,0,0.6811594202898551,0.6811594202898551,0.5956521739130435,0.9565217391304348,nan,nan,nan,nan,,0.20860477741585234,4.438675004073429,1.0,,4490,690,690,205
/mnt/data/INR/outputs/full_suite_new_datasets/lichess_top3_full__cvae__generalization__s1,lichess_top3_full,cvae,generalization,1,0.6444906444906445,0.6444906444906445,0.5561330561330561,0.9771309771309772,nan,nan,nan,nan,,0.04087578852083392,6.040564013014406,1.0,,1924,962,962,0
/mnt/data/INR/outputs/full_suite_new_datasets/dmlab_seekavoid_sa16__inr_transformer_history_conditioned__novel_generalization__s0,dmlab_seekavoid_sa16,inr_transformer_history_conditioned,novel_generalization,0,0.6666666666666666,1.0,,,3.9312164783477783,nan,nan,nan,,0.4576190476190476,1.6643246605282738,1.0,,26,21,21,0
/mnt/data/INR/outputs/full_suite_new_datasets/lichess_top3_full__inr_diffusion_history_conditioned__generalization__s1,lichess_top3_full,inr_diffusion_history_conditioned,generalization,1,0.5561330561330561,0.5561330561330561,0.5291060291060291,0.9636174636174636,nan,nan,nan,nan,,0.0006223303442618313,0.0,1.0,,1924,962,962,0
/mnt/data/INR/outputs/full_suite_new_datasets/dmlab_seekavoid_full__inr_transformer_fitted_latent__conflation__s0,dmlab_seekavoid_full,inr_transformer_fitted_latent,conflation,0,1.0,1.0,1.0,1.0,nan,nan,nan,nan,,0.46425925925925926,1.6142483350965713,1.0,,84,18,18,9
/mnt/data/INR/outputs/full_suite_new_datasets/lichess_top3_sa16__inr_diffusion_history_conditioned__novel_generalization__s0,lichess_top3_sa16,inr_diffusion_history_conditioned,novel_generalization,0,0.42379958246346555,0.6330561330561331,0.3792623521224774,0.6478775226165623,0.24949048459529877,nan,nan,nan,,0.0008371703641691084,0.0,1.0,,1924,1437,1437,0
/mnt/data/INR/outputs/full_suite_new_datasets/synthetic_grf_10x__inr_transformer_fitted_latent__no_shift__s1,synthetic_grf_10x,inr_transformer_fitted_latent,no_shift,1,0.9444444444444444,0.9444444444444444,1.0,1.0,nan,0.8288466930389404,0.8489515221756139,0.6888328194618225,0.910410178457458,,,1.0,0.976318048072815,78,18,18,0
/mnt/data/INR/outputs/full_suite_new_datasets/lichess_top3_full__inr_transformer_history_conditioned__new_policy__s1,lichess_top3_full,inr_transformer_history_conditioned,new_policy,1,0.42936673625608907,0.6413721413721414,0.38343771746694505,0.640222686151705,5.952648639678955,nan,nan,nan,,0.21138165022523805,4.362987126697007,1.0,,4490,1437,1437,0
/mnt/data/INR/outputs/full_suite_new_datasets/lichess_top3_full__inr_transformer_history_conditioned__conflation__s1,lichess_top3_full,inr_transformer_history_conditioned,conflation,1,0.9115942028985508,0.9115942028985508,0.7927536231884058,0.9753623188405797,nan,nan,nan,nan,,0.20315102408282693,4.6880089120394794,1.0,,3217,690,690,205
/mnt/data/INR/outputs/full_suite_new_datasets/lichess_top3_full__inr_diffusion_history_conditioned__specialization__s1,lichess_top3_full,inr_diffusion_history_conditioned,specialization,1,0.5569007263922519,0.5569007263922519,0.5012106537530266,0.9636803874092009,nan,nan,nan,nan,,0.0006718172657037286,0.0,1.0,,4490,413,413,413
/mnt/data/INR/outputs/full_suite_new_datasets/synthetic_grf_10x__cvae__no_shift__s0,synthetic_grf_10x,cvae,no_shift,0,0.8888888888888888,0.8888888888888888,0.8888888888888888,0.8888888888888888,nan,0.6076675057411194,0.5817506593491631,0.3355821967124939,0.7795303109829145,,,1.0,1.044549749923706,78,18,18,0
/mnt/data/INR/outputs/full_suite_new_datasets/dmlab_seekavoid_full__inr_diffusion_history_conditioned__conflation__s1,dmlab_seekavoid_full,inr_diffusion_history_conditioned,conflation,1,1.0,1.0,1.0,1.0,nan,nan,nan,nan,,0.19,0.0,1.0,,84,18,18,9
/mnt/data/INR/outputs/full_suite_new_datasets/synthetic_grf_10x__cvae__new_policy__s1,synthetic_grf_10x,cvae,new_policy,1,0.5555555555555556,0.8333333333333334,0.5925925925925926,0.5925925925925926,2.425930976867676,1.1659824848175049,1.0604107033963082,0.7604007124900818,1.0798066886334354,,,1.0,1.0995574460754394,78,27,27,0
/mnt/data/INR/outputs/full_suite_new_datasets/dmlab_seekavoid_full__inr_diffusion_history_conditioned__generalization__s1,dmlab_seekavoid_full,inr_diffusion_history_conditioned,generalization,1,1.0,1.0,1.0,1.0,nan,nan,nan,nan,,0.14185185185185184,0.0,1.0,,84,18,18,0
/mnt/data/INR/outputs/full_suite_new_datasets/synthetic_grf_10x__inr_transformer_fitted_latent__specialization__s1,synthetic_grf_10x,inr_transformer_fitted_latent,specialization,1,1.0,1.0,1.0,1.0,nan,0.6907244324684143,0.8258572587444049,0.4398839473724365,0.8310983290010961,,,1.0,0.836372660232544,78,6,6,6
/mnt/data/INR/outputs/full_suite_new_datasets/dmlab_seekavoid_sa16__inr_transformer_history_conditioned__single_shift__s0,dmlab_seekavoid_sa16,inr_transformer_history_conditioned,single_shift,0,1.0,1.0,1.0,1.0,nan,nan,nan,nan,,0.649852879361076,0.9165042526033457,1.0,,118,18,18,6
/mnt/data/INR/outputs/full_suite_new_datasets/lichess_top3_sa16__inr_transformer_history_conditioned__no_shift__s1,lichess_top3_sa16,inr_transformer_history_conditioned,no_shift,1,0.7120582120582121,0.7120582120582121,0.6257796257796258,0.9584199584199584,nan,nan,nan,nan,,0.23034709060564057,4.241077217960361,1.0,,4490,962,962,0
/mnt/data/INR/outputs/full_suite_new_datasets/synthetic_grf_10x__inr_diffusion_history_conditioned__specialization__s1,synthetic_grf_10x,inr_diffusion_history_conditioned,specialization,1,1.0,1.0,1.0,1.0,nan,0.0727815181016922,0.08702044143989131,0.0359155610203743,0.2697804998544042,,,1.0,0.836372660232544,78,6,6,6
/mnt/data/INR/outputs/full_suite_new_datasets/synthetic_grf_10x__inr_transformer_fitted_latent__single_shift__s0,synthetic_grf_10x,inr_transformer_fitted_latent,single_shift,0,1.0,1.0,1.0,1.0,nan,0.7524574995040894,0.7452665372914189,0.5001600384712219,0.8674430814203831,,,1.0,1.0096488462219237,78,12,12,3
/mnt/data/INR/outputs/full_suite_new_datasets/dmlab_seekavoid_sa16__inr_transformer_fitted_latent__conflation__s0,dmlab_seekavoid_sa16,inr_transformer_fitted_latent,conflation,0,1.0,1.0,1.0,1.0,nan,nan,nan,nan,,0.4640740740740741,1.6140742831759982,1.0,,84,18,18,9
/mnt/data/INR/outputs/full_suite_new_datasets/dmlab_seekavoid_full__inr_transformer_fitted_latent__generalization__s0,dmlab_seekavoid_full,inr_transformer_fitted_latent,generalization,0,1.0,1.0,1.0,1.0,nan,nan,nan,nan,,0.5094444444444445,1.4929834097403067,1.0,,84,18,18,0
/mnt/data/INR/outputs/full_suite_new_datasets/dmlab_seekavoid_full__inr_transformer_history_conditioned__generalization__s1,dmlab_seekavoid_full,inr_transformer_history_conditioned,generalization,1,1.0,1.0,1.0,1.0,nan,nan,nan,nan,,0.5218518518518519,1.4144279706036602,1.0,,84,18,18,0
/mnt/data/INR/outputs/full_suite_new_datasets/dmlab_seekavoid_sa16__inr_transformer_fitted_latent__no_shift__s0,dmlab_seekavoid_sa16,inr_transformer_fitted_latent,no_shift,0,1.0,1.0,1.0,1.0,nan,nan,nan,nan,,0.5874074074074074,1.112136168303313,1.0,,84,18,18,0
/mnt/data/INR/outputs/full_suite_new_datasets/lichess_top3_sa16__inr_diffusion_history_conditioned__generalization__s0,lichess_top3_sa16,inr_diffusion_history_conditioned,generalization,0,0.6330561330561331,0.6330561330561331,0.5665280665280665,0.9677754677754677,nan,nan,nan,nan,,0.0008168783977916115,0.0,1.0,,1924,962,962,0
/mnt/data/INR/outputs/full_suite_new_datasets/synthetic_grf_10x__inr_transformer_fitted_latent__conflation__s1,synthetic_grf_10x,inr_transformer_fitted_latent,conflation,1,0.9166666666666666,0.9166666666666666,1.0,1.0,nan,0.6178563237190247,0.5916261919197656,0.36274564266204834,0.7860383729303708,,,1.0,1.0443356500396728,56,12,12,3
/mnt/data/INR/outputs/full_suite_new_datasets/lichess_top3_full__cvae__single_shift__s1,lichess_top3_full,cvae,single_shift,1,0.7768115942028986,0.7768115942028986,0.7927536231884058,0.9594202898550724,nan,nan,nan,nan,,0.1393202790907045,5.088771561633996,1.0,,4490,690,690,205
/mnt/data/INR/outputs/full_suite_new_datasets/dmlab_seekavoid_sa16__inr_diffusion_history_conditioned__single_shift__s1,dmlab_seekavoid_sa16,inr_diffusion_history_conditioned,single_shift,1,0.9444444444444444,0.9444444444444444,0.9444444444444444,1.0,nan,nan,nan,nan,,0.28064243448858833,0.0,1.0,,118,18,18,6
/mnt/data/INR/outputs/full_suite_new_datasets/dmlab_seekavoid_sa16__cvae__single_shift__s1,dmlab_seekavoid_sa16,cvae,single_shift,1,1.0,1.0,1.0,1.0,nan,nan,nan,nan,,0.5972104818258664,1.0209775458728472,1.0,,118,18,18,6
/mnt/data/INR/outputs/full_suite_new_datasets/lichess_top3_full__inr_diffusion_history_conditioned__single_shift__s0,lichess_top3_full,inr_diffusion_history_conditioned,single_shift,0,0.7347826086956522,0.7347826086956522,0.6376811594202898,0.9739130434782609,nan,nan,nan,nan,,0.00040716612377850165,0.0,1.0,,4490,690,690,205
/mnt/data/INR/outputs/full_suite_new_datasets/dmlab_seekavoid_full__cvae__single_shift__s1,dmlab_seekavoid_full,cvae,single_shift,1,0.9444444444444444,0.9444444444444444,1.0,1.0,nan,nan,nan,nan,,0.41314814814814815,1.9562235514322917,1.0,,84,18,18,9
/mnt/data/INR/outputs/full_suite_new_datasets/synthetic_grf_10x__inr_transformer_history_conditioned__single_shift__s1,synthetic_grf_10x,inr_transformer_history_conditioned,single_shift,1,0.75,0.75,0.9166666666666666,1.0,nan,0.018042879179120064,0.017239902029489086,0.011839766055345535,0.13432378486001675,,,1.0,1.046576665473938,78,12,12,3
/mnt/data/INR/outputs/full_suite_new_datasets/lichess_top3_full__inr_transformer_history_conditioned__specialization__s1,lichess_top3_full,inr_transformer_history_conditioned,specialization,1,0.5375302663438256,0.5375302663438256,0.5084745762711864,0.9564164648910412,nan,nan,nan,nan,,0.07916246780875602,5.953226390390563,1.0,,4490,413,413,413
/mnt/data/INR/outputs/full_suite_new_datasets/synthetic_grf_10x__inr_transformer_fitted_latent__new_policy__s0,synthetic_grf_10x,inr_transformer_fitted_latent,new_policy,0,0.6666666666666666,1.0,0.6296296296296297,0.6666666666666666,0.007970272563397884,1.1369210481643677,1.0441143279500853,0.7747793197631836,1.0662649990337147,,,1.0,1.0888855920562743,78,27,27,0
/mnt/data/INR/outputs/full_suite_new_datasets/dmlab_seekavoid_full__cvae__no_shift__s0,dmlab_seekavoid_full,cvae,no_shift,0,1.0,1.0,1.0,1.0,nan,nan,nan,nan,,0.6035185185185186,1.066483470775463,1.0,,84,18,18,0
/mnt/data/INR/outputs/full_suite_new_datasets/lichess_top3_full__inr_diffusion_history_conditioned__no_shift__s0,lichess_top3_full,inr_diffusion_history_conditioned,no_shift,0,0.6538461538461539,0.6538461538461539,0.6309771309771309,0.9708939708939709,nan,nan,nan,nan,,0.0009013830596321231,0.0,1.0,,4490,962,962,0
/mnt/data/INR/outputs/full_suite_new_datasets/synthetic_grf_10x__inr_transformer_history_conditioned__new_policy__s1,synthetic_grf_10x,inr_transformer_history_conditioned,new_policy,1,0.4074074074074074,0.6111111111111112,0.4074074074074074,0.6296296296296297,4.187636375427246,0.023151449859142303,0.021055243581656315,0.012437199242413044,0.15215600500519952,,,1.0,1.0995574460754394,78,27,27,0
/mnt/data/INR/outputs/full_suite_new_datasets/synthetic_grf_10x__inr_transformer_fitted_latent__specialization__s0,synthetic_grf_10x,inr_transformer_fitted_latent,specialization,0,1.0,1.0,1.0,1.0,nan,0.6332477927207947,0.7618464882885669,0.4007501006126404,0.7957686804095739,,,1.0,0.8312013016471863,78,6,6,6
/mnt/data/INR/outputs/full_suite_new_datasets/synthetic_grf_10x__inr_transformer_fitted_latent__novel_generalization__s0,synthetic_grf_10x,inr_transformer_fitted_latent,novel_generalization,0,0.5555555555555556,0.8333333333333334,0.5555555555555556,0.5555555555555556,0.005670191254466772,1.377692461013794,1.1663723934057737,1.0261874198913574,1.1737514477153133,,,1.0,1.18117718560791,34,27,27,0
/mnt/data/INR/outputs/full_suite_new_datasets/dmlab_seekavoid_sa16__inr_transformer_history_conditioned__specialization__s0,dmlab_seekavoid_sa16,inr_transformer_history_conditioned,specialization,0,1.0,1.0,1.0,1.0,nan,nan,nan,nan,,0.5211864406779662,1.2757333011950476,1.0,,118,12,12,12
/mnt/data/INR/outputs/full_suite_new_datasets/dmlab_seekavoid_sa16__cvae__novel_generalization__s0,dmlab_seekavoid_sa16,cvae,novel_generalization,0,0.6666666666666666,1.0,,,2.725132465362549,nan,nan,nan,,0.43222222222222223,1.8252174789186508,1.0,,26,21,21,0
/mnt/data/INR/outputs/full_suite_new_datasets/dmlab_seekavoid_full__inr_transformer_fitted_latent__generalization__s1,dmlab_seekavoid_full,inr_transformer_fitted_latent,generalization,1,1.0,1.0,1.0,1.0,nan,nan,nan,nan,,0.5251851851851852,1.5084786987304688,1.0,,84,18,18,0
/mnt/data/INR/outputs/full_suite_new_datasets/dmlab_seekavoid_sa16__inr_diffusion_history_conditioned__generalization__s0,dmlab_seekavoid_sa16,inr_diffusion_history_conditioned,generalization,0,1.0,1.0,1.0,1.0,nan,nan,nan,nan,,0.195,0.0,1.0,,50,24,24,0
/mnt/data/INR/outputs/full_suite_new_datasets/dmlab_seekavoid_full__inr_diffusion_history_conditioned__conflation__s0,dmlab_seekavoid_full,inr_diffusion_history_conditioned,conflation,0,1.0,1.0,1.0,1.0,nan,nan,nan,nan,,0.19333333333333333,0.0,1.0,,84,18,18,9
/mnt/data/INR/outputs/full_suite_new_datasets/lichess_top3_full__inr_transformer_fitted_latent__single_shift__s1,lichess_top3_full,inr_transformer_fitted_latent,single_shift,1,0.553623188405797,0.553623188405797,0.572463768115942,0.9768115942028985,nan,nan,nan,nan,,0.208597794283142,4.5033498313709766,1.0,,4490,690,690,205
/mnt/data/INR/outputs/full_suite_new_datasets/synthetic_grf_10x__cvae__conflation__s0,synthetic_grf_10x,cvae,conflation,0,0.9166666666666666,0.9166666666666666,0.8333333333333334,1.0,nan,0.4039909839630127,0.4004923066082738,0.2059582769870758,0.6356028508141013,,,1.0,1.0087359414825439,56,12,12,3
/mnt/data/INR/outputs/full_suite_new_datasets/synthetic_grf_10x__inr_diffusion_history_conditioned__new_policy__s1,synthetic_grf_10x,inr_diffusion_history_conditioned,new_policy,1,0.4444444444444444,0.6666666666666666,0.48148148148148145,0.6666666666666666,2.768991708755493,0.06107666343450546,0.05554658708601484,0.03831629827618599,0.24713693255866365,,,1.0,1.0995574460754394,78,27,27,0
/mnt/data/INR/outputs/full_suite_new_datasets/lichess_top3_full__inr_transformer_history_conditioned__novel_generalization__s0,lichess_top3_full,inr_transformer_history_conditioned,novel_generalization,0,0.4036186499652053,0.6029106029106029,0.36116910229645094,0.6360473208072372,3.6805365085601807,nan,nan,nan,,0.06733513451805624,5.7894018943952394,1.0,,1924,1437,1437,0
/mnt/data/INR/outputs/full_suite_new_datasets/dmlab_seekavoid_sa16__inr_transformer_fitted_latent__single_shift__s1,dmlab_seekavoid_sa16,inr_transformer_fitted_latent,single_shift,1,1.0,1.0,1.0,1.0,nan,nan,nan,nan,,0.392037037037037,1.909950934516059,1.0,,84,18,18,9
/mnt/data/INR/outputs/full_suite_new_datasets/synthetic_grf_10x__inr_transformer_history_conditioned__generalization__s1,synthetic_grf_10x,inr_transformer_history_conditioned,generalization,1,0.6111111111111112,0.6111111111111112,0.6666666666666666,0.7777777777777778,nan,0.5938383936882019,0.6077255690623492,0.4482758641242981,0.7706091056354071,,,1.0,0.9771489368209839,34,18,18,0
/mnt/data/INR/outputs/full_suite_new_datasets/synthetic_grf_10x__inr_transformer_history_conditioned__conflation__s0,synthetic_grf_10x,inr_transformer_history_conditioned,conflation,0,1.0,1.0,0.9166666666666666,1.0,nan,0.0556844025850296,0.0552021597477631,0.018486429005861282,0.23597542792636186,,,1.0,1.0087359414825439,56,12,12,3
/mnt/data/INR/outputs/full_suite_new_datasets/lichess_top3_full__cvae__specialization__s1,lichess_top3_full,cvae,specialization,1,0.6513317191283293,0.6513317191283293,0.6634382566585957,0.9249394673123487,nan,nan,nan,nan,,0.05732840667338484,6.049726532976781,1.0,,4490,413,413,413
/mnt/data/INR/outputs/full_suite_new_datasets/dmlab_seekavoid_full__inr_diffusion_history_conditioned__single_shift__s0,dmlab_seekavoid_full,inr_diffusion_history_conditioned,single_shift,0,1.0,1.0,1.0,1.0,nan,nan,nan,nan,,0.21537037037037038,0.0,1.0,,84,18,18,9
/mnt/data/INR/outputs/full_suite_new_datasets/lichess_top3_full__inr_transformer_fitted_latent__novel_generalization__s0,lichess_top3_full,inr_transformer_fitted_latent,novel_generalization,0,0.3326374391092554,0.4968814968814969,0.3395963813500348,0.6464857341684064,0.0069315750151872635,nan,nan,nan,,0.06929487423417938,5.759905579200895,1.0,,1924,1437,1437,0
/mnt/data/INR/outputs/full_suite_new_datasets/lichess_top3_sa16__cvae__specialization__s1,lichess_top3_sa16,cvae,specialization,1,0.6779661016949152,0.6779661016949152,0.6755447941888619,0.9467312348668281,nan,nan,nan,nan,,0.06415854887470608,5.805792652523514,1.0,,4490,413,413,413
/mnt/data/INR/outputs/full_suite_new_datasets/dmlab_seekavoid_sa16__inr_diffusion_history_conditioned__specialization__s0,dmlab_seekavoid_sa16,inr_diffusion_history_conditioned,specialization,0,1.0,1.0,1.0,1.0,nan,nan,nan,nan,,0.21398305084745764,0.0,1.0,,118,12,12,12
/mnt/data/INR/outputs/full_suite_new_datasets/lichess_top3_sa16__inr_transformer_history_conditioned__new_policy__s0,lichess_top3_sa16,inr_transformer_history_conditioned,new_policy,0,0.4572025052192067,0.682952182952183,0.4112734864300626,0.6256089074460682,6.543281555175781,nan,nan,nan,,0.2073138247269683,4.380338310492248,1.0,,4490,1437,1437,0
/mnt/data/INR/outputs/full_suite_new_datasets/synthetic_grf_10x__inr_transformer_fitted_latent__generalization__s0,synthetic_grf_10x,inr_transformer_fitted_latent,generalization,0,0.8333333333333334,0.8333333333333334,0.8333333333333334,0.8333333333333334,nan,0.9834463596343994,0.8642157517928154,0.7870322465896606,0.9916886404685693,,,1.0,1.1379639373550414,34,18,18,0
/mnt/data/INR/outputs/full_suite_new_datasets/lichess_top3_sa16__cvae__novel_generalization__s1,lichess_top3_sa16,cvae,novel_generalization,1,0.42519137091162146,0.6351351351351351,0.38552540013917885,0.6520528879610299,6.489702224731445,nan,nan,nan,,0.04472448727452434,5.982625429931775,1.0,,1924,1437,1437,0
/mnt/data/INR/outputs/full_suite_new_datasets/lichess_top3_full__inr_transformer_fitted_latent__specialization__s1,lichess_top3_full,inr_transformer_fitted_latent,specialization,1,0.48426150121065376,0.48426150121065376,0.48668280871670705,0.9418886198547215,nan,nan,nan,nan,,0.091591087224275,5.427637235406345,1.0,,4490,413,413,413
/mnt/data/INR/outputs/full_suite_new_datasets/lichess_top3_full__inr_transformer_history_conditioned__specialization__s0,lichess_top3_full,inr_transformer_history_conditioned,specialization,0,0.5351089588377724,0.5351089588377724,0.5399515738498789,0.937046004842615,nan,nan,nan,nan,,0.07572590011614402,5.851310958596472,1.0,,4490,413,413,413
/mnt/data/INR/outputs/full_suite_new_datasets/synthetic_grf_10x__cvae__new_policy__s0,synthetic_grf_10x,cvae,new_policy,0,0.5925925925925926,0.8888888888888888,0.5925925925925926,0.5925925925925926,3.9226362705230713,0.9885167479515076,0.9078242518433657,0.6114456653594971,0.9942417955163159,,,1.0,1.0888855920562743,78,27,27,0
/mnt/data/INR/outputs/full_suite_new_datasets/synthetic_grf_10x__inr_transformer_history_conditioned__new_policy__s0,synthetic_grf_10x,inr_transformer_history_conditioned,new_policy,0,0.5925925925925926,0.8888888888888888,0.5185185185185185,0.6296296296296297,3.5382440090179443,0.01892825774848461,0.017383146481661213,0.011866895481944084,0.137580004900729,,,1.0,1.0888855920562743,78,27,27,0
/mnt/data/INR/outputs/full_suite_new_datasets/synthetic_grf_10x__inr_diffusion_history_conditioned__novel_generalization__s0,synthetic_grf_10x,inr_diffusion_history_conditioned,novel_generalization,0,0.5185185185185185,0.7777777777777778,0.5185185185185185,0.6666666666666666,4.515495777130127,0.9451753497123718,0.800197769842569,0.23940147459506989,0.9722012907378655,,,1.0,1.18117718560791,34,27,27,0
/mnt/data/INR/outputs/full_suite_new_datasets/lichess_top3_sa16__inr_diffusion_history_conditioned__no_shift__s0,lichess_top3_sa16,inr_diffusion_history_conditioned,no_shift,0,0.6881496881496881,0.6881496881496881,0.6237006237006237,0.9584199584199584,nan,nan,nan,nan,,0.0009013830596321231,0.0,1.0,,4490,962,962,0
/mnt/data/INR/outputs/full_suite_new_datasets/dmlab_seekavoid_sa16__inr_transformer_fitted_latent__specialization__s1,dmlab_seekavoid_sa16,inr_transformer_fitted_latent,specialization,1,1.0,1.0,1.0,1.0,nan,nan,nan,nan,,0.2790740740740741,2.50348962854456,1.0,,84,18,18,18
/mnt/data/INR/outputs/full_suite_new_datasets/lichess_top3_sa16__inr_transformer_history_conditioned__no_shift__s0,lichess_top3_sa16,inr_transformer_history_conditioned,no_shift,0,0.682952182952183,0.682952182952183,0.6143451143451143,0.9345114345114345,nan,nan,nan,nan,,0.23103574547195854,4.221006473216644,1.0,,4490,962,962,0
/mnt/data/INR/outputs/full_suite_new_datasets/lichess_top3_full__cvae__new_policy__s0,lichess_top3_full,cvae,new_policy,0,0.5504523312456506,0.8222453222453222,0.5490605427974948,0.651356993736952,10.322603225708008,nan,nan,nan,,0.14791278206933292,4.921098453694906,1.0,,4490,1437,1437,0
/mnt/data/INR/outputs/full_suite_new_datasets/dmlab_seekavoid_sa16__inr_diffusion_history_conditioned__single_shift__s0,dmlab_seekavoid_sa16,inr_diffusion_history_conditioned,single_shift,0,1.0,1.0,1.0,1.0,nan,nan,nan,nan,,0.29045817570407734,0.0,1.0,,118,18,18,6
/mnt/data/INR/outputs/full_suite_new_datasets/synthetic_grf_10x__cvae__single_shift__s1,synthetic_grf_10x,cvae,single_shift,1,0.9166666666666666,0.9166666666666666,0.9166666666666666,0.9166666666666666,nan,0.6866148114204407,0.6560578255483176,0.4549671709537506,0.8286222368609478,,,1.0,1.046576665473938,78,12,12,3
/mnt/data/INR/outputs/full_suite_new_datasets/lichess_top3_full__inr_diffusion_history_conditioned__novel_generalization__s1,lichess_top3_full,inr_diffusion_history_conditioned,novel_generalization,1,0.37230340988169797,0.5561330561330561,0.35490605427974947,0.6450939457202505,2.755645275115967,nan,nan,nan,,0.0005892303890821311,0.0,1.0,,1924,1437,1437,0
/mnt/data/INR/outputs/full_suite_new_datasets/lichess_top3_sa16__inr_diffusion_history_conditioned__generalization__s1,lichess_top3_sa16,inr_diffusion_history_conditioned,generalization,1,0.6382536382536382,0.6382536382536382,0.5197505197505198,0.9708939708939709,nan,nan,nan,nan,,0.0008769200305507623,0.0,1.0,,1924,962,962,0
/mnt/data/INR/outputs/full_suite_new_datasets/lichess_top3_sa16__inr_transformer_fitted_latent__single_shift__s1,lichess_top3_sa16,inr_transformer_fitted_latent,single_shift,1,0.5478260869565217,0.5478260869565217,0.5420289855072464,0.9637681159420289,nan,nan,nan,nan,,0.2085077650236327,4.501918693643794,1.0,,4490,690,690,205
/mnt/data/INR/outputs/full_suite_new_datasets/lichess_top3_sa16__inr_diffusion_history_conditioned__novel_generalization__s1,lichess_top3_sa16,inr_diffusion_history_conditioned,novel_generalization,1,0.42727905358385526,0.6382536382536382,0.34794711203897005,0.6499652052887961,0.22934560477733612,nan,nan,nan,,0.0008363270038585087,0.0,1.0,,1924,1437,1437,0
/mnt/data/INR/outputs/full_suite_new_datasets/lichess_top3_full__cvae__no_shift__s1,lichess_top3_full,cvae,no_shift,1,0.8066528066528067,0.8066528066528067,0.8305613305613305,0.9677754677754677,nan,nan,nan,nan,,0.15959944556023875,4.859340658120693,1.0,,4490,962,962,0
/mnt/data/INR/outputs/full_suite_new_datasets/dmlab_seekavoid_sa16__inr_diffusion_history_conditioned__no_shift__s1,dmlab_seekavoid_sa16,inr_diffusion_history_conditioned,no_shift,1,1.0,1.0,1.0,1.0,nan,nan,nan,nan,,0.2723809523809524,0.0,1.0,,118,24,24,0
/mnt/data/INR/outputs/full_suite_new_datasets/dmlab_seekavoid_sa16__inr_diffusion_history_conditioned__conflation__s0,dmlab_seekavoid_sa16,inr_diffusion_history_conditioned,conflation,0,1.0,1.0,1.0,1.0,nan,nan,nan,nan,,0.2854140395124002,0.0,1.0,,84,18,18,6
/mnt/data/INR/outputs/full_suite_new_datasets/lichess_top3_sa16__inr_diffusion_history_conditioned__specialization__s0,lichess_top3_sa16,inr_diffusion_history_conditioned,specialization,0,0.5447941888619855,0.5447941888619855,0.549636803874092,0.9491525423728814,nan,nan,nan,nan,,0.00011614401858304297,0.0,1.0,,4490,413,413,413
/mnt/data/INR/outputs/full_suite_new_datasets/lichess_top3_full__inr_diffusion_history_conditioned__no_shift__s1,lichess_top3_full,inr_diffusion_history_conditioned,no_shift,1,0.6611226611226612,0.6611226611226612,0.5893970893970893,0.9688149688149689,nan,nan,nan,nan,,0.001018358745155724,0.0,1.0,,4490,962,962,0
/mnt/data/INR/outputs/full_suite_new_datasets/dmlab_seekavoid_sa16__inr_transformer_fitted_latent__specialization__s0,dmlab_seekavoid_sa16,inr_transformer_fitted_latent,specialization,0,1.0,1.0,1.0,1.0,nan,nan,nan,nan,,0.2774074074074074,2.494342866120515,1.0,,84,18,18,18
/mnt/data/INR/outputs/full_suite_new_datasets/synthetic_grf_10x__inr_transformer_history_conditioned__novel_generalization__s1,synthetic_grf_10x,inr_transformer_history_conditioned,novel_generalization,1,0.4074074074074074,0.6111111111111112,0.4444444444444444,0.5185185185185185,7.581857681274414,0.8063271641731262,0.7382906721510858,0.6156314611434937,0.8979572173400725,,,1.0,1.0921540723571777,34,27,27,0
/mnt/data/INR/outputs/full_suite_new_datasets/synthetic_grf_10x__inr_diffusion_history_conditioned__generalization__s0,synthetic_grf_10x,inr_diffusion_history_conditioned,generalization,0,0.7777777777777778,0.7777777777777778,0.7777777777777778,1.0,nan,0.9855296611785889,0.8660464790028811,0.21066279709339142,0.992738465648727,,,1.0,1.1379639373550414,34,18,18,0
/mnt/data/INR/outputs/full_suite_new_datasets/lichess_top3_full__inr_diffusion_history_conditioned__new_policy__s1,lichess_top3_full,inr_diffusion_history_conditioned,new_policy,1,0.44258872651356995,0.6611226611226612,0.39318023660403617,0.6492693110647182,4.882266521453857,nan,nan,nan,,0.0009503715952937599,0.0,1.0,,4490,1437,1437,0
/mnt/data/INR/outputs/full_suite_new_datasets/lichess_top3_full__inr_transformer_fitted_latent__no_shift__s1,lichess_top3_full,inr_transformer_fitted_latent,no_shift,1,0.6912681912681913,0.6912681912681913,0.603950103950104,0.9688149688149689,nan,nan,nan,nan,,0.23014907640519364,4.301390985185289,1.0,,4490,962,962,0
/mnt/data/INR/outputs/full_suite_new_datasets/lichess_top3_full__inr_transformer_fitted_latent__conflation__s0,lichess_top3_full,inr_transformer_fitted_latent,conflation,0,0.7086956521739131,0.7086956521739131,0.7347826086956522,0.881159420289855,nan,nan,nan,nan,,0.1922276511038726,4.748737322779355,1.0,,3217,690,690,205
/mnt/data/INR/outputs/full_suite_new_datasets/synthetic_grf_10x__cvae__novel_generalization__s0,synthetic_grf_10x,cvae,novel_generalization,0,0.6296296296296297,0.9444444444444444,0.5925925925925926,0.6666666666666666,4.420223712921143,1.2557473182678223,1.0631320462065423,0.9514297842979431,1.1206013199473854,,,1.0,1.18117718560791,34,27,27,0
/mnt/data/INR/outputs/full_suite_new_datasets/lichess_top3_sa16__inr_transformer_history_conditioned__conflation__s1,lichess_top3_sa16,inr_transformer_history_conditioned,conflation,1,0.9173913043478261,0.9173913043478261,0.8202898550724638,0.9768115942028985,nan,nan,nan,nan,,0.20414134593742966,4.718337483119514,1.0,,3217,690,690,205
/mnt/data/INR/outputs/full_suite_new_datasets/dmlab_seekavoid_sa16__inr_diffusion_history_conditioned__new_policy__s0,dmlab_seekavoid_sa16,inr_diffusion_history_conditioned,new_policy,0,0.6666666666666666,1.0,,,1.3858935832977295,nan,nan,nan,,0.2365079365079365,0.0,1.0,,58,21,21,0
/mnt/data/INR/outputs/full_suite_new_datasets/dmlab_seekavoid_sa16__inr_transformer_fitted_latent__generalization__s0,dmlab_seekavoid_sa16,inr_transformer_fitted_latent,generalization,0,1.0,1.0,1.0,1.0,nan,nan,nan,nan,,0.5094444444444445,1.4931382016782409,1.0,,84,18,18,0
/mnt/data/INR/outputs/full_suite_new_datasets/dmlab_seekavoid_sa16__inr_transformer_history_conditioned__conflation__s0,dmlab_seekavoid_sa16,inr_transformer_history_conditioned,conflation,0,1.0,1.0,1.0,1.0,nan,nan,nan,nan,,0.6569987389659521,0.9255218890696426,1.0,,84,18,18,6
/mnt/data/INR/outputs/full_suite_new_datasets/dmlab_seekavoid_sa16__cvae__specialization__s1,dmlab_seekavoid_sa16,cvae,specialization,1,1.0,1.0,1.0,1.0,nan,nan,nan,nan,,0.56,1.2360169813368056,1.0,,118,12,12,12
/mnt/data/INR/outputs/full_suite_new_datasets/lichess_top3_sa16__inr_transformer_fitted_latent__novel_generalization__s1,lichess_top3_sa16,inr_transformer_fitted_latent,novel_generalization,1,0.3430758524704245,0.5124740124740125,0.34029227557411273,0.6520528879610299,0.006971114315092564,nan,nan,nan,,0.07340670202049002,5.740213799083723,1.0,,1924,1437,1437,0
/mnt/data/INR/outputs/full_suite_new_datasets/lichess_top3_full__inr_diffusion_history_conditioned__new_policy__s0,lichess_top3_full,inr_diffusion_history_conditioned,new_policy,0,0.43771746694502434,0.6538461538461539,0.42240779401530965,0.6499652052887961,4.493109703063965,nan,nan,nan,,0.0008752235625404315,0.0,1.0,,4490,1437,1437,0
/mnt/data/INR/outputs/full_suite_new_datasets/lichess_top3_sa16__inr_transformer_fitted_latent__generalization__s0,lichess_top3_sa16,inr_transformer_fitted_latent,generalization,0,0.498960498960499,0.498960498960499,0.4792099792099792,0.9604989604989606,nan,nan,nan,nan,,0.0695191684741275,5.727471348050715,1.0,,1924,962,962,0
/mnt/data/INR/outputs/full_suite_new_datasets/lichess_top3_sa16__inr_transformer_history_conditioned__new_policy__s1,lichess_top3_sa16,inr_transformer_history_conditioned,new_policy,1,0.476687543493389,0.7120582120582121,0.41892832289492,0.6416144745998609,6.447261333465576,nan,nan,nan,,0.20621162874684001,4.389541664550605,1.0,,4490,1437,1437,0
/mnt/data/INR/outputs/full_suite_new_datasets/dmlab_seekavoid_full__inr_transformer_history_conditioned__single_shift__s0,dmlab_seekavoid_full,inr_transformer_history_conditioned,single_shift,0,1.0,1.0,1.0,1.0,nan,nan,nan,nan,,0.4688888888888889,1.9167833201090494,1.0,,84,18,18,9
/mnt/data/INR/outputs/full_suite_new_datasets/synthetic_grf_10x__cvae__no_shift__s1,synthetic_grf_10x,cvae,no_shift,1,0.8333333333333334,0.8333333333333334,0.8888888888888888,0.8888888888888888,nan,0.6866832971572876,0.7033397554339526,0.47323185205459595,0.8286635608962708,,,1.0,0.976318048072815,78,18,18,0
/mnt/data/INR/outputs/full_suite_new_datasets/dmlab_seekavoid_sa16__inr_transformer_history_conditioned__no_shift__s1,dmlab_seekavoid_sa16,inr_transformer_history_conditioned,no_shift,1,1.0,1.0,1.0,1.0,nan,nan,nan,nan,,0.6621428571428571,0.9107996695382254,1.0,,118,24,24,0
/mnt/data/INR/outputs/full_suite_new_datasets/dmlab_seekavoid_full__cvae__generalization__s0,dmlab_seekavoid_full,cvae,generalization,0,1.0,1.0,1.0,1.0,nan,nan,nan,nan,,0.5283333333333333,1.396846398247613,1.0,,84,18,18,0
/mnt/data/INR/outputs/full_suite_new_datasets/lichess_top3_full__inr_transformer_history_conditioned__generalization__s1,lichess_top3_full,inr_transformer_history_conditioned,generalization,1,0.6351351351351351,0.6351351351351351,0.5634095634095634,0.974012474012474,nan,nan,nan,nan,,0.07793273174733388,5.73703198288459,1.0,,1924,962,962,0
/mnt/data/INR/outputs/full_suite_new_datasets/lichess_top3_sa16__cvae__generalization__s1,lichess_top3_sa16,cvae,generalization,1,0.6351351351351351,0.6351351351351351,0.5758835758835759,0.974012474012474,nan,nan,nan,nan,,0.04421374218551102,5.970210044381507,1.0,,1924,962,962,0
/mnt/data/INR/outputs/full_suite_new_datasets/dmlab_seekavoid_sa16__inr_transformer_history_conditioned__single_shift__s1,dmlab_seekavoid_sa16,inr_transformer_history_conditioned,single_shift,1,1.0,1.0,1.0,1.0,nan,nan,nan,nan,,0.6614539306846999,0.8899097200782241,1.0,,118,18,18,6
/mnt/data/INR/outputs/full_suite_new_datasets/synthetic_grf_10x__cvae__single_shift__s0,synthetic_grf_10x,cvae,single_shift,0,0.9166666666666666,0.9166666666666666,1.0,1.0,nan,0.5520554780960083,0.5467796849981889,0.3137035071849823,0.74300435940579,,,1.0,1.0096488462219237,78,12,12,3
/mnt/data/INR/outputs/full_suite_new_datasets/lichess_top3_full__inr_transformer_fitted_latent__conflation__s1,lichess_top3_full,inr_transformer_fitted_latent,conflation,1,0.7028985507246377,0.7028985507246377,0.7463768115942029,0.8855072463768116,nan,nan,nan,nan,,0.2022507314877335,4.74871406357701,1.0,,3217,690,690,205
/mnt/data/INR/outputs/full_suite_new_datasets/dmlab_seekavoid_full__inr_transformer_history_conditioned__single_shift__s1,dmlab_seekavoid_full,inr_transformer_history_conditioned,single_shift,1,1.0,1.0,1.0,1.0,nan,nan,nan,nan,,0.45444444444444443,1.943613614682798,1.0,,84,18,18,9
/mnt/data/INR/outputs/full_suite_new_datasets/lichess_top3_sa16__inr_diffusion_history_conditioned__single_shift__s0,lichess_top3_sa16,inr_diffusion_history_conditioned,single_shift,0,0.6884057971014492,0.6884057971014492,0.5884057971014492,0.9666666666666667,nan,nan,nan,nan,,0.00040716612377850165,0.0,1.0,,4490,690,690,205
/mnt/data/INR/outputs/full_suite_new_datasets/dmlab_seekavoid_full__inr_transformer_fitted_latent__single_shift__s0,dmlab_seekavoid_full,inr_transformer_fitted_latent,single_shift,0,1.0,1.0,1.0,1.0,nan,nan,nan,nan,,0.41388888888888886,1.8427711656358507,1.0,,84,18,18,9
/mnt/data/INR/outputs/full_suite_new_datasets/lichess_top3_sa16__cvae__no_shift__s0,lichess_top3_sa16,cvae,no_shift,0,0.8118503118503119,0.8118503118503119,0.8191268191268192,0.9719334719334719,nan,nan,nan,nan,,0.1714317906537844,4.7179349371320525,1.0,,4490,962,962,0
/mnt/data/INR/outputs/full_suite_new_datasets/dmlab_seekavoid_sa16__inr_transformer_fitted_latent__conflation__s1,dmlab_seekavoid_sa16,inr_transformer_fitted_latent,conflation,1,1.0,1.0,1.0,1.0,nan,nan,nan,nan,,0.45425925925925925,1.6553299458821615,1.0,,84,18,18,9
/mnt/data/INR/outputs/full_suite_new_datasets/dmlab_seekavoid_sa16__inr_diffusion_history_conditioned__generalization__s1,dmlab_seekavoid_sa16,inr_diffusion_history_conditioned,generalization,1,1.0,1.0,1.0,1.0,nan,nan,nan,nan,,0.1930952380952381,0.0,1.0,,50,24,24,0
/mnt/data/INR/outputs/full_suite_new_datasets/all_policy_metrics/lichess_top3_full__inr_transformer_fitted_latent__specialization__s0,lichess_top3_full_all_policies,inr_transformer_fitted_latent,specialization,0,0.3695299837925446,0.3695299837925446,0.3727714748784441,0.8573743922204214,nan,,,,,,,,,6710,617,617,617
/mnt/data/INR/outputs/full_suite_new_datasets/all_policy_metrics/dmlab_seekavoid_full__inr_transformer_fitted_latent__single_shift__s1,dmlab_seekavoid_full_all_policies,inr_transformer_fitted_latent,single_shift,1,1.0,1.0,1.0,1.0,nan,,,,,,,,,84,18,18,9
/mnt/data/INR/outputs/full_suite_new_datasets/all_policy_metrics/dmlab_seekavoid_sa16__inr_diffusion_history_conditioned__specialization__s1,dmlab_seekavoid_sa16_all_policies,inr_diffusion_history_conditioned,specialization,1,0.9166666666666666,0.9166666666666666,0.9166666666666666,1.0,nan,,,,,,,,,118,12,12,12
/mnt/data/INR/outputs/full_suite_new_datasets/all_policy_metrics/synthetic_grf_10x__inr_diffusion_history_conditioned__conflation__s0,synthetic_grf_10x_all_policies,inr_diffusion_history_conditioned,conflation,0,0.8666666666666667,0.8666666666666667,0.6,1.0,nan,,,,,,,,,73,15,15,6
/mnt/data/INR/outputs/full_suite_new_datasets/all_policy_metrics/lichess_top3_sa16__inr_transformer_fitted_latent__generalization__s1,lichess_top3_sa16_all_policies,inr_transformer_fitted_latent,generalization,1,0.33054975643702156,0.33054975643702156,0.3430758524704245,0.7731384829505915,nan,,,,,,,,,2875,1437,1437,0
/mnt/data/INR/outputs/full_suite_new_datasets/all_policy_metrics/dmlab_seekavoid_sa16__inr_transformer_history_conditioned__novel_generalization__s1,dmlab_seekavoid_sa16_all_policies,inr_transformer_history_conditioned,novel_generalization,1,1.0,1.0,1.0,1.0,nan,,,,,,,,,50,24,24,0
/mnt/data/INR/outputs/full_suite_new_datasets/all_policy_metrics/lichess_top3_full__cvae__novel_generalization__s0,lichess_top3_full_all_policies,cvae,novel_generalization,0,0.41684064022268613,0.6226611226611226,0.35073068893528186,0.6471816283924844,6.557599067687988,,,,,,,,,1924,1437,1437,0
/mnt/data/INR/outputs/full_suite_new_datasets/all_policy_metrics/dmlab_seekavoid_full__inr_transformer_fitted_latent__no_shift__s1,dmlab_seekavoid_full_all_policies,inr_transformer_fitted_latent,no_shift,1,1.0,1.0,1.0,1.0,nan,,,,,,,,,84,18,18,0
/mnt/data/INR/outputs/full_suite_new_datasets/all_policy_metrics/dmlab_seekavoid_sa16__inr_transformer_history_conditioned__no_shift__s0,dmlab_seekavoid_sa16_all_policies,inr_transformer_history_conditioned,no_shift,0,1.0,1.0,1.0,1.0,nan,,,,,,,,,118,24,24,0
/mnt/data/INR/outputs/full_suite_new_datasets/all_policy_metrics/synthetic_grf_10x__inr_diffusion_history_conditioned__single_shift__s0,synthetic_grf_10x_all_policies,inr_diffusion_history_conditioned,single_shift,0,0.8,0.8,0.7333333333333333,1.0,nan,,,,,,,,,117,15,15,6
/mnt/data/INR/outputs/full_suite_new_datasets/all_policy_metrics/dmlab_seekavoid_full__inr_diffusion_history_conditioned__specialization__s1,dmlab_seekavoid_full_all_policies,inr_diffusion_history_conditioned,specialization,1,0.8333333333333334,0.8333333333333334,0.9444444444444444,0.9444444444444444,nan,,,,,,,,,84,18,18,18
/mnt/data/INR/outputs/full_suite_new_datasets/all_policy_metrics/synthetic_grf_10x__inr_transformer_history_conditioned__generalization__s0,synthetic_grf_10x_all_policies,inr_transformer_history_conditioned,generalization,0,0.7037037037037037,0.7037037037037037,0.7037037037037037,0.9629629629629629,nan,,,,,,,,,51,27,27,0
/mnt/data/INR/outputs/full_suite_new_datasets/all_policy_metrics/dmlab_seekavoid_full__inr_diffusion_history_conditioned__single_shift__s1,dmlab_seekavoid_full_all_policies,inr_diffusion_history_conditioned,single_shift,1,1.0,1.0,1.0,1.0,nan,,,,,,,,,84,18,18,9
/mnt/data/INR/outputs/full_suite_new_datasets/all_policy_metrics/lichess_top3_full__cvae__no_shift__s0,lichess_top3_full_all_policies,cvae,no_shift,0,0.6381350034794712,0.6381350034794712,0.6778009742519137,0.9478079331941545,nan,,,,,,,,,6710,1437,1437,0
/mnt/data/INR/outputs/full_suite_new_datasets/all_policy_metrics/dmlab_seekavoid_full__cvae__single_shift__s0,dmlab_seekavoid_full_all_policies,cvae,single_shift,0,0.9444444444444444,0.9444444444444444,0.9444444444444444,1.0,nan,,,,,,,,,84,18,18,9
/mnt/data/INR/outputs/full_suite_new_datasets/all_policy_metrics/lichess_top3_full__inr_transformer_history_conditioned__single_shift__s0,lichess_top3_full_all_policies,inr_transformer_history_conditioned,single_shift,0,0.4563758389261745,0.4563758389261745,0.354586129753915,0.8691275167785235,nan,,,,,,,,,6710,894,894,409
/mnt/data/INR/outputs/full_suite_new_datasets/all_policy_metrics/lichess_top3_sa16__cvae__generalization__s0,lichess_top3_sa16_all_policies,cvae,generalization,0,0.41057759220598466,0.41057759220598466,0.36464857341684065,0.8636047320807237,nan,,,,,,,,,2875,1437,1437,0
/mnt/data/INR/outputs/full_suite_new_datasets/all_policy_metrics/synthetic_grf_10x__inr_diffusion_history_conditioned__specialization__s0,synthetic_grf_10x_all_policies,inr_diffusion_history_conditioned,specialization,0,0.7777777777777778,0.7777777777777778,0.8888888888888888,1.0,nan,,,,,,,,,117,9,9,9
/mnt/data/INR/outputs/full_suite_new_datasets/all_policy_metrics/synthetic_grf_10x__inr_transformer_fitted_latent__single_shift__s1,synthetic_grf_10x_all_policies,inr_transformer_fitted_latent,single_shift,1,0.8,0.8,0.8,0.9333333333333333,nan,,,,,,,,,117,15,15,6
/mnt/data/INR/outputs/full_suite_new_datasets/all_policy_metrics/dmlab_seekavoid_full__inr_transformer_history_conditioned__specialization__s0,dmlab_seekavoid_full_all_policies,inr_transformer_history_conditioned,specialization,0,1.0,1.0,1.0,1.0,nan,,,,,,,,,84,18,18,18
/mnt/data/INR/outputs/full_suite_new_datasets/all_policy_metrics/lichess_top3_full__inr_transformer_fitted_latent__generalization__s1,lichess_top3_full_all_policies,inr_transformer_fitted_latent,generalization,1,0.33054975643702156,0.33054975643702156,0.34933890048712596,0.7724425887265136,nan,,,,,,,,,2875,1437,1437,0
/mnt/data/INR/outputs/full_suite_new_datasets/all_policy_metrics/dmlab_seekavoid_sa16__inr_diffusion_history_conditioned__no_shift__s0,dmlab_seekavoid_sa16_all_policies,inr_diffusion_history_conditioned,no_shift,0,1.0,1.0,1.0,1.0,nan,,,,,,,,,118,24,24,0
/mnt/data/INR/outputs/full_suite_new_datasets/all_policy_metrics/dmlab_seekavoid_sa16__cvae__no_shift__s1,dmlab_seekavoid_sa16_all_policies,cvae,no_shift,1,1.0,1.0,1.0,1.0,nan,,,,,,,,,118,24,24,0
/mnt/data/INR/outputs/full_suite_new_datasets/all_policy_metrics/dmlab_seekavoid_full__inr_diffusion_history_conditioned__specialization__s0,dmlab_seekavoid_full_all_policies,inr_diffusion_history_conditioned,specialization,0,0.9444444444444444,0.9444444444444444,1.0,1.0,nan,,,,,,,,,84,18,18,18
/mnt/data/INR/outputs/full_suite_new_datasets/all_policy_metrics/lichess_top3_full__cvae__conflation__s1,lichess_top3_full_all_policies,cvae,conflation,1,0.7404921700223713,0.7404921700223713,0.6040268456375839,0.9161073825503355,nan,,,,,,,,,4168,894,894,409
/mnt/data/INR/outputs/full_suite_new_datasets/all_policy_metrics/synthetic_grf_10x__inr_transformer_fitted_latent__no_shift__s0,synthetic_grf_10x_all_policies,inr_transformer_fitted_latent,no_shift,0,0.8888888888888888,0.8888888888888888,0.7407407407407407,0.9629629629629629,nan,,,,,,,,,117,27,27,0
/mnt/data/INR/outputs/full_suite_new_datasets/all_policy_metrics/lichess_top3_sa16__cvae__single_shift__s0,lichess_top3_sa16_all_policies,cvae,single_shift,0,0.5559284116331096,0.5559284116331096,0.5917225950782998,0.9060402684563759,nan,,,,,,,,,6710,894,894,409
/mnt/data/INR/outputs/full_suite_new_datasets/all_policy_metrics/lichess_top3_full__inr_diffusion_history_conditioned__specialization__s0,lichess_top3_full_all_policies,inr_diffusion_history_conditioned,specialization,0,0.37925445705024313,0.37925445705024313,0.35170178282009723,0.826580226904376,nan,,,,,,,,,6710,617,617,617
/mnt/data/INR/outputs/full_suite_new_datasets/all_policy_metrics/lichess_top3_sa16__inr_transformer_fitted_latent__conflation__s0,lichess_top3_sa16_all_policies,inr_transformer_fitted_latent,conflation,0,0.32997762863534674,0.32997762863534674,0.598434004474273,0.7785234899328859,nan,,,,,,,,,4168,894,894,409
/mnt/data/INR/outputs/full_suite_new_datasets/all_policy_metrics/lichess_top3_sa16__cvae__single_shift__s1,lichess_top3_sa16_all_policies,cvae,single_shift,1,0.5615212527964206,0.5615212527964206,0.5749440715883669,0.912751677852349,nan,,,,,,,,,6710,894,894,409
/mnt/data/INR/outputs/full_suite_new_datasets/all_policy_metrics/dmlab_seekavoid_sa16__cvae__novel_generalization__s1,dmlab_seekavoid_sa16_all_policies,cvae,novel_generalization,1,1.0,1.0,1.0,1.0,nan,,,,,,,,,50,24,24,0
/mnt/data/INR/outputs/full_suite_new_datasets/all_policy_metrics/dmlab_seekavoid_full__cvae__conflation__s0,dmlab_seekavoid_full_all_policies,cvae,conflation,0,1.0,1.0,1.0,1.0,nan,,,,,,,,,84,18,18,9
/mnt/data/INR/outputs/full_suite_new_datasets/all_policy_metrics/dmlab_seekavoid_sa16__inr_transformer_fitted_latent__single_shift__s0,dmlab_seekavoid_sa16_all_policies,inr_transformer_fitted_latent,single_shift,0,1.0,1.0,1.0,1.0,nan,,,,,,,,,84,18,18,9
/mnt/data/INR/outputs/full_suite_new_datasets/all_policy_metrics/synthetic_grf_10x__inr_transformer_history_conditioned__single_shift__s0,synthetic_grf_10x_all_policies,inr_transformer_history_conditioned,single_shift,0,0.6666666666666666,0.6666666666666666,0.5333333333333333,1.0,nan,,,,,,,,,117,15,15,6
/mnt/data/INR/outputs/full_suite_new_datasets/all_policy_metrics/synthetic_grf_10x__inr_transformer_history_conditioned__specialization__s0,synthetic_grf_10x_all_policies,inr_transformer_history_conditioned,specialization,0,0.6666666666666666,0.6666666666666666,0.8888888888888888,1.0,nan,,,,,,,,,117,9,9,9
/mnt/data/INR/outputs/full_suite_new_datasets/all_policy_metrics/dmlab_seekavoid_full__inr_transformer_history_conditioned__no_shift__s0,dmlab_seekavoid_full_all_policies,inr_transformer_history_conditioned,no_shift,0,1.0,1.0,1.0,1.0,nan,,,,,,,,,84,18,18,0
/mnt/data/INR/outputs/full_suite_new_datasets/all_policy_metrics/lichess_top3_sa16__inr_transformer_history_conditioned__novel_generalization__s0,lichess_top3_sa16_all_policies,inr_transformer_history_conditioned,novel_generalization,0,0.39526791927627003,0.5904365904365905,0.35490605427974947,0.6478775226165623,4.3756794929504395,,,,,,,,,1924,1437,1437,0
/mnt/data/INR/outputs/full_suite_new_datasets/all_policy_metrics/lichess_top3_full__inr_transformer_fitted_latent__no_shift__s0,lichess_top3_full_all_policies,inr_transformer_fitted_latent,no_shift,0,0.40640222686151706,0.40640222686151706,0.4342379958246347,0.8649965205288797,nan,,,,,,,,,6710,1437,1437,0
/mnt/data/INR/outputs/full_suite_new_datasets/all_policy_metrics/lichess_top3_sa16__cvae__conflation__s1,lichess_top3_sa16_all_policies,cvae,conflation,1,0.7225950782997763,0.7225950782997763,0.5715883668903803,0.9038031319910514,nan,,,,,,,,,4168,894,894,409
/mnt/data/INR/outputs/full_suite_new_datasets/all_policy_metrics/synthetic_grf_10x__inr_diffusion_history_conditioned__novel_generalization__s1,synthetic_grf_10x_all_policies,inr_diffusion_history_conditioned,novel_generalization,1,0.4444444444444444,0.6666666666666666,0.4074074074074074,0.6666666666666666,4.80492639541626,,,,,,,,,34,27,27,0
/mnt/data/INR/outputs/full_suite_new_datasets/all_policy_metrics/lichess_top3_full__inr_transformer_history_conditioned__no_shift__s0,lichess_top3_full_all_policies,inr_transformer_history_conditioned,no_shift,0,0.46903270702853167,0.46903270702853167,0.37647877522616563,0.8740431454418929,nan,,,,,,,,,6710,1437,1437,0
/mnt/data/INR/outputs/full_suite_new_datasets/all_policy_metrics/lichess_top3_full__inr_transformer_fitted_latent__new_policy__s1,lichess_top3_full_all_policies,inr_transformer_fitted_latent,new_policy,1,0.4627696590118302,0.6912681912681913,0.40501043841336115,0.6485734168406402,0.008521107956767082,,,,,,,,,4490,1437,1437,0
/mnt/data/INR/outputs/full_suite_new_datasets/all_policy_metrics/dmlab_seekavoid_full__inr_transformer_history_conditioned__specialization__s1,dmlab_seekavoid_full_all_policies,inr_transformer_history_conditioned,specialization,1,1.0,1.0,1.0,1.0,nan,,,,,,,,,84,18,18,18
/mnt/data/INR/outputs/full_suite_new_datasets/all_policy_metrics/lichess_top3_full__cvae__single_shift__s0,lichess_top3_full_all_policies,cvae,single_shift,0,0.6040268456375839,0.6040268456375839,0.5827740492170023,0.9149888143176734,nan,,,,,,,,,6710,894,894,409
/mnt/data/INR/outputs/full_suite_new_datasets/all_policy_metrics/dmlab_seekavoid_sa16__inr_transformer_history_conditioned__new_policy__s0,dmlab_seekavoid_sa16_all_policies,inr_transformer_history_conditioned,new_policy,0,1.0,1.0,1.0,1.0,nan,,,,,,,,,118,24,24,0
/mnt/data/INR/outputs/full_suite_new_datasets/all_policy_metrics/lichess_top3_full__inr_diffusion_history_conditioned__conflation__s0,lichess_top3_full_all_policies,inr_diffusion_history_conditioned,conflation,0,0.6912751677852349,0.6912751677852349,0.6465324384787472,0.8758389261744967,nan,,,,,,,,,4168,894,894,409
/mnt/data/INR/outputs/full_suite_new_datasets/all_policy_metrics/synthetic_grf_10x__cvae__generalization__s0,synthetic_grf_10x_all_policies,cvae,generalization,0,0.7037037037037037,0.7037037037037037,0.7037037037037037,0.9629629629629629,nan,,,,,,,,,51,27,27,0
/mnt/data/INR/outputs/full_suite_new_datasets/all_policy_metrics/lichess_top3_full__inr_transformer_history_conditioned__new_policy__s0,lichess_top3_full_all_policies,inr_transformer_history_conditioned,new_policy,0,0.43075852470424497,0.6434511434511434,0.3569937369519833,0.6388308977035491,5.042782783508301,,,,,,,,,4490,1437,1437,0
/mnt/data/INR/outputs/full_suite_new_datasets/all_policy_metrics/synthetic_grf_10x__inr_diffusion_history_conditioned__generalization__s1,synthetic_grf_10x_all_policies,inr_diffusion_history_conditioned,generalization,1,0.6666666666666666,0.6666666666666666,0.4444444444444444,0.9259259259259259,nan,,,,,,,,,51,27,27,0
/mnt/data/INR/outputs/full_suite_new_datasets/all_policy_metrics/lichess_top3_full__inr_transformer_history_conditioned__no_shift__s1,lichess_top3_full_all_policies,inr_transformer_history_conditioned,no_shift,1,0.4572025052192067,0.4572025052192067,0.3938761308281141,0.871955462769659,nan,,,,,,,,,6710,1437,1437,0
/mnt/data/INR/outputs/full_suite_new_datasets/all_policy_metrics/lichess_top3_sa16__inr_transformer_fitted_latent__no_shift__s0,lichess_top3_sa16_all_policies,inr_transformer_fitted_latent,no_shift,0,0.4091858037578288,0.4091858037578288,0.41892832289492,0.83785664578984,nan,,,,,,,,,6710,1437,1437,0
/mnt/data/INR/outputs/full_suite_new_datasets/all_policy_metrics/synthetic_grf_10x__cvae__generalization__s1,synthetic_grf_10x_all_policies,cvae,generalization,1,0.4444444444444444,0.4444444444444444,0.7037037037037037,0.8518518518518519,nan,,,,,,,,,51,27,27,0
/mnt/data/INR/outputs/full_suite_new_datasets/all_policy_metrics/lichess_top3_full__inr_diffusion_history_conditioned__novel_generalization__s0,lichess_top3_full_all_policies,inr_diffusion_history_conditioned,novel_generalization,0,0.3521224773834377,0.525987525987526,0.3500347947112039,0.6450939457202505,3.166686773300171,,,,,,,,,1924,1437,1437,0
/mnt/data/INR/outputs/full_suite_new_datasets/all_policy_metrics/lichess_top3_sa16__inr_transformer_fitted_latent__specialization__s1,lichess_top3_sa16_all_policies,inr_transformer_fitted_latent,specialization,1,0.34683954619124796,0.34683954619124796,0.3273905996758509,0.7990275526742301,nan,,,,,,,,,6710,617,617,617
/mnt/data/INR/outputs/full_suite_new_datasets/all_policy_metrics/dmlab_seekavoid_sa16__cvae__single_shift__s0,dmlab_seekavoid_sa16_all_policies,cvae,single_shift,0,1.0,1.0,1.0,1.0,nan,,,,,,,,,118,18,18,6
/mnt/data/INR/outputs/full_suite_new_datasets/all_policy_metrics/lichess_top3_sa16__cvae__new_policy__s0,lichess_top3_sa16_all_policies,cvae,new_policy,0,0.5434933890048712,0.8118503118503119,0.5483646485734168,0.6506610995128741,9.514360427856445,,,,,,,,,4490,1437,1437,0
/mnt/data/INR/outputs/full_suite_new_datasets/all_policy_metrics/synthetic_grf_10x__cvae__specialization__s0,synthetic_grf_10x_all_policies,cvae,specialization,0,0.4444444444444444,0.4444444444444444,0.6666666666666666,1.0,nan,,,,,,,,,117,9,9,9
/mnt/data/INR/outputs/full_suite_new_datasets/all_policy_metrics/lichess_top3_sa16__inr_diffusion_history_conditioned__no_shift__s1,lichess_top3_sa16_all_policies,inr_diffusion_history_conditioned,no_shift,1,0.523312456506611,0.523312456506611,0.4975643702157272,0.9032707028531664,nan,,,,,,,,,6710,1437,1437,0
/mnt/data/INR/outputs/full_suite_new_datasets/all_policy_metrics/synthetic_grf_10x__inr_diffusion_history_conditioned__single_shift__s1,synthetic_grf_10x_all_policies,inr_diffusion_history_conditioned,single_shift,1,0.7333333333333333,0.7333333333333333,0.6,1.0,nan,,,,,,,,,117,15,15,6
/mnt/data/INR/outputs/full_suite_new_datasets/all_policy_metrics/dmlab_seekavoid_sa16__inr_diffusion_history_conditioned__conflation__s1,dmlab_seekavoid_sa16_all_policies,inr_diffusion_history_conditioned,conflation,1,1.0,1.0,1.0,1.0,nan,,,,,,,,,84,18,18,6
/mnt/data/INR/outputs/full_suite_new_datasets/all_policy_metrics/lichess_top3_sa16__inr_transformer_history_conditioned__generalization__s1,lichess_top3_sa16_all_policies,inr_transformer_history_conditioned,generalization,1,0.41823242867084204,0.41823242867084204,0.35977731384829503,0.8768267223382046,nan,,,,,,,,,2875,1437,1437,0
/mnt/data/INR/outputs/full_suite_new_datasets/all_policy_metrics/lichess_top3_full__inr_diffusion_history_conditioned__conflation__s1,lichess_top3_full_all_policies,inr_diffusion_history_conditioned,conflation,1,0.6733780760626398,0.6733780760626398,0.6543624161073825,0.8870246085011185,nan,,,,,,,,,4168,894,894,409
/mnt/data/INR/outputs/full_suite_new_datasets/all_policy_metrics/lichess_top3_sa16__inr_diffusion_history_conditioned__new_policy__s1,lichess_top3_sa16_all_policies,inr_diffusion_history_conditioned,new_policy,1,0.48086290883785665,0.7182952182952183,0.4405010438413361,0.6499652052887961,0.06270064413547516,,,,,,,,,4490,1437,1437,0
/mnt/data/INR/outputs/full_suite_new_datasets/all_policy_metrics/synthetic_grf_10x__inr_transformer_history_conditioned__novel_generalization__s0,synthetic_grf_10x_all_policies,inr_transformer_history_conditioned,novel_generalization,0,0.5925925925925926,0.8888888888888888,0.6666666666666666,0.6666666666666666,7.555362224578857,,,,,,,,,34,27,27,0
/mnt/data/INR/outputs/full_suite_new_datasets/all_policy_metrics/lichess_top3_sa16__inr_transformer_fitted_latent__conflation__s1,lichess_top3_sa16_all_policies,inr_transformer_fitted_latent,conflation,1,0.29194630872483224,0.29194630872483224,0.5771812080536913,0.7662192393736018,nan,,,,,,,,,4168,894,894,409
/mnt/data/INR/outputs/full_suite_new_datasets/all_policy_metrics/dmlab_seekavoid_full__inr_transformer_fitted_latent__specialization__s0,dmlab_seekavoid_full_all_policies,inr_transformer_fitted_latent,specialization,0,1.0,1.0,1.0,1.0,nan,,,,,,,,,84,18,18,18
/mnt/data/INR/outputs/full_suite_new_datasets/all_policy_metrics/lichess_top3_sa16__inr_transformer_fitted_latent__new_policy__s0,lichess_top3_sa16_all_policies,inr_transformer_fitted_latent,new_policy,0,0.4572025052192067,0.682952182952183,0.38900487125956856,0.6506610995128741,0.011829819530248642,,,,,,,,,4490,1437,1437,0
/mnt/data/INR/outputs/full_suite_new_datasets/all_policy_metrics/lichess_top3_sa16__inr_diffusion_history_conditioned__conflation__s1,lichess_top3_sa16_all_policies,inr_diffusion_history_conditioned,conflation,1,0.7069351230425056,0.7069351230425056,0.6129753914988815,0.8926174496644296,nan,,,,,,,,,4168,894,894,409
/mnt/data/INR/outputs/full_suite_new_datasets/all_policy_metrics/lichess_top3_sa16__inr_transformer_fitted_latent__single_shift__s0,lichess_top3_sa16_all_policies,inr_transformer_fitted_latent,single_shift,0,0.31655480984340045,0.31655480984340045,0.4597315436241611,0.9004474272930649,nan,,,,,,,,,6710,894,894,409
/mnt/data/INR/outputs/full_suite_new_datasets/all_policy_metrics/lichess_top3_full__cvae__conflation__s0,lichess_top3_full_all_policies,cvae,conflation,0,0.7505592841163311,0.7505592841163311,0.6331096196868009,0.9149888143176734,nan,,,,,,,,,4168,894,894,409
/mnt/data/INR/outputs/full_suite_new_datasets/all_policy_metrics/dmlab_seekavoid_full__inr_transformer_history_conditioned__conflation__s0,dmlab_seekavoid_full_all_policies,inr_transformer_history_conditioned,conflation,0,1.0,1.0,1.0,1.0,nan,,,,,,,,,84,18,18,9
/mnt/data/INR/outputs/full_suite_new_datasets/all_policy_metrics/lichess_top3_sa16__inr_transformer_history_conditioned__generalization__s0,lichess_top3_sa16_all_policies,inr_transformer_history_conditioned,generalization,0,0.3938761308281141,0.3938761308281141,0.35908141962421714,0.8879610299234516,nan,,,,,,,,,2875,1437,1437,0
/mnt/data/INR/outputs/full_suite_new_datasets/all_policy_metrics/lichess_top3_full__inr_transformer_fitted_latent__new_policy__s0,lichess_top3_full_all_policies,inr_transformer_fitted_latent,new_policy,0,0.4641614474599861,0.6933471933471933,0.39526791927627003,0.651356993736952,0.011162049137055874,,,,,,,,,4490,1437,1437,0
/mnt/data/INR/outputs/full_suite_new_datasets/all_policy_metrics/lichess_top3_sa16__inr_transformer_fitted_latent__new_policy__s1,lichess_top3_sa16_all_policies,inr_transformer_fitted_latent,new_policy,1,0.4495476687543493,0.6715176715176715,0.38970076548364646,0.6381350034794712,0.009058653376996517,,,,,,,,,4490,1437,1437,0
/mnt/data/INR/outputs/full_suite_new_datasets/all_policy_metrics/synthetic_grf_10x__cvae__specialization__s1,synthetic_grf_10x_all_policies,cvae,specialization,1,0.8888888888888888,0.8888888888888888,0.8888888888888888,1.0,nan,,,,,,,,,117,9,9,9
/mnt/data/INR/outputs/full_suite_new_datasets/all_policy_metrics/lichess_top3_sa16__inr_transformer_fitted_latent__specialization__s0,lichess_top3_sa16_all_policies,inr_transformer_fitted_latent,specialization,0,0.3646677471636953,0.3646677471636953,0.3857374392220421,0.8703403565640194,nan,,,,,,,,,6710,617,617,617
/mnt/data/INR/outputs/full_suite_new_datasets/all_policy_metrics/lichess_top3_sa16__cvae__new_policy__s1,lichess_top3_sa16_all_policies,cvae,new_policy,1,0.5128740431454419,0.7661122661122661,0.5407098121085595,0.651356993736952,9.65656566619873,,,,,,,,,4490,1437,1437,0
/mnt/data/INR/outputs/full_suite_new_datasets/all_policy_metrics/dmlab_seekavoid_sa16__inr_diffusion_history_conditioned__novel_generalization__s1,dmlab_seekavoid_sa16_all_policies,inr_diffusion_history_conditioned,novel_generalization,1,1.0,1.0,1.0,1.0,nan,,,,,,,,,50,24,24,0
/mnt/data/INR/outputs/full_suite_new_datasets/all_policy_metrics/dmlab_seekavoid_full__cvae__conflation__s1,dmlab_seekavoid_full_all_policies,cvae,conflation,1,1.0,1.0,1.0,1.0,nan,,,,,,,,,84,18,18,9
/mnt/data/INR/outputs/full_suite_new_datasets/all_policy_metrics/lichess_top3_sa16__inr_transformer_history_conditioned__novel_generalization__s1,lichess_top3_sa16_all_policies,inr_transformer_history_conditioned,novel_generalization,1,0.3848295059151009,0.5748440748440748,0.35908141962421714,0.6562282533054976,4.482044696807861,,,,,,,,,1924,1437,1437,0
/mnt/data/INR/outputs/full_suite_new_datasets/all_policy_metrics/synthetic_grf_10x__cvae__novel_generalization__s1,synthetic_grf_10x_all_policies,cvae,novel_generalization,1,0.5185185185185185,0.7777777777777778,0.5925925925925926,0.5925925925925926,4.929656982421875,,,,,,,,,34,27,27,0
/mnt/data/INR/outputs/full_suite_new_datasets/all_policy_metrics/lichess_top3_full__inr_transformer_fitted_latent__novel_generalization__s1,lichess_top3_full_all_policies,inr_transformer_fitted_latent,novel_generalization,1,0.3562978427279054,0.5322245322245323,0.3465553235908142,0.6471816283924844,0.0068204402923583984,,,,,,,,,1924,1437,1437,0
/mnt/data/INR/outputs/full_suite_new_datasets/all_policy_metrics/lichess_top3_full__cvae__specialization__s0,lichess_top3_full_all_policies,cvae,specialization,0,0.39222042139384117,0.39222042139384117,0.44246353322528365,0.8654781199351702,nan,,,,,,,,,6710,617,617,617
/mnt/data/INR/outputs/full_suite_new_datasets/all_policy_metrics/lichess_top3_sa16__inr_transformer_history_conditioned__specialization__s1,lichess_top3_sa16_all_policies,inr_transformer_history_conditioned,specialization,1,0.42301458670988656,0.42301458670988656,0.34683954619124796,0.8525121555915721,nan,,,,,,,,,6710,617,617,617
/mnt/data/INR/outputs/full_suite_new_datasets/all_policy_metrics/dmlab_seekavoid_sa16__cvae__new_policy__s0,dmlab_seekavoid_sa16_all_policies,cvae,new_policy,0,1.0,1.0,1.0,1.0,nan,,,,,,,,,118,24,24,0
/mnt/data/INR/outputs/full_suite_new_datasets/all_policy_metrics/dmlab_seekavoid_full__inr_transformer_fitted_latent__conflation__s1,dmlab_seekavoid_full_all_policies,inr_transformer_fitted_latent,conflation,1,1.0,1.0,1.0,1.0,nan,,,,,,,,,84,18,18,9
/mnt/data/INR/outputs/full_suite_new_datasets/all_policy_metrics/dmlab_seekavoid_full__inr_diffusion_history_conditioned__no_shift__s1,dmlab_seekavoid_full_all_policies,inr_diffusion_history_conditioned,no_shift,1,1.0,1.0,1.0,1.0,nan,,,,,,,,,84,18,18,0
/mnt/data/INR/outputs/full_suite_new_datasets/all_policy_metrics/lichess_top3_sa16__cvae__conflation__s0,lichess_top3_sa16_all_policies,cvae,conflation,0,0.7248322147651006,0.7248322147651006,0.6017897091722595,0.9071588366890381,nan,,,,,,,,,4168,894,894,409
/mnt/data/INR/outputs/full_suite_new_datasets/all_policy_metrics/lichess_top3_full__inr_transformer_fitted_latent__single_shift__s0,lichess_top3_full_all_policies,inr_transformer_fitted_latent,single_shift,0,0.31543624161073824,0.31543624161073824,0.4429530201342282,0.8970917225950783,nan,,,,,,,,,6710,894,894,409
/mnt/data/INR/outputs/full_suite_new_datasets/all_policy_metrics/dmlab_seekavoid_full__inr_transformer_fitted_latent__specialization__s1,dmlab_seekavoid_full_all_policies,inr_transformer_fitted_latent,specialization,1,1.0,1.0,1.0,1.0,nan,,,,,,,,,84,18,18,18
/mnt/data/INR/outputs/full_suite_new_datasets/all_policy_metrics/dmlab_seekavoid_sa16__cvae__no_shift__s0,dmlab_seekavoid_sa16_all_policies,cvae,no_shift,0,1.0,1.0,1.0,1.0,nan,,,,,,,,,118,24,24,0
/mnt/data/INR/outputs/full_suite_new_datasets/all_policy_metrics/lichess_top3_sa16__inr_diffusion_history_conditioned__single_shift__s1,lichess_top3_sa16_all_policies,inr_diffusion_history_conditioned,single_shift,1,0.46196868008948544,0.46196868008948544,0.43288590604026844,0.8791946308724832,nan,,,,,,,,,6710,894,894,409
/mnt/data/INR/outputs/full_suite_new_datasets/all_policy_metrics/dmlab_seekavoid_full__inr_transformer_history_conditioned__generalization__s0,dmlab_seekavoid_full_all_policies,inr_transformer_history_conditioned,generalization,0,1.0,1.0,1.0,1.0,nan,,,,,,,,,84,18,18,0
/mnt/data/INR/outputs/full_suite_new_datasets/all_policy_metrics/dmlab_seekavoid_sa16__inr_transformer_fitted_latent__generalization__s1,dmlab_seekavoid_sa16_all_policies,inr_transformer_fitted_latent,generalization,1,1.0,1.0,1.0,1.0,nan,,,,,,,,,84,18,18,0
/mnt/data/INR/outputs/full_suite_new_datasets/all_policy_metrics/dmlab_seekavoid_sa16__inr_transformer_history_conditioned__specialization__s1,dmlab_seekavoid_sa16_all_policies,inr_transformer_history_conditioned,specialization,1,1.0,1.0,1.0,1.0,nan,,,,,,,,,118,12,12,12
/mnt/data/INR/outputs/full_suite_new_datasets/all_policy_metrics/dmlab_seekavoid_full__inr_transformer_history_conditioned__no_shift__s1,dmlab_seekavoid_full_all_policies,inr_transformer_history_conditioned,no_shift,1,1.0,1.0,1.0,1.0,nan,,,,,,,,,84,18,18,0
/mnt/data/INR/outputs/full_suite_new_datasets/all_policy_metrics/lichess_top3_full__inr_transformer_history_conditioned__single_shift__s1,lichess_top3_full_all_policies,inr_transformer_history_conditioned,single_shift,1,0.4798657718120805,0.4798657718120805,0.3859060402684564,0.8758389261744967,nan,,,,,,,,,6710,894,894,409
/mnt/data/INR/outputs/full_suite_new_datasets/all_policy_metrics/synthetic_grf_10x__inr_transformer_history_conditioned__specialization__s1,synthetic_grf_10x_all_policies,inr_transformer_history_conditioned,specialization,1,0.6666666666666666,0.6666666666666666,0.6666666666666666,1.0,nan,,,,,,,,,117,9,9,9
/mnt/data/INR/outputs/full_suite_new_datasets/all_policy_metrics/lichess_top3_full__inr_transformer_history_conditioned__novel_generalization__s1,lichess_top3_full_all_policies,inr_transformer_history_conditioned,novel_generalization,1,0.42519137091162146,0.6351351351351351,0.3771746694502436,0.6520528879610299,3.6538848876953125,,,,,,,,,1924,1437,1437,0
/mnt/data/INR/outputs/full_suite_new_datasets/all_policy_metrics/synthetic_grf_10x__inr_diffusion_history_conditioned__new_policy__s0,synthetic_grf_10x_all_policies,inr_diffusion_history_conditioned,new_policy,0,0.5185185185185185,0.7777777777777778,0.4444444444444444,0.6666666666666666,1.7379904985427856,,,,,,,,,78,27,27,0
/mnt/data/INR/outputs/full_suite_new_datasets/all_policy_metrics/dmlab_seekavoid_sa16__cvae__conflation__s0,dmlab_seekavoid_sa16_all_policies,cvae,conflation,0,1.0,1.0,1.0,1.0,nan,,,,,,,,,84,18,18,6
/mnt/data/INR/outputs/full_suite_new_datasets/all_policy_metrics/dmlab_seekavoid_sa16__inr_transformer_history_conditioned__conflation__s1,dmlab_seekavoid_sa16_all_policies,inr_transformer_history_conditioned,conflation,1,1.0,1.0,1.0,1.0,nan,,,,,,,,,84,18,18,6
/mnt/data/INR/outputs/full_suite_new_datasets/all_policy_metrics/dmlab_seekavoid_full__inr_transformer_fitted_latent__no_shift__s0,dmlab_seekavoid_full_all_policies,inr_transformer_fitted_latent,no_shift,0,1.0,1.0,1.0,1.0,nan,,,,,,,,,84,18,18,0
/mnt/data/INR/outputs/full_suite_new_datasets/all_policy_metrics/lichess_top3_full__inr_transformer_history_conditioned__conflation__s0,lichess_top3_full_all_policies,inr_transformer_history_conditioned,conflation,0,0.738255033557047,0.738255033557047,0.5917225950782998,0.9093959731543624,nan,,,,,,,,,4168,894,894,409
/mnt/data/INR/outputs/full_suite_new_datasets/all_policy_metrics/dmlab_seekavoid_full__inr_diffusion_history_conditioned__generalization__s0,dmlab_seekavoid_full_all_policies,inr_diffusion_history_conditioned,generalization,0,1.0,1.0,1.0,1.0,nan,,,,,,,,,84,18,18,0
/mnt/data/INR/outputs/full_suite_new_datasets/all_policy_metrics/lichess_top3_full__inr_diffusion_history_conditioned__single_shift__s1,lichess_top3_full_all_policies,inr_diffusion_history_conditioned,single_shift,1,0.5190156599552572,0.5190156599552572,0.45302013422818793,0.9004474272930649,nan,,,,,,,,,6710,894,894,409
/mnt/data/INR/outputs/full_suite_new_datasets/all_policy_metrics/dmlab_seekavoid_sa16__cvae__generalization__s1,dmlab_seekavoid_sa16_all_policies,cvae,generalization,1,1.0,1.0,1.0,1.0,nan,,,,,,,,,50,24,24,0
/mnt/data/INR/outputs/full_suite_new_datasets/all_policy_metrics/dmlab_seekavoid_sa16__cvae__specialization__s0,dmlab_seekavoid_sa16_all_policies,cvae,specialization,0,1.0,1.0,1.0,1.0,nan,,,,,,,,,118,12,12,12
/mnt/data/INR/outputs/full_suite_new_datasets/all_policy_metrics/dmlab_seekavoid_full__cvae__specialization__s1,dmlab_seekavoid_full_all_policies,cvae,specialization,1,1.0,1.0,1.0,1.0,nan,,,,,,,,,84,18,18,18
/mnt/data/INR/outputs/full_suite_new_datasets/all_policy_metrics/dmlab_seekavoid_sa16__inr_diffusion_history_conditioned__novel_generalization__s0,dmlab_seekavoid_sa16_all_policies,inr_diffusion_history_conditioned,novel_generalization,0,1.0,1.0,1.0,1.0,nan,,,,,,,,,50,24,24,0
/mnt/data/INR/outputs/full_suite_new_datasets/all_policy_metrics/lichess_top3_sa16__inr_diffusion_history_conditioned__specialization__s1,lichess_top3_sa16_all_policies,inr_diffusion_history_conditioned,specialization,1,0.3646677471636953,0.3646677471636953,0.35980551053484605,0.8573743922204214,nan,,,,,,,,,6710,617,617,617
/mnt/data/INR/outputs/full_suite_new_datasets/all_policy_metrics/synthetic_grf_10x__inr_transformer_history_conditioned__no_shift__s0,synthetic_grf_10x_all_policies,inr_transformer_history_conditioned,no_shift,0,0.7037037037037037,0.7037037037037037,0.5925925925925926,0.8888888888888888,nan,,,,,,,,,117,27,27,0
/mnt/data/INR/outputs/full_suite_new_datasets/all_policy_metrics/lichess_top3_sa16__inr_diffusion_history_conditioned__conflation__s0,lichess_top3_sa16_all_policies,inr_diffusion_history_conditioned,conflation,0,0.6756152125279642,0.6756152125279642,0.6129753914988815,0.8948545861297539,nan,,,,,,,,,4168,894,894,409
/mnt/data/INR/outputs/full_suite_new_datasets/all_policy_metrics/dmlab_seekavoid_sa16__inr_transformer_history_conditioned__generalization__s1,dmlab_seekavoid_sa16_all_policies,inr_transformer_history_conditioned,generalization,1,1.0,1.0,1.0,1.0,nan,,,,,,,,,50,24,24,0
/mnt/data/INR/outputs/full_suite_new_datasets/all_policy_metrics/dmlab_seekavoid_full__inr_transformer_history_conditioned__conflation__s1,dmlab_seekavoid_full_all_policies,inr_transformer_history_conditioned,conflation,1,1.0,1.0,1.0,1.0,nan,,,,,,,,,84,18,18,9
/mnt/data/INR/outputs/full_suite_new_datasets/all_policy_metrics/dmlab_seekavoid_sa16__cvae__generalization__s0,dmlab_seekavoid_sa16_all_policies,cvae,generalization,0,1.0,1.0,1.0,1.0,nan,,,,,,,,,50,24,24,0
/mnt/data/INR/outputs/full_suite_new_datasets/all_policy_metrics/synthetic_grf_10x__inr_transformer_fitted_latent__novel_generalization__s1,synthetic_grf_10x_all_policies,inr_transformer_fitted_latent,novel_generalization,1,0.5555555555555556,0.8333333333333334,0.5555555555555556,0.6296296296296297,0.006121523678302765,,,,,,,,,34,27,27,0
/mnt/data/INR/outputs/full_suite_new_datasets/all_policy_metrics/dmlab_seekavoid_sa16__inr_transformer_history_conditioned__generalization__s0,dmlab_seekavoid_sa16_all_policies,inr_transformer_history_conditioned,generalization,0,1.0,1.0,1.0,1.0,nan,,,,,,,,,50,24,24,0
/mnt/data/INR/outputs/full_suite_new_datasets/all_policy_metrics/lichess_top3_full__inr_diffusion_history_conditioned__generalization__s0,lichess_top3_full_all_policies,inr_diffusion_history_conditioned,generalization,0,0.3757828810020877,0.3757828810020877,0.3535142658315936,0.8691718858733473,nan,,,,,,,,,2875,1437,1437,0
/mnt/data/INR/outputs/full_suite_new_datasets/all_policy_metrics/lichess_top3_sa16__inr_diffusion_history_conditioned__new_policy__s0,lichess_top3_sa16_all_policies,inr_diffusion_history_conditioned,new_policy,0,0.4606819763395964,0.6881496881496881,0.4196242171189979,0.6423103688239388,0.07589072734117508,,,,,,,,,4490,1437,1437,0
/mnt/data/INR/outputs/full_suite_new_datasets/all_policy_metrics/lichess_top3_full__cvae__new_policy__s1,lichess_top3_full_all_policies,cvae,new_policy,1,0.5400139178844816,0.8066528066528067,0.5560194850382741,0.6478775226165623,10.02392292022705,,,,,,,,,4490,1437,1437,0
/mnt/data/INR/outputs/full_suite_new_datasets/all_policy_metrics/lichess_top3_sa16__inr_transformer_fitted_latent__novel_generalization__s0,lichess_top3_sa16_all_policies,inr_transformer_fitted_latent,novel_generalization,0,0.33402922755741127,0.498960498960499,0.32289491997216424,0.6430062630480167,0.007045513950288296,,,,,,,,,1924,1437,1437,0
/mnt/data/INR/outputs/full_suite_new_datasets/all_policy_metrics/synthetic_grf_10x__inr_transformer_history_conditioned__conflation__s1,synthetic_grf_10x_all_policies,inr_transformer_history_conditioned,conflation,1,0.7333333333333333,0.7333333333333333,0.4,0.9333333333333333,nan,,,,,,,,,73,15,15,6
/mnt/data/INR/outputs/full_suite_new_datasets/all_policy_metrics/lichess_top3_full__cvae__generalization__s0,lichess_top3_full_all_policies,cvae,generalization,0,0.42171189979123175,0.42171189979123175,0.35490605427974947,0.8448155880306193,nan,,,,,,,,,2875,1437,1437,0
/mnt/data/INR/outputs/full_suite_new_datasets/all_policy_metrics/lichess_top3_sa16__inr_transformer_history_conditioned__single_shift__s1,lichess_top3_sa16_all_policies,inr_transformer_history_conditioned,single_shift,1,0.470917225950783,0.470917225950783,0.3959731543624161,0.8825503355704698,nan,,,,,,,,,6710,894,894,409
/mnt/data/INR/outputs/full_suite_new_datasets/all_policy_metrics/dmlab_seekavoid_sa16__inr_diffusion_history_conditioned__new_policy__s1,dmlab_seekavoid_sa16_all_policies,inr_diffusion_history_conditioned,new_policy,1,1.0,1.0,1.0,1.0,nan,,,,,,,,,118,24,24,0
/mnt/data/INR/outputs/full_suite_new_datasets/all_policy_metrics/dmlab_seekavoid_full__cvae__specialization__s0,dmlab_seekavoid_full_all_policies,cvae,specialization,0,0.9444444444444444,0.9444444444444444,0.9444444444444444,1.0,nan,,,,,,,,,84,18,18,18
/mnt/data/INR/outputs/full_suite_new_datasets/all_policy_metrics/synthetic_grf_10x__inr_diffusion_history_conditioned__no_shift__s1,synthetic_grf_10x_all_policies,inr_diffusion_history_conditioned,no_shift,1,0.6666666666666666,0.6666666666666666,0.5555555555555556,1.0,nan,,,,,,,,,117,27,27,0
/mnt/data/INR/outputs/full_suite_new_datasets/all_policy_metrics/dmlab_seekavoid_sa16__inr_transformer_history_conditioned__new_policy__s1,dmlab_seekavoid_sa16_all_policies,inr_transformer_history_conditioned,new_policy,1,1.0,1.0,1.0,1.0,nan,,,,,,,,,118,24,24,0
/mnt/data/INR/outputs/full_suite_new_datasets/all_policy_metrics/synthetic_grf_10x__inr_transformer_fitted_latent__new_policy__s1,synthetic_grf_10x_all_policies,inr_transformer_fitted_latent,new_policy,1,0.6296296296296297,0.9444444444444444,0.6666666666666666,0.6666666666666666,0.00832332856953144,,,,,,,,,78,27,27,0
/mnt/data/INR/outputs/full_suite_new_datasets/all_policy_metrics/dmlab_seekavoid_sa16__cvae__new_policy__s1,dmlab_seekavoid_sa16_all_policies,cvae,new_policy,1,1.0,1.0,1.0,1.0,nan,,,,,,,,,118,24,24,0
/mnt/data/INR/outputs/full_suite_new_datasets/all_policy_metrics/synthetic_grf_10x__inr_transformer_fitted_latent__conflation__s0,synthetic_grf_10x_all_policies,inr_transformer_fitted_latent,conflation,0,0.8666666666666667,0.8666666666666667,0.6,0.8666666666666667,nan,,,,,,,,,73,15,15,6
/mnt/data/INR/outputs/full_suite_new_datasets/all_policy_metrics/synthetic_grf_10x__inr_diffusion_history_conditioned__no_shift__s0,synthetic_grf_10x_all_policies,inr_diffusion_history_conditioned,no_shift,0,0.6296296296296297,0.6296296296296297,0.4074074074074074,0.8888888888888888,nan,,,,,,,,,117,27,27,0
/mnt/data/INR/outputs/full_suite_new_datasets/all_policy_metrics/lichess_top3_sa16__inr_transformer_history_conditioned__conflation__s0,lichess_top3_sa16_all_policies,inr_transformer_history_conditioned,conflation,0,0.732662192393736,0.732662192393736,0.6543624161073825,0.9328859060402684,nan,,,,,,,,,4168,894,894,409
/mnt/data/INR/outputs/full_suite_new_datasets/all_policy_metrics/synthetic_grf_10x__cvae__conflation__s1,synthetic_grf_10x_all_policies,cvae,conflation,1,0.6666666666666666,0.6666666666666666,0.4666666666666667,0.6666666666666666,nan,,,,,,,,,73,15,15,6
/mnt/data/INR/outputs/full_suite_new_datasets/all_policy_metrics/lichess_top3_sa16__cvae__novel_generalization__s0,lichess_top3_sa16_all_policies,cvae,novel_generalization,0,0.39318023660403617,0.5873180873180873,0.3542101600556715,0.6423103688239388,6.656517505645752,,,,,,,,,1924,1437,1437,0
/mnt/data/INR/outputs/full_suite_new_datasets/all_policy_metrics/dmlab_seekavoid_full__inr_diffusion_history_conditioned__no_shift__s0,dmlab_seekavoid_full_all_policies,inr_diffusion_history_conditioned,no_shift,0,1.0,1.0,1.0,1.0,nan,,,,,,,,,84,18,18,0
/mnt/data/INR/outputs/full_suite_new_datasets/all_policy_metrics/lichess_top3_full__inr_transformer_fitted_latent__generalization__s0,lichess_top3_full_all_policies,inr_transformer_fitted_latent,generalization,0,0.3312456506610995,0.3312456506610995,0.3354210160055672,0.7856645789839944,nan,,,,,,,,,2875,1437,1437,0
/mnt/data/INR/outputs/full_suite_new_datasets/all_policy_metrics/lichess_top3_sa16__inr_transformer_fitted_latent__no_shift__s1,lichess_top3_sa16_all_policies,inr_transformer_fitted_latent,no_shift,1,0.41892832289492,0.41892832289492,0.4140570633263744,0.837160751565762,nan,,,,,,,,,6710,1437,1437,0
/mnt/data/INR/outputs/full_suite_new_datasets/all_policy_metrics/dmlab_seekavoid_full__cvae__no_shift__s1,dmlab_seekavoid_full_all_policies,cvae,no_shift,1,1.0,1.0,1.0,1.0,nan,,,,,,,,,84,18,18,0
/mnt/data/INR/outputs/full_suite_new_datasets/all_policy_metrics/synthetic_grf_10x__inr_diffusion_history_conditioned__conflation__s1,synthetic_grf_10x_all_policies,inr_diffusion_history_conditioned,conflation,1,0.6,0.6,0.6666666666666666,0.8666666666666667,nan,,,,,,,,,73,15,15,6
/mnt/data/INR/outputs/full_suite_new_datasets/all_policy_metrics/dmlab_seekavoid_sa16__cvae__conflation__s1,dmlab_seekavoid_sa16_all_policies,cvae,conflation,1,1.0,1.0,1.0,1.0,nan,,,,,,,,,84,18,18,6
/mnt/data/INR/outputs/full_suite_new_datasets/all_policy_metrics/lichess_top3_sa16__cvae__no_shift__s1,lichess_top3_sa16_all_policies,cvae,no_shift,1,0.592205984690327,0.592205984690327,0.6325678496868476,0.9324982602644398,nan,,,,,,,,,6710,1437,1437,0
/mnt/data/INR/outputs/full_suite_new_datasets/all_policy_metrics/synthetic_grf_10x__inr_transformer_history_conditioned__no_shift__s1,synthetic_grf_10x_all_policies,inr_transformer_history_conditioned,no_shift,1,0.5555555555555556,0.5555555555555556,0.5185185185185185,0.9629629629629629,nan,,,,,,,,,117,27,27,0
/mnt/data/INR/outputs/full_suite_new_datasets/all_policy_metrics/lichess_top3_sa16__cvae__specialization__s0,lichess_top3_sa16_all_policies,cvae,specialization,0,0.44570502431118314,0.44570502431118314,0.4813614262560778,0.8752025931928687,nan,,,,,,,,,6710,617,617,617
/mnt/data/INR/outputs/full_suite_new_datasets/all_policy_metrics/lichess_top3_sa16__inr_transformer_history_conditioned__specialization__s0,lichess_top3_sa16_all_policies,inr_transformer_history_conditioned,specialization,0,0.3987034035656402,0.3987034035656402,0.32576985413290116,0.8363047001620746,nan,,,,,,,,,6710,617,617,617
/mnt/data/INR/outputs/full_suite_new_datasets/all_policy_metrics/lichess_top3_full__inr_transformer_history_conditioned__generalization__s0,lichess_top3_full_all_policies,inr_transformer_history_conditioned,generalization,0,0.4210160055671538,0.4210160055671538,0.3660403618649965,0.860125260960334,nan,,,,,,,,,2875,1437,1437,0
/mnt/data/INR/outputs/full_suite_new_datasets/all_policy_metrics/dmlab_seekavoid_full__cvae__generalization__s1,dmlab_seekavoid_full_all_policies,cvae,generalization,1,1.0,1.0,1.0,1.0,nan,,,,,,,,,84,18,18,0
/mnt/data/INR/outputs/full_suite_new_datasets/all_policy_metrics/dmlab_seekavoid_sa16__inr_transformer_fitted_latent__no_shift__s1,dmlab_seekavoid_sa16_all_policies,inr_transformer_fitted_latent,no_shift,1,1.0,1.0,1.0,1.0,nan,,,,,,,,,84,18,18,0
/mnt/data/INR/outputs/full_suite_new_datasets/all_policy_metrics/lichess_top3_full__cvae__novel_generalization__s1,lichess_top3_full_all_policies,cvae,novel_generalization,1,0.43145441892832287,0.6444906444906445,0.37230340988169797,0.6541405706332637,6.87967586517334,,,,,,,,,1924,1437,1437,0
/mnt/data/INR/outputs/full_suite_new_datasets/all_policy_metrics/synthetic_grf_10x__inr_transformer_fitted_latent__generalization__s1,synthetic_grf_10x_all_policies,inr_transformer_fitted_latent,generalization,1,0.7407407407407407,0.7407407407407407,0.7407407407407407,0.8518518518518519,nan,,,,,,,,,51,27,27,0
/mnt/data/INR/outputs/full_suite_new_datasets/all_policy_metrics/lichess_top3_sa16__inr_transformer_history_conditioned__single_shift__s0,lichess_top3_sa16_all_policies,inr_transformer_history_conditioned,single_shift,0,0.4720357941834452,0.4720357941834452,0.4250559284116331,0.8747203579418344,nan,,,,,,,,,6710,894,894,409
/mnt/data/INR/outputs/full_suite_new_datasets/all_policy_metrics/lichess_top3_full__cvae__generalization__s1,lichess_top3_full_all_policies,cvae,generalization,1,0.4704244954766875,0.4704244954766875,0.38204592901878914,0.8914405010438413,nan,,,,,,,,,2875,1437,1437,0
/mnt/data/INR/outputs/full_suite_new_datasets/all_policy_metrics/dmlab_seekavoid_sa16__inr_transformer_history_conditioned__novel_generalization__s0,dmlab_seekavoid_sa16_all_policies,inr_transformer_history_conditioned,novel_generalization,0,1.0,1.0,1.0,1.0,nan,,,,,,,,,50,24,24,0
/mnt/data/INR/outputs/full_suite_new_datasets/all_policy_metrics/lichess_top3_full__inr_diffusion_history_conditioned__generalization__s1,lichess_top3_full_all_policies,inr_diffusion_history_conditioned,generalization,1,0.3945720250521921,0.3945720250521921,0.35490605427974947,0.8670842032011135,nan,,,,,,,,,2875,1437,1437,0
/mnt/data/INR/outputs/full_suite_new_datasets/all_policy_metrics/dmlab_seekavoid_full__inr_transformer_fitted_latent__conflation__s0,dmlab_seekavoid_full_all_policies,inr_transformer_fitted_latent,conflation,0,1.0,1.0,1.0,1.0,nan,,,,,,,,,84,18,18,9
/mnt/data/INR/outputs/full_suite_new_datasets/all_policy_metrics/lichess_top3_sa16__inr_diffusion_history_conditioned__novel_generalization__s0,lichess_top3_sa16_all_policies,inr_diffusion_history_conditioned,novel_generalization,0,0.42379958246346555,0.6330561330561331,0.3792623521224774,0.6478775226165623,0.24949048459529877,,,,,,,,,1924,1437,1437,0
/mnt/data/INR/outputs/full_suite_new_datasets/all_policy_metrics/synthetic_grf_10x__inr_transformer_fitted_latent__no_shift__s1,synthetic_grf_10x_all_policies,inr_transformer_fitted_latent,no_shift,1,0.7777777777777778,0.7777777777777778,0.8888888888888888,0.9259259259259259,nan,,,,,,,,,117,27,27,0
/mnt/data/INR/outputs/full_suite_new_datasets/all_policy_metrics/lichess_top3_full__inr_transformer_history_conditioned__new_policy__s1,lichess_top3_full_all_policies,inr_transformer_history_conditioned,new_policy,1,0.42936673625608907,0.6413721413721414,0.38343771746694505,0.640222686151705,5.952648639678955,,,,,,,,,4490,1437,1437,0
/mnt/data/INR/outputs/full_suite_new_datasets/all_policy_metrics/lichess_top3_full__inr_transformer_history_conditioned__conflation__s1,lichess_top3_full_all_policies,inr_transformer_history_conditioned,conflation,1,0.7069351230425056,0.7069351230425056,0.5973154362416108,0.9149888143176734,nan,,,,,,,,,4168,894,894,409
/mnt/data/INR/outputs/full_suite_new_datasets/all_policy_metrics/lichess_top3_full__inr_diffusion_history_conditioned__specialization__s1,lichess_top3_full_all_policies,inr_diffusion_history_conditioned,specialization,1,0.39546191247974066,0.39546191247974066,0.34521880064829824,0.820097244732577,nan,,,,,,,,,6710,617,617,617
/mnt/data/INR/outputs/full_suite_new_datasets/all_policy_metrics/synthetic_grf_10x__cvae__no_shift__s0,synthetic_grf_10x_all_policies,cvae,no_shift,0,0.7037037037037037,0.7037037037037037,0.6296296296296297,0.9259259259259259,nan,,,,,,,,,117,27,27,0
/mnt/data/INR/outputs/full_suite_new_datasets/all_policy_metrics/dmlab_seekavoid_full__inr_diffusion_history_conditioned__conflation__s1,dmlab_seekavoid_full_all_policies,inr_diffusion_history_conditioned,conflation,1,1.0,1.0,1.0,1.0,nan,,,,,,,,,84,18,18,9
/mnt/data/INR/outputs/full_suite_new_datasets/all_policy_metrics/synthetic_grf_10x__cvae__new_policy__s1,synthetic_grf_10x_all_policies,cvae,new_policy,1,0.5555555555555556,0.8333333333333334,0.5925925925925926,0.5925925925925926,2.425930976867676,,,,,,,,,78,27,27,0
/mnt/data/INR/outputs/full_suite_new_datasets/all_policy_metrics/dmlab_seekavoid_full__inr_diffusion_history_conditioned__generalization__s1,dmlab_seekavoid_full_all_policies,inr_diffusion_history_conditioned,generalization,1,1.0,1.0,1.0,1.0,nan,,,,,,,,,84,18,18,0
/mnt/data/INR/outputs/full_suite_new_datasets/all_policy_metrics/synthetic_grf_10x__inr_transformer_fitted_latent__specialization__s1,synthetic_grf_10x_all_policies,inr_transformer_fitted_latent,specialization,1,1.0,1.0,0.7777777777777778,1.0,nan,,,,,,,,,117,9,9,9
/mnt/data/INR/outputs/full_suite_new_datasets/all_policy_metrics/dmlab_seekavoid_sa16__inr_transformer_history_conditioned__single_shift__s0,dmlab_seekavoid_sa16_all_policies,inr_transformer_history_conditioned,single_shift,0,1.0,1.0,1.0,1.0,nan,,,,,,,,,118,18,18,6
/mnt/data/INR/outputs/full_suite_new_datasets/all_policy_metrics/lichess_top3_sa16__inr_transformer_history_conditioned__no_shift__s1,lichess_top3_sa16_all_policies,inr_transformer_history_conditioned,no_shift,1,0.5017397355601948,0.5017397355601948,0.44676409185803756,0.8858733472512178,nan,,,,,,,,,6710,1437,1437,0
/mnt/data/INR/outputs/full_suite_new_datasets/all_policy_metrics/synthetic_grf_10x__inr_diffusion_history_conditioned__specialization__s1,synthetic_grf_10x_all_policies,inr_diffusion_history_conditioned,specialization,1,0.7777777777777778,0.7777777777777778,0.6666666666666666,0.8888888888888888,nan,,,,,,,,,117,9,9,9
/mnt/data/INR/outputs/full_suite_new_datasets/all_policy_metrics/synthetic_grf_10x__inr_transformer_fitted_latent__single_shift__s0,synthetic_grf_10x_all_policies,inr_transformer_fitted_latent,single_shift,0,0.8,0.8,0.7333333333333333,1.0,nan,,,,,,,,,117,15,15,6
/mnt/data/INR/outputs/full_suite_new_datasets/all_policy_metrics/dmlab_seekavoid_sa16__inr_transformer_fitted_latent__conflation__s0,dmlab_seekavoid_sa16_all_policies,inr_transformer_fitted_latent,conflation,0,1.0,1.0,1.0,1.0,nan,,,,,,,,,84,18,18,9
/mnt/data/INR/outputs/full_suite_new_datasets/all_policy_metrics/dmlab_seekavoid_full__inr_transformer_fitted_latent__generalization__s0,dmlab_seekavoid_full_all_policies,inr_transformer_fitted_latent,generalization,0,1.0,1.0,1.0,1.0,nan,,,,,,,,,84,18,18,0
/mnt/data/INR/outputs/full_suite_new_datasets/all_policy_metrics/dmlab_seekavoid_full__inr_transformer_history_conditioned__generalization__s1,dmlab_seekavoid_full_all_policies,inr_transformer_history_conditioned,generalization,1,1.0,1.0,1.0,1.0,nan,,,,,,,,,84,18,18,0
/mnt/data/INR/outputs/full_suite_new_datasets/all_policy_metrics/dmlab_seekavoid_sa16__inr_transformer_fitted_latent__no_shift__s0,dmlab_seekavoid_sa16_all_policies,inr_transformer_fitted_latent,no_shift,0,1.0,1.0,1.0,1.0,nan,,,,,,,,,84,18,18,0
/mnt/data/INR/outputs/full_suite_new_datasets/all_policy_metrics/lichess_top3_sa16__inr_diffusion_history_conditioned__generalization__s0,lichess_top3_sa16_all_policies,inr_diffusion_history_conditioned,generalization,0,0.43145441892832287,0.43145441892832287,0.36812804453723036,0.8935281837160751,nan,,,,,,,,,2875,1437,1437,0
/mnt/data/INR/outputs/full_suite_new_datasets/all_policy_metrics/synthetic_grf_10x__inr_transformer_fitted_latent__conflation__s1,synthetic_grf_10x_all_policies,inr_transformer_fitted_latent,conflation,1,0.8666666666666667,0.8666666666666667,0.6666666666666666,1.0,nan,,,,,,,,,73,15,15,6
/mnt/data/INR/outputs/full_suite_new_datasets/all_policy_metrics/lichess_top3_full__cvae__single_shift__s1,lichess_top3_full_all_policies,cvae,single_shift,1,0.587248322147651,0.587248322147651,0.5973154362416108,0.9060402684563759,nan,,,,,,,,,6710,894,894,409
/mnt/data/INR/outputs/full_suite_new_datasets/all_policy_metrics/dmlab_seekavoid_sa16__inr_diffusion_history_conditioned__single_shift__s1,dmlab_seekavoid_sa16_all_policies,inr_diffusion_history_conditioned,single_shift,1,0.9444444444444444,0.9444444444444444,0.9444444444444444,1.0,nan,,,,,,,,,118,18,18,6
/mnt/data/INR/outputs/full_suite_new_datasets/all_policy_metrics/dmlab_seekavoid_sa16__cvae__single_shift__s1,dmlab_seekavoid_sa16_all_policies,cvae,single_shift,1,1.0,1.0,1.0,1.0,nan,,,,,,,,,118,18,18,6
/mnt/data/INR/outputs/full_suite_new_datasets/all_policy_metrics/lichess_top3_full__inr_diffusion_history_conditioned__single_shift__s0,lichess_top3_full_all_policies,inr_diffusion_history_conditioned,single_shift,0,0.5234899328859061,0.5234899328859061,0.436241610738255,0.9026845637583892,nan,,,,,,,,,6710,894,894,409
/mnt/data/INR/outputs/full_suite_new_datasets/all_policy_metrics/dmlab_seekavoid_full__cvae__single_shift__s1,dmlab_seekavoid_full_all_policies,cvae,single_shift,1,0.9444444444444444,0.9444444444444444,1.0,1.0,nan,,,,,,,,,84,18,18,9
/mnt/data/INR/outputs/full_suite_new_datasets/all_policy_metrics/synthetic_grf_10x__inr_transformer_history_conditioned__single_shift__s1,synthetic_grf_10x_all_policies,inr_transformer_history_conditioned,single_shift,1,0.6,0.6,0.7333333333333333,0.9333333333333333,nan,,,,,,,,,117,15,15,6
/mnt/data/INR/outputs/full_suite_new_datasets/all_policy_metrics/lichess_top3_full__inr_transformer_history_conditioned__specialization__s1,lichess_top3_full_all_policies,inr_transformer_history_conditioned,specialization,1,0.3889789303079417,0.3889789303079417,0.3549432739059968,0.8444084278768234,nan,,,,,,,,,6710,617,617,617
/mnt/data/INR/outputs/full_suite_new_datasets/all_policy_metrics/synthetic_grf_10x__inr_transformer_fitted_latent__new_policy__s0,synthetic_grf_10x_all_policies,inr_transformer_fitted_latent,new_policy,0,0.6666666666666666,1.0,0.6296296296296297,0.6666666666666666,0.007970272563397884,,,,,,,,,78,27,27,0
/mnt/data/INR/outputs/full_suite_new_datasets/all_policy_metrics/dmlab_seekavoid_full__cvae__no_shift__s0,dmlab_seekavoid_full_all_policies,cvae,no_shift,0,1.0,1.0,1.0,1.0,nan,,,,,,,,,84,18,18,0
/mnt/data/INR/outputs/full_suite_new_datasets/all_policy_metrics/lichess_top3_full__inr_diffusion_history_conditioned__no_shift__s0,lichess_top3_full_all_policies,inr_diffusion_history_conditioned,no_shift,0,0.48086290883785665,0.48086290883785665,0.4801670146137787,0.9004871259568545,nan,,,,,,,,,6710,1437,1437,0
/mnt/data/INR/outputs/full_suite_new_datasets/all_policy_metrics/synthetic_grf_10x__inr_transformer_history_conditioned__new_policy__s1,synthetic_grf_10x_all_policies,inr_transformer_history_conditioned,new_policy,1,0.4074074074074074,0.6111111111111112,0.4074074074074074,0.6296296296296297,4.187636375427246,,,,,,,,,78,27,27,0
/mnt/data/INR/outputs/full_suite_new_datasets/all_policy_metrics/synthetic_grf_10x__inr_transformer_fitted_latent__specialization__s0,synthetic_grf_10x_all_policies,inr_transformer_fitted_latent,specialization,0,0.6666666666666666,0.6666666666666666,0.5555555555555556,1.0,nan,,,,,,,,,117,9,9,9
/mnt/data/INR/outputs/full_suite_new_datasets/all_policy_metrics/synthetic_grf_10x__inr_transformer_fitted_latent__novel_generalization__s0,synthetic_grf_10x_all_policies,inr_transformer_fitted_latent,novel_generalization,0,0.5555555555555556,0.8333333333333334,0.5555555555555556,0.5555555555555556,0.005670191254466772,,,,,,,,,34,27,27,0
/mnt/data/INR/outputs/full_suite_new_datasets/all_policy_metrics/dmlab_seekavoid_sa16__inr_transformer_history_conditioned__specialization__s0,dmlab_seekavoid_sa16_all_policies,inr_transformer_history_conditioned,specialization,0,1.0,1.0,1.0,1.0,nan,,,,,,,,,118,12,12,12
/mnt/data/INR/outputs/full_suite_new_datasets/all_policy_metrics/dmlab_seekavoid_sa16__cvae__novel_generalization__s0,dmlab_seekavoid_sa16_all_policies,cvae,novel_generalization,0,1.0,1.0,1.0,1.0,nan,,,,,,,,,50,24,24,0
/mnt/data/INR/outputs/full_suite_new_datasets/all_policy_metrics/dmlab_seekavoid_full__inr_transformer_fitted_latent__generalization__s1,dmlab_seekavoid_full_all_policies,inr_transformer_fitted_latent,generalization,1,1.0,1.0,1.0,1.0,nan,,,,,,,,,84,18,18,0
/mnt/data/INR/outputs/full_suite_new_datasets/all_policy_metrics/dmlab_seekavoid_sa16__inr_diffusion_history_conditioned__generalization__s0,dmlab_seekavoid_sa16_all_policies,inr_diffusion_history_conditioned,generalization,0,1.0,1.0,1.0,1.0,nan,,,,,,,,,50,24,24,0
/mnt/data/INR/outputs/full_suite_new_datasets/all_policy_metrics/dmlab_seekavoid_full__inr_diffusion_history_conditioned__conflation__s0,dmlab_seekavoid_full_all_policies,inr_diffusion_history_conditioned,conflation,0,1.0,1.0,1.0,1.0,nan,,,,,,,,,84,18,18,9
/mnt/data/INR/outputs/full_suite_new_datasets/all_policy_metrics/lichess_top3_full__inr_transformer_fitted_latent__single_shift__s1,lichess_top3_full_all_policies,inr_transformer_fitted_latent,single_shift,1,0.29642058165548096,0.29642058165548096,0.4317673378076063,0.8847874720357942,nan,,,,,,,,,6710,894,894,409
/mnt/data/INR/outputs/full_suite_new_datasets/all_policy_metrics/synthetic_grf_10x__cvae__conflation__s0,synthetic_grf_10x_all_policies,cvae,conflation,0,0.8,0.8,0.6,0.8666666666666667,nan,,,,,,,,,73,15,15,6
/mnt/data/INR/outputs/full_suite_new_datasets/all_policy_metrics/synthetic_grf_10x__inr_diffusion_history_conditioned__new_policy__s1,synthetic_grf_10x_all_policies,inr_diffusion_history_conditioned,new_policy,1,0.4444444444444444,0.6666666666666666,0.48148148148148145,0.6666666666666666,2.768991708755493,,,,,,,,,78,27,27,0
/mnt/data/INR/outputs/full_suite_new_datasets/all_policy_metrics/lichess_top3_full__inr_transformer_history_conditioned__novel_generalization__s0,lichess_top3_full_all_policies,inr_transformer_history_conditioned,novel_generalization,0,0.4036186499652053,0.6029106029106029,0.36116910229645094,0.6360473208072372,3.6805365085601807,,,,,,,,,1924,1437,1437,0
/mnt/data/INR/outputs/full_suite_new_datasets/all_policy_metrics/dmlab_seekavoid_sa16__inr_transformer_fitted_latent__single_shift__s1,dmlab_seekavoid_sa16_all_policies,inr_transformer_fitted_latent,single_shift,1,1.0,1.0,1.0,1.0,nan,,,,,,,,,84,18,18,9
/mnt/data/INR/outputs/full_suite_new_datasets/all_policy_metrics/synthetic_grf_10x__inr_transformer_history_conditioned__generalization__s1,synthetic_grf_10x_all_policies,inr_transformer_history_conditioned,generalization,1,0.5555555555555556,0.5555555555555556,0.4444444444444444,0.7037037037037037,nan,,,,,,,,,51,27,27,0
/mnt/data/INR/outputs/full_suite_new_datasets/all_policy_metrics/synthetic_grf_10x__inr_transformer_history_conditioned__conflation__s0,synthetic_grf_10x_all_policies,inr_transformer_history_conditioned,conflation,0,0.6666666666666666,0.6666666666666666,0.6666666666666666,0.9333333333333333,nan,,,,,,,,,73,15,15,6
/mnt/data/INR/outputs/full_suite_new_datasets/all_policy_metrics/lichess_top3_full__cvae__specialization__s1,lichess_top3_full_all_policies,cvae,specialization,1,0.4586709886547812,0.4586709886547812,0.4683954619124797,0.8492706645056726,nan,,,,,,,,,6710,617,617,617
/mnt/data/INR/outputs/full_suite_new_datasets/all_policy_metrics/dmlab_seekavoid_full__inr_diffusion_history_conditioned__single_shift__s0,dmlab_seekavoid_full_all_policies,inr_diffusion_history_conditioned,single_shift,0,1.0,1.0,1.0,1.0,nan,,,,,,,,,84,18,18,9
/mnt/data/INR/outputs/full_suite_new_datasets/all_policy_metrics/lichess_top3_full__inr_transformer_fitted_latent__novel_generalization__s0,lichess_top3_full_all_policies,inr_transformer_fitted_latent,novel_generalization,0,0.3326374391092554,0.4968814968814969,0.3395963813500348,0.6464857341684064,0.0069315750151872635,,,,,,,,,1924,1437,1437,0
/mnt/data/INR/outputs/full_suite_new_datasets/all_policy_metrics/lichess_top3_sa16__cvae__specialization__s1,lichess_top3_sa16_all_policies,cvae,specialization,1,0.47649918962722854,0.47649918962722854,0.47974068071312803,0.8752025931928687,nan,,,,,,,,,6710,617,617,617
/mnt/data/INR/outputs/full_suite_new_datasets/all_policy_metrics/dmlab_seekavoid_sa16__inr_diffusion_history_conditioned__specialization__s0,dmlab_seekavoid_sa16_all_policies,inr_diffusion_history_conditioned,specialization,0,1.0,1.0,1.0,1.0,nan,,,,,,,,,118,12,12,12
/mnt/data/INR/outputs/full_suite_new_datasets/all_policy_metrics/lichess_top3_sa16__inr_transformer_history_conditioned__new_policy__s0,lichess_top3_sa16_all_policies,inr_transformer_history_conditioned,new_policy,0,0.4572025052192067,0.682952182952183,0.4112734864300626,0.6256089074460682,6.543281555175781,,,,,,,,,4490,1437,1437,0
/mnt/data/INR/outputs/full_suite_new_datasets/all_policy_metrics/synthetic_grf_10x__inr_transformer_fitted_latent__generalization__s0,synthetic_grf_10x_all_policies,inr_transformer_fitted_latent,generalization,0,0.7407407407407407,0.7407407407407407,0.48148148148148145,0.6666666666666666,nan,,,,,,,,,51,27,27,0
/mnt/data/INR/outputs/full_suite_new_datasets/all_policy_metrics/lichess_top3_sa16__cvae__novel_generalization__s1,lichess_top3_sa16_all_policies,cvae,novel_generalization,1,0.42519137091162146,0.6351351351351351,0.38552540013917885,0.6520528879610299,6.489702224731445,,,,,,,,,1924,1437,1437,0
/mnt/data/INR/outputs/full_suite_new_datasets/all_policy_metrics/lichess_top3_full__inr_transformer_fitted_latent__specialization__s1,lichess_top3_full_all_policies,inr_transformer_fitted_latent,specialization,1,0.3500810372771475,0.3500810372771475,0.3338735818476499,0.8184764991896273,nan,,,,,,,,,6710,617,617,617
/mnt/data/INR/outputs/full_suite_new_datasets/all_policy_metrics/lichess_top3_full__inr_transformer_history_conditioned__specialization__s0,lichess_top3_full_all_policies,inr_transformer_history_conditioned,specialization,0,0.3549432739059968,0.3549432739059968,0.3581847649918963,0.8427876823338736,nan,,,,,,,,,6710,617,617,617
/mnt/data/INR/outputs/full_suite_new_datasets/all_policy_metrics/synthetic_grf_10x__cvae__new_policy__s0,synthetic_grf_10x_all_policies,cvae,new_policy,0,0.5925925925925926,0.8888888888888888,0.5925925925925926,0.5925925925925926,3.9226362705230713,,,,,,,,,78,27,27,0
/mnt/data/INR/outputs/full_suite_new_datasets/all_policy_metrics/synthetic_grf_10x__inr_transformer_history_conditioned__new_policy__s0,synthetic_grf_10x_all_policies,inr_transformer_history_conditioned,new_policy,0,0.5925925925925926,0.8888888888888888,0.5185185185185185,0.6296296296296297,3.5382440090179443,,,,,,,,,78,27,27,0
/mnt/data/INR/outputs/full_suite_new_datasets/all_policy_metrics/synthetic_grf_10x__inr_diffusion_history_conditioned__novel_generalization__s0,synthetic_grf_10x_all_policies,inr_diffusion_history_conditioned,novel_generalization,0,0.5185185185185185,0.7777777777777778,0.5185185185185185,0.6666666666666666,4.515495777130127,,,,,,,,,34,27,27,0
/mnt/data/INR/outputs/full_suite_new_datasets/all_policy_metrics/lichess_top3_sa16__inr_diffusion_history_conditioned__no_shift__s0,lichess_top3_sa16_all_policies,inr_diffusion_history_conditioned,no_shift,0,0.5031315240083507,0.5031315240083507,0.4919972164231037,0.906054279749478,nan,,,,,,,,,6710,1437,1437,0
/mnt/data/INR/outputs/full_suite_new_datasets/all_policy_metrics/dmlab_seekavoid_sa16__inr_transformer_fitted_latent__specialization__s1,dmlab_seekavoid_sa16_all_policies,inr_transformer_fitted_latent,specialization,1,1.0,1.0,1.0,1.0,nan,,,,,,,,,84,18,18,18
/mnt/data/INR/outputs/full_suite_new_datasets/all_policy_metrics/lichess_top3_sa16__inr_transformer_history_conditioned__no_shift__s0,lichess_top3_sa16_all_policies,inr_transformer_history_conditioned,no_shift,0,0.5156576200417536,0.5156576200417536,0.4439805149617258,0.8872651356993737,nan,,,,,,,,,6710,1437,1437,0
/mnt/data/INR/outputs/full_suite_new_datasets/all_policy_metrics/lichess_top3_full__cvae__new_policy__s0,lichess_top3_full_all_policies,cvae,new_policy,0,0.5504523312456506,0.8222453222453222,0.5490605427974948,0.651356993736952,10.322603225708008,,,,,,,,,4490,1437,1437,0
/mnt/data/INR/outputs/full_suite_new_datasets/all_policy_metrics/dmlab_seekavoid_sa16__inr_diffusion_history_conditioned__single_shift__s0,dmlab_seekavoid_sa16_all_policies,inr_diffusion_history_conditioned,single_shift,0,1.0,1.0,1.0,1.0,nan,,,,,,,,,118,18,18,6
/mnt/data/INR/outputs/full_suite_new_datasets/all_policy_metrics/synthetic_grf_10x__cvae__single_shift__s1,synthetic_grf_10x_all_policies,cvae,single_shift,1,0.6666666666666666,0.6666666666666666,0.7333333333333333,0.9333333333333333,nan,,,,,,,,,117,15,15,6
/mnt/data/INR/outputs/full_suite_new_datasets/all_policy_metrics/lichess_top3_full__inr_diffusion_history_conditioned__novel_generalization__s1,lichess_top3_full_all_policies,inr_diffusion_history_conditioned,novel_generalization,1,0.37230340988169797,0.5561330561330561,0.35490605427974947,0.6450939457202505,2.755645275115967,,,,,,,,,1924,1437,1437,0
/mnt/data/INR/outputs/full_suite_new_datasets/all_policy_metrics/lichess_top3_sa16__inr_diffusion_history_conditioned__generalization__s1,lichess_top3_sa16_all_policies,inr_diffusion_history_conditioned,generalization,1,0.4495476687543493,0.4495476687543493,0.35768963117606123,0.8782185107863605,nan,,,,,,,,,2875,1437,1437,0
/mnt/data/INR/outputs/full_suite_new_datasets/all_policy_metrics/lichess_top3_sa16__inr_transformer_fitted_latent__single_shift__s1,lichess_top3_sa16_all_policies,inr_transformer_fitted_latent,single_shift,1,0.31096196868008946,0.31096196868008946,0.407158836689038,0.8713646532438478,nan,,,,,,,,,6710,894,894,409
/mnt/data/INR/outputs/full_suite_new_datasets/all_policy_metrics/lichess_top3_sa16__inr_diffusion_history_conditioned__novel_generalization__s1,lichess_top3_sa16_all_policies,inr_diffusion_history_conditioned,novel_generalization,1,0.42727905358385526,0.6382536382536382,0.34794711203897005,0.6499652052887961,0.22934560477733612,,,,,,,,,1924,1437,1437,0
/mnt/data/INR/outputs/full_suite_new_datasets/all_policy_metrics/lichess_top3_full__cvae__no_shift__s1,lichess_top3_full_all_policies,cvae,no_shift,1,0.6040361864996521,0.6040361864996521,0.6673625608907446,0.9255393180236604,nan,,,,,,,,,6710,1437,1437,0
/mnt/data/INR/outputs/full_suite_new_datasets/all_policy_metrics/dmlab_seekavoid_sa16__inr_diffusion_history_conditioned__no_shift__s1,dmlab_seekavoid_sa16_all_policies,inr_diffusion_history_conditioned,no_shift,1,1.0,1.0,1.0,1.0,nan,,,,,,,,,118,24,24,0
/mnt/data/INR/outputs/full_suite_new_datasets/all_policy_metrics/dmlab_seekavoid_sa16__inr_diffusion_history_conditioned__conflation__s0,dmlab_seekavoid_sa16_all_policies,inr_diffusion_history_conditioned,conflation,0,1.0,1.0,1.0,1.0,nan,,,,,,,,,84,18,18,6
/mnt/data/INR/outputs/full_suite_new_datasets/all_policy_metrics/lichess_top3_sa16__inr_diffusion_history_conditioned__specialization__s0,lichess_top3_sa16_all_policies,inr_diffusion_history_conditioned,specialization,0,0.3679092382495948,0.3679092382495948,0.3581847649918963,0.8379254457050244,nan,,,,,,,,,6710,617,617,617
/mnt/data/INR/outputs/full_suite_new_datasets/all_policy_metrics/lichess_top3_full__inr_diffusion_history_conditioned__no_shift__s1,lichess_top3_full_all_policies,inr_diffusion_history_conditioned,no_shift,1,0.4815588030619346,0.4815588030619346,0.4342379958246347,0.9081419624217119,nan,,,,,,,,,6710,1437,1437,0
/mnt/data/INR/outputs/full_suite_new_datasets/all_policy_metrics/dmlab_seekavoid_sa16__inr_transformer_fitted_latent__specialization__s0,dmlab_seekavoid_sa16_all_policies,inr_transformer_fitted_latent,specialization,0,1.0,1.0,1.0,1.0,nan,,,,,,,,,84,18,18,18
/mnt/data/INR/outputs/full_suite_new_datasets/all_policy_metrics/synthetic_grf_10x__inr_transformer_history_conditioned__novel_generalization__s1,synthetic_grf_10x_all_policies,inr_transformer_history_conditioned,novel_generalization,1,0.4074074074074074,0.6111111111111112,0.4444444444444444,0.5185185185185185,7.581857681274414,,,,,,,,,34,27,27,0
/mnt/data/INR/outputs/full_suite_new_datasets/all_policy_metrics/synthetic_grf_10x__inr_diffusion_history_conditioned__generalization__s0,synthetic_grf_10x_all_policies,inr_diffusion_history_conditioned,generalization,0,0.5925925925925926,0.5925925925925926,0.6296296296296297,0.8888888888888888,nan,,,,,,,,,51,27,27,0
/mnt/data/INR/outputs/full_suite_new_datasets/all_policy_metrics/lichess_top3_full__inr_diffusion_history_conditioned__new_policy__s1,lichess_top3_full_all_policies,inr_diffusion_history_conditioned,new_policy,1,0.44258872651356995,0.6611226611226612,0.39318023660403617,0.6492693110647182,4.882266521453857,,,,,,,,,4490,1437,1437,0
/mnt/data/INR/outputs/full_suite_new_datasets/all_policy_metrics/lichess_top3_full__inr_transformer_fitted_latent__no_shift__s1,lichess_top3_full_all_policies,inr_transformer_fitted_latent,no_shift,1,0.4196242171189979,0.4196242171189979,0.4349338900487126,0.8475991649269311,nan,,,,,,,,,6710,1437,1437,0
/mnt/data/INR/outputs/full_suite_new_datasets/all_policy_metrics/lichess_top3_full__inr_transformer_fitted_latent__conflation__s0,lichess_top3_full_all_policies,inr_transformer_fitted_latent,conflation,0,0.32550335570469796,0.32550335570469796,0.5906040268456376,0.7785234899328859,nan,,,,,,,,,4168,894,894,409
/mnt/data/INR/outputs/full_suite_new_datasets/all_policy_metrics/synthetic_grf_10x__cvae__novel_generalization__s0,synthetic_grf_10x_all_policies,cvae,novel_generalization,0,0.6296296296296297,0.9444444444444444,0.5925925925925926,0.6666666666666666,4.420223712921143,,,,,,,,,34,27,27,0
/mnt/data/INR/outputs/full_suite_new_datasets/all_policy_metrics/lichess_top3_sa16__inr_transformer_history_conditioned__conflation__s1,lichess_top3_sa16_all_policies,inr_transformer_history_conditioned,conflation,1,0.7248322147651006,0.7248322147651006,0.6319910514541387,0.9228187919463087,nan,,,,,,,,,4168,894,894,409
/mnt/data/INR/outputs/full_suite_new_datasets/all_policy_metrics/dmlab_seekavoid_sa16__inr_diffusion_history_conditioned__new_policy__s0,dmlab_seekavoid_sa16_all_policies,inr_diffusion_history_conditioned,new_policy,0,1.0,1.0,1.0,1.0,nan,,,,,,,,,118,24,24,0
/mnt/data/INR/outputs/full_suite_new_datasets/all_policy_metrics/dmlab_seekavoid_sa16__inr_transformer_fitted_latent__generalization__s0,dmlab_seekavoid_sa16_all_policies,inr_transformer_fitted_latent,generalization,0,1.0,1.0,1.0,1.0,nan,,,,,,,,,84,18,18,0
/mnt/data/INR/outputs/full_suite_new_datasets/all_policy_metrics/dmlab_seekavoid_sa16__inr_transformer_history_conditioned__conflation__s0,dmlab_seekavoid_sa16_all_policies,inr_transformer_history_conditioned,conflation,0,1.0,1.0,1.0,1.0,nan,,,,,,,,,84,18,18,6
/mnt/data/INR/outputs/full_suite_new_datasets/all_policy_metrics/dmlab_seekavoid_sa16__cvae__specialization__s1,dmlab_seekavoid_sa16_all_policies,cvae,specialization,1,1.0,1.0,1.0,1.0,nan,,,,,,,,,118,12,12,12
/mnt/data/INR/outputs/full_suite_new_datasets/all_policy_metrics/lichess_top3_sa16__inr_transformer_fitted_latent__novel_generalization__s1,lichess_top3_sa16_all_policies,inr_transformer_fitted_latent,novel_generalization,1,0.3430758524704245,0.5124740124740125,0.34029227557411273,0.6520528879610299,0.006971114315092564,,,,,,,,,1924,1437,1437,0
/mnt/data/INR/outputs/full_suite_new_datasets/all_policy_metrics/lichess_top3_full__inr_diffusion_history_conditioned__new_policy__s0,lichess_top3_full_all_policies,inr_diffusion_history_conditioned,new_policy,0,0.43771746694502434,0.6538461538461539,0.42240779401530965,0.6499652052887961,4.493109703063965,,,,,,,,,4490,1437,1437,0
/mnt/data/INR/outputs/full_suite_new_datasets/all_policy_metrics/lichess_top3_sa16__inr_transformer_fitted_latent__generalization__s0,lichess_top3_sa16_all_policies,inr_transformer_fitted_latent,generalization,0,0.3312456506610995,0.3312456506610995,0.34794711203897005,0.7794015309672929,nan,,,,,,,,,2875,1437,1437,0
/mnt/data/INR/outputs/full_suite_new_datasets/all_policy_metrics/lichess_top3_sa16__inr_transformer_history_conditioned__new_policy__s1,lichess_top3_sa16_all_policies,inr_transformer_history_conditioned,new_policy,1,0.476687543493389,0.7120582120582121,0.41892832289492,0.6416144745998609,6.447261333465576,,,,,,,,,4490,1437,1437,0
/mnt/data/INR/outputs/full_suite_new_datasets/all_policy_metrics/dmlab_seekavoid_full__inr_transformer_history_conditioned__single_shift__s0,dmlab_seekavoid_full_all_policies,inr_transformer_history_conditioned,single_shift,0,1.0,1.0,1.0,1.0,nan,,,,,,,,,84,18,18,9
/mnt/data/INR/outputs/full_suite_new_datasets/all_policy_metrics/synthetic_grf_10x__cvae__no_shift__s1,synthetic_grf_10x_all_policies,cvae,no_shift,1,0.7037037037037037,0.7037037037037037,0.6296296296296297,0.8148148148148148,nan,,,,,,,,,117,27,27,0
/mnt/data/INR/outputs/full_suite_new_datasets/all_policy_metrics/dmlab_seekavoid_sa16__inr_transformer_history_conditioned__no_shift__s1,dmlab_seekavoid_sa16_all_policies,inr_transformer_history_conditioned,no_shift,1,1.0,1.0,1.0,1.0,nan,,,,,,,,,118,24,24,0
/mnt/data/INR/outputs/full_suite_new_datasets/all_policy_metrics/dmlab_seekavoid_full__cvae__generalization__s0,dmlab_seekavoid_full_all_policies,cvae,generalization,0,1.0,1.0,1.0,1.0,nan,,,,,,,,,84,18,18,0
/mnt/data/INR/outputs/full_suite_new_datasets/all_policy_metrics/lichess_top3_full__inr_transformer_history_conditioned__generalization__s1,lichess_top3_full_all_policies,inr_transformer_history_conditioned,generalization,1,0.453027139874739,0.453027139874739,0.3736951983298539,0.8733472512178149,nan,,,,,,,,,2875,1437,1437,0
/mnt/data/INR/outputs/full_suite_new_datasets/all_policy_metrics/lichess_top3_sa16__cvae__generalization__s1,lichess_top3_sa16_all_policies,cvae,generalization,1,0.44815588030619347,0.44815588030619347,0.3917884481558803,0.8886569241475296,nan,,,,,,,,,2875,1437,1437,0
/mnt/data/INR/outputs/full_suite_new_datasets/all_policy_metrics/dmlab_seekavoid_sa16__inr_transformer_history_conditioned__single_shift__s1,dmlab_seekavoid_sa16_all_policies,inr_transformer_history_conditioned,single_shift,1,1.0,1.0,1.0,1.0,nan,,,,,,,,,118,18,18,6
/mnt/data/INR/outputs/full_suite_new_datasets/all_policy_metrics/synthetic_grf_10x__cvae__single_shift__s0,synthetic_grf_10x_all_policies,cvae,single_shift,0,0.5333333333333333,0.5333333333333333,0.7333333333333333,1.0,nan,,,,,,,,,117,15,15,6
/mnt/data/INR/outputs/full_suite_new_datasets/all_policy_metrics/lichess_top3_full__inr_transformer_fitted_latent__conflation__s1,lichess_top3_full_all_policies,inr_transformer_fitted_latent,conflation,1,0.2986577181208054,0.2986577181208054,0.5906040268456376,0.7774049217002237,nan,,,,,,,,,4168,894,894,409
/mnt/data/INR/outputs/full_suite_new_datasets/all_policy_metrics/dmlab_seekavoid_full__inr_transformer_history_conditioned__single_shift__s1,dmlab_seekavoid_full_all_policies,inr_transformer_history_conditioned,single_shift,1,1.0,1.0,1.0,1.0,nan,,,,,,,,,84,18,18,9
/mnt/data/INR/outputs/full_suite_new_datasets/all_policy_metrics/lichess_top3_sa16__inr_diffusion_history_conditioned__single_shift__s0,lichess_top3_sa16_all_policies,inr_diffusion_history_conditioned,single_shift,0,0.4899328859060403,0.4899328859060403,0.4250559284116331,0.8747203579418344,nan,,,,,,,,,6710,894,894,409
/mnt/data/INR/outputs/full_suite_new_datasets/all_policy_metrics/dmlab_seekavoid_full__inr_transformer_fitted_latent__single_shift__s0,dmlab_seekavoid_full_all_policies,inr_transformer_fitted_latent,single_shift,0,1.0,1.0,1.0,1.0,nan,,,,,,,,,84,18,18,9
/mnt/data/INR/outputs/full_suite_new_datasets/all_policy_metrics/lichess_top3_sa16__cvae__no_shift__s0,lichess_top3_sa16_all_policies,cvae,no_shift,0,0.6151704940848991,0.6151704940848991,0.6457898399443285,0.9366736256089074,nan,,,,,,,,,6710,1437,1437,0
/mnt/data/INR/outputs/full_suite_new_datasets/all_policy_metrics/dmlab_seekavoid_sa16__inr_transformer_fitted_latent__conflation__s1,dmlab_seekavoid_sa16_all_policies,inr_transformer_fitted_latent,conflation,1,1.0,1.0,1.0,1.0,nan,,,,,,,,,84,18,18,9
/mnt/data/INR/outputs/full_suite_new_datasets/all_policy_metrics/dmlab_seekavoid_sa16__inr_diffusion_history_conditioned__generalization__s1,dmlab_seekavoid_sa16_all_policies,inr_diffusion_history_conditioned,generalization,1,1.0,1.0,1.0,1.0,nan,,,,,,,,,50,24,24,0
