run_dir,data,model,experiment,seed,probe_acc,probe_acc_seen,novel_mean_embed_dist,gen_mse,gen_nmse,gen_median_se,gen_rmse,gen_acc,gen_nll,finite_fraction,target_var,n_train_episodes,n_test_episodes,n_test_episodes_used,n_test_ood
outputs/suites/action_resampled_v3/runs/custom_mujoco_action_resampled_v3/custom_mujoco_action_resampled_v3_walker2d__inr_diffusion_history_conditioned__specialization__s0,custom_mujoco_action_resampled_v3_walker2d,inr_diffusion_history_conditioned,specialization,0,1.0,1.0,nan,1.154183268547058,1.4000282342589687,0.9916839003562927,1.0743292179527921,,,1.0,0.8243999944458008,358,38,38,38
outputs/suites/action_resampled_v3/runs/custom_mujoco_action_resampled_v3/custom_mujoco_action_resampled_v3_hopper__inr_transformer_history_conditioned__specialization__s1,custom_mujoco_action_resampled_v3_hopper,inr_transformer_history_conditioned,specialization,1,0.5,0.5,nan,0.6469497084617615,0.5956353136889205,0.4895145893096924,0.8043318397662507,,,1.0,1.0861506925354003,358,38,38,38
outputs/suites/action_resampled_v3/runs/custom_mujoco_action_resampled_v3/custom_mujoco_action_resampled_v3_walker2d__cvae__novel_generalization__s0,custom_mujoco_action_resampled_v3_walker2d,cvae,novel_generalization,0,0.6666666666666666,1.0,3.064703941345215,1.0690003633499146,0.9896269685159734,0.789950430393219,1.0339247377589504,,,1.0,1.0802053676376342,180,117,117,0
outputs/suites/action_resampled_v3/runs/custom_mujoco_action_resampled_v3/custom_mujoco_action_resampled_v3_humanoid__inr_diffusion_history_conditioned__generalization__s0,custom_mujoco_action_resampled_v3_humanoid,inr_diffusion_history_conditioned,generalization,0,1.0,1.0,nan,1.2472985982894897,0.9244626376991854,1.1359174251556396,1.116825231757185,,,1.0,1.3492147193679809,180,78,78,0
outputs/suites/action_resampled_v3/runs/custom_mujoco_action_resampled_v3/custom_mujoco_action_resampled_v3_hopper__inr_transformer_history_conditioned__single_shift__s1,custom_mujoco_action_resampled_v3_hopper,inr_transformer_history_conditioned,single_shift,1,1.0,1.0,nan,0.22675031423568726,0.21505177667508082,0.02230239473283291,0.47618306798508414,,,1.0,1.054398702217102,358,58,58,19
outputs/suites/action_resampled_v3/runs/custom_mujoco_action_resampled_v3/custom_mujoco_action_resampled_v3_walker2d__inr_diffusion_history_conditioned__specialization__s1,custom_mujoco_action_resampled_v3_walker2d,inr_diffusion_history_conditioned,specialization,1,0.868421052631579,0.868421052631579,nan,1.103378415107727,1.3384017740677792,0.9521942734718323,1.0504182096230659,,,1.0,0.8243999944458008,358,38,38,38
outputs/suites/action_resampled_v3/runs/custom_mujoco_action_resampled_v3/custom_mujoco_action_resampled_v3_hopper__inr_transformer_history_conditioned__new_policy__s1,custom_mujoco_action_resampled_v3_hopper,inr_transformer_history_conditioned,new_policy,1,0.6666666666666666,1.0,1.954478144645691,0.7244254946708679,0.6454008986866817,0.018236719071865082,0.8511318902913155,,,1.0,1.1224426494369506,358,117,117,0
outputs/suites/action_resampled_v3/runs/custom_mujoco_action_resampled_v3/custom_mujoco_action_resampled_v3_walker2d__cvae__new_policy__s0,custom_mujoco_action_resampled_v3_walker2d,cvae,new_policy,0,0.6666666666666666,1.0,1.7488274574279785,0.6835482120513916,0.7076790623651976,0.14187195897102356,0.8267697454862458,,,1.0,0.9659014211425782,358,117,117,0
outputs/suites/action_resampled_v3/runs/custom_mujoco_action_resampled_v3/custom_mujoco_action_resampled_v3_walker2d__inr_transformer_history_conditioned__single_shift__s0,custom_mujoco_action_resampled_v3_walker2d,inr_transformer_history_conditioned,single_shift,0,1.0,1.0,nan,0.41781115531921387,0.49707187729880753,0.10249912738800049,0.6463831335355323,,,1.0,0.8405447469482422,358,58,58,19
outputs/suites/action_resampled_v3/runs/custom_mujoco_action_resampled_v3/custom_mujoco_action_resampled_v3_walker2d__inr_transformer_history_conditioned__specialization__s0,custom_mujoco_action_resampled_v3_walker2d,inr_transformer_history_conditioned,specialization,0,1.0,1.0,nan,0.6356931328773499,0.7710979344495165,0.4668677747249603,0.7973036641564805,,,1.0,0.8243999944458008,358,38,38,38
outputs/suites/action_resampled_v3/runs/custom_mujoco_action_resampled_v3/custom_mujoco_action_resampled_v3_humanoid__inr_transformer_fitted_latent__no_shift__s1,custom_mujoco_action_resampled_v3_humanoid,inr_transformer_fitted_latent,no_shift,1,1.0,1.0,nan,0.24963393807411194,0.2507685059355949,0.1633448600769043,0.4996338039745829,,,1.0,0.995475636554718,358,78,78,0
outputs/suites/action_resampled_v3/runs/custom_mujoco_action_resampled_v3/custom_mujoco_action_resampled_v3_humanoid__inr_transformer_history_conditioned__single_shift__s1,custom_mujoco_action_resampled_v3_humanoid,inr_transformer_history_conditioned,single_shift,1,1.0,1.0,nan,0.34002116322517395,0.37500356350434433,0.1911209672689438,0.5831133365180169,,,1.0,0.9067144857177735,358,58,58,19
outputs/suites/action_resampled_v3/runs/custom_mujoco_action_resampled_v3/custom_mujoco_action_resampled_v3_humanoid__inr_transformer_history_conditioned__novel_generalization__s1,custom_mujoco_action_resampled_v3_humanoid,inr_transformer_history_conditioned,novel_generalization,1,0.6666666666666666,1.0,0.24090588092803955,0.9253785014152527,0.6992818786503642,0.7455029487609863,0.9619659564741637,,,1.0,1.3233268724212646,180,117,117,0
outputs/suites/action_resampled_v3/runs/custom_mujoco_action_resampled_v3/custom_mujoco_action_resampled_v3_hopper__inr_diffusion_history_conditioned__specialization__s1,custom_mujoco_action_resampled_v3_hopper,inr_diffusion_history_conditioned,specialization,1,0.5263157894736842,0.5263157894736842,nan,0.8216550946235657,0.75648351584215,0.5834431648254395,0.9064519262617107,,,1.0,1.0861506925354003,358,38,38,38
outputs/suites/action_resampled_v3/runs/custom_mujoco_action_resampled_v3/custom_mujoco_action_resampled_v3_halfcheetah__inr_diffusion_history_conditioned__conflation__s0,custom_mujoco_action_resampled_v3_halfcheetah,inr_diffusion_history_conditioned,conflation,0,1.0,1.0,nan,0.6120167374610901,0.6023782785216535,0.31367334723472595,0.7823149860900596,,,1.0,1.016000674797058,269,58,58,19
outputs/suites/action_resampled_v3/runs/custom_mujoco_action_resampled_v3/custom_mujoco_action_resampled_v3_halfcheetah__inr_transformer_history_conditioned__new_policy__s1,custom_mujoco_action_resampled_v3_halfcheetah,inr_transformer_history_conditioned,new_policy,1,0.6666666666666666,1.0,0.25954553484916687,0.47718045115470886,0.4477206470202221,0.12617804110050201,0.6907824919283267,,,1.0,1.06579952104187,358,117,117,0
outputs/suites/action_resampled_v3/runs/custom_mujoco_action_resampled_v3/custom_mujoco_action_resampled_v3_humanoid__cvae__conflation__s1,custom_mujoco_action_resampled_v3_humanoid,cvae,conflation,1,1.0,1.0,nan,0.22862206399440765,0.21752286477262026,0.12938173115253448,0.47814439659417496,,,1.0,1.0510254369506835,269,58,58,19
outputs/suites/action_resampled_v3/runs/custom_mujoco_action_resampled_v3/custom_mujoco_action_resampled_v3_humanoid__cvae__new_policy__s0,custom_mujoco_action_resampled_v3_humanoid,cvae,new_policy,0,0.6666666666666666,1.0,0.287396103143692,0.5424501299858093,0.5442121135615289,0.2913602590560913,0.7365121383832104,,,1.0,0.9967623220214844,358,117,117,0
outputs/suites/action_resampled_v3/runs/custom_mujoco_action_resampled_v3/custom_mujoco_action_resampled_v3_halfcheetah__inr_diffusion_history_conditioned__new_policy__s0,custom_mujoco_action_resampled_v3_halfcheetah,inr_diffusion_history_conditioned,new_policy,0,0.6666666666666666,1.0,0.29987314343452454,0.8458980321884155,0.7936746221855211,0.5900033116340637,0.9197271509466357,,,1.0,1.06579952104187,358,117,117,0
outputs/suites/action_resampled_v3/runs/custom_mujoco_action_resampled_v3/custom_mujoco_action_resampled_v3_humanoid__inr_diffusion_history_conditioned__new_policy__s1,custom_mujoco_action_resampled_v3_humanoid,inr_diffusion_history_conditioned,new_policy,1,0.6666666666666666,1.0,0.21747899055480957,0.927121102809906,0.9301325725571744,0.8925974369049072,0.9628712804990633,,,1.0,0.9967623220214844,358,117,117,0
outputs/suites/action_resampled_v3/runs/custom_mujoco_action_resampled_v3/custom_mujoco_action_resampled_v3_walker2d__inr_transformer_fitted_latent__specialization__s0,custom_mujoco_action_resampled_v3_walker2d,inr_transformer_fitted_latent,specialization,0,1.0,1.0,nan,0.44528284668922424,0.5401296090359191,0.3267846405506134,0.667295172085955,,,1.0,0.8243999944458008,358,38,38,38
outputs/suites/action_resampled_v3/runs/custom_mujoco_action_resampled_v3/custom_mujoco_action_resampled_v3_hopper__inr_transformer_fitted_latent__generalization__s1,custom_mujoco_action_resampled_v3_hopper,inr_transformer_fitted_latent,generalization,1,0.5,0.5,nan,0.6487480998039246,0.6207144274150571,0.4040297269821167,0.805449005092144,,,1.0,1.045163558555603,180,78,78,0
outputs/suites/action_resampled_v3/runs/custom_mujoco_action_resampled_v3/custom_mujoco_action_resampled_v3_humanoid__inr_diffusion_history_conditioned__no_shift__s1,custom_mujoco_action_resampled_v3_humanoid,inr_diffusion_history_conditioned,no_shift,1,1.0,1.0,nan,0.8324275016784668,0.8362108233602269,0.7667905688285828,0.9123746498442769,,,1.0,0.995475636554718,358,78,78,0
outputs/suites/action_resampled_v3/runs/custom_mujoco_action_resampled_v3/custom_mujoco_action_resampled_v3_halfcheetah__inr_diffusion_history_conditioned__no_shift__s0,custom_mujoco_action_resampled_v3_halfcheetah,inr_diffusion_history_conditioned,no_shift,0,1.0,1.0,nan,0.6995220184326172,0.682063389060759,0.3425264358520508,0.8363743291329649,,,1.0,1.0255967841873168,358,78,78,0
outputs/suites/action_resampled_v3/runs/custom_mujoco_action_resampled_v3/custom_mujoco_action_resampled_v3_walker2d__inr_transformer_history_conditioned__new_policy__s0,custom_mujoco_action_resampled_v3_walker2d,inr_transformer_history_conditioned,new_policy,0,0.6666666666666666,1.0,1.259625792503357,0.6602510213851929,0.6835594263896753,0.10312443226575851,0.8125583187594555,,,1.0,0.9659014211425782,358,117,117,0
outputs/suites/action_resampled_v3/runs/custom_mujoco_action_resampled_v3/custom_mujoco_action_resampled_v3_ant__inr_transformer_history_conditioned__specialization__s1,custom_mujoco_action_resampled_v3_ant,inr_transformer_history_conditioned,specialization,1,1.0,1.0,nan,0.39510661363601685,0.8448248832499337,0.3283066749572754,0.628575066031112,,,1.0,0.4676787124404907,358,38,38,38
outputs/suites/action_resampled_v3/runs/custom_mujoco_action_resampled_v3/custom_mujoco_action_resampled_v3_walker2d__inr_transformer_history_conditioned__conflation__s1,custom_mujoco_action_resampled_v3_walker2d,inr_transformer_history_conditioned,conflation,1,1.0,1.0,nan,0.16075018048286438,0.18915032684660352,0.027165554463863373,0.4009366290111997,,,1.0,0.8498540983924866,269,58,58,19
outputs/suites/action_resampled_v3/runs/custom_mujoco_action_resampled_v3/custom_mujoco_action_resampled_v3_halfcheetah__inr_transformer_fitted_latent__generalization__s0,custom_mujoco_action_resampled_v3_halfcheetah,inr_transformer_fitted_latent,generalization,0,1.0,1.0,nan,0.4801400601863861,0.508365583697778,0.3296312391757965,0.6929213953879517,,,1.0,0.9444779024848938,180,78,78,0
outputs/suites/action_resampled_v3/runs/custom_mujoco_action_resampled_v3/custom_mujoco_action_resampled_v3_halfcheetah__cvae__novel_generalization__s0,custom_mujoco_action_resampled_v3_halfcheetah,cvae,novel_generalization,0,0.6666666666666666,1.0,0.8167892098426819,0.7338993549346924,0.7520053516202968,0.5667992234230042,0.8566792602454505,,,1.0,0.9759230480918885,180,117,117,0
outputs/suites/action_resampled_v3/runs/custom_mujoco_action_resampled_v3/custom_mujoco_action_resampled_v3_halfcheetah__inr_transformer_fitted_latent__no_shift__s1,custom_mujoco_action_resampled_v3_halfcheetah,inr_transformer_fitted_latent,no_shift,1,1.0,1.0,nan,0.3343066871166229,0.32596308049223033,0.0011102614225819707,0.5781926038238667,,,1.0,1.0255967841873168,358,78,78,0
outputs/suites/action_resampled_v3/runs/custom_mujoco_action_resampled_v3/custom_mujoco_action_resampled_v3_humanoid__inr_diffusion_history_conditioned__specialization__s1,custom_mujoco_action_resampled_v3_humanoid,inr_diffusion_history_conditioned,specialization,1,1.0,1.0,nan,0.821495771408081,1.0160721578653051,0.7454956769943237,0.906364039118985,,,1.0,0.8085014091262818,358,38,38,38
outputs/suites/action_resampled_v3/runs/custom_mujoco_action_resampled_v3/custom_mujoco_action_resampled_v3_ant__inr_transformer_fitted_latent__specialization__s0,custom_mujoco_action_resampled_v3_ant,inr_transformer_fitted_latent,specialization,0,0.5,0.5,nan,0.4048123359680176,0.8655778533420581,0.3559667468070984,0.6362486431954237,,,1.0,0.4676787124404907,358,38,38,38
outputs/suites/action_resampled_v3/runs/custom_mujoco_action_resampled_v3/custom_mujoco_action_resampled_v3_ant__cvae__specialization__s1,custom_mujoco_action_resampled_v3_ant,cvae,specialization,1,1.0,1.0,nan,0.4574865996837616,0.9782070201494878,0.39890411496162415,0.6763775570520961,,,1.0,0.4676787124404907,358,38,38,38
outputs/suites/action_resampled_v3/runs/custom_mujoco_action_resampled_v3/custom_mujoco_action_resampled_v3_humanoid__inr_transformer_history_conditioned__generalization__s1,custom_mujoco_action_resampled_v3_humanoid,inr_transformer_history_conditioned,generalization,1,1.0,1.0,nan,0.7148098349571228,0.5297969438785582,0.4212092161178589,0.8454642718395159,,,1.0,1.3492147193679809,180,78,78,0
outputs/suites/action_resampled_v3/runs/custom_mujoco_action_resampled_v3/custom_mujoco_action_resampled_v3_walker2d__inr_transformer_fitted_latent__novel_generalization__s0,custom_mujoco_action_resampled_v3_walker2d,inr_transformer_fitted_latent,novel_generalization,0,0.3333333333333333,0.5,4.399364471435547,0.97391277551651,0.9015996445624207,0.7573580741882324,0.9868701918269241,,,1.0,1.0802053676376342,180,117,117,0
outputs/suites/action_resampled_v3/runs/custom_mujoco_action_resampled_v3/custom_mujoco_action_resampled_v3_walker2d__inr_diffusion_history_conditioned__novel_generalization__s1,custom_mujoco_action_resampled_v3_walker2d,inr_diffusion_history_conditioned,novel_generalization,1,0.6666666666666666,1.0,3.141632556915283,1.1898614168167114,1.1015140754381647,1.0122674703598022,1.090807690116233,,,1.0,1.0802053676376342,180,117,117,0
outputs/suites/action_resampled_v3/runs/custom_mujoco_action_resampled_v3/custom_mujoco_action_resampled_v3_walker2d__cvae__new_policy__s1,custom_mujoco_action_resampled_v3_walker2d,cvae,new_policy,1,0.6666666666666666,1.0,2.540290355682373,0.6893859505653381,0.7137228866998186,0.15440894663333893,0.8302926896976379,,,1.0,0.9659014211425782,358,117,117,0
outputs/suites/action_resampled_v3/runs/custom_mujoco_action_resampled_v3/custom_mujoco_action_resampled_v3_humanoid__inr_transformer_fitted_latent__specialization__s0,custom_mujoco_action_resampled_v3_humanoid,inr_transformer_fitted_latent,specialization,0,0.5789473684210527,0.5789473684210527,nan,0.48029062151908875,0.5940504445602902,0.4022068679332733,0.6930300293054326,,,1.0,0.8085014091262818,358,38,38,38
outputs/suites/action_resampled_v3/runs/custom_mujoco_action_resampled_v3/custom_mujoco_action_resampled_v3_halfcheetah__inr_transformer_fitted_latent__new_policy__s0,custom_mujoco_action_resampled_v3_halfcheetah,inr_transformer_fitted_latent,new_policy,0,0.6666666666666666,1.0,1.2373186349868774,0.5117577910423279,0.4801632773695189,0.12729287147521973,0.715372484124409,,,1.0,1.06579952104187,358,117,117,0
outputs/suites/action_resampled_v3/runs/custom_mujoco_action_resampled_v3/custom_mujoco_action_resampled_v3_hopper__inr_transformer_history_conditioned__generalization__s0,custom_mujoco_action_resampled_v3_hopper,inr_transformer_history_conditioned,generalization,0,1.0,1.0,nan,0.6777781248092651,0.6484900083446673,0.4501855671405792,0.8232728131119509,,,1.0,1.045163558555603,180,78,78,0
outputs/suites/action_resampled_v3/runs/custom_mujoco_action_resampled_v3/custom_mujoco_action_resampled_v3_humanoid__inr_diffusion_history_conditioned__single_shift__s1,custom_mujoco_action_resampled_v3_humanoid,inr_diffusion_history_conditioned,single_shift,1,1.0,1.0,nan,0.8298600316047668,0.9152385284192663,0.7567750215530396,0.9109665370389666,,,1.0,0.9067144857177735,358,58,58,19
outputs/suites/action_resampled_v3/runs/custom_mujoco_action_resampled_v3/custom_mujoco_action_resampled_v3_halfcheetah__cvae__new_policy__s0,custom_mujoco_action_resampled_v3_halfcheetah,cvae,new_policy,0,0.6666666666666666,1.0,0.30278241634368896,0.581852912902832,0.545930919854461,0.15421901643276215,0.7627928374747839,,,1.0,1.06579952104187,358,117,117,0
outputs/suites/action_resampled_v3/runs/custom_mujoco_action_resampled_v3/custom_mujoco_action_resampled_v3_hopper__inr_diffusion_history_conditioned__generalization__s0,custom_mujoco_action_resampled_v3_hopper,inr_diffusion_history_conditioned,generalization,0,1.0,1.0,nan,0.905390202999115,0.8662665241125971,0.7546668648719788,0.9515199435635151,,,1.0,1.045163558555603,180,78,78,0
outputs/suites/action_resampled_v3/runs/custom_mujoco_action_resampled_v3/custom_mujoco_action_resampled_v3_ant__inr_transformer_history_conditioned__conflation__s1,custom_mujoco_action_resampled_v3_ant,inr_transformer_history_conditioned,conflation,1,1.0,1.0,nan,0.286618709564209,0.32094617935915426,0.2082078605890274,0.5353678264186306,,,1.0,0.8930429087409973,269,58,58,19
outputs/suites/action_resampled_v3/runs/custom_mujoco_action_resampled_v3/custom_mujoco_action_resampled_v3_hopper__inr_transformer_history_conditioned__novel_generalization__s1,custom_mujoco_action_resampled_v3_hopper,inr_transformer_history_conditioned,novel_generalization,1,0.6666666666666666,1.0,1.7531695365905762,0.9297956228256226,0.8173217340002911,0.7261534333229065,0.9642591056482809,,,1.0,1.1376127467880248,180,117,117,0
outputs/suites/action_resampled_v3/runs/custom_mujoco_action_resampled_v3/custom_mujoco_action_resampled_v3_humanoid__inr_transformer_history_conditioned__specialization__s0,custom_mujoco_action_resampled_v3_humanoid,inr_transformer_history_conditioned,specialization,0,1.0,1.0,nan,0.49775105714797974,0.6156464930418382,0.4206749200820923,0.7055147462299989,,,1.0,0.8085014091262818,358,38,38,38
outputs/suites/action_resampled_v3/runs/custom_mujoco_action_resampled_v3/custom_mujoco_action_resampled_v3_halfcheetah__inr_diffusion_history_conditioned__novel_generalization__s0,custom_mujoco_action_resampled_v3_halfcheetah,inr_diffusion_history_conditioned,novel_generalization,0,0.6666666666666666,1.0,0.6646852493286133,0.9492354989051819,0.9726540435345945,0.7595019340515137,0.9742871747617239,,,1.0,0.9759230480918885,180,117,117,0
outputs/suites/action_resampled_v3/runs/custom_mujoco_action_resampled_v3/custom_mujoco_action_resampled_v3_hopper__inr_transformer_fitted_latent__no_shift__s0,custom_mujoco_action_resampled_v3_hopper,inr_transformer_fitted_latent,no_shift,0,1.0,1.0,nan,0.05434362217783928,0.0529009621832852,0.004580690059810877,0.23311718550514304,,,1.0,1.027270959449768,358,78,78,0
outputs/suites/action_resampled_v3/runs/custom_mujoco_action_resampled_v3/custom_mujoco_action_resampled_v3_hopper__cvae__single_shift__s1,custom_mujoco_action_resampled_v3_hopper,cvae,single_shift,1,1.0,1.0,nan,0.27743831276893616,0.26312467208614915,0.028440317139029503,0.526724133459761,,,1.0,1.054398702217102,358,58,58,19
outputs/suites/action_resampled_v3/runs/custom_mujoco_action_resampled_v3/custom_mujoco_action_resampled_v3_hopper__inr_diffusion_history_conditioned__no_shift__s1,custom_mujoco_action_resampled_v3_hopper,inr_diffusion_history_conditioned,no_shift,1,1.0,1.0,nan,0.3845099210739136,0.37430233721380257,0.18900971114635468,0.6200886396910635,,,1.0,1.027270959449768,358,78,78,0
outputs/suites/action_resampled_v3/runs/custom_mujoco_action_resampled_v3/custom_mujoco_action_resampled_v3_halfcheetah__cvae__specialization__s1,custom_mujoco_action_resampled_v3_halfcheetah,cvae,specialization,1,0.8421052631578947,0.8421052631578947,nan,0.5524934530258179,0.49281900722149524,0.389040470123291,0.7432990333814634,,,1.0,1.1210879550704955,358,38,38,38
outputs/suites/action_resampled_v3/runs/custom_mujoco_action_resampled_v3/custom_mujoco_action_resampled_v3_humanoid__inr_transformer_fitted_latent__novel_generalization__s0,custom_mujoco_action_resampled_v3_humanoid,inr_transformer_fitted_latent,novel_generalization,0,0.6666666666666666,1.0,6.460487365722656,0.9154068231582642,0.6917465686186534,0.7658578753471375,0.956768949725201,,,1.0,1.3233268724212646,180,117,117,0
outputs/suites/action_resampled_v3/runs/custom_mujoco_action_resampled_v3/custom_mujoco_action_resampled_v3_humanoid__cvae__no_shift__s0,custom_mujoco_action_resampled_v3_humanoid,cvae,no_shift,0,1.0,1.0,nan,0.22832836210727692,0.22936609769527638,0.12206463515758514,0.4778371711234664,,,1.0,0.995475636554718,358,78,78,0
outputs/suites/action_resampled_v3/runs/custom_mujoco_action_resampled_v3/custom_mujoco_action_resampled_v3_humanoid__inr_transformer_fitted_latent__specialization__s1,custom_mujoco_action_resampled_v3_humanoid,inr_transformer_fitted_latent,specialization,1,1.0,1.0,nan,0.45366501808166504,0.5611184012306477,0.3751939535140991,0.673546596815443,,,1.0,0.8085014091262818,358,38,38,38
outputs/suites/action_resampled_v3/runs/custom_mujoco_action_resampled_v3/custom_mujoco_action_resampled_v3_halfcheetah__inr_transformer_history_conditioned__single_shift__s0,custom_mujoco_action_resampled_v3_halfcheetah,inr_transformer_history_conditioned,single_shift,0,1.0,1.0,nan,0.4081261456012726,0.36523950374951947,0.1148274838924408,0.6388475135752448,,,1.0,1.1174206004867553,358,58,58,19
outputs/suites/action_resampled_v3/runs/custom_mujoco_action_resampled_v3/custom_mujoco_action_resampled_v3_halfcheetah__cvae__conflation__s0,custom_mujoco_action_resampled_v3_halfcheetah,cvae,conflation,0,1.0,1.0,nan,0.2549484074115753,0.25093330519932994,0.014031521044671535,0.5049241600592859,,,1.0,1.016000674797058,269,58,58,19
outputs/suites/action_resampled_v3/runs/custom_mujoco_action_resampled_v3/custom_mujoco_action_resampled_v3_ant__cvae__no_shift__s1,custom_mujoco_action_resampled_v3_ant,cvae,no_shift,1,1.0,1.0,nan,0.2628251910209656,0.27901696771671053,0.17334136366844177,0.5126647940135597,,,1.0,0.9419684873352051,358,78,78,0
outputs/suites/action_resampled_v3/runs/custom_mujoco_action_resampled_v3/custom_mujoco_action_resampled_v3_ant__inr_transformer_fitted_latent__new_policy__s0,custom_mujoco_action_resampled_v3_ant,inr_transformer_fitted_latent,new_policy,0,0.3333333333333333,0.5,6.025132179260254,0.8509838581085205,0.874836828013845,0.3222252130508423,0.922487863393617,,,1.0,0.9727343784103394,358,117,117,0
outputs/suites/action_resampled_v3/runs/custom_mujoco_action_resampled_v3/custom_mujoco_action_resampled_v3_halfcheetah__cvae__novel_generalization__s1,custom_mujoco_action_resampled_v3_halfcheetah,cvae,novel_generalization,1,0.6666666666666666,1.0,0.6035104990005493,0.7518430352210999,0.7703917196044229,0.5692315697669983,0.8670888277570528,,,1.0,0.9759230480918885,180,117,117,0
outputs/suites/action_resampled_v3/runs/custom_mujoco_action_resampled_v3/custom_mujoco_action_resampled_v3_walker2d__inr_transformer_fitted_latent__conflation__s1,custom_mujoco_action_resampled_v3_walker2d,inr_transformer_fitted_latent,conflation,1,0.3275862068965517,0.3275862068965517,nan,0.18920697271823883,0.22263465349655548,0.039883095771074295,0.4349792784929402,,,1.0,0.8498540983924866,269,58,58,19
outputs/suites/action_resampled_v3/runs/custom_mujoco_action_resampled_v3/custom_mujoco_action_resampled_v3_halfcheetah__inr_diffusion_history_conditioned__single_shift__s0,custom_mujoco_action_resampled_v3_halfcheetah,inr_diffusion_history_conditioned,single_shift,0,0.7068965517241379,0.7068965517241379,nan,1.025633454322815,0.9178580150357374,0.8101038336753845,1.012735629037912,,,1.0,1.1174206004867553,358,58,58,19
outputs/suites/action_resampled_v3/runs/custom_mujoco_action_resampled_v3/custom_mujoco_action_resampled_v3_walker2d__inr_transformer_history_conditioned__no_shift__s0,custom_mujoco_action_resampled_v3_walker2d,inr_transformer_history_conditioned,no_shift,0,1.0,1.0,nan,0.18189772963523865,0.21024152689524533,0.029763473197817802,0.42649470059455447,,,1.0,0.8651845918426514,358,78,78,0
outputs/suites/action_resampled_v3/runs/custom_mujoco_action_resampled_v3/custom_mujoco_action_resampled_v3_hopper__inr_diffusion_history_conditioned__new_policy__s1,custom_mujoco_action_resampled_v3_hopper,inr_diffusion_history_conditioned,new_policy,1,0.6666666666666666,1.0,5.220436096191406,0.8990558385848999,0.8009815370396804,0.487635999917984,0.9481855507151012,,,1.0,1.1224426494369506,358,117,117,0
outputs/suites/action_resampled_v3/runs/custom_mujoco_action_resampled_v3/custom_mujoco_action_resampled_v3_hopper__inr_transformer_fitted_latent__specialization__s0,custom_mujoco_action_resampled_v3_hopper,inr_transformer_fitted_latent,specialization,0,0.5,0.5,nan,0.685127854347229,0.6307852667735596,0.47809454798698425,0.827724503894399,,,1.0,1.0861506925354003,358,38,38,38
outputs/suites/action_resampled_v3/runs/custom_mujoco_action_resampled_v3/custom_mujoco_action_resampled_v3_halfcheetah__inr_transformer_fitted_latent__specialization__s0,custom_mujoco_action_resampled_v3_halfcheetah,inr_transformer_fitted_latent,specialization,0,0.9210526315789473,0.9210526315789473,nan,0.495818555355072,0.4422655270824797,0.368325799703598,0.7041438456416927,,,1.0,1.1210879550704955,358,38,38,38
outputs/suites/action_resampled_v3/runs/custom_mujoco_action_resampled_v3/custom_mujoco_action_resampled_v3_humanoid__inr_diffusion_history_conditioned__conflation__s1,custom_mujoco_action_resampled_v3_humanoid,inr_diffusion_history_conditioned,conflation,1,1.0,1.0,nan,0.8945322632789612,0.8511042947488003,0.7772465944290161,0.9457971575760635,,,1.0,1.0510254369506835,269,58,58,19
outputs/suites/action_resampled_v3/runs/custom_mujoco_action_resampled_v3/custom_mujoco_action_resampled_v3_ant__cvae__single_shift__s0,custom_mujoco_action_resampled_v3_ant,cvae,single_shift,0,1.0,1.0,nan,0.2669106125831604,0.3588439658906163,0.19034552574157715,0.5166339251183185,,,1.0,0.7438068853149414,358,58,58,19
outputs/suites/action_resampled_v3/runs/custom_mujoco_action_resampled_v3/custom_mujoco_action_resampled_v3_halfcheetah__inr_transformer_fitted_latent__single_shift__s0,custom_mujoco_action_resampled_v3_halfcheetah,inr_transformer_fitted_latent,single_shift,0,0.9482758620689655,0.9482758620689655,nan,0.4330577850341797,0.38755128091028307,0.10991218686103821,0.6580712613647398,,,1.0,1.1174206004867553,358,58,58,19
outputs/suites/action_resampled_v3/runs/custom_mujoco_action_resampled_v3/custom_mujoco_action_resampled_v3_walker2d__cvae__conflation__s1,custom_mujoco_action_resampled_v3_walker2d,cvae,conflation,1,1.0,1.0,nan,0.1944579929113388,0.22881338488472244,0.03622519597411156,0.4409739140939505,,,1.0,0.8498540983924866,269,58,58,19
outputs/suites/action_resampled_v3/runs/custom_mujoco_action_resampled_v3/custom_mujoco_action_resampled_v3_ant__inr_transformer_fitted_latent__generalization__s1,custom_mujoco_action_resampled_v3_ant,inr_transformer_fitted_latent,generalization,1,0.9487179487179487,0.9487179487179487,nan,1.3611341714859009,0.628972911664231,1.0786640644073486,1.1666765496425737,,,1.0,2.164058493209839,180,78,78,0
outputs/suites/action_resampled_v3/runs/custom_mujoco_action_resampled_v3/custom_mujoco_action_resampled_v3_halfcheetah__cvae__generalization__s1,custom_mujoco_action_resampled_v3_halfcheetah,cvae,generalization,1,1.0,1.0,nan,0.6941460371017456,0.7349521203995008,0.532688558101654,0.8331542696894408,,,1.0,0.9444779024848938,180,78,78,0
outputs/suites/action_resampled_v3/runs/custom_mujoco_action_resampled_v3/custom_mujoco_action_resampled_v3_hopper__cvae__generalization__s0,custom_mujoco_action_resampled_v3_hopper,cvae,generalization,0,1.0,1.0,nan,0.8001940846443176,0.7656161354785191,0.4812137186527252,0.8945356810347577,,,1.0,1.045163558555603,180,78,78,0
outputs/suites/action_resampled_v3/runs/custom_mujoco_action_resampled_v3/custom_mujoco_action_resampled_v3_hopper__cvae__specialization__s1,custom_mujoco_action_resampled_v3_hopper,cvae,specialization,1,0.868421052631579,0.868421052631579,nan,0.751268208026886,0.6916795369095622,0.4944320619106293,0.8667572947641606,,,1.0,1.0861506925354003,358,38,38,38
outputs/suites/action_resampled_v3/runs/custom_mujoco_action_resampled_v3/custom_mujoco_action_resampled_v3_humanoid__inr_diffusion_history_conditioned__new_policy__s0,custom_mujoco_action_resampled_v3_humanoid,inr_diffusion_history_conditioned,new_policy,0,0.6666666666666666,1.0,0.2838151454925537,0.9182674288749695,0.921250140166491,0.8791873455047607,0.9582627139125103,,,1.0,0.9967623220214844,358,117,117,0
outputs/suites/action_resampled_v3/runs/custom_mujoco_action_resampled_v3/custom_mujoco_action_resampled_v3_humanoid__cvae__conflation__s0,custom_mujoco_action_resampled_v3_humanoid,cvae,conflation,0,1.0,1.0,nan,0.23302379250526428,0.22171089710381414,0.1293513923883438,0.48272538000944626,,,1.0,1.0510254369506835,269,58,58,19
outputs/suites/action_resampled_v3/runs/custom_mujoco_action_resampled_v3/custom_mujoco_action_resampled_v3_ant__cvae__new_policy__s0,custom_mujoco_action_resampled_v3_ant,cvae,new_policy,0,0.6666666666666666,1.0,0.9827811121940613,0.8371787071228027,0.8606447203921544,0.25805485248565674,0.9149747029961007,,,1.0,0.9727343784103394,358,117,117,0
outputs/suites/action_resampled_v3/runs/custom_mujoco_action_resampled_v3/custom_mujoco_action_resampled_v3_walker2d__inr_diffusion_history_conditioned__single_shift__s1,custom_mujoco_action_resampled_v3_walker2d,inr_diffusion_history_conditioned,single_shift,1,1.0,1.0,nan,1.1042038202285767,1.3136764273854533,0.9582709670066833,1.0508110297425397,,,1.0,0.8405447469482422,358,58,58,19
outputs/suites/action_resampled_v3/runs/custom_mujoco_action_resampled_v3/custom_mujoco_action_resampled_v3_walker2d__inr_transformer_history_conditioned__new_policy__s1,custom_mujoco_action_resampled_v3_walker2d,inr_transformer_history_conditioned,new_policy,1,0.6666666666666666,1.0,0.7679133415222168,0.6616641879081726,0.6850224809955046,0.12053144723176956,0.813427432478259,,,1.0,0.9659014211425782,358,117,117,0
outputs/suites/action_resampled_v3/runs/custom_mujoco_action_resampled_v3/custom_mujoco_action_resampled_v3_ant__cvae__no_shift__s0,custom_mujoco_action_resampled_v3_ant,cvae,no_shift,0,1.0,1.0,nan,0.23209108412265778,0.2463894357859413,0.1513814777135849,0.4817583254315983,,,1.0,0.9419684873352051,358,78,78,0
outputs/suites/action_resampled_v3/runs/custom_mujoco_action_resampled_v3/custom_mujoco_action_resampled_v3_halfcheetah__inr_transformer_history_conditioned__specialization__s0,custom_mujoco_action_resampled_v3_halfcheetah,inr_transformer_history_conditioned,specialization,0,1.0,1.0,nan,0.5385652780532837,0.4803952050483122,0.39779219031333923,0.7338700689177095,,,1.0,1.1210879550704955,358,38,38,38
outputs/suites/action_resampled_v3/runs/custom_mujoco_action_resampled_v3/custom_mujoco_action_resampled_v3_ant__cvae__novel_generalization__s0,custom_mujoco_action_resampled_v3_ant,cvae,novel_generalization,0,0.5982905982905983,0.8974358974358975,0.9178924560546875,3.349762439727783,1.5072015356532615,1.6875026226043701,1.8302356241008377,,,1.0,2.222504662109375,180,117,117,0
outputs/suites/action_resampled_v3/runs/custom_mujoco_action_resampled_v3/custom_mujoco_action_resampled_v3_walker2d__inr_transformer_fitted_latent__new_policy__s1,custom_mujoco_action_resampled_v3_walker2d,inr_transformer_fitted_latent,new_policy,1,0.6666666666666666,1.0,5.991888046264648,0.6543847918510437,0.6774861052352142,0.14225848019123077,0.8089405366595518,,,1.0,0.9659014211425782,358,117,117,0
outputs/suites/action_resampled_v3/runs/custom_mujoco_action_resampled_v3/custom_mujoco_action_resampled_v3_walker2d__cvae__specialization__s0,custom_mujoco_action_resampled_v3_walker2d,cvae,specialization,0,1.0,1.0,nan,0.6049765348434448,0.733838596457218,0.3937394917011261,0.7778023751850112,,,1.0,0.8243999944458008,358,38,38,38
outputs/suites/action_resampled_v3/runs/custom_mujoco_action_resampled_v3/custom_mujoco_action_resampled_v3_walker2d__cvae__generalization__s1,custom_mujoco_action_resampled_v3_walker2d,cvae,generalization,1,1.0,1.0,nan,0.7495326399803162,0.758674888083003,0.5137922167778015,0.8657555313021777,,,1.0,0.9879497156867981,180,78,78,0
outputs/suites/action_resampled_v3/runs/custom_mujoco_action_resampled_v3/custom_mujoco_action_resampled_v3_halfcheetah__inr_transformer_history_conditioned__generalization__s1,custom_mujoco_action_resampled_v3_halfcheetah,inr_transformer_history_conditioned,generalization,1,1.0,1.0,nan,0.49625226855278015,0.5254249646785328,0.3720008432865143,0.7044517503369412,,,1.0,0.9444779024848938,180,78,78,0
outputs/suites/action_resampled_v3/runs/custom_mujoco_action_resampled_v3/custom_mujoco_action_resampled_v3_ant__inr_transformer_fitted_latent__no_shift__s1,custom_mujoco_action_resampled_v3_ant,inr_transformer_fitted_latent,no_shift,1,1.0,1.0,nan,0.24112294614315033,0.2559777204705419,0.16646261513233185,0.4910427131555363,,,1.0,0.9419684873352051,358,78,78,0
outputs/suites/action_resampled_v3/runs/custom_mujoco_action_resampled_v3/custom_mujoco_action_resampled_v3_ant__inr_diffusion_history_conditioned__generalization__s0,custom_mujoco_action_resampled_v3_ant,inr_diffusion_history_conditioned,generalization,0,0.5256410256410257,0.5256410256410257,nan,2.5032224655151367,1.1567258802705618,2.238165855407715,1.582157534986683,,,1.0,2.164058493209839,180,78,78,0
outputs/suites/action_resampled_v3/runs/custom_mujoco_action_resampled_v3/custom_mujoco_action_resampled_v3_ant__cvae__generalization__s0,custom_mujoco_action_resampled_v3_ant,cvae,generalization,0,0.8974358974358975,0.8974358974358975,nan,2.6570563316345215,1.2278116973138946,1.1503467559814453,1.630047953783729,,,1.0,2.164058493209839,180,78,78,0
outputs/suites/action_resampled_v3/runs/custom_mujoco_action_resampled_v3/custom_mujoco_action_resampled_v3_humanoid__inr_transformer_history_conditioned__no_shift__s0,custom_mujoco_action_resampled_v3_humanoid,inr_transformer_history_conditioned,no_shift,0,1.0,1.0,nan,0.2299940139055252,0.2310393197582623,0.1525057852268219,0.4795769113557545,,,1.0,0.995475636554718,358,78,78,0
outputs/suites/action_resampled_v3/runs/custom_mujoco_action_resampled_v3/custom_mujoco_action_resampled_v3_hopper__inr_transformer_history_conditioned__single_shift__s0,custom_mujoco_action_resampled_v3_hopper,inr_transformer_history_conditioned,single_shift,0,1.0,1.0,nan,0.2524559497833252,0.23943120306624222,0.01713574305176735,0.5024499475403746,,,1.0,1.054398702217102,358,58,58,19
outputs/suites/action_resampled_v3/runs/custom_mujoco_action_resampled_v3/custom_mujoco_action_resampled_v3_humanoid__inr_diffusion_history_conditioned__conflation__s0,custom_mujoco_action_resampled_v3_humanoid,inr_diffusion_history_conditioned,conflation,0,1.0,1.0,nan,0.8929710388183594,0.8496188649906669,0.7842928171157837,0.944971448678932,,,1.0,1.0510254369506835,269,58,58,19
outputs/suites/action_resampled_v3/runs/custom_mujoco_action_resampled_v3/custom_mujoco_action_resampled_v3_ant__inr_diffusion_history_conditioned__new_policy__s0,custom_mujoco_action_resampled_v3_ant,inr_diffusion_history_conditioned,new_policy,0,0.6666666666666666,1.0,1.7541818618774414,1.1053050756454468,1.1362866371102838,0.9585025310516357,1.0513349017536928,,,1.0,0.9727343784103394,358,117,117,0
outputs/suites/action_resampled_v3/runs/custom_mujoco_action_resampled_v3/custom_mujoco_action_resampled_v3_hopper__inr_transformer_history_conditioned__novel_generalization__s0,custom_mujoco_action_resampled_v3_hopper,inr_transformer_history_conditioned,novel_generalization,0,0.6666666666666666,1.0,1.2058459520339966,0.961536169052124,0.8452227454087153,0.705798327922821,0.9805795067469665,,,1.0,1.1376127467880248,180,117,117,0
outputs/suites/action_resampled_v3/runs/custom_mujoco_action_resampled_v3/custom_mujoco_action_resampled_v3_ant__inr_transformer_history_conditioned__new_policy__s1,custom_mujoco_action_resampled_v3_ant,inr_transformer_history_conditioned,new_policy,1,0.6666666666666666,1.0,2.895693063735962,0.8558269143104553,0.8798156344685417,0.3235209286212921,0.9251091364322673,,,1.0,0.9727343784103394,358,117,117,0
outputs/suites/action_resampled_v3/runs/custom_mujoco_action_resampled_v3/custom_mujoco_action_resampled_v3_hopper__inr_transformer_fitted_latent__specialization__s1,custom_mujoco_action_resampled_v3_hopper,inr_transformer_fitted_latent,specialization,1,0.9736842105263158,0.9736842105263158,nan,0.5595821738243103,0.51519754825003,0.36452433466911316,0.748052253405008,,,1.0,1.0861506925354003,358,38,38,38
outputs/suites/action_resampled_v3/runs/custom_mujoco_action_resampled_v3/custom_mujoco_action_resampled_v3_humanoid__cvae__new_policy__s1,custom_mujoco_action_resampled_v3_humanoid,cvae,new_policy,1,0.6666666666666666,1.0,0.2598651647567749,0.5375676155090332,0.5393137397276604,0.2247442603111267,0.7331900268750478,,,1.0,0.9967623220214844,358,117,117,0
outputs/suites/action_resampled_v3/runs/custom_mujoco_action_resampled_v3/custom_mujoco_action_resampled_v3_halfcheetah__inr_transformer_fitted_latent__conflation__s0,custom_mujoco_action_resampled_v3_halfcheetah,inr_transformer_fitted_latent,conflation,0,1.0,1.0,nan,0.21250909566879272,0.2091623568175686,0.016650689765810966,0.4609870883970534,,,1.0,1.016000674797058,269,58,58,19
outputs/suites/action_resampled_v3/runs/custom_mujoco_action_resampled_v3/custom_mujoco_action_resampled_v3_ant__inr_transformer_fitted_latent__conflation__s1,custom_mujoco_action_resampled_v3_ant,inr_transformer_fitted_latent,conflation,1,0.3275862068965517,0.3275862068965517,nan,0.30898502469062805,0.34599124148047034,0.20778673887252808,0.5558642142561689,,,1.0,0.8930429087409973,269,58,58,19
outputs/suites/action_resampled_v3/runs/custom_mujoco_action_resampled_v3/custom_mujoco_action_resampled_v3_ant__inr_transformer_history_conditioned__novel_generalization__s1,custom_mujoco_action_resampled_v3_ant,inr_transformer_history_conditioned,novel_generalization,1,0.6666666666666666,1.0,0.6451518535614014,2.279505491256714,1.0256471134207832,1.9038358926773071,1.5098031299665244,,,1.0,2.222504662109375,180,117,117,0
outputs/suites/action_resampled_v3/runs/custom_mujoco_action_resampled_v3/custom_mujoco_action_resampled_v3_ant__inr_diffusion_history_conditioned__specialization__s0,custom_mujoco_action_resampled_v3_ant,inr_diffusion_history_conditioned,specialization,0,1.0,1.0,nan,0.6769891381263733,1.4475517489210419,0.5824593305587769,0.8227934966480795,,,1.0,0.4676787124404907,358,38,38,38
outputs/suites/action_resampled_v3/runs/custom_mujoco_action_resampled_v3/custom_mujoco_action_resampled_v3_ant__inr_transformer_history_conditioned__specialization__s0,custom_mujoco_action_resampled_v3_ant,inr_transformer_history_conditioned,specialization,0,0.9736842105263158,0.9736842105263158,nan,0.3762158751487732,0.8044323274531004,0.31971439719200134,0.6133643901864316,,,1.0,0.4676787124404907,358,38,38,38
outputs/suites/action_resampled_v3/runs/custom_mujoco_action_resampled_v3/custom_mujoco_action_resampled_v3_halfcheetah__inr_diffusion_history_conditioned__specialization__s1,custom_mujoco_action_resampled_v3_halfcheetah,inr_diffusion_history_conditioned,specialization,1,0.9210526315789473,0.9210526315789473,nan,1.2272510528564453,1.0946964930858383,0.9659748077392578,1.1078136363380102,,,1.0,1.1210879550704955,358,38,38,38
outputs/suites/action_resampled_v3/runs/custom_mujoco_action_resampled_v3/custom_mujoco_action_resampled_v3_humanoid__cvae__single_shift__s0,custom_mujoco_action_resampled_v3_humanoid,cvae,single_shift,0,1.0,1.0,nan,0.2808259427547455,0.30971816065388874,0.18368972837924957,0.5299301300688096,,,1.0,0.9067144857177735,358,58,58,19
outputs/suites/action_resampled_v3/runs/custom_mujoco_action_resampled_v3/custom_mujoco_action_resampled_v3_walker2d__inr_transformer_history_conditioned__conflation__s0,custom_mujoco_action_resampled_v3_walker2d,inr_transformer_history_conditioned,conflation,0,1.0,1.0,nan,0.16251859068870544,0.19123116661567216,0.02086869813501835,0.40313594566685,,,1.0,0.8498540983924866,269,58,58,19
outputs/suites/action_resampled_v3/runs/custom_mujoco_action_resampled_v3/custom_mujoco_action_resampled_v3_ant__inr_transformer_history_conditioned__single_shift__s0,custom_mujoco_action_resampled_v3_ant,inr_transformer_history_conditioned,single_shift,0,0.9827586206896551,0.9827586206896551,nan,0.2829362452030182,0.3803893870694916,0.20374220609664917,0.5319175172928771,,,1.0,0.7438068853149414,358,58,58,19
outputs/suites/action_resampled_v3/runs/custom_mujoco_action_resampled_v3/custom_mujoco_action_resampled_v3_humanoid__inr_transformer_fitted_latent__new_policy__s0,custom_mujoco_action_resampled_v3_humanoid,inr_transformer_fitted_latent,new_policy,0,0.6666666666666666,1.0,6.241321563720703,0.5685895681381226,0.5704364576953452,0.3505762815475464,0.7540487836593349,,,1.0,0.9967623220214844,358,117,117,0
outputs/suites/action_resampled_v3/runs/custom_mujoco_action_resampled_v3/custom_mujoco_action_resampled_v3_ant__inr_transformer_history_conditioned__new_policy__s0,custom_mujoco_action_resampled_v3_ant,inr_transformer_history_conditioned,new_policy,0,0.6666666666666666,1.0,2.1702940464019775,0.8246716856956482,0.8477871287363586,0.36016222834587097,0.9081143571685497,,,1.0,0.9727343784103394,358,117,117,0
outputs/suites/action_resampled_v3/runs/custom_mujoco_action_resampled_v3/custom_mujoco_action_resampled_v3_halfcheetah__cvae__no_shift__s1,custom_mujoco_action_resampled_v3_halfcheetah,cvae,no_shift,1,1.0,1.0,nan,0.39006808400154114,0.3803327877150387,0.002735348418354988,0.6245543082883515,,,1.0,1.0255967841873168,358,78,78,0
outputs/suites/action_resampled_v3/runs/custom_mujoco_action_resampled_v3/custom_mujoco_action_resampled_v3_walker2d__inr_transformer_fitted_latent__new_policy__s0,custom_mujoco_action_resampled_v3_walker2d,inr_transformer_fitted_latent,new_policy,0,0.6666666666666666,1.0,0.9351717829704285,0.642065703868866,0.6647321246399633,0.12307213991880417,0.8012900248155258,,,1.0,0.9659014211425782,358,117,117,0
outputs/suites/action_resampled_v3/runs/custom_mujoco_action_resampled_v3/custom_mujoco_action_resampled_v3_walker2d__inr_diffusion_history_conditioned__generalization__s1,custom_mujoco_action_resampled_v3_walker2d,inr_diffusion_history_conditioned,generalization,1,1.0,1.0,nan,0.9833940267562866,0.9953887441251557,0.8367152214050293,0.9916622543771073,,,1.0,0.9879497156867981,180,78,78,0
outputs/suites/action_resampled_v3/runs/custom_mujoco_action_resampled_v3/custom_mujoco_action_resampled_v3_walker2d__inr_transformer_history_conditioned__no_shift__s1,custom_mujoco_action_resampled_v3_walker2d,inr_transformer_history_conditioned,no_shift,1,1.0,1.0,nan,0.18638959527015686,0.2154333272084612,0.03259242698550224,0.43172861298523735,,,1.0,0.8651845918426514,358,78,78,0
outputs/suites/action_resampled_v3/runs/custom_mujoco_action_resampled_v3/custom_mujoco_action_resampled_v3_hopper__inr_transformer_history_conditioned__conflation__s0,custom_mujoco_action_resampled_v3_hopper,inr_transformer_history_conditioned,conflation,0,1.0,1.0,nan,0.07310395687818527,0.07240385861200622,0.009976642206311226,0.2703774341142124,,,1.0,1.0096693502197265,269,58,58,19
outputs/suites/action_resampled_v3/runs/custom_mujoco_action_resampled_v3/custom_mujoco_action_resampled_v3_halfcheetah__inr_diffusion_history_conditioned__novel_generalization__s1,custom_mujoco_action_resampled_v3_halfcheetah,inr_diffusion_history_conditioned,novel_generalization,1,0.6666666666666666,1.0,0.5283039212226868,0.9513351917266846,0.9748055377795639,0.7548131346702576,0.9753641328891915,,,1.0,0.9759230480918885,180,117,117,0
outputs/suites/action_resampled_v3/runs/custom_mujoco_action_resampled_v3/custom_mujoco_action_resampled_v3_humanoid__cvae__specialization__s0,custom_mujoco_action_resampled_v3_humanoid,cvae,specialization,0,1.0,1.0,nan,0.41223445534706116,0.5098747518480494,0.3096848130226135,0.6420548694208783,,,1.0,0.8085014091262818,358,38,38,38
outputs/suites/action_resampled_v3/runs/custom_mujoco_action_resampled_v3/custom_mujoco_action_resampled_v3_halfcheetah__cvae__new_policy__s1,custom_mujoco_action_resampled_v3_halfcheetah,cvae,new_policy,1,0.6666666666666666,1.0,0.31716689467430115,0.5687658190727234,0.5336517870797386,0.13915306329727173,0.7541656443200813,,,1.0,1.06579952104187,358,117,117,0
outputs/suites/action_resampled_v3/runs/custom_mujoco_action_resampled_v3/custom_mujoco_action_resampled_v3_halfcheetah__inr_diffusion_history_conditioned__no_shift__s1,custom_mujoco_action_resampled_v3_halfcheetah,inr_diffusion_history_conditioned,no_shift,1,1.0,1.0,nan,0.6826698780059814,0.6656318433632076,0.2952830493450165,0.826238390542331,,,1.0,1.0255967841873168,358,78,78,0
outputs/suites/action_resampled_v3/runs/custom_mujoco_action_resampled_v3/custom_mujoco_action_resampled_v3_humanoid__inr_transformer_history_conditioned__conflation__s1,custom_mujoco_action_resampled_v3_humanoid,inr_transformer_history_conditioned,conflation,1,1.0,1.0,nan,0.27567532658576965,0.2622917741987104,0.2066860795021057,0.5250479278939872,,,1.0,1.0510254369506835,269,58,58,19
outputs/suites/action_resampled_v3/runs/custom_mujoco_action_resampled_v3/custom_mujoco_action_resampled_v3_hopper__inr_transformer_fitted_latent__new_policy__s0,custom_mujoco_action_resampled_v3_hopper,inr_transformer_fitted_latent,new_policy,0,0.6666666666666666,1.0,1.498002052307129,0.7257912755012512,0.6466176921068786,0.02682018093764782,0.8519338445567538,,,1.0,1.1224426494369506,358,117,117,0
outputs/suites/action_resampled_v3/runs/custom_mujoco_action_resampled_v3/custom_mujoco_action_resampled_v3_humanoid__cvae__generalization__s0,custom_mujoco_action_resampled_v3_humanoid,cvae,generalization,0,1.0,1.0,nan,0.6285489797592163,0.46586282430542303,0.3900165855884552,0.7928108095625439,,,1.0,1.3492147193679809,180,78,78,0
outputs/suites/action_resampled_v3/runs/custom_mujoco_action_resampled_v3/custom_mujoco_action_resampled_v3_ant__cvae__single_shift__s1,custom_mujoco_action_resampled_v3_ant,cvae,single_shift,1,1.0,1.0,nan,0.3103077709674835,0.41718862394785916,0.21401992440223694,0.5570527542050964,,,1.0,0.7438068853149414,358,58,58,19
outputs/suites/action_resampled_v3/runs/custom_mujoco_action_resampled_v3/custom_mujoco_action_resampled_v3_walker2d__inr_diffusion_history_conditioned__no_shift__s0,custom_mujoco_action_resampled_v3_walker2d,inr_diffusion_history_conditioned,no_shift,0,1.0,1.0,nan,0.9682692289352417,1.1191475646521198,0.8303709626197815,0.9840067219969799,,,1.0,0.8651845918426514,358,78,78,0
outputs/suites/action_resampled_v3/runs/custom_mujoco_action_resampled_v3/custom_mujoco_action_resampled_v3_humanoid__inr_transformer_fitted_latent__novel_generalization__s1,custom_mujoco_action_resampled_v3_humanoid,inr_transformer_fitted_latent,novel_generalization,1,0.6666666666666666,1.0,5.53743314743042,0.8904878497123718,0.6729160181588878,0.7247474789619446,0.9436566376136883,,,1.0,1.3233268724212646,180,117,117,0
outputs/suites/action_resampled_v3/runs/custom_mujoco_action_resampled_v3/custom_mujoco_action_resampled_v3_walker2d__inr_diffusion_history_conditioned__no_shift__s1,custom_mujoco_action_resampled_v3_walker2d,inr_diffusion_history_conditioned,no_shift,1,1.0,1.0,nan,0.9789596199989319,1.1315037614273329,0.8426561951637268,0.989423882872721,,,1.0,0.8651845918426514,358,78,78,0
outputs/suites/action_resampled_v3/runs/custom_mujoco_action_resampled_v3/custom_mujoco_action_resampled_v3_ant__inr_diffusion_history_conditioned__no_shift__s1,custom_mujoco_action_resampled_v3_ant,inr_diffusion_history_conditioned,no_shift,1,1.0,1.0,nan,0.8562058806419373,0.9089538473459052,0.7249025702476501,0.9253139362626812,,,1.0,0.9419684873352051,358,78,78,0
outputs/suites/action_resampled_v3/runs/custom_mujoco_action_resampled_v3/custom_mujoco_action_resampled_v3_hopper__inr_diffusion_history_conditioned__new_policy__s0,custom_mujoco_action_resampled_v3_hopper,inr_diffusion_history_conditioned,new_policy,0,0.6666666666666666,1.0,5.7232747077941895,0.922146201133728,0.8215530669618648,0.5084421038627625,0.9602844376192545,,,1.0,1.1224426494369506,358,117,117,0
outputs/suites/action_resampled_v3/runs/custom_mujoco_action_resampled_v3/custom_mujoco_action_resampled_v3_walker2d__inr_transformer_fitted_latent__single_shift__s1,custom_mujoco_action_resampled_v3_walker2d,inr_transformer_fitted_latent,single_shift,1,1.0,1.0,nan,0.4238571226596832,0.5042647928008321,0.13699902594089508,0.6510431035343844,,,1.0,0.8405447469482422,358,58,58,19
outputs/suites/action_resampled_v3/runs/custom_mujoco_action_resampled_v3/custom_mujoco_action_resampled_v3_humanoid__inr_diffusion_history_conditioned__novel_generalization__s0,custom_mujoco_action_resampled_v3_humanoid,inr_diffusion_history_conditioned,novel_generalization,0,0.6666666666666666,1.0,0.47673165798187256,1.279494285583496,0.9668769766931666,1.1961835622787476,1.1311473315105756,,,1.0,1.3233268724212646,180,117,117,0
outputs/suites/action_resampled_v3/runs/custom_mujoco_action_resampled_v3/custom_mujoco_action_resampled_v3_humanoid__cvae__novel_generalization__s1,custom_mujoco_action_resampled_v3_humanoid,cvae,novel_generalization,1,0.6666666666666666,1.0,0.43219804763793945,0.9128462672233582,0.6898116302536362,0.6718850135803223,0.9554298860844568,,,1.0,1.3233268724212646,180,117,117,0
outputs/suites/action_resampled_v3/runs/custom_mujoco_action_resampled_v3/custom_mujoco_action_resampled_v3_humanoid__inr_transformer_fitted_latent__new_policy__s1,custom_mujoco_action_resampled_v3_humanoid,inr_transformer_fitted_latent,new_policy,1,0.6666666666666666,1.0,0.9025195240974426,0.5555992722511292,0.5574039667995734,0.3823182284832001,0.7453853179739518,,,1.0,0.9967623220214844,358,117,117,0
outputs/suites/action_resampled_v3/runs/custom_mujoco_action_resampled_v3/custom_mujoco_action_resampled_v3_walker2d__inr_transformer_fitted_latent__no_shift__s1,custom_mujoco_action_resampled_v3_walker2d,inr_transformer_fitted_latent,no_shift,1,1.0,1.0,nan,0.19671401381492615,0.22736652463489773,0.04422024264931679,0.4435245357530135,,,1.0,0.8651845918426514,358,78,78,0
outputs/suites/action_resampled_v3/runs/custom_mujoco_action_resampled_v3/custom_mujoco_action_resampled_v3_walker2d__inr_transformer_fitted_latent__single_shift__s0,custom_mujoco_action_resampled_v3_walker2d,inr_transformer_fitted_latent,single_shift,0,1.0,1.0,nan,0.335106760263443,0.3986780733329331,0.10529489070177078,0.5788840646134967,,,1.0,0.8405447469482422,358,58,58,19
outputs/suites/action_resampled_v3/runs/custom_mujoco_action_resampled_v3/custom_mujoco_action_resampled_v3_walker2d__inr_diffusion_history_conditioned__generalization__s0,custom_mujoco_action_resampled_v3_walker2d,inr_diffusion_history_conditioned,generalization,0,1.0,1.0,nan,1.0975583791732788,1.1109455893818274,0.9616951942443848,1.0476442044765384,,,1.0,0.9879497156867981,180,78,78,0
outputs/suites/action_resampled_v3/runs/custom_mujoco_action_resampled_v3/custom_mujoco_action_resampled_v3_hopper__inr_transformer_fitted_latent__conflation__s1,custom_mujoco_action_resampled_v3_hopper,inr_transformer_fitted_latent,conflation,1,0.3275862068965517,0.3275862068965517,nan,0.14860157668590546,0.14717845664381757,0.008625593036413193,0.38548875040123476,,,1.0,1.0096693502197265,269,58,58,19
outputs/suites/action_resampled_v3/runs/custom_mujoco_action_resampled_v3/custom_mujoco_action_resampled_v3_ant__inr_transformer_history_conditioned__novel_generalization__s0,custom_mujoco_action_resampled_v3_ant,inr_transformer_history_conditioned,novel_generalization,0,0.6581196581196581,0.9871794871794872,0.49709612131118774,2.2342100143432617,1.0052667391135086,1.736088514328003,1.4947274046940002,,,1.0,2.222504662109375,180,117,117,0
outputs/suites/action_resampled_v3/runs/custom_mujoco_action_resampled_v3/custom_mujoco_action_resampled_v3_hopper__inr_transformer_fitted_latent__no_shift__s1,custom_mujoco_action_resampled_v3_hopper,inr_transformer_fitted_latent,no_shift,1,1.0,1.0,nan,0.05242997780442238,0.051038119321999705,0.003797076642513275,0.2289759328060973,,,1.0,1.027270959449768,358,78,78,0
outputs/suites/action_resampled_v3/runs/custom_mujoco_action_resampled_v3/custom_mujoco_action_resampled_v3_halfcheetah__inr_transformer_fitted_latent__novel_generalization__s1,custom_mujoco_action_resampled_v3_halfcheetah,inr_transformer_fitted_latent,novel_generalization,1,0.6666666666666666,1.0,4.106673240661621,0.5622470378875732,0.5761182082817606,0.48368656635284424,0.7498313396275014,,,1.0,0.9759230480918885,180,117,117,0
outputs/suites/action_resampled_v3/runs/custom_mujoco_action_resampled_v3/custom_mujoco_action_resampled_v3_humanoid__cvae__single_shift__s1,custom_mujoco_action_resampled_v3_humanoid,cvae,single_shift,1,1.0,1.0,nan,0.281085342168808,0.3100042478601135,0.1570490449666977,0.5301748222697943,,,1.0,0.9067144857177735,358,58,58,19
outputs/suites/action_resampled_v3/runs/custom_mujoco_action_resampled_v3/custom_mujoco_action_resampled_v3_halfcheetah__inr_transformer_history_conditioned__no_shift__s1,custom_mujoco_action_resampled_v3_halfcheetah,inr_transformer_history_conditioned,no_shift,1,1.0,1.0,nan,0.26771071553230286,0.26102920724779466,0.0004978142096661031,0.5174076879331257,,,1.0,1.0255967841873168,358,78,78,0
outputs/suites/action_resampled_v3/runs/custom_mujoco_action_resampled_v3/custom_mujoco_action_resampled_v3_halfcheetah__inr_diffusion_history_conditioned__single_shift__s1,custom_mujoco_action_resampled_v3_halfcheetah,inr_diffusion_history_conditioned,single_shift,1,0.9482758620689655,0.9482758620689655,nan,0.9300670027732849,0.832333861008238,0.6277629733085632,0.9643998147932655,,,1.0,1.1174206004867553,358,58,58,19
outputs/suites/action_resampled_v3/runs/custom_mujoco_action_resampled_v3/custom_mujoco_action_resampled_v3_ant__inr_transformer_fitted_latent__single_shift__s1,custom_mujoco_action_resampled_v3_ant,inr_transformer_fitted_latent,single_shift,1,1.0,1.0,nan,0.2753162682056427,0.37014482339602,0.21259377896785736,0.5247058873365561,,,1.0,0.7438068853149414,358,58,58,19
outputs/suites/action_resampled_v3/runs/custom_mujoco_action_resampled_v3/custom_mujoco_action_resampled_v3_humanoid__inr_transformer_history_conditioned__specialization__s1,custom_mujoco_action_resampled_v3_humanoid,inr_transformer_history_conditioned,specialization,1,1.0,1.0,nan,0.4956279993057251,0.6130205757357088,0.3973371386528015,0.7040085221825977,,,1.0,0.8085014091262818,358,38,38,38
outputs/suites/action_resampled_v3/runs/custom_mujoco_action_resampled_v3/custom_mujoco_action_resampled_v3_halfcheetah__inr_diffusion_history_conditioned__conflation__s1,custom_mujoco_action_resampled_v3_halfcheetah,inr_diffusion_history_conditioned,conflation,1,1.0,1.0,nan,0.6396353840827942,0.6295619677718804,0.3241903781890869,0.7997720825852789,,,1.0,1.016000674797058,269,58,58,19
outputs/suites/action_resampled_v3/runs/custom_mujoco_action_resampled_v3/custom_mujoco_action_resampled_v3_halfcheetah__inr_diffusion_history_conditioned__specialization__s0,custom_mujoco_action_resampled_v3_halfcheetah,inr_diffusion_history_conditioned,specialization,0,0.5526315789473685,0.5526315789473685,nan,1.276973843574524,1.139048758662496,1.0764098167419434,1.1300326736756436,,,1.0,1.1210879550704955,358,38,38,38
outputs/suites/action_resampled_v3/runs/custom_mujoco_action_resampled_v3/custom_mujoco_action_resampled_v3_halfcheetah__inr_diffusion_history_conditioned__new_policy__s1,custom_mujoco_action_resampled_v3_halfcheetah,inr_diffusion_history_conditioned,new_policy,1,0.6666666666666666,1.0,0.24201348423957825,0.8339518308639526,0.7824659463617744,0.5373329520225525,0.9132096313902699,,,1.0,1.06579952104187,358,117,117,0
outputs/suites/action_resampled_v3/runs/custom_mujoco_action_resampled_v3/custom_mujoco_action_resampled_v3_halfcheetah__inr_transformer_fitted_latent__novel_generalization__s0,custom_mujoco_action_resampled_v3_halfcheetah,inr_transformer_fitted_latent,novel_generalization,0,0.6666666666666666,1.0,3.5071349143981934,0.5755608081817627,0.5897604419806372,0.4937816560268402,0.7586572402486927,,,1.0,0.9759230480918885,180,117,117,0
outputs/suites/action_resampled_v3/runs/custom_mujoco_action_resampled_v3/custom_mujoco_action_resampled_v3_halfcheetah__cvae__no_shift__s0,custom_mujoco_action_resampled_v3_halfcheetah,cvae,no_shift,0,1.0,1.0,nan,0.3689207136631012,0.35971321220106406,0.0020121487323194742,0.6073884372155114,,,1.0,1.0255967841873168,358,78,78,0
outputs/suites/action_resampled_v3/runs/custom_mujoco_action_resampled_v3/custom_mujoco_action_resampled_v3_hopper__cvae__conflation__s0,custom_mujoco_action_resampled_v3_hopper,cvae,conflation,0,1.0,1.0,nan,0.0916917473077774,0.09081363843304072,0.021603727713227272,0.30280645189258665,,,1.0,1.0096693502197265,269,58,58,19
outputs/suites/action_resampled_v3/runs/custom_mujoco_action_resampled_v3/custom_mujoco_action_resampled_v3_ant__cvae__specialization__s0,custom_mujoco_action_resampled_v3_ant,cvae,specialization,0,1.0,1.0,nan,0.4139482080936432,0.8851123582972907,0.38137784600257874,0.643388069592251,,,1.0,0.4676787124404907,358,38,38,38
outputs/suites/action_resampled_v3/runs/custom_mujoco_action_resampled_v3/custom_mujoco_action_resampled_v3_halfcheetah__inr_diffusion_history_conditioned__generalization__s0,custom_mujoco_action_resampled_v3_halfcheetah,inr_diffusion_history_conditioned,generalization,0,1.0,1.0,nan,0.830429196357727,0.8792468242749694,0.6523975133895874,0.9112788795740452,,,1.0,0.9444779024848938,180,78,78,0
outputs/suites/action_resampled_v3/runs/custom_mujoco_action_resampled_v3/custom_mujoco_action_resampled_v3_ant__inr_transformer_history_conditioned__generalization__s0,custom_mujoco_action_resampled_v3_ant,inr_transformer_history_conditioned,generalization,0,0.9871794871794872,0.9871794871794872,nan,1.6116201877593994,0.7447211768148486,1.4133094549179077,1.269496036921502,,,1.0,2.164058493209839,180,78,78,0
outputs/suites/action_resampled_v3/runs/custom_mujoco_action_resampled_v3/custom_mujoco_action_resampled_v3_ant__cvae__conflation__s0,custom_mujoco_action_resampled_v3_ant,cvae,conflation,0,1.0,1.0,nan,0.24717359244823456,0.2767768379648155,0.15991102159023285,0.49716555838898835,,,1.0,0.8930429087409973,269,58,58,19
outputs/suites/action_resampled_v3/runs/custom_mujoco_action_resampled_v3/custom_mujoco_action_resampled_v3_humanoid__inr_transformer_history_conditioned__new_policy__s0,custom_mujoco_action_resampled_v3_humanoid,inr_transformer_history_conditioned,new_policy,0,0.6666666666666666,1.0,0.10333731025457382,0.5345165729522705,0.5362527867909813,0.28124114871025085,0.731106403304109,,,1.0,0.9967623220214844,358,117,117,0
outputs/suites/action_resampled_v3/runs/custom_mujoco_action_resampled_v3/custom_mujoco_action_resampled_v3_halfcheetah__inr_transformer_history_conditioned__no_shift__s0,custom_mujoco_action_resampled_v3_halfcheetah,inr_transformer_history_conditioned,no_shift,0,1.0,1.0,nan,0.25552794337272644,0.24915049199886763,0.0017157638212665915,0.5054977184644125,,,1.0,1.0255967841873168,358,78,78,0
outputs/suites/action_resampled_v3/runs/custom_mujoco_action_resampled_v3/custom_mujoco_action_resampled_v3_halfcheetah__inr_transformer_fitted_latent__no_shift__s0,custom_mujoco_action_resampled_v3_halfcheetah,inr_transformer_fitted_latent,no_shift,0,1.0,1.0,nan,0.30136755108833313,0.29384603748259297,0.0006314071943052113,0.5489695356650797,,,1.0,1.0255967841873168,358,78,78,0
outputs/suites/action_resampled_v3/runs/custom_mujoco_action_resampled_v3/custom_mujoco_action_resampled_v3_ant__inr_transformer_history_conditioned__no_shift__s0,custom_mujoco_action_resampled_v3_ant,inr_transformer_history_conditioned,no_shift,0,1.0,1.0,nan,0.25984498858451843,0.2758531650242468,0.17135417461395264,0.5097499274982964,,,1.0,0.9419684873352051,358,78,78,0
outputs/suites/action_resampled_v3/runs/custom_mujoco_action_resampled_v3/custom_mujoco_action_resampled_v3_ant__inr_diffusion_history_conditioned__conflation__s1,custom_mujoco_action_resampled_v3_ant,inr_diffusion_history_conditioned,conflation,1,1.0,1.0,nan,0.8938823342323303,1.0009399609840879,0.7148529291152954,0.9454535071764927,,,1.0,0.8930429087409973,269,58,58,19
outputs/suites/action_resampled_v3/runs/custom_mujoco_action_resampled_v3/custom_mujoco_action_resampled_v3_humanoid__inr_diffusion_history_conditioned__generalization__s1,custom_mujoco_action_resampled_v3_humanoid,inr_diffusion_history_conditioned,generalization,1,1.0,1.0,nan,1.1574448347091675,0.8578655554924237,1.070961356163025,1.075846101777186,,,1.0,1.3492147193679809,180,78,78,0
outputs/suites/action_resampled_v3/runs/custom_mujoco_action_resampled_v3/custom_mujoco_action_resampled_v3_halfcheetah__inr_transformer_fitted_latent__new_policy__s1,custom_mujoco_action_resampled_v3_halfcheetah,inr_transformer_fitted_latent,new_policy,1,0.6666666666666666,1.0,3.3796534538269043,0.5345054268836975,0.5015065369528341,0.15244247019290924,0.731098780524012,,,1.0,1.06579952104187,358,117,117,0
outputs/suites/action_resampled_v3/runs/custom_mujoco_action_resampled_v3/custom_mujoco_action_resampled_v3_walker2d__inr_transformer_fitted_latent__no_shift__s0,custom_mujoco_action_resampled_v3_walker2d,inr_transformer_fitted_latent,no_shift,0,1.0,1.0,nan,0.18442440032958984,0.21316191026565412,0.033023472875356674,0.42944662104805276,,,1.0,0.8651845918426514,358,78,78,0
outputs/suites/action_resampled_v3/runs/custom_mujoco_action_resampled_v3/custom_mujoco_action_resampled_v3_walker2d__inr_transformer_fitted_latent__novel_generalization__s1,custom_mujoco_action_resampled_v3_walker2d,inr_transformer_fitted_latent,novel_generalization,1,0.3504273504273504,0.5256410256410257,3.549018383026123,1.0398808717727661,0.9626696023987956,0.8030924201011658,1.0197454936270942,,,1.0,1.0802053676376342,180,117,117,0
outputs/suites/action_resampled_v3/runs/custom_mujoco_action_resampled_v3/custom_mujoco_action_resampled_v3_humanoid__inr_diffusion_history_conditioned__novel_generalization__s1,custom_mujoco_action_resampled_v3_humanoid,inr_diffusion_history_conditioned,novel_generalization,1,0.6666666666666666,1.0,0.23134072124958038,1.2021520137786865,0.908431649679367,1.1240501403808594,1.09642693043298,,,1.0,1.3233268724212646,180,117,117,0
outputs/suites/action_resampled_v3/runs/custom_mujoco_action_resampled_v3/custom_mujoco_action_resampled_v3_hopper__inr_transformer_fitted_latent__novel_generalization__s0,custom_mujoco_action_resampled_v3_hopper,inr_transformer_fitted_latent,novel_generalization,0,0.6495726495726496,0.9743589743589743,5.488805294036865,0.8629427552223206,0.7585558070255304,0.6236009001731873,0.9289471218655669,,,1.0,1.1376127467880248,180,117,117,0
outputs/suites/action_resampled_v3/runs/custom_mujoco_action_resampled_v3/custom_mujoco_action_resampled_v3_ant__inr_diffusion_history_conditioned__generalization__s1,custom_mujoco_action_resampled_v3_ant,inr_diffusion_history_conditioned,generalization,1,0.782051282051282,0.782051282051282,nan,2.4268269538879395,1.121423917838907,2.1803395748138428,1.5578276393388133,,,1.0,2.164058493209839,180,78,78,0
outputs/suites/action_resampled_v3/runs/custom_mujoco_action_resampled_v3/custom_mujoco_action_resampled_v3_humanoid__inr_transformer_fitted_latent__conflation__s1,custom_mujoco_action_resampled_v3_humanoid,inr_transformer_fitted_latent,conflation,1,0.3275862068965517,0.3275862068965517,nan,0.4335296154022217,0.4124825148476058,0.24382461607456207,0.6584296586593147,,,1.0,1.0510254369506835,269,58,58,19
outputs/suites/action_resampled_v3/runs/custom_mujoco_action_resampled_v3/custom_mujoco_action_resampled_v3_humanoid__inr_transformer_fitted_latent__single_shift__s0,custom_mujoco_action_resampled_v3_humanoid,inr_transformer_fitted_latent,single_shift,0,1.0,1.0,nan,0.350443571805954,0.38649826083735256,0.20833511650562286,0.5919827462063012,,,1.0,0.9067144857177735,358,58,58,19
outputs/suites/action_resampled_v3/runs/custom_mujoco_action_resampled_v3/custom_mujoco_action_resampled_v3_halfcheetah__inr_transformer_fitted_latent__generalization__s1,custom_mujoco_action_resampled_v3_halfcheetah,inr_transformer_fitted_latent,generalization,1,1.0,1.0,nan,0.4470420479774475,0.4733218710583836,0.3118576109409332,0.6686120309846716,,,1.0,0.9444779024848938,180,78,78,0
outputs/suites/action_resampled_v3/runs/custom_mujoco_action_resampled_v3/custom_mujoco_action_resampled_v3_hopper__inr_diffusion_history_conditioned__conflation__s0,custom_mujoco_action_resampled_v3_hopper,inr_diffusion_history_conditioned,conflation,0,1.0,1.0,nan,0.48167121410369873,0.4770583696522791,0.21911871433258057,0.6940253699280011,,,1.0,1.0096693502197265,269,58,58,19
outputs/suites/action_resampled_v3/runs/custom_mujoco_action_resampled_v3/custom_mujoco_action_resampled_v3_hopper__inr_diffusion_history_conditioned__generalization__s1,custom_mujoco_action_resampled_v3_hopper,inr_diffusion_history_conditioned,generalization,1,1.0,1.0,nan,0.8888735175132751,0.8504635568634656,0.6960956454277039,0.9428008896438713,,,1.0,1.045163558555603,180,78,78,0
outputs/suites/action_resampled_v3/runs/custom_mujoco_action_resampled_v3/custom_mujoco_action_resampled_v3_ant__inr_transformer_fitted_latent__novel_generalization__s0,custom_mujoco_action_resampled_v3_ant,inr_transformer_fitted_latent,novel_generalization,0,0.3333333333333333,0.5,3.739940881729126,2.1598269939422607,0.9717986336606255,1.7771804332733154,1.4696349866352056,,,1.0,2.222504662109375,180,117,117,0
outputs/suites/action_resampled_v3/runs/custom_mujoco_action_resampled_v3/custom_mujoco_action_resampled_v3_hopper__cvae__novel_generalization__s0,custom_mujoco_action_resampled_v3_hopper,cvae,novel_generalization,0,0.6666666666666666,1.0,0.5959609746932983,1.1348854303359985,0.9976025967889981,0.7792157530784607,1.0653100160685613,,,1.0,1.1376127467880248,180,117,117,0
outputs/suites/action_resampled_v3/runs/custom_mujoco_action_resampled_v3/custom_mujoco_action_resampled_v3_walker2d__cvae__no_shift__s1,custom_mujoco_action_resampled_v3_walker2d,cvae,no_shift,1,1.0,1.0,nan,0.21993164718151093,0.2542019925633503,0.03532438352704048,0.4689687059724891,,,1.0,0.8651845918426514,358,78,78,0
outputs/suites/action_resampled_v3/runs/custom_mujoco_action_resampled_v3/custom_mujoco_action_resampled_v3_ant__inr_transformer_fitted_latent__new_policy__s1,custom_mujoco_action_resampled_v3_ant,inr_transformer_fitted_latent,new_policy,1,0.6666666666666666,1.0,1.0654786825180054,0.8233596086502075,0.8464382743372935,0.28285446763038635,0.907391651190492,,,1.0,0.9727343784103394,358,117,117,0
outputs/suites/action_resampled_v3/runs/custom_mujoco_action_resampled_v3/custom_mujoco_action_resampled_v3_halfcheetah__inr_transformer_history_conditioned__conflation__s1,custom_mujoco_action_resampled_v3_halfcheetah,inr_transformer_history_conditioned,conflation,1,1.0,1.0,nan,0.22900390625,0.22539739581939017,0.010457231663167477,0.4785435259722986,,,1.0,1.016000674797058,269,58,58,19
outputs/suites/action_resampled_v3/runs/custom_mujoco_action_resampled_v3/custom_mujoco_action_resampled_v3_hopper__inr_diffusion_history_conditioned__conflation__s1,custom_mujoco_action_resampled_v3_hopper,inr_diffusion_history_conditioned,conflation,1,1.0,1.0,nan,0.4509217441082001,0.446603379621328,0.2029796987771988,0.6715070692913069,,,1.0,1.0096693502197265,269,58,58,19
outputs/suites/action_resampled_v3/runs/custom_mujoco_action_resampled_v3/custom_mujoco_action_resampled_v3_walker2d__cvae__single_shift__s0,custom_mujoco_action_resampled_v3_walker2d,cvae,single_shift,0,1.0,1.0,nan,0.42448684573173523,0.5050139772723767,0.12694834172725677,0.6515265502891922,,,1.0,0.8405447469482422,358,58,58,19
outputs/suites/action_resampled_v3/runs/custom_mujoco_action_resampled_v3/custom_mujoco_action_resampled_v3_ant__inr_diffusion_history_conditioned__conflation__s0,custom_mujoco_action_resampled_v3_ant,inr_diffusion_history_conditioned,conflation,0,1.0,1.0,nan,1.1389169692993164,1.2753216650081796,0.9538678526878357,1.0672005290943762,,,1.0,0.8930429087409973,269,58,58,19
outputs/suites/action_resampled_v3/runs/custom_mujoco_action_resampled_v3/custom_mujoco_action_resampled_v3_walker2d__inr_transformer_history_conditioned__novel_generalization__s1,custom_mujoco_action_resampled_v3_walker2d,inr_transformer_history_conditioned,novel_generalization,1,0.6666666666666666,1.0,1.0637420415878296,0.9270758032798767,0.8582403226780425,0.8098876476287842,0.962847757062287,,,1.0,1.0802053676376342,180,117,117,0
outputs/suites/action_resampled_v3/runs/custom_mujoco_action_resampled_v3/custom_mujoco_action_resampled_v3_hopper__inr_diffusion_history_conditioned__novel_generalization__s1,custom_mujoco_action_resampled_v3_hopper,inr_diffusion_history_conditioned,novel_generalization,1,0.6666666666666666,1.0,1.0186856985092163,1.0371125936508179,0.9116569734112399,0.8736400008201599,1.018387251319859,,,1.0,1.1376127467880248,180,117,117,0
outputs/suites/action_resampled_v3/runs/custom_mujoco_action_resampled_v3/custom_mujoco_action_resampled_v3_walker2d__cvae__specialization__s1,custom_mujoco_action_resampled_v3_walker2d,cvae,specialization,1,0.9473684210526315,0.9473684210526315,nan,0.5408492088317871,0.6560519316783482,0.34415403008461,0.7354245092678018,,,1.0,0.8243999944458008,358,38,38,38
outputs/suites/action_resampled_v3/runs/custom_mujoco_action_resampled_v3/custom_mujoco_action_resampled_v3_halfcheetah__inr_transformer_history_conditioned__generalization__s0,custom_mujoco_action_resampled_v3_halfcheetah,inr_transformer_history_conditioned,generalization,0,1.0,1.0,nan,0.45934194326400757,0.4863448282437231,0.36083364486694336,0.677747698826051,,,1.0,0.9444779024848938,180,78,78,0
outputs/suites/action_resampled_v3/runs/custom_mujoco_action_resampled_v3/custom_mujoco_action_resampled_v3_hopper__cvae__no_shift__s1,custom_mujoco_action_resampled_v3_hopper,cvae,no_shift,1,1.0,1.0,nan,0.07806088775396347,0.07598860557274474,0.009605837985873222,0.2793937861763634,,,1.0,1.027270959449768,358,78,78,0
outputs/suites/action_resampled_v3/runs/custom_mujoco_action_resampled_v3/custom_mujoco_action_resampled_v3_ant__cvae__novel_generalization__s1,custom_mujoco_action_resampled_v3_ant,cvae,novel_generalization,1,0.6410256410256411,0.9615384615384616,1.6334184408187866,2.6197447776794434,1.1787353351119851,1.9178708791732788,1.6185625652656876,,,1.0,2.222504662109375,180,117,117,0
outputs/suites/action_resampled_v3/runs/custom_mujoco_action_resampled_v3/custom_mujoco_action_resampled_v3_ant__inr_transformer_history_conditioned__generalization__s1,custom_mujoco_action_resampled_v3_ant,inr_transformer_history_conditioned,generalization,1,1.0,1.0,nan,1.670161247253418,0.7717726912160087,1.497045874595642,1.2923471852615371,,,1.0,2.164058493209839,180,78,78,0
outputs/suites/action_resampled_v3/runs/custom_mujoco_action_resampled_v3/custom_mujoco_action_resampled_v3_humanoid__inr_transformer_fitted_latent__single_shift__s1,custom_mujoco_action_resampled_v3_humanoid,inr_transformer_fitted_latent,single_shift,1,1.0,1.0,nan,0.3310038149356842,0.36505848329273677,0.18410082161426544,0.5753293099918378,,,1.0,0.9067144857177735,358,58,58,19
outputs/suites/action_resampled_v3/runs/custom_mujoco_action_resampled_v3/custom_mujoco_action_resampled_v3_walker2d__inr_transformer_fitted_latent__generalization__s0,custom_mujoco_action_resampled_v3_walker2d,inr_transformer_fitted_latent,generalization,0,0.5,0.5,nan,0.6626843214035034,0.6707672575651502,0.4864809513092041,0.8140542496685976,,,1.0,0.9879497156867981,180,78,78,0
outputs/suites/action_resampled_v3/runs/custom_mujoco_action_resampled_v3/custom_mujoco_action_resampled_v3_ant__inr_transformer_fitted_latent__conflation__s0,custom_mujoco_action_resampled_v3_ant,inr_transformer_fitted_latent,conflation,0,0.3275862068965517,0.3275862068965517,nan,0.2947051525115967,0.33000111151105715,0.20493240654468536,0.5428675275899238,,,1.0,0.8930429087409973,269,58,58,19
outputs/suites/action_resampled_v3/runs/custom_mujoco_action_resampled_v3/custom_mujoco_action_resampled_v3_walker2d__inr_transformer_fitted_latent__specialization__s1,custom_mujoco_action_resampled_v3_walker2d,inr_transformer_fitted_latent,specialization,1,0.8947368421052632,0.8947368421052632,nan,0.590100884437561,0.7157943818695119,0.416284441947937,0.7681802421551605,,,1.0,0.8243999944458008,358,38,38,38
outputs/suites/action_resampled_v3/runs/custom_mujoco_action_resampled_v3/custom_mujoco_action_resampled_v3_hopper__inr_transformer_fitted_latent__generalization__s0,custom_mujoco_action_resampled_v3_hopper,inr_transformer_fitted_latent,generalization,0,0.9743589743589743,0.9743589743589743,nan,0.5938916206359863,0.5682284038459336,0.4149344265460968,0.770643640495389,,,1.0,1.045163558555603,180,78,78,0
outputs/suites/action_resampled_v3/runs/custom_mujoco_action_resampled_v3/custom_mujoco_action_resampled_v3_hopper__cvae__no_shift__s0,custom_mujoco_action_resampled_v3_hopper,cvae,no_shift,0,1.0,1.0,nan,0.06952956318855286,0.06768376205805976,0.009432234801352024,0.2636845903509586,,,1.0,1.027270959449768,358,78,78,0
outputs/suites/action_resampled_v3/runs/custom_mujoco_action_resampled_v3/custom_mujoco_action_resampled_v3_hopper__cvae__conflation__s1,custom_mujoco_action_resampled_v3_hopper,cvae,conflation,1,1.0,1.0,nan,0.07969920337200165,0.07893594408373131,0.016388753429055214,0.2823104733657638,,,1.0,1.0096693502197265,269,58,58,19
outputs/suites/action_resampled_v3/runs/custom_mujoco_action_resampled_v3/custom_mujoco_action_resampled_v3_walker2d__inr_diffusion_history_conditioned__new_policy__s0,custom_mujoco_action_resampled_v3_walker2d,inr_diffusion_history_conditioned,new_policy,0,0.6666666666666666,1.0,2.1928391456604004,1.187713861465454,1.2296429381587315,1.0179997682571411,1.0898228578376643,,,1.0,0.9659014211425782,358,117,117,0
outputs/suites/action_resampled_v3/runs/custom_mujoco_action_resampled_v3/custom_mujoco_action_resampled_v3_ant__inr_diffusion_history_conditioned__single_shift__s1,custom_mujoco_action_resampled_v3_ant,inr_diffusion_history_conditioned,single_shift,1,0.9137931034482759,0.9137931034482759,nan,0.8006102442741394,1.0763684231494395,0.6650233864784241,0.8947682628894139,,,1.0,0.7438068853149414,358,58,58,19
outputs/suites/action_resampled_v3/runs/custom_mujoco_action_resampled_v3/custom_mujoco_action_resampled_v3_halfcheetah__cvae__single_shift__s0,custom_mujoco_action_resampled_v3_halfcheetah,cvae,single_shift,0,1.0,1.0,nan,0.5094221830368042,0.4558911682985769,0.10783036798238754,0.7137381754094454,,,1.0,1.1174206004867553,358,58,58,19
outputs/suites/action_resampled_v3/runs/custom_mujoco_action_resampled_v3/custom_mujoco_action_resampled_v3_halfcheetah__cvae__conflation__s1,custom_mujoco_action_resampled_v3_halfcheetah,cvae,conflation,1,1.0,1.0,nan,0.3333013951778412,0.32805233642626935,0.018901392817497253,0.5773226092730487,,,1.0,1.016000674797058,269,58,58,19
outputs/suites/action_resampled_v3/runs/custom_mujoco_action_resampled_v3/custom_mujoco_action_resampled_v3_halfcheetah__inr_transformer_fitted_latent__single_shift__s1,custom_mujoco_action_resampled_v3_halfcheetah,inr_transformer_fitted_latent,single_shift,1,0.6724137931034483,0.6724137931034483,nan,0.48908182978630066,0.4376882165706034,0.1571197211742401,0.6993438566158287,,,1.0,1.1174206004867553,358,58,58,19
outputs/suites/action_resampled_v3/runs/custom_mujoco_action_resampled_v3/custom_mujoco_action_resampled_v3_halfcheetah__cvae__specialization__s0,custom_mujoco_action_resampled_v3_halfcheetah,cvae,specialization,0,1.0,1.0,nan,0.5538644790649414,0.4940419496614016,0.3669719994068146,0.7442207193198409,,,1.0,1.1210879550704955,358,38,38,38
outputs/suites/action_resampled_v3/runs/custom_mujoco_action_resampled_v3/custom_mujoco_action_resampled_v3_humanoid__inr_diffusion_history_conditioned__single_shift__s0,custom_mujoco_action_resampled_v3_humanoid,inr_diffusion_history_conditioned,single_shift,0,1.0,1.0,nan,0.8288707137107849,0.9141474265238347,0.750002920627594,0.9104233705868852,,,1.0,0.9067144857177735,358,58,58,19
outputs/suites/action_resampled_v3/runs/custom_mujoco_action_resampled_v3/custom_mujoco_action_resampled_v3_hopper__inr_transformer_history_conditioned__generalization__s1,custom_mujoco_action_resampled_v3_hopper,inr_transformer_history_conditioned,generalization,1,1.0,1.0,nan,0.6556994915008545,0.6273654359007879,0.45489946007728577,0.8097527347905992,,,1.0,1.045163558555603,180,78,78,0
outputs/suites/action_resampled_v3/runs/custom_mujoco_action_resampled_v3/custom_mujoco_action_resampled_v3_hopper__inr_diffusion_history_conditioned__single_shift__s0,custom_mujoco_action_resampled_v3_hopper,inr_diffusion_history_conditioned,single_shift,0,1.0,1.0,nan,0.5866462588310242,0.5563799135919583,0.30445829033851624,0.7659283640334937,,,1.0,1.054398702217102,358,58,58,19
outputs/suites/action_resampled_v3/runs/custom_mujoco_action_resampled_v3/custom_mujoco_action_resampled_v3_humanoid__inr_transformer_history_conditioned__generalization__s0,custom_mujoco_action_resampled_v3_humanoid,inr_transformer_history_conditioned,generalization,0,1.0,1.0,nan,0.6885082125663757,0.5103029211606118,0.47124990820884705,0.8297639499076684,,,1.0,1.3492147193679809,180,78,78,0
outputs/suites/action_resampled_v3/runs/custom_mujoco_action_resampled_v3/custom_mujoco_action_resampled_v3_humanoid__cvae__specialization__s1,custom_mujoco_action_resampled_v3_humanoid,cvae,specialization,1,1.0,1.0,nan,0.4023117125034332,0.4976017456026415,0.319569855928421,0.6342804683288247,,,1.0,0.8085014091262818,358,38,38,38
outputs/suites/action_resampled_v3/runs/custom_mujoco_action_resampled_v3/custom_mujoco_action_resampled_v3_ant__cvae__generalization__s1,custom_mujoco_action_resampled_v3_ant,cvae,generalization,1,0.9615384615384616,0.9615384615384616,nan,1.8441214561462402,0.8521587849554602,1.2296192646026611,1.3579843357514254,,,1.0,2.164058493209839,180,78,78,0
outputs/suites/action_resampled_v3/runs/custom_mujoco_action_resampled_v3/custom_mujoco_action_resampled_v3_humanoid__inr_transformer_history_conditioned__no_shift__s1,custom_mujoco_action_resampled_v3_humanoid,inr_transformer_history_conditioned,no_shift,1,1.0,1.0,nan,0.24420097470283508,0.24531085014596654,0.1392117291688919,0.49416695023325374,,,1.0,0.995475636554718,358,78,78,0
outputs/suites/action_resampled_v3/runs/custom_mujoco_action_resampled_v3/custom_mujoco_action_resampled_v3_hopper__inr_transformer_fitted_latent__novel_generalization__s1,custom_mujoco_action_resampled_v3_hopper,inr_transformer_fitted_latent,novel_generalization,1,0.3333333333333333,0.5,4.818460464477539,0.9200300574302673,0.8087374724201289,0.6591339111328125,0.9591819730532196,,,1.0,1.1376127467880248,180,117,117,0
outputs/suites/action_resampled_v3/runs/custom_mujoco_action_resampled_v3/custom_mujoco_action_resampled_v3_hopper__inr_transformer_history_conditioned__no_shift__s1,custom_mujoco_action_resampled_v3_hopper,inr_transformer_history_conditioned,no_shift,1,1.0,1.0,nan,0.04930371418595314,0.047994848615560436,0.0033067490439862013,0.2220443968803382,,,1.0,1.027270959449768,358,78,78,0
outputs/suites/action_resampled_v3/runs/custom_mujoco_action_resampled_v3/custom_mujoco_action_resampled_v3_humanoid__inr_transformer_fitted_latent__conflation__s0,custom_mujoco_action_resampled_v3_humanoid,inr_transformer_fitted_latent,conflation,0,1.0,1.0,nan,0.42528578639030457,0.40463890923913,0.26209545135498047,0.6521393918406589,,,1.0,1.0510254369506835,269,58,58,19
outputs/suites/action_resampled_v3/runs/custom_mujoco_action_resampled_v3/custom_mujoco_action_resampled_v3_humanoid__cvae__generalization__s1,custom_mujoco_action_resampled_v3_humanoid,cvae,generalization,1,1.0,1.0,nan,0.6561791896820068,0.48634155873231505,0.4178266227245331,0.8100488810448458,,,1.0,1.3492147193679809,180,78,78,0
outputs/suites/action_resampled_v3/runs/custom_mujoco_action_resampled_v3/custom_mujoco_action_resampled_v3_ant__inr_diffusion_history_conditioned__single_shift__s0,custom_mujoco_action_resampled_v3_ant,inr_diffusion_history_conditioned,single_shift,0,1.0,1.0,nan,0.7818275094032288,1.0511162572422124,0.6337931156158447,0.88421010478462,,,1.0,0.7438068853149414,358,58,58,19
outputs/suites/action_resampled_v3/runs/custom_mujoco_action_resampled_v3/custom_mujoco_action_resampled_v3_hopper__inr_transformer_fitted_latent__conflation__s0,custom_mujoco_action_resampled_v3_hopper,inr_transformer_fitted_latent,conflation,0,1.0,1.0,nan,0.14937229454517365,0.14794179353138423,0.008588213473558426,0.38648712080116415,,,1.0,1.0096693502197265,269,58,58,19
outputs/suites/action_resampled_v3/runs/custom_mujoco_action_resampled_v3/custom_mujoco_action_resampled_v3_hopper__inr_transformer_fitted_latent__new_policy__s1,custom_mujoco_action_resampled_v3_hopper,inr_transformer_fitted_latent,new_policy,1,0.6666666666666666,1.0,0.8199278712272644,0.7111795544624329,0.6335999035845448,0.015353974886238575,0.8433146236502915,,,1.0,1.1224426494369506,358,117,117,0
outputs/suites/action_resampled_v3/runs/custom_mujoco_action_resampled_v3/custom_mujoco_action_resampled_v3_halfcheetah__inr_transformer_history_conditioned__single_shift__s1,custom_mujoco_action_resampled_v3_halfcheetah,inr_transformer_history_conditioned,single_shift,1,0.9655172413793104,0.9655172413793104,nan,0.45248961448669434,0.40494117818267095,0.11764600872993469,0.6726734828181459,,,1.0,1.1174206004867553,358,58,58,19
outputs/suites/action_resampled_v3/runs/custom_mujoco_action_resampled_v3/custom_mujoco_action_resampled_v3_halfcheetah__inr_transformer_history_conditioned__conflation__s0,custom_mujoco_action_resampled_v3_halfcheetah,inr_transformer_history_conditioned,conflation,0,1.0,1.0,nan,0.20397228002548218,0.2007599847964912,0.007276430726051331,0.4516329040553646,,,1.0,1.016000674797058,269,58,58,19
outputs/suites/action_resampled_v3/runs/custom_mujoco_action_resampled_v3/custom_mujoco_action_resampled_v3_hopper__cvae__specialization__s0,custom_mujoco_action_resampled_v3_hopper,cvae,specialization,0,0.8421052631578947,0.8421052631578947,nan,0.665558934211731,0.612768503289463,0.4616464376449585,0.8158179540876328,,,1.0,1.0861506925354003,358,38,38,38
outputs/suites/action_resampled_v3/runs/custom_mujoco_action_resampled_v3/custom_mujoco_action_resampled_v3_hopper__inr_transformer_history_conditioned__new_policy__s0,custom_mujoco_action_resampled_v3_hopper,inr_transformer_history_conditioned,new_policy,0,0.6666666666666666,1.0,3.310210704803467,0.730113685131073,0.6504685878582027,0.01532011479139328,0.8544669011325559,,,1.0,1.1224426494369506,358,117,117,0
outputs/suites/action_resampled_v3/runs/custom_mujoco_action_resampled_v3/custom_mujoco_action_resampled_v3_humanoid__inr_transformer_history_conditioned__novel_generalization__s0,custom_mujoco_action_resampled_v3_humanoid,inr_transformer_history_conditioned,novel_generalization,0,0.6666666666666666,1.0,0.21330784261226654,0.904607355594635,0.6835857220517959,0.7530660629272461,0.9511084878154726,,,1.0,1.3233268724212646,180,117,117,0
outputs/suites/action_resampled_v3/runs/custom_mujoco_action_resampled_v3/custom_mujoco_action_resampled_v3_ant__inr_diffusion_history_conditioned__no_shift__s0,custom_mujoco_action_resampled_v3_ant,inr_diffusion_history_conditioned,no_shift,0,1.0,1.0,nan,0.8370002508163452,0.8885650232145119,0.6853232383728027,0.9148771779951368,,,1.0,0.9419684873352051,358,78,78,0
outputs/suites/action_resampled_v3/runs/custom_mujoco_action_resampled_v3/custom_mujoco_action_resampled_v3_hopper__inr_diffusion_history_conditioned__novel_generalization__s0,custom_mujoco_action_resampled_v3_hopper,inr_diffusion_history_conditioned,novel_generalization,0,0.6666666666666666,1.0,1.0118499994277954,1.0688825845718384,0.9395838676999343,0.9337170124053955,1.0338677790567992,,,1.0,1.1376127467880248,180,117,117,0
outputs/suites/action_resampled_v3/runs/custom_mujoco_action_resampled_v3/custom_mujoco_action_resampled_v3_walker2d__cvae__generalization__s0,custom_mujoco_action_resampled_v3_walker2d,cvae,generalization,0,1.0,1.0,nan,0.7573022246360779,0.7665392404203691,0.5025501847267151,0.870231132881419,,,1.0,0.9879497156867981,180,78,78,0
outputs/suites/action_resampled_v3/runs/custom_mujoco_action_resampled_v3/custom_mujoco_action_resampled_v3_humanoid__inr_transformer_history_conditioned__single_shift__s0,custom_mujoco_action_resampled_v3_humanoid,inr_transformer_history_conditioned,single_shift,0,1.0,1.0,nan,0.3311665952205658,0.3652380109030768,0.1896357238292694,0.5754707596573138,,,1.0,0.9067144857177735,358,58,58,19
outputs/suites/action_resampled_v3/runs/custom_mujoco_action_resampled_v3/custom_mujoco_action_resampled_v3_ant__inr_diffusion_history_conditioned__specialization__s1,custom_mujoco_action_resampled_v3_ant,inr_diffusion_history_conditioned,specialization,1,0.868421052631579,0.868421052631579,nan,0.7214017510414124,1.5425156883385116,0.6237589716911316,0.8493537255121757,,,1.0,0.4676787124404907,358,38,38,38
outputs/suites/action_resampled_v3/runs/custom_mujoco_action_resampled_v3/custom_mujoco_action_resampled_v3_ant__inr_transformer_history_conditioned__conflation__s0,custom_mujoco_action_resampled_v3_ant,inr_transformer_history_conditioned,conflation,0,1.0,1.0,nan,0.2862716317176819,0.32055753303193985,0.17232754826545715,0.5350435792696534,,,1.0,0.8930429087409973,269,58,58,19
outputs/suites/action_resampled_v3/runs/custom_mujoco_action_resampled_v3/custom_mujoco_action_resampled_v3_halfcheetah__inr_transformer_history_conditioned__novel_generalization__s0,custom_mujoco_action_resampled_v3_halfcheetah,inr_transformer_history_conditioned,novel_generalization,0,0.6666666666666666,1.0,0.5222439169883728,0.588982343673706,0.6035130995474247,0.46554437279701233,0.7674518510458529,,,1.0,0.9759230480918885,180,117,117,0
outputs/suites/action_resampled_v3/runs/custom_mujoco_action_resampled_v3/custom_mujoco_action_resampled_v3_ant__inr_transformer_fitted_latent__no_shift__s0,custom_mujoco_action_resampled_v3_ant,inr_transformer_fitted_latent,no_shift,0,0.5,0.5,nan,0.2618527114391327,0.27798457693622486,0.182933509349823,0.5117154594490309,,,1.0,0.9419684873352051,358,78,78,0
outputs/suites/action_resampled_v3/runs/custom_mujoco_action_resampled_v3/custom_mujoco_action_resampled_v3_walker2d__cvae__novel_generalization__s1,custom_mujoco_action_resampled_v3_walker2d,cvae,novel_generalization,1,0.6666666666666666,1.0,1.7100292444229126,1.0779163837432861,0.9978809734121633,0.8046505451202393,1.0382275202205373,,,1.0,1.0802053676376342,180,117,117,0
outputs/suites/action_resampled_v3/runs/custom_mujoco_action_resampled_v3/custom_mujoco_action_resampled_v3_ant__inr_diffusion_history_conditioned__novel_generalization__s0,custom_mujoco_action_resampled_v3_ant,inr_diffusion_history_conditioned,novel_generalization,0,0.3504273504273504,0.5256410256410257,0.8017303943634033,2.7187836170196533,1.2232971490999083,2.4660463333129883,1.6488734387513353,,,1.0,2.222504662109375,180,117,117,0
outputs/suites/action_resampled_v3/runs/custom_mujoco_action_resampled_v3/custom_mujoco_action_resampled_v3_humanoid__cvae__novel_generalization__s0,custom_mujoco_action_resampled_v3_humanoid,cvae,novel_generalization,0,0.6666666666666666,1.0,0.4446524679660797,0.8865092992782593,0.6699095421951426,0.6874059438705444,0.9415462279029423,,,1.0,1.3233268724212646,180,117,117,0
outputs/suites/action_resampled_v3/runs/custom_mujoco_action_resampled_v3/custom_mujoco_action_resampled_v3_hopper__inr_transformer_history_conditioned__specialization__s0,custom_mujoco_action_resampled_v3_hopper,inr_transformer_history_conditioned,specialization,0,0.5,0.5,nan,0.7689849138259888,0.7079909989570122,0.5317267775535583,0.8769178489607728,,,1.0,1.0861506925354003,358,38,38,38
outputs/suites/action_resampled_v3/runs/custom_mujoco_action_resampled_v3/custom_mujoco_action_resampled_v3_humanoid__inr_transformer_fitted_latent__no_shift__s0,custom_mujoco_action_resampled_v3_humanoid,inr_transformer_fitted_latent,no_shift,0,1.0,1.0,nan,0.2725994884967804,0.2738384330933814,0.17298473417758942,0.5221106094466769,,,1.0,0.995475636554718,358,78,78,0
outputs/suites/action_resampled_v3/runs/custom_mujoco_action_resampled_v3/custom_mujoco_action_resampled_v3_humanoid__inr_transformer_history_conditioned__conflation__s0,custom_mujoco_action_resampled_v3_humanoid,inr_transformer_history_conditioned,conflation,0,1.0,1.0,nan,0.2568821907043457,0.2444110120204438,0.17418766021728516,0.5068354670939532,,,1.0,1.0510254369506835,269,58,58,19
outputs/suites/action_resampled_v3/runs/custom_mujoco_action_resampled_v3/custom_mujoco_action_resampled_v3_walker2d__inr_transformer_history_conditioned__single_shift__s1,custom_mujoco_action_resampled_v3_walker2d,inr_transformer_history_conditioned,single_shift,1,1.0,1.0,nan,0.3962531089782715,0.47142416916760693,0.12074314802885056,0.6294863850618785,,,1.0,0.8405447469482422,358,58,58,19
outputs/suites/action_resampled_v3/runs/custom_mujoco_action_resampled_v3/custom_mujoco_action_resampled_v3_hopper__cvae__novel_generalization__s1,custom_mujoco_action_resampled_v3_hopper,cvae,novel_generalization,1,0.6666666666666666,1.0,0.573601245880127,1.1743388175964355,1.0322834557823868,0.890382707118988,1.083669145817318,,,1.0,1.1376127467880248,180,117,117,0
outputs/suites/action_resampled_v3/runs/custom_mujoco_action_resampled_v3/custom_mujoco_action_resampled_v3_hopper__cvae__new_policy__s1,custom_mujoco_action_resampled_v3_hopper,cvae,new_policy,1,0.6666666666666666,1.0,2.884183406829834,0.7383779883384705,0.6578313722388062,0.027396569028496742,0.8592892343899523,,,1.0,1.1224426494369506,358,117,117,0
outputs/suites/action_resampled_v3/runs/custom_mujoco_action_resampled_v3/custom_mujoco_action_resampled_v3_hopper__cvae__single_shift__s0,custom_mujoco_action_resampled_v3_hopper,cvae,single_shift,0,1.0,1.0,nan,0.21684829890727997,0.20566062766514165,0.030063116922974586,0.46566973157730573,,,1.0,1.054398702217102,358,58,58,19
outputs/suites/action_resampled_v3/runs/custom_mujoco_action_resampled_v3/custom_mujoco_action_resampled_v3_walker2d__inr_diffusion_history_conditioned__conflation__s1,custom_mujoco_action_resampled_v3_walker2d,inr_diffusion_history_conditioned,conflation,1,1.0,1.0,nan,0.8404252529144287,0.9889053362266621,0.6944186091423035,0.9167471041211032,,,1.0,0.8498540983924866,269,58,58,19
outputs/suites/action_resampled_v3/runs/custom_mujoco_action_resampled_v3/custom_mujoco_action_resampled_v3_ant__cvae__conflation__s1,custom_mujoco_action_resampled_v3_ant,cvae,conflation,1,1.0,1.0,nan,0.2372857630252838,0.26570477264055187,0.14898239076137543,0.4871198651515701,,,1.0,0.8930429087409973,269,58,58,19
outputs/suites/action_resampled_v3/runs/custom_mujoco_action_resampled_v3/custom_mujoco_action_resampled_v3_ant__inr_transformer_fitted_latent__single_shift__s0,custom_mujoco_action_resampled_v3_ant,inr_transformer_fitted_latent,single_shift,0,0.6724137931034483,0.6724137931034483,nan,0.29037633538246155,0.39039210461128077,0.23747283220291138,0.5388657860566595,,,1.0,0.7438068853149414,358,58,58,19
outputs/suites/action_resampled_v3/runs/custom_mujoco_action_resampled_v3/custom_mujoco_action_resampled_v3_hopper__inr_transformer_history_conditioned__no_shift__s0,custom_mujoco_action_resampled_v3_hopper,inr_transformer_history_conditioned,no_shift,0,1.0,1.0,nan,0.05041583254933357,0.04907744357568285,0.003486475208774209,0.2245347023275769,,,1.0,1.027270959449768,358,78,78,0
outputs/suites/action_resampled_v3/runs/custom_mujoco_action_resampled_v3/custom_mujoco_action_resampled_v3_humanoid__cvae__no_shift__s1,custom_mujoco_action_resampled_v3_humanoid,cvae,no_shift,1,1.0,1.0,nan,0.21791180968284607,0.2189022028073192,0.11499673128128052,0.4668102501904238,,,1.0,0.995475636554718,358,78,78,0
outputs/suites/action_resampled_v3/runs/custom_mujoco_action_resampled_v3/custom_mujoco_action_resampled_v3_hopper__inr_diffusion_history_conditioned__no_shift__s0,custom_mujoco_action_resampled_v3_hopper,inr_diffusion_history_conditioned,no_shift,0,1.0,1.0,nan,0.42004358768463135,0.40889269167077125,0.19435574114322662,0.6481076975971134,,,1.0,1.027270959449768,358,78,78,0
outputs/suites/action_resampled_v3/runs/custom_mujoco_action_resampled_v3/custom_mujoco_action_resampled_v3_walker2d__cvae__no_shift__s0,custom_mujoco_action_resampled_v3_walker2d,cvae,no_shift,0,1.0,1.0,nan,0.22052286565303802,0.25488533629959037,0.0322202630341053,0.4695986218602414,,,1.0,0.8651845918426514,358,78,78,0
outputs/suites/action_resampled_v3/runs/custom_mujoco_action_resampled_v3/custom_mujoco_action_resampled_v3_walker2d__inr_transformer_fitted_latent__generalization__s1,custom_mujoco_action_resampled_v3_walker2d,inr_transformer_fitted_latent,generalization,1,0.5256410256410257,0.5256410256410257,nan,0.7375037670135498,0.7464992957671489,0.6144230365753174,0.858780395103166,,,1.0,0.9879497156867981,180,78,78,0
outputs/suites/action_resampled_v3/runs/custom_mujoco_action_resampled_v3/custom_mujoco_action_resampled_v3_halfcheetah__inr_transformer_fitted_latent__conflation__s1,custom_mujoco_action_resampled_v3_halfcheetah,inr_transformer_fitted_latent,conflation,1,0.3275862068965517,0.3275862068965517,nan,0.21289749443531036,0.20954463881417773,0.008384699933230877,0.461408164682107,,,1.0,1.016000674797058,269,58,58,19
outputs/suites/action_resampled_v3/runs/custom_mujoco_action_resampled_v3/custom_mujoco_action_resampled_v3_walker2d__inr_transformer_history_conditioned__generalization__s1,custom_mujoco_action_resampled_v3_walker2d,inr_transformer_history_conditioned,generalization,1,1.0,1.0,nan,0.6630239486694336,0.6711110273547838,0.535074770450592,0.8142628253023919,,,1.0,0.9879497156867981,180,78,78,0
outputs/suites/action_resampled_v3/runs/custom_mujoco_action_resampled_v3/custom_mujoco_action_resampled_v3_ant__inr_transformer_history_conditioned__no_shift__s1,custom_mujoco_action_resampled_v3_ant,inr_transformer_history_conditioned,no_shift,1,1.0,1.0,nan,0.25436481833457947,0.2700353799033855,0.1478651762008667,0.5043459312164414,,,1.0,0.9419684873352051,358,78,78,0
outputs/suites/action_resampled_v3/runs/custom_mujoco_action_resampled_v3/custom_mujoco_action_resampled_v3_ant__cvae__new_policy__s1,custom_mujoco_action_resampled_v3_ant,cvae,new_policy,1,0.6666666666666666,1.0,2.7701985836029053,0.8424264192581177,0.8660395252348607,0.3193511962890625,0.9178379046749582,,,1.0,0.9727343784103394,358,117,117,0
outputs/suites/action_resampled_v3/runs/custom_mujoco_action_resampled_v3/custom_mujoco_action_resampled_v3_halfcheetah__inr_transformer_history_conditioned__specialization__s1,custom_mujoco_action_resampled_v3_halfcheetah,inr_transformer_history_conditioned,specialization,1,0.9473684210526315,0.9473684210526315,nan,0.57191401720047,0.5101419693377289,0.4746876657009125,0.7562499700498969,,,1.0,1.1210879550704955,358,38,38,38
outputs/suites/action_resampled_v3/runs/custom_mujoco_action_resampled_v3/custom_mujoco_action_resampled_v3_halfcheetah__inr_transformer_history_conditioned__new_policy__s0,custom_mujoco_action_resampled_v3_halfcheetah,inr_transformer_history_conditioned,new_policy,0,0.6666666666666666,1.0,0.3430267870426178,0.45238715410232544,0.4244580197034573,0.11828485876321793,0.6725973194284418,,,1.0,1.06579952104187,358,117,117,0
outputs/suites/action_resampled_v3/runs/custom_mujoco_action_resampled_v3/custom_mujoco_action_resampled_v3_walker2d__cvae__single_shift__s1,custom_mujoco_action_resampled_v3_walker2d,cvae,single_shift,1,1.0,1.0,nan,0.3883630037307739,0.46203727420913615,0.10140123963356018,0.6231877756589693,,,1.0,0.8405447469482422,358,58,58,19
outputs/suites/action_resampled_v3/runs/custom_mujoco_action_resampled_v3/custom_mujoco_action_resampled_v3_halfcheetah__cvae__single_shift__s1,custom_mujoco_action_resampled_v3_halfcheetah,cvae,single_shift,1,0.896551724137931,0.896551724137931,nan,0.5351682901382446,0.4789318273755845,0.11105819791555405,0.7315519736411382,,,1.0,1.1174206004867553,358,58,58,19
outputs/suites/action_resampled_v3/runs/custom_mujoco_action_resampled_v3/custom_mujoco_action_resampled_v3_ant__inr_transformer_fitted_latent__specialization__s1,custom_mujoco_action_resampled_v3_ant,inr_transformer_fitted_latent,specialization,1,1.0,1.0,nan,0.4078860282897949,0.8721500838926809,0.3709222972393036,0.6386595558588276,,,1.0,0.4676787124404907,358,38,38,38
outputs/suites/action_resampled_v3/runs/custom_mujoco_action_resampled_v3/custom_mujoco_action_resampled_v3_hopper__inr_diffusion_history_conditioned__single_shift__s1,custom_mujoco_action_resampled_v3_hopper,inr_diffusion_history_conditioned,single_shift,1,1.0,1.0,nan,0.5284866690635681,0.5012209024463993,0.2970134913921356,0.7269708859807029,,,1.0,1.054398702217102,358,58,58,19
outputs/suites/action_resampled_v3/runs/custom_mujoco_action_resampled_v3/custom_mujoco_action_resampled_v3_halfcheetah__inr_diffusion_history_conditioned__generalization__s1,custom_mujoco_action_resampled_v3_halfcheetah,inr_diffusion_history_conditioned,generalization,1,1.0,1.0,nan,0.8233236074447632,0.8717235260651655,0.6419475674629211,0.9073718132302563,,,1.0,0.9444779024848938,180,78,78,0
outputs/suites/action_resampled_v3/runs/custom_mujoco_action_resampled_v3/custom_mujoco_action_resampled_v3_ant__inr_diffusion_history_conditioned__new_policy__s1,custom_mujoco_action_resampled_v3_ant,inr_diffusion_history_conditioned,new_policy,1,0.6666666666666666,1.0,1.820548176765442,1.1238164901733398,1.1553169242459609,0.990902304649353,1.0601021130878572,,,1.0,0.9727343784103394,358,117,117,0
outputs/suites/action_resampled_v3/runs/custom_mujoco_action_resampled_v3/custom_mujoco_action_resampled_v3_humanoid__inr_transformer_fitted_latent__generalization__s0,custom_mujoco_action_resampled_v3_humanoid,inr_transformer_fitted_latent,generalization,0,1.0,1.0,nan,0.6461362838745117,0.4788980394293241,0.3921743631362915,0.8038260283634212,,,1.0,1.3492147193679809,180,78,78,0
outputs/suites/action_resampled_v3/runs/custom_mujoco_action_resampled_v3/custom_mujoco_action_resampled_v3_walker2d__inr_transformer_history_conditioned__specialization__s1,custom_mujoco_action_resampled_v3_walker2d,inr_transformer_history_conditioned,specialization,1,1.0,1.0,nan,0.5649492740631104,0.6852853928545874,0.38815879821777344,0.751631075769962,,,1.0,0.8243999944458008,358,38,38,38
outputs/suites/action_resampled_v3/runs/custom_mujoco_action_resampled_v3/custom_mujoco_action_resampled_v3_walker2d__inr_transformer_history_conditioned__generalization__s0,custom_mujoco_action_resampled_v3_walker2d,inr_transformer_history_conditioned,generalization,0,1.0,1.0,nan,0.6815319657325745,0.6898447916033766,0.511939525604248,0.825549493205934,,,1.0,0.9879497156867981,180,78,78,0
outputs/suites/action_resampled_v3/runs/custom_mujoco_action_resampled_v3/custom_mujoco_action_resampled_v3_walker2d__inr_transformer_history_conditioned__novel_generalization__s0,custom_mujoco_action_resampled_v3_walker2d,inr_transformer_history_conditioned,novel_generalization,0,0.6666666666666666,1.0,1.0092904567718506,0.9445672035217285,0.874432984523544,0.7325295805931091,0.9718884727795306,,,1.0,1.0802053676376342,180,117,117,0
outputs/suites/action_resampled_v3/runs/custom_mujoco_action_resampled_v3/custom_mujoco_action_resampled_v3_walker2d__inr_transformer_fitted_latent__conflation__s0,custom_mujoco_action_resampled_v3_walker2d,inr_transformer_fitted_latent,conflation,0,0.7068965517241379,0.7068965517241379,nan,0.2215065360069275,0.2606406634102381,0.045128196477890015,0.4706448087538282,,,1.0,0.8498540983924866,269,58,58,19
outputs/suites/action_resampled_v3/runs/custom_mujoco_action_resampled_v3/custom_mujoco_action_resampled_v3_humanoid__inr_transformer_fitted_latent__generalization__s1,custom_mujoco_action_resampled_v3_humanoid,inr_transformer_fitted_latent,generalization,1,1.0,1.0,nan,0.6563066244125366,0.48643600977016727,0.46852630376815796,0.8101275358932917,,,1.0,1.3492147193679809,180,78,78,0
outputs/suites/action_resampled_v3/runs/custom_mujoco_action_resampled_v3/custom_mujoco_action_resampled_v3_walker2d__inr_diffusion_history_conditioned__conflation__s0,custom_mujoco_action_resampled_v3_walker2d,inr_diffusion_history_conditioned,conflation,0,1.0,1.0,nan,1.025359869003296,1.206512824898746,0.8734846115112305,1.0126005476017164,,,1.0,0.8498540983924866,269,58,58,19
outputs/suites/action_resampled_v3/runs/custom_mujoco_action_resampled_v3/custom_mujoco_action_resampled_v3_hopper__inr_diffusion_history_conditioned__specialization__s0,custom_mujoco_action_resampled_v3_hopper,inr_diffusion_history_conditioned,specialization,0,0.5789473684210527,0.5789473684210527,nan,0.8802435398101807,0.8104248755349308,0.637286901473999,0.9382129501398819,,,1.0,1.0861506925354003,358,38,38,38
outputs/suites/action_resampled_v3/runs/custom_mujoco_action_resampled_v3/custom_mujoco_action_resampled_v3_hopper__cvae__generalization__s1,custom_mujoco_action_resampled_v3_hopper,cvae,generalization,1,1.0,1.0,nan,0.8808426856994629,0.842779752976435,0.5382945537567139,0.9385321974761777,,,1.0,1.045163558555603,180,78,78,0
outputs/suites/action_resampled_v3/runs/custom_mujoco_action_resampled_v3/custom_mujoco_action_resampled_v3_ant__inr_transformer_history_conditioned__single_shift__s1,custom_mujoco_action_resampled_v3_ant,inr_transformer_history_conditioned,single_shift,1,1.0,1.0,nan,0.28291937708854675,0.38036670898623576,0.22372770309448242,0.5319016611071512,,,1.0,0.7438068853149414,358,58,58,19
outputs/suites/action_resampled_v3/runs/custom_mujoco_action_resampled_v3/custom_mujoco_action_resampled_v3_halfcheetah__inr_transformer_fitted_latent__specialization__s1,custom_mujoco_action_resampled_v3_halfcheetah,inr_transformer_fitted_latent,specialization,1,0.5,0.5,nan,0.5925590991973877,0.5285571899308532,0.4289555549621582,0.7697786040137695,,,1.0,1.1210879550704955,358,38,38,38
outputs/suites/action_resampled_v3/runs/custom_mujoco_action_resampled_v3/custom_mujoco_action_resampled_v3_hopper__cvae__new_policy__s0,custom_mujoco_action_resampled_v3_hopper,cvae,new_policy,0,0.6666666666666666,1.0,2.5761239528656006,0.7173376083374023,0.6390862007045433,0.02848810702562332,0.8469578551128754,,,1.0,1.1224426494369506,358,117,117,0
outputs/suites/action_resampled_v3/runs/custom_mujoco_action_resampled_v3/custom_mujoco_action_resampled_v3_humanoid__inr_diffusion_history_conditioned__no_shift__s0,custom_mujoco_action_resampled_v3_humanoid,inr_diffusion_history_conditioned,no_shift,0,1.0,1.0,nan,0.8235095739364624,0.8272523642934949,0.7580283880233765,0.9074742827961917,,,1.0,0.995475636554718,358,78,78,0
outputs/suites/action_resampled_v3/runs/custom_mujoco_action_resampled_v3/custom_mujoco_action_resampled_v3_halfcheetah__inr_transformer_history_conditioned__novel_generalization__s1,custom_mujoco_action_resampled_v3_halfcheetah,inr_transformer_history_conditioned,novel_generalization,1,0.6666666666666666,1.0,0.3739369809627533,0.6041985750198364,0.61910472982594,0.49115458130836487,0.7773021130936391,,,1.0,0.9759230480918885,180,117,117,0
outputs/suites/action_resampled_v3/runs/custom_mujoco_action_resampled_v3/custom_mujoco_action_resampled_v3_hopper__inr_transformer_history_conditioned__conflation__s1,custom_mujoco_action_resampled_v3_hopper,inr_transformer_history_conditioned,conflation,1,1.0,1.0,nan,0.08918500691652298,0.08833090446601587,0.013112618587911129,0.29863858912826885,,,1.0,1.0096693502197265,269,58,58,19
outputs/suites/action_resampled_v3/runs/custom_mujoco_action_resampled_v3/custom_mujoco_action_resampled_v3_hopper__inr_transformer_fitted_latent__single_shift__s0,custom_mujoco_action_resampled_v3_hopper,inr_transformer_fitted_latent,single_shift,0,1.0,1.0,nan,0.2383410930633545,0.2260445622345614,0.028241822496056557,0.4882018978489888,,,1.0,1.054398702217102,358,58,58,19
outputs/suites/action_resampled_v3/runs/custom_mujoco_action_resampled_v3/custom_mujoco_action_resampled_v3_walker2d__inr_diffusion_history_conditioned__new_policy__s1,custom_mujoco_action_resampled_v3_walker2d,inr_diffusion_history_conditioned,new_policy,1,0.6666666666666666,1.0,1.9963598251342773,1.1824678182601929,1.2242116973608295,1.026198148727417,1.0874133612661714,,,1.0,0.9659014211425782,358,117,117,0
outputs/suites/action_resampled_v3/runs/custom_mujoco_action_resampled_v3/custom_mujoco_action_resampled_v3_ant__inr_transformer_fitted_latent__novel_generalization__s1,custom_mujoco_action_resampled_v3_ant,inr_transformer_fitted_latent,novel_generalization,1,0.6324786324786325,0.9487179487179487,4.259487152099609,2.0154340267181396,0.9068300557827829,1.4417704343795776,1.4196598278172625,,,1.0,2.222504662109375,180,117,117,0
outputs/suites/action_resampled_v3/runs/custom_mujoco_action_resampled_v3/custom_mujoco_action_resampled_v3_walker2d__cvae__conflation__s0,custom_mujoco_action_resampled_v3_walker2d,cvae,conflation,0,1.0,1.0,nan,0.20584987103939056,0.2422178953172775,0.03400776907801628,0.45370681176216715,,,1.0,0.8498540983924866,269,58,58,19
outputs/suites/action_resampled_v3/runs/custom_mujoco_action_resampled_v3/custom_mujoco_action_resampled_v3_walker2d__inr_diffusion_history_conditioned__novel_generalization__s0,custom_mujoco_action_resampled_v3_walker2d,inr_diffusion_history_conditioned,novel_generalization,0,0.6666666666666666,1.0,2.283743143081665,1.2753889560699463,1.180691185472602,1.103004813194275,1.1293311985728307,,,1.0,1.0802053676376342,180,117,117,0
outputs/suites/action_resampled_v3/runs/custom_mujoco_action_resampled_v3/custom_mujoco_action_resampled_v3_humanoid__inr_transformer_history_conditioned__new_policy__s1,custom_mujoco_action_resampled_v3_humanoid,inr_transformer_history_conditioned,new_policy,1,0.6666666666666666,1.0,0.12444008141756058,0.558396577835083,0.5602103585763821,0.32511934638023376,0.7472593778836657,,,1.0,0.9967623220214844,358,117,117,0
outputs/suites/action_resampled_v3/runs/custom_mujoco_action_resampled_v3/custom_mujoco_action_resampled_v3_ant__inr_diffusion_history_conditioned__novel_generalization__s1,custom_mujoco_action_resampled_v3_ant,inr_diffusion_history_conditioned,novel_generalization,1,0.5213675213675214,0.782051282051282,4.340016841888428,2.68568754196167,1.2084058079827327,2.43740177154541,1.6388067433232236,,,1.0,2.222504662109375,180,117,117,0
outputs/suites/action_resampled_v3/runs/custom_mujoco_action_resampled_v3/custom_mujoco_action_resampled_v3_ant__inr_transformer_fitted_latent__generalization__s0,custom_mujoco_action_resampled_v3_ant,inr_transformer_fitted_latent,generalization,0,0.5,0.5,nan,1.570626974105835,0.7257784292956901,1.3299219608306885,1.253246573546417,,,1.0,2.164058493209839,180,78,78,0
outputs/suites/action_resampled_v3/runs/custom_mujoco_action_resampled_v3/custom_mujoco_action_resampled_v3_hopper__inr_transformer_fitted_latent__single_shift__s1,custom_mujoco_action_resampled_v3_hopper,inr_transformer_fitted_latent,single_shift,1,1.0,1.0,nan,0.20407603681087494,0.19354731410590775,0.02506551705300808,0.451747757947812,,,1.0,1.054398702217102,358,58,58,19
outputs/suites/action_resampled_v3/runs/custom_mujoco_action_resampled_v3/custom_mujoco_action_resampled_v3_humanoid__inr_diffusion_history_conditioned__specialization__s0,custom_mujoco_action_resampled_v3_humanoid,inr_diffusion_history_conditioned,specialization,0,1.0,1.0,nan,0.8117741942405701,1.0040479646384601,0.7369182109832764,0.9009851243170278,,,1.0,0.8085014091262818,358,38,38,38
outputs/suites/action_resampled_v3/runs/custom_mujoco_action_resampled_v3/custom_mujoco_action_resampled_v3_halfcheetah__cvae__generalization__s0,custom_mujoco_action_resampled_v3_halfcheetah,cvae,generalization,0,1.0,1.0,nan,0.6334648132324219,0.6707036888484044,0.5103286504745483,0.7959050277717951,,,1.0,0.9444779024848938,180,78,78,0
outputs/suites/action_resampled_v3/runs/custom_mujoco_action_resampled_v3/custom_mujoco_action_resampled_v3_walker2d__inr_diffusion_history_conditioned__single_shift__s0,custom_mujoco_action_resampled_v3_walker2d,inr_diffusion_history_conditioned,single_shift,0,1.0,1.0,nan,1.1471699476242065,1.3647934292483839,0.9979169964790344,1.0710601979460381,,,1.0,0.8405447469482422,358,58,58,19
