run_dir,data,model,experiment,seed,probe_acc,probe_acc_seen,knn_acc1,knn_acc5,novel_mean_embed_dist,gen_mse,gen_nmse,gen_median_se,gen_rmse,gen_acc,gen_nll,finite_fraction,target_var,n_train_episodes,n_test_episodes,n_test_episodes_used,n_test_ood
outputs/mujoco/baseline_custom_mujoco_newmodels/custom_mujoco_humanoid__inr_diffusion_history_conditioned_shuffle__generalization__s1,custom_mujoco_humanoid,inr_diffusion_history_conditioned_shuffle,generalization,1,1.0,1.0,1.0,1.0,nan,0.7106816172599792,1.0313334333042086,0.6381391286849976,0.843019345721069,,,1.0,0.6890900598297119,160,82,82,0
outputs/mujoco/baseline_custom_mujoco_newmodels/custom_mujoco_ant__inr_transformer_fitted_latent_shuffle__conflation__s0,custom_mujoco_ant,inr_transformer_fitted_latent_shuffle,conflation,0,1.0,1.0,1.0,1.0,nan,0.18684923648834229,0.18758289029017908,0.08957242965698242,0.43226061177065656,,,1.0,0.996088908744812,268,59,59,18
outputs/mujoco/baseline_custom_mujoco_newmodels/custom_mujoco_walker2d__state_action_bem__single_shift__s1,custom_mujoco_walker2d,state_action_bem,single_shift,1,0.9661016949152542,0.9661016949152542,0.9322033898305084,0.9830508474576272,nan,0.5352687239646912,0.5007218173500195,0.24306552112102509,0.7316206147756439,,,1.0,1.0689942107925414,376,59,59,18
outputs/mujoco/baseline_custom_mujoco_newmodels/custom_mujoco_ant__state_action_bem__new_policy__s1,custom_mujoco_ant,state_action_bem,new_policy,1,0.6666666666666666,1.0,1.0,1.0,0.4471125304698944,1.3044686317443848,1.1862745321003099,0.8028825521469116,1.1421333686327464,,,1.0,1.0996346936950683,376,123,123,0
outputs/mujoco/baseline_custom_mujoco_newmodels/custom_mujoco_ant__cvae_rnn__no_shift__s0,custom_mujoco_ant,cvae_rnn,no_shift,0,1.0,1.0,1.0,1.0,nan,0.13859246671199799,0.14055606438156715,0.06801854819059372,0.37228009174813254,,,1.0,0.986029790473938,376,82,82,0
outputs/mujoco/baseline_custom_mujoco_newmodels/custom_mujoco_halfcheetah__inr_transformer_history_conditioned_shuffle__single_shift__s1,custom_mujoco_halfcheetah,inr_transformer_history_conditioned_shuffle,single_shift,1,1.0,1.0,1.0,1.0,nan,0.02965652383863926,0.029323752770963104,0.0030944219324737787,0.17221069606339573,,,1.0,1.0113481746444701,376,59,59,18
outputs/mujoco/baseline_custom_mujoco_newmodels/custom_mujoco_hopper__inr_diffusion_history_conditioned_shuffle__no_shift__s0,custom_mujoco_hopper,inr_diffusion_history_conditioned_shuffle,no_shift,0,1.0,1.0,1.0,1.0,nan,0.9688708186149597,0.9553473481991847,0.4560355246067047,0.9843123582557316,,,1.0,1.014155553413391,376,82,82,0
outputs/mujoco/baseline_custom_mujoco_newmodels/custom_mujoco_walker2d__inr_transformer_history_conditioned_shuffle__novel_generalization__s0,custom_mujoco_walker2d,inr_transformer_history_conditioned_shuffle,novel_generalization,0,0.6178861788617886,0.926829268292683,0.959349593495935,1.0,3.2899277210235596,0.4570179283618927,0.5379974928162042,0.28453773260116577,0.6760310113906703,,,1.0,0.8494796620140076,160,123,123,0
outputs/mujoco/baseline_custom_mujoco_newmodels/custom_mujoco_hopper__inr_transformer_fitted_latent_shuffle__new_policy__s0,custom_mujoco_hopper,inr_transformer_fitted_latent_shuffle,new_policy,0,0.6422764227642277,0.9634146341463414,0.967479674796748,0.983739837398374,0.008700336329638958,0.8051366806030273,0.6339075050786904,0.0968967080116272,0.8972940881355607,,,1.0,1.2701169715652465,376,123,123,0
outputs/mujoco/baseline_custom_mujoco_newmodels/custom_mujoco_hopper__inr_diffusion_history_conditioned_shuffle__generalization__s0,custom_mujoco_hopper,inr_diffusion_history_conditioned_shuffle,generalization,0,0.9512195121951219,0.9512195121951219,0.9634146341463414,0.9634146341463414,nan,1.4498437643051147,1.4580977430159183,0.8648388981819153,1.2040945827903697,,,1.0,0.9943392143974304,160,82,82,0
outputs/mujoco/baseline_custom_mujoco_newmodels/custom_mujoco_ant__state_action_bem__generalization__s1,custom_mujoco_ant,state_action_bem,generalization,1,0.975609756097561,0.975609756097561,0.9512195121951219,1.0,nan,1.1952662467956543,1.2057328696421945,0.7009802460670471,1.0932823271212493,,,1.0,0.9913192854652405,160,82,82,0
outputs/mujoco/baseline_custom_mujoco_newmodels/custom_mujoco_halfcheetah__state_action_bem__specialization__s1,custom_mujoco_halfcheetah,state_action_bem,specialization,1,0.7777777777777778,0.7777777777777778,1.0,1.0,nan,1.3635213375091553,1.475687084433104,1.294263243675232,1.1676991639584038,,,1.0,0.9239908324012757,376,36,36,36
outputs/mujoco/baseline_custom_mujoco_newmodels/custom_mujoco_hopper__cvae_rnn__no_shift__s0,custom_mujoco_hopper,cvae_rnn,no_shift,0,1.0,1.0,1.0,1.0,nan,0.20690099895000458,0.20401308088648545,0.06503493338823318,0.45486371469925424,,,1.0,1.014155553413391,376,82,82,0
outputs/mujoco/baseline_custom_mujoco_newmodels/custom_mujoco_ant__vqvae__novel_generalization__s1,custom_mujoco_ant,vqvae,novel_generalization,1,0.6666666666666666,1.0,1.0,1.0,0.6965407133102417,1.0285972356796265,0.9307466197722195,0.3535618782043457,1.014197828670337,,,1.0,1.1051313148269652,160,123,123,0
outputs/mujoco/baseline_custom_mujoco_newmodels/custom_mujoco_halfcheetah__inr_transformer_history_conditioned_shuffle__novel_generalization__s0,custom_mujoco_halfcheetah,inr_transformer_history_conditioned_shuffle,novel_generalization,0,0.6341463414634146,0.9512195121951219,1.0,1.0,1.6028923988342285,0.3569904863834381,0.3548723889972492,0.18691624701023102,0.5974868085434507,,,1.0,1.005968617034912,160,123,123,0
outputs/mujoco/baseline_custom_mujoco_newmodels/custom_mujoco_walker2d__state_action_bem__generalization__s0,custom_mujoco_walker2d,state_action_bem,generalization,0,0.8536585365853658,0.8536585365853658,0.975609756097561,1.0,nan,0.43244045972824097,0.5460849567264855,0.2792430520057678,0.6576020527098748,,,1.0,0.7918922768363953,160,82,82,0
outputs/mujoco/baseline_custom_mujoco_newmodels/custom_mujoco_halfcheetah__inr_transformer_fitted_latent_shuffle__generalization__s0,custom_mujoco_halfcheetah,inr_transformer_fitted_latent_shuffle,generalization,0,0.9634146341463414,0.9634146341463414,0.9878048780487805,0.9878048780487805,nan,0.16543026268482208,0.16600578112822617,0.07337373495101929,0.40673119217097436,,,1.0,0.996533142162323,160,82,82,0
outputs/mujoco/baseline_custom_mujoco_newmodels/custom_mujoco_halfcheetah__vqvae__new_policy__s0,custom_mujoco_halfcheetah,vqvae,new_policy,0,0.6666666666666666,1.0,0.9512195121951219,1.0,0.08285115659236908,0.2140968143939972,0.21274578412285777,0.030455762520432472,0.4627059696978171,,,1.0,1.0063504443893432,376,123,123,0
outputs/mujoco/baseline_custom_mujoco_newmodels/custom_mujoco_walker2d__inr_diffusion_history_conditioned_shuffle__no_shift__s1,custom_mujoco_walker2d,inr_diffusion_history_conditioned_shuffle,no_shift,1,0.9878048780487805,0.9878048780487805,0.9878048780487805,0.9878048780487805,nan,0.6585926413536072,0.660168266582813,0.38068845868110657,0.8115372088534247,,,1.0,0.9976132975349427,376,82,82,0
outputs/mujoco/baseline_custom_mujoco_newmodels/custom_mujoco_humanoid__inr_diffusion_history_conditioned_shuffle__new_policy__s0,custom_mujoco_humanoid,inr_diffusion_history_conditioned_shuffle,new_policy,0,0.6666666666666666,1.0,1.0,1.0,2.4594810009002686,1.2344602346420288,0.9547911853712414,0.7154935598373413,1.1110626600880928,,,1.0,1.2929112182388305,376,123,123,0
outputs/mujoco/baseline_custom_mujoco_newmodels/custom_mujoco_humanoid__state_action_bem__no_shift__s1,custom_mujoco_humanoid,state_action_bem,no_shift,1,1.0,1.0,1.0,1.0,nan,0.7749747633934021,0.7725334299912086,0.6148313879966736,0.8803265095368888,,,1.0,1.0031601653823852,376,82,82,0
outputs/mujoco/baseline_custom_mujoco_newmodels/custom_mujoco_halfcheetah__cvae_rnn__novel_generalization__s1,custom_mujoco_halfcheetah,cvae_rnn,novel_generalization,1,0.6341463414634146,0.9512195121951219,0.983739837398374,0.983739837398374,0.8560300469398499,0.39704447984695435,0.39044210261969203,0.2609575092792511,0.6301146561118495,,,1.0,1.0169100032577514,160,123,123,0
outputs/mujoco/baseline_custom_mujoco_newmodels/custom_mujoco_hopper__state_action_bem__no_shift__s0,custom_mujoco_hopper,state_action_bem,no_shift,0,1.0,1.0,0.9878048780487805,0.9878048780487805,nan,0.5805192589759827,0.5724163882178643,0.1930198222398758,0.7619181445378386,,,1.0,1.014155553413391,376,82,82,0
outputs/mujoco/baseline_custom_mujoco_newmodels/custom_mujoco_hopper__inr_transformer_history_conditioned_shuffle__single_shift__s1,custom_mujoco_hopper,inr_transformer_history_conditioned_shuffle,single_shift,1,1.0,1.0,1.0,1.0,nan,0.16877803206443787,0.16143444441362736,0.05033552646636963,0.41082603625432246,,,1.0,1.0454895959625243,376,59,59,18
outputs/mujoco/baseline_custom_mujoco_newmodels/custom_mujoco_humanoid__inr_diffusion_history_conditioned_shuffle__novel_generalization__s0,custom_mujoco_humanoid,inr_diffusion_history_conditioned_shuffle,novel_generalization,0,0.6666666666666666,1.0,1.0,1.0,1.6088216304779053,0.8779643177986145,1.1051747082587655,0.7692988514900208,0.9369975014900598,,,1.0,0.7944122420082093,160,123,123,0
outputs/mujoco/baseline_custom_mujoco_newmodels/custom_mujoco_walker2d__inr_transformer_fitted_latent_shuffle__novel_generalization__s0,custom_mujoco_walker2d,inr_transformer_fitted_latent_shuffle,novel_generalization,0,0.6666666666666666,1.0,0.943089430894309,0.967479674796748,0.0030665521044284105,0.48774927854537964,0.5741741684421126,0.3184427320957184,0.6983904914482869,,,1.0,0.8494796620140076,160,123,123,0
outputs/mujoco/baseline_custom_mujoco_newmodels/custom_mujoco_halfcheetah__cvae_rnn__specialization__s1,custom_mujoco_halfcheetah,cvae_rnn,specialization,1,0.8333333333333334,0.8333333333333334,0.9722222222222222,0.9722222222222222,nan,0.14994122087955475,0.16227565861220306,0.024854006245732307,0.3872224436671443,,,1.0,0.9239908324012757,376,36,36,36
outputs/mujoco/baseline_custom_mujoco_newmodels/custom_mujoco_humanoid__state_action_bem__novel_generalization__s0,custom_mujoco_humanoid,state_action_bem,novel_generalization,0,0.6666666666666666,1.0,1.0,1.0,0.4064039885997772,0.6834304928779602,0.8602970306075644,0.5848259925842285,0.8266985501849874,,,1.0,0.7944122420082093,160,123,123,0
outputs/mujoco/baseline_custom_mujoco_newmodels/custom_mujoco_hopper__inr_diffusion_history_conditioned_shuffle__single_shift__s1,custom_mujoco_hopper,inr_diffusion_history_conditioned_shuffle,single_shift,1,1.0,1.0,1.0,1.0,nan,0.9429787993431091,0.9019494818357908,0.4655589163303375,0.9710709548447576,,,1.0,1.0454895959625243,376,59,59,18
outputs/mujoco/baseline_custom_mujoco_newmodels/custom_mujoco_walker2d__inr_transformer_history_conditioned_shuffle__no_shift__s0,custom_mujoco_walker2d,inr_transformer_history_conditioned_shuffle,no_shift,0,1.0,1.0,1.0,1.0,nan,0.13674934208393097,0.13637919745605837,0.030367381870746613,0.3697963521776965,,,1.0,1.0027140842208861,376,82,82,0
outputs/mujoco/baseline_custom_mujoco_newmodels/custom_mujoco_walker2d__inr_transformer_fitted_latent_shuffle__specialization__s1,custom_mujoco_walker2d,inr_transformer_fitted_latent_shuffle,specialization,1,0.9444444444444444,0.9444444444444444,0.9722222222222222,1.0,nan,0.6662964224815369,0.4604768502742786,0.29175177216529846,0.8162698221063528,,,1.0,1.4469705091247558,376,36,36,36
outputs/mujoco/baseline_custom_mujoco_newmodels/custom_mujoco_humanoid__inr_transformer_fitted_latent_shuffle__conflation__s0,custom_mujoco_humanoid,inr_transformer_fitted_latent_shuffle,conflation,0,0.864406779661017,0.864406779661017,0.847457627118644,0.8813559322033898,nan,0.15456931293010712,0.15295571087908064,0.03949036821722984,0.39315304008758106,,,1.0,1.01054947240448,268,59,59,18
outputs/mujoco/baseline_custom_mujoco_newmodels/custom_mujoco_hopper__state_action_bem__no_shift__s1,custom_mujoco_hopper,state_action_bem,no_shift,1,1.0,1.0,1.0,1.0,nan,0.5872756838798523,0.5893676265156678,0.19074533879756927,0.7663391441652008,,,1.0,0.9964505301246643,376,82,82,0
outputs/mujoco/baseline_custom_mujoco_newmodels/custom_mujoco_hopper__inr_transformer_history_conditioned_shuffle__conflation__s0,custom_mujoco_hopper,inr_transformer_history_conditioned_shuffle,conflation,0,1.0,1.0,1.0,1.0,nan,0.12339355051517487,0.12171622303924153,0.03563913702964783,0.351274181395637,,,1.0,1.0137806401977538,268,59,59,18
outputs/mujoco/baseline_custom_mujoco_newmodels/custom_mujoco_halfcheetah__inr_transformer_history_conditioned_shuffle__no_shift__s0,custom_mujoco_halfcheetah,inr_transformer_history_conditioned_shuffle,no_shift,0,1.0,1.0,1.0,1.0,nan,0.04673102870583534,0.046914757087036775,0.004698875825852156,0.2161736077920599,,,1.0,0.9960837827453614,376,82,82,0
outputs/mujoco/baseline_custom_mujoco_newmodels/custom_mujoco_walker2d__inr_diffusion_history_conditioned_shuffle__new_policy__s0,custom_mujoco_walker2d,inr_diffusion_history_conditioned_shuffle,new_policy,0,0.6666666666666666,1.0,0.9186991869918699,0.991869918699187,2.4613356590270996,0.8984662294387817,0.7986338228361717,0.5531859993934631,0.9478745852900486,,,1.0,1.1250039802322387,376,123,123,0
outputs/mujoco/baseline_custom_mujoco_newmodels/custom_mujoco_humanoid__inr_transformer_fitted_latent_shuffle__single_shift__s1,custom_mujoco_humanoid,inr_transformer_fitted_latent_shuffle,single_shift,1,0.9661016949152542,0.9661016949152542,0.9491525423728814,0.9491525423728814,nan,0.3076005280017853,0.2755692577561006,0.03401544690132141,0.5546174609600615,,,1.0,1.1162367330322265,376,59,59,18
outputs/mujoco/baseline_custom_mujoco_newmodels/custom_mujoco_hopper__inr_transformer_fitted_latent_shuffle__specialization__s1,custom_mujoco_hopper,inr_transformer_fitted_latent_shuffle,specialization,1,0.8611111111111112,0.8611111111111112,0.8055555555555556,0.8888888888888888,nan,0.1446123570203781,0.15714496027769975,0.03416634723544121,0.38027931447868435,,,1.0,0.9202481375465393,376,36,36,36
outputs/mujoco/baseline_custom_mujoco_newmodels/custom_mujoco_walker2d__vqvae__new_policy__s0,custom_mujoco_walker2d,vqvae,new_policy,0,0.6666666666666666,1.0,0.9349593495934959,0.975609756097561,0.6551335453987122,0.4951864778995514,0.44016420083894126,0.13291819393634796,0.7036948755672101,,,1.0,1.1250039802322387,376,123,123,0
outputs/mujoco/baseline_custom_mujoco_newmodels/custom_mujoco_halfcheetah__inr_diffusion_history_conditioned_shuffle__single_shift__s0,custom_mujoco_halfcheetah,inr_diffusion_history_conditioned_shuffle,single_shift,0,1.0,1.0,1.0,1.0,nan,0.5405727028846741,0.537259943236414,0.27736005187034607,0.7352364945272195,,,1.0,1.0061660276184081,376,59,59,18
outputs/mujoco/baseline_custom_mujoco_newmodels/custom_mujoco_halfcheetah__vqvae__novel_generalization__s1,custom_mujoco_halfcheetah,vqvae,novel_generalization,1,0.6422764227642277,0.9634146341463414,0.926829268292683,0.991869918699187,0.3872333765029907,0.36000436544418335,0.35401792124266745,0.26004698872566223,0.6000036378591245,,,1.0,1.0169100032577514,160,123,123,0
outputs/mujoco/baseline_custom_mujoco_newmodels/custom_mujoco_halfcheetah__inr_transformer_fitted_latent_shuffle__no_shift__s0,custom_mujoco_halfcheetah,inr_transformer_fitted_latent_shuffle,no_shift,0,0.9878048780487805,0.9878048780487805,0.9634146341463414,0.9878048780487805,nan,0.0352090522646904,0.03534748067843128,0.006018975283950567,0.1876407532085991,,,1.0,0.9960837827453614,376,82,82,0
outputs/mujoco/baseline_custom_mujoco_newmodels/custom_mujoco_walker2d__cvae_rnn__generalization__s1,custom_mujoco_walker2d,cvae_rnn,generalization,1,0.9878048780487805,0.9878048780487805,0.9878048780487805,1.0,nan,0.3053484261035919,0.37631036100637305,0.19842760264873505,0.5525834109920347,,,1.0,0.8114271031150818,160,82,82,0
outputs/mujoco/baseline_custom_mujoco_newmodels/custom_mujoco_walker2d__vqvae__single_shift__s0,custom_mujoco_walker2d,vqvae,single_shift,0,1.0,1.0,1.0,1.0,nan,0.20414894819259644,0.18991156254239375,0.07749385386705399,0.45182844995926985,,,1.0,1.0749685035476684,376,59,59,18
outputs/mujoco/baseline_custom_mujoco_newmodels/custom_mujoco_walker2d__state_action_bem__novel_generalization__s0,custom_mujoco_walker2d,state_action_bem,novel_generalization,0,0.5691056910569106,0.8536585365853658,0.926829268292683,0.983739837398374,0.2636750042438507,0.5061287879943848,0.5958103656000641,0.33236971497535706,0.7114272893236419,,,1.0,0.8494796620140076,160,123,123,0
outputs/mujoco/baseline_custom_mujoco_newmodels/custom_mujoco_ant__state_action_bem__specialization__s1,custom_mujoco_ant,state_action_bem,specialization,1,0.8333333333333334,0.8333333333333334,0.9444444444444444,1.0,nan,1.5118681192398071,1.306663272086677,1.1525472402572632,1.229580464727627,,,1.0,1.1570449338684081,376,36,36,36
outputs/mujoco/baseline_custom_mujoco_newmodels/custom_mujoco_walker2d__cvae_rnn__new_policy__s1,custom_mujoco_walker2d,cvae_rnn,new_policy,1,0.6666666666666666,1.0,0.983739837398374,1.0,1.5113533735275269,0.4362162947654724,0.39968042414607696,0.12535005807876587,0.6604667249494651,,,1.0,1.0914127097854613,376,123,123,0
outputs/mujoco/baseline_custom_mujoco_newmodels/custom_mujoco_humanoid__vqvae__single_shift__s1,custom_mujoco_humanoid,vqvae,single_shift,1,0.9661016949152542,0.9661016949152542,0.9830508474576272,0.9830508474576272,nan,9658089472.0,8652366640.68926,0.05896089971065521,98275.57922495293,,,1.0,1.1162367330322265,376,59,59,18
outputs/mujoco/baseline_custom_mujoco_newmodels/custom_mujoco_ant__inr_transformer_fitted_latent_shuffle__new_policy__s1,custom_mujoco_ant,inr_transformer_fitted_latent_shuffle,new_policy,1,0.6666666666666666,1.0,0.991869918699187,0.991869918699187,0.0032169739715754986,0.8615675568580627,0.7835034323653104,0.22891591489315033,0.928206634784552,,,1.0,1.0996346936950683,376,123,123,0
outputs/mujoco/baseline_custom_mujoco_newmodels/custom_mujoco_hopper__cvae_rnn__single_shift__s1,custom_mujoco_hopper,cvae_rnn,single_shift,1,1.0,1.0,1.0,1.0,nan,0.21816904842853546,0.20867644142137953,0.07593721896409988,0.4670856970926593,,,1.0,1.0454895959625243,376,59,59,18
outputs/mujoco/baseline_custom_mujoco_newmodels/custom_mujoco_ant__state_action_bem__no_shift__s0,custom_mujoco_ant,state_action_bem,no_shift,0,1.0,1.0,1.0,1.0,nan,1.1400102376937866,1.156162063973582,0.6898261308670044,1.0677126194317395,,,1.0,0.986029790473938,376,82,82,0
outputs/mujoco/baseline_custom_mujoco_newmodels/custom_mujoco_ant__inr_transformer_history_conditioned_shuffle__no_shift__s1,custom_mujoco_ant,inr_transformer_history_conditioned_shuffle,no_shift,1,1.0,1.0,1.0,1.0,nan,0.09953147917985916,0.10075819590948736,0.03984459862112999,0.31548609982035525,,,1.0,0.9878251419792176,376,82,82,0
outputs/mujoco/baseline_custom_mujoco_newmodels/custom_mujoco_ant__vqvae__single_shift__s0,custom_mujoco_ant,vqvae,single_shift,0,1.0,1.0,1.0,1.0,nan,0.1384585052728653,0.1399639617119083,0.07177533954381943,0.3721001280204903,,,1.0,0.989243970943451,376,59,59,18
outputs/mujoco/baseline_custom_mujoco_newmodels/custom_mujoco_walker2d__state_action_bem__new_policy__s0,custom_mujoco_walker2d,state_action_bem,new_policy,0,0.6666666666666666,1.0,0.9512195121951219,0.983739837398374,0.2559674084186554,0.5897654294967651,0.5242340825985502,0.3287939727306366,0.7679618672152707,,,1.0,1.1250039802322387,376,123,123,0
outputs/mujoco/baseline_custom_mujoco_newmodels/custom_mujoco_walker2d__inr_transformer_history_conditioned_shuffle__novel_generalization__s1,custom_mujoco_walker2d,inr_transformer_history_conditioned_shuffle,novel_generalization,1,0.6422764227642277,0.9634146341463414,0.943089430894309,1.0,3.107198715209961,0.45145735144615173,0.5244113277666997,0.28062954545021057,0.6719057608371517,,,1.0,0.8608840571174622,160,123,123,0
outputs/mujoco/baseline_custom_mujoco_newmodels/custom_mujoco_humanoid__vqvae__generalization__s0,custom_mujoco_humanoid,vqvae,generalization,0,1.0,1.0,1.0,1.0,nan,0.14327843487262726,0.20708416343302588,0.10973133891820908,0.37852137967706295,,,1.0,0.6918850408325196,160,82,82,0
outputs/mujoco/baseline_custom_mujoco_newmodels/custom_mujoco_walker2d__cvae_rnn__no_shift__s1,custom_mujoco_walker2d,cvae_rnn,no_shift,1,1.0,1.0,1.0,1.0,nan,0.16897328197956085,0.16937753576168862,0.06546048820018768,0.41106359846082313,,,1.0,0.9976132975349427,376,82,82,0
outputs/mujoco/baseline_custom_mujoco_newmodels/custom_mujoco_humanoid__cvae_rnn__no_shift__s1,custom_mujoco_humanoid,cvae_rnn,no_shift,1,1.0,1.0,1.0,1.0,nan,0.14528439939022064,0.14482672299377145,0.06802522391080856,0.3811619070555459,,,1.0,1.0031601653823852,376,82,82,0
outputs/mujoco/baseline_custom_mujoco_newmodels/custom_mujoco_ant__state_action_bem__generalization__s0,custom_mujoco_ant,state_action_bem,generalization,0,0.9146341463414634,0.9146341463414634,0.9878048780487805,0.9878048780487805,nan,1.1814931631088257,1.1788104831910966,0.7262452244758606,1.08696511586565,,,1.0,1.002275751663208,160,82,82,0
outputs/mujoco/baseline_custom_mujoco_newmodels/custom_mujoco_walker2d__inr_transformer_fitted_latent_shuffle__novel_generalization__s1,custom_mujoco_walker2d,inr_transformer_fitted_latent_shuffle,novel_generalization,1,0.6260162601626016,0.9390243902439024,0.9105691056910569,0.975609756097561,0.0033467160537838936,0.47842466831207275,0.5557364715453137,0.3138819634914398,0.6916824909682713,,,1.0,0.8608840571174622,160,123,123,0
outputs/mujoco/baseline_custom_mujoco_newmodels/custom_mujoco_walker2d__inr_transformer_fitted_latent_shuffle__specialization__s0,custom_mujoco_walker2d,inr_transformer_fitted_latent_shuffle,specialization,0,0.9444444444444444,0.9444444444444444,1.0,1.0,nan,0.5344582200050354,0.39839885016377824,0.26692283153533936,0.7310664949271273,,,1.0,1.3415154681930541,376,36,36,36
outputs/mujoco/baseline_custom_mujoco_newmodels/custom_mujoco_halfcheetah__inr_transformer_fitted_latent_shuffle__single_shift__s1,custom_mujoco_halfcheetah,inr_transformer_fitted_latent_shuffle,single_shift,1,1.0,1.0,1.0,1.0,nan,0.019757162779569626,0.019535470844662443,0.003600113792344928,0.14056017494144502,,,1.0,1.0113481746444701,376,59,59,18
outputs/mujoco/baseline_custom_mujoco_newmodels/custom_mujoco_humanoid__inr_transformer_history_conditioned_shuffle__generalization__s0,custom_mujoco_humanoid,inr_transformer_history_conditioned_shuffle,generalization,0,1.0,1.0,1.0,1.0,nan,0.13284532725811005,0.19200491327036381,0.0905318632721901,0.3644795292716863,,,1.0,0.6918850408325196,160,82,82,0
outputs/mujoco/baseline_custom_mujoco_newmodels/custom_mujoco_walker2d__inr_transformer_history_conditioned_shuffle__new_policy__s0,custom_mujoco_walker2d,inr_transformer_history_conditioned_shuffle,new_policy,0,0.6666666666666666,1.0,0.975609756097561,1.0,1.5102028846740723,0.4577595591545105,0.40689594632368636,0.07710620015859604,0.6765793073650055,,,1.0,1.1250039802322387,376,123,123,0
outputs/mujoco/baseline_custom_mujoco_newmodels/custom_mujoco_walker2d__inr_transformer_history_conditioned_shuffle__new_policy__s1,custom_mujoco_walker2d,inr_transformer_history_conditioned_shuffle,new_policy,1,0.6666666666666666,1.0,0.959349593495935,0.991869918699187,1.6490176916122437,0.4255586564540863,0.38991543037623067,0.09708613157272339,0.6523485697493988,,,1.0,1.0914127097854613,376,123,123,0
outputs/mujoco/baseline_custom_mujoco_newmodels/custom_mujoco_hopper__inr_diffusion_history_conditioned_shuffle__novel_generalization__s1,custom_mujoco_hopper,inr_diffusion_history_conditioned_shuffle,novel_generalization,1,0.6504065040650406,0.975609756097561,0.926829268292683,0.991869918699187,3.0712497234344482,1.6442660093307495,1.3756228893871918,1.0729570388793945,1.2822893625585254,,,1.0,1.1952883468399047,160,123,123,0
outputs/mujoco/baseline_custom_mujoco_newmodels/custom_mujoco_humanoid__inr_transformer_history_conditioned_shuffle__no_shift__s0,custom_mujoco_humanoid,inr_transformer_history_conditioned_shuffle,no_shift,0,1.0,1.0,1.0,1.0,nan,0.1073916107416153,0.10808208008650239,0.04402864724397659,0.3277065924598028,,,1.0,0.9936116204986573,376,82,82,0
outputs/mujoco/baseline_custom_mujoco_newmodels/custom_mujoco_humanoid__inr_diffusion_history_conditioned_shuffle__generalization__s0,custom_mujoco_humanoid,inr_diffusion_history_conditioned_shuffle,generalization,0,1.0,1.0,1.0,1.0,nan,0.7011931538581848,1.0134532653205872,0.6209983229637146,0.8373727687584454,,,1.0,0.6918850408325196,160,82,82,0
outputs/mujoco/baseline_custom_mujoco_newmodels/custom_mujoco_hopper__inr_transformer_fitted_latent_shuffle__single_shift__s1,custom_mujoco_hopper,inr_transformer_fitted_latent_shuffle,single_shift,1,1.0,1.0,0.9661016949152542,1.0,nan,0.10329172760248184,0.09879747058351822,0.04747243598103523,0.321390304151326,,,1.0,1.0454895959625243,376,59,59,18
outputs/mujoco/baseline_custom_mujoco_newmodels/custom_mujoco_halfcheetah__inr_transformer_fitted_latent_shuffle__conflation__s1,custom_mujoco_halfcheetah,inr_transformer_fitted_latent_shuffle,conflation,1,0.9830508474576272,0.9830508474576272,0.9830508474576272,0.9830508474576272,nan,0.018081728368997574,0.018107142174886084,0.0021519761066883802,0.13446831734277623,,,1.0,0.9985964761505127,268,59,59,18
outputs/mujoco/baseline_custom_mujoco_newmodels/custom_mujoco_humanoid__inr_transformer_history_conditioned_shuffle__new_policy__s1,custom_mujoco_humanoid,inr_transformer_history_conditioned_shuffle,new_policy,1,0.6666666666666666,1.0,1.0,1.0,1.629594326019287,0.7680066227912903,0.6093405322812926,0.098326176404953,0.8763598705961441,,,1.0,1.2603898511657714,376,123,123,0
outputs/mujoco/baseline_custom_mujoco_newmodels/custom_mujoco_ant__cvae_rnn__new_policy__s0,custom_mujoco_ant,cvae_rnn,new_policy,0,0.6666666666666666,1.0,1.0,1.0,0.7600168585777283,1.0259202718734741,0.9343597237692333,0.14363150298595428,1.0128772244815627,,,1.0,1.0979928241500854,376,123,123,0
outputs/mujoco/baseline_custom_mujoco_newmodels/custom_mujoco_ant__inr_transformer_history_conditioned_shuffle__conflation__s0,custom_mujoco_ant,inr_transformer_history_conditioned_shuffle,conflation,0,1.0,1.0,1.0,1.0,nan,0.11363023519515991,0.114076398399363,0.04346045106649399,0.3370908411617852,,,1.0,0.996088908744812,268,59,59,18
outputs/mujoco/baseline_custom_mujoco_newmodels/custom_mujoco_halfcheetah__inr_diffusion_history_conditioned_shuffle__novel_generalization__s1,custom_mujoco_halfcheetah,inr_diffusion_history_conditioned_shuffle,novel_generalization,1,0.6341463414634146,0.9512195121951219,0.983739837398374,0.983739837398374,1.8205081224441528,1.3950629234313965,1.3718646871032858,1.2484185695648193,1.1811278184139922,,,1.0,1.0169100032577514,160,123,123,0
outputs/mujoco/baseline_custom_mujoco_newmodels/custom_mujoco_halfcheetah__inr_transformer_history_conditioned_shuffle__conflation__s1,custom_mujoco_halfcheetah,inr_transformer_history_conditioned_shuffle,conflation,1,1.0,1.0,1.0,1.0,nan,0.031571537256240845,0.031615910941270184,0.002104966901242733,0.17768381258921942,,,1.0,0.9985964761505127,268,59,59,18
outputs/mujoco/baseline_custom_mujoco_newmodels/custom_mujoco_ant__state_action_bem__single_shift__s0,custom_mujoco_ant,state_action_bem,single_shift,0,1.0,1.0,1.0,1.0,nan,1.2845485210418701,1.2985153903104252,0.7947804927825928,1.1333792485491652,,,1.0,0.989243970943451,376,59,59,18
outputs/mujoco/baseline_custom_mujoco_newmodels/custom_mujoco_humanoid__inr_transformer_history_conditioned_shuffle__no_shift__s1,custom_mujoco_humanoid,inr_transformer_history_conditioned_shuffle,no_shift,1,1.0,1.0,1.0,1.0,nan,0.1169268861413002,0.11655854187225421,0.046507421880960464,0.3419457356676644,,,1.0,1.0031601653823852,376,82,82,0
outputs/mujoco/baseline_custom_mujoco_newmodels/custom_mujoco_hopper__vqvae__single_shift__s0,custom_mujoco_hopper,vqvae,single_shift,0,1.0,1.0,1.0,1.0,nan,0.23308302462100983,0.21770646851085104,0.10041447728872299,0.4827867278840729,,,1.0,1.0706297622451781,376,59,59,18
outputs/mujoco/baseline_custom_mujoco_newmodels/custom_mujoco_humanoid__inr_transformer_fitted_latent_shuffle__novel_generalization__s0,custom_mujoco_humanoid,inr_transformer_fitted_latent_shuffle,novel_generalization,0,0.6097560975609756,0.9146341463414634,0.991869918699187,1.0,0.0020370956044644117,0.4127730131149292,0.5195954836640895,0.15990354120731354,0.6424741341991358,,,1.0,0.7944122420082093,160,123,123,0
outputs/mujoco/baseline_custom_mujoco_newmodels/custom_mujoco_humanoid__cvae_rnn__conflation__s0,custom_mujoco_humanoid,cvae_rnn,conflation,0,1.0,1.0,1.0,1.0,nan,0.20440126955509186,0.20226745462420936,0.06320436298847198,0.45210758626138076,,,1.0,1.01054947240448,268,59,59,18
outputs/mujoco/baseline_custom_mujoco_newmodels/custom_mujoco_walker2d__cvae_rnn__no_shift__s0,custom_mujoco_walker2d,cvae_rnn,no_shift,0,1.0,1.0,1.0,1.0,nan,0.13387666642665863,0.1335142973788799,0.053127747029066086,0.36589160475017546,,,1.0,1.0027140842208861,376,82,82,0
outputs/mujoco/baseline_custom_mujoco_newmodels/custom_mujoco_halfcheetah__state_action_bem__no_shift__s0,custom_mujoco_halfcheetah,state_action_bem,no_shift,0,1.0,1.0,1.0,1.0,nan,1.2632273435592651,1.2681938662605416,1.139395833015442,1.1239338697446861,,,1.0,0.9960837827453614,376,82,82,0
outputs/mujoco/baseline_custom_mujoco_newmodels/custom_mujoco_halfcheetah__inr_transformer_fitted_latent_shuffle__novel_generalization__s1,custom_mujoco_halfcheetah,inr_transformer_fitted_latent_shuffle,novel_generalization,1,0.6585365853658537,0.9878048780487805,1.0,1.0,0.002822734648361802,0.3256860077381134,0.3202702369872974,0.23264622688293457,0.5706890639727674,,,1.0,1.0169100032577514,160,123,123,0
outputs/mujoco/baseline_custom_mujoco_newmodels/custom_mujoco_halfcheetah__inr_diffusion_history_conditioned_shuffle__conflation__s0,custom_mujoco_halfcheetah,inr_diffusion_history_conditioned_shuffle,conflation,0,0.9830508474576272,0.9830508474576272,0.9830508474576272,0.9830508474576272,nan,0.5465354323387146,0.5505092799365914,0.267322838306427,0.7392803475940062,,,1.0,0.9927815066108704,268,59,59,18
outputs/mujoco/baseline_custom_mujoco_newmodels/custom_mujoco_hopper__inr_transformer_fitted_latent_shuffle__no_shift__s0,custom_mujoco_hopper,inr_transformer_fitted_latent_shuffle,no_shift,0,0.9634146341463414,0.9634146341463414,0.9634146341463414,0.9878048780487805,nan,0.09902646392583847,0.09764425545227302,0.042076993733644485,0.31468470557978895,,,1.0,1.014155553413391,376,82,82,0
outputs/mujoco/baseline_custom_mujoco_newmodels/custom_mujoco_walker2d__cvae_rnn__specialization__s0,custom_mujoco_walker2d,cvae_rnn,specialization,0,0.8888888888888888,0.8888888888888888,0.8888888888888888,0.9444444444444444,nan,0.6415607929229736,0.4782358520152734,0.3346898555755615,0.8009749015562059,,,1.0,1.3415154681930541,376,36,36,36
outputs/mujoco/baseline_custom_mujoco_newmodels/custom_mujoco_hopper__state_action_bem__single_shift__s1,custom_mujoco_hopper,state_action_bem,single_shift,1,1.0,1.0,1.0,1.0,nan,0.5808258652687073,0.5555539409590902,0.19276417791843414,0.7621193248230275,,,1.0,1.0454895959625243,376,59,59,18
outputs/mujoco/baseline_custom_mujoco_newmodels/custom_mujoco_humanoid__state_action_bem__specialization__s1,custom_mujoco_humanoid,state_action_bem,specialization,1,0.9722222222222222,0.9722222222222222,0.9722222222222222,0.9722222222222222,nan,1.3130161762237549,0.8554064483957844,1.022464632987976,1.1458691793672413,,,1.0,1.5349617467651366,376,36,36,36
outputs/mujoco/baseline_custom_mujoco_newmodels/custom_mujoco_hopper__inr_transformer_fitted_latent_shuffle__conflation__s1,custom_mujoco_hopper,inr_transformer_fitted_latent_shuffle,conflation,1,0.8983050847457628,0.8983050847457628,0.9152542372881356,0.9830508474576272,nan,0.09318426996469498,0.09461769076016166,0.041087690740823746,0.30526098664044016,,,1.0,0.9848503933677674,268,59,59,18
outputs/mujoco/baseline_custom_mujoco_newmodels/custom_mujoco_humanoid__vqvae__single_shift__s0,custom_mujoco_humanoid,vqvae,single_shift,0,0.9830508474576272,0.9830508474576272,1.0,1.0,nan,6860138496.0,5974267306.75854,0.05741133168339729,82825.95303405811,,,1.0,1.1482811437377929,376,59,59,18
outputs/mujoco/baseline_custom_mujoco_newmodels/custom_mujoco_humanoid__inr_transformer_history_conditioned_shuffle__single_shift__s0,custom_mujoco_humanoid,inr_transformer_history_conditioned_shuffle,single_shift,0,0.9491525423728814,0.9491525423728814,1.0,1.0,nan,0.3251131474971771,0.28313026759186766,0.0415787510573864,0.5701869408335981,,,1.0,1.1482811437377929,376,59,59,18
outputs/mujoco/baseline_custom_mujoco_newmodels/custom_mujoco_halfcheetah__inr_transformer_history_conditioned_shuffle__new_policy__s0,custom_mujoco_halfcheetah,inr_transformer_history_conditioned_shuffle,new_policy,0,0.6666666666666666,1.0,1.0,1.0,0.2470894157886505,0.26482728123664856,0.26315612291237833,0.01756436936557293,0.514613720412358,,,1.0,1.0063504443893432,376,123,123,0
outputs/mujoco/baseline_custom_mujoco_newmodels/custom_mujoco_ant__cvae_rnn__generalization__s1,custom_mujoco_ant,cvae_rnn,generalization,1,0.9878048780487805,0.9878048780487805,1.0,1.0,nan,0.5296189785003662,0.5342567084749172,0.39544403553009033,0.7277492552386201,,,1.0,0.9913192854652405,160,82,82,0
outputs/mujoco/baseline_custom_mujoco_newmodels/custom_mujoco_hopper__inr_diffusion_history_conditioned_shuffle__conflation__s1,custom_mujoco_hopper,inr_diffusion_history_conditioned_shuffle,conflation,1,1.0,1.0,1.0,1.0,nan,0.9511783123016357,0.9658099531737125,0.5129100680351257,0.9752837086210534,,,1.0,0.9848503933677674,268,59,59,18
outputs/mujoco/baseline_custom_mujoco_newmodels/custom_mujoco_halfcheetah__vqvae__new_policy__s1,custom_mujoco_halfcheetah,vqvae,new_policy,1,0.6666666666666666,1.0,0.975609756097561,1.0,0.09362577646970749,0.20847907662391663,0.20643653202717174,0.03515106067061424,0.4565950904509559,,,1.0,1.0098942981491088,376,123,123,0
outputs/mujoco/baseline_custom_mujoco_newmodels/custom_mujoco_walker2d__state_action_bem__specialization__s0,custom_mujoco_walker2d,state_action_bem,specialization,0,0.7777777777777778,0.7777777777777778,0.8333333333333334,1.0,nan,0.8927990794181824,0.6655153075653556,0.557052731513977,0.9448804577395927,,,1.0,1.3415154681930541,376,36,36,36
outputs/mujoco/baseline_custom_mujoco_newmodels/custom_mujoco_hopper__inr_transformer_fitted_latent_shuffle__generalization__s0,custom_mujoco_hopper,inr_transformer_fitted_latent_shuffle,generalization,0,0.9634146341463414,0.9634146341463414,0.8780487804878049,0.975609756097561,nan,0.33670565485954285,0.33862252437020346,0.1203710213303566,0.5802634357423728,,,1.0,0.9943392143974304,160,82,82,0
outputs/mujoco/baseline_custom_mujoco_newmodels/custom_mujoco_halfcheetah__cvae_rnn__new_policy__s1,custom_mujoco_halfcheetah,cvae_rnn,new_policy,1,0.6666666666666666,1.0,1.0,1.0,0.2717813551425934,0.21362383663654327,0.2115308869730861,0.033764611929655075,0.46219458741588837,,,1.0,1.0098942981491088,376,123,123,0
outputs/mujoco/baseline_custom_mujoco_newmodels/custom_mujoco_halfcheetah__inr_transformer_history_conditioned_shuffle__no_shift__s1,custom_mujoco_halfcheetah,inr_transformer_history_conditioned_shuffle,no_shift,1,1.0,1.0,1.0,1.0,nan,0.048889465630054474,0.04881748200585908,0.004874699283391237,0.22110962355821256,,,1.0,1.0014745460281371,376,82,82,0
outputs/mujoco/baseline_custom_mujoco_newmodels/custom_mujoco_halfcheetah__inr_diffusion_history_conditioned_shuffle__specialization__s0,custom_mujoco_halfcheetah,inr_diffusion_history_conditioned_shuffle,specialization,0,0.8611111111111112,0.8611111111111112,0.8611111111111112,0.9166666666666666,nan,0.738957941532135,0.8145701831915847,0.5103321075439453,0.85962662914322,,,1.0,0.907175289226532,376,36,36,36
outputs/mujoco/baseline_custom_mujoco_newmodels/custom_mujoco_halfcheetah__vqvae__generalization__s0,custom_mujoco_halfcheetah,vqvae,generalization,0,0.9512195121951219,0.9512195121951219,1.0,1.0,nan,0.23475247621536255,0.23556916100751646,0.11563640087842941,0.484512617189029,,,1.0,0.996533142162323,160,82,82,0
outputs/mujoco/baseline_custom_mujoco_newmodels/custom_mujoco_humanoid__inr_transformer_fitted_latent_shuffle__single_shift__s0,custom_mujoco_humanoid,inr_transformer_fitted_latent_shuffle,single_shift,0,0.9322033898305084,0.9322033898305084,0.8983050847457628,0.9152542372881356,nan,0.2573338449001312,0.2241035188146334,0.040618594735860825,0.5072808343512805,,,1.0,1.1482811437377929,376,59,59,18
outputs/mujoco/baseline_custom_mujoco_newmodels/custom_mujoco_ant__state_action_bem__conflation__s0,custom_mujoco_ant,state_action_bem,conflation,0,1.0,1.0,0.9830508474576272,1.0,nan,1.3128104209899902,1.3179651027781085,0.8086857795715332,1.1457793945563823,,,1.0,0.996088908744812,268,59,59,18
outputs/mujoco/baseline_custom_mujoco_newmodels/custom_mujoco_ant__cvae_rnn__conflation__s1,custom_mujoco_ant,cvae_rnn,conflation,1,1.0,1.0,1.0,1.0,nan,0.18495485186576843,0.18402585217049336,0.10804402083158493,0.43006377650968053,,,1.0,1.0050482021102904,268,59,59,18
outputs/mujoco/baseline_custom_mujoco_newmodels/custom_mujoco_humanoid__inr_transformer_fitted_latent_shuffle__specialization__s0,custom_mujoco_humanoid,inr_transformer_fitted_latent_shuffle,specialization,0,0.8611111111111112,0.8611111111111112,0.8611111111111112,1.0,nan,0.656548261642456,0.41122605194933054,0.20709240436553955,0.8102766574710493,,,1.0,1.5965629087219237,376,36,36,36
outputs/mujoco/baseline_custom_mujoco_newmodels/custom_mujoco_ant__inr_transformer_fitted_latent_shuffle__novel_generalization__s1,custom_mujoco_ant,inr_transformer_fitted_latent_shuffle,novel_generalization,1,0.6666666666666666,1.0,0.991869918699187,0.991869918699187,0.00512904254719615,1.0044339895248413,0.9088820270033787,0.35453101992607117,1.002214542662818,,,1.0,1.1051313148269652,160,123,123,0
outputs/mujoco/baseline_custom_mujoco_newmodels/custom_mujoco_hopper__vqvae__conflation__s0,custom_mujoco_hopper,vqvae,conflation,0,1.0,1.0,1.0,1.0,nan,0.20178844034671783,0.19904546639138407,0.09536352008581161,0.4492086824035326,,,1.0,1.0137806401977538,268,59,59,18
outputs/mujoco/baseline_custom_mujoco_newmodels/custom_mujoco_halfcheetah__state_action_bem__novel_generalization__s1,custom_mujoco_halfcheetah,state_action_bem,novel_generalization,1,0.6422764227642277,0.9634146341463414,0.7398373983739838,0.983739837398374,0.2731385827064514,1.2806657552719116,1.2593698077206419,0.8884701132774353,1.1316650366923562,,,1.0,1.0169100032577514,160,123,123,0
outputs/mujoco/baseline_custom_mujoco_newmodels/custom_mujoco_humanoid__state_action_bem__single_shift__s0,custom_mujoco_humanoid,state_action_bem,single_shift,0,1.0,1.0,1.0,1.0,nan,0.886116623878479,0.771689606426927,0.6042445302009583,0.9413376779235383,,,1.0,1.1482811437377929,376,59,59,18
outputs/mujoco/baseline_custom_mujoco_newmodels/custom_mujoco_walker2d__inr_transformer_fitted_latent_shuffle__generalization__s0,custom_mujoco_walker2d,inr_transformer_fitted_latent_shuffle,generalization,0,1.0,1.0,1.0,1.0,nan,0.3147536516189575,0.39747028835335585,0.22738702595233917,0.561029100509909,,,1.0,0.7918922768363953,160,82,82,0
outputs/mujoco/baseline_custom_mujoco_newmodels/custom_mujoco_halfcheetah__inr_transformer_history_conditioned_shuffle__conflation__s0,custom_mujoco_halfcheetah,inr_transformer_history_conditioned_shuffle,conflation,0,0.9830508474576272,0.9830508474576272,0.9830508474576272,0.9830508474576272,nan,0.06377515196800232,0.06423885975245061,0.002780494512990117,0.252537426865806,,,1.0,0.9927815066108704,268,59,59,18
outputs/mujoco/baseline_custom_mujoco_newmodels/custom_mujoco_humanoid__cvae_rnn__specialization__s1,custom_mujoco_humanoid,cvae_rnn,specialization,1,0.8888888888888888,0.8888888888888888,0.9722222222222222,0.9722222222222222,nan,17542277120.0,11428478368.903698,0.2551383376121521,132447.2616553472,,,1.0,1.5349617467651366,376,36,36,36
outputs/mujoco/baseline_custom_mujoco_newmodels/custom_mujoco_hopper__cvae_rnn__new_policy__s1,custom_mujoco_hopper,cvae_rnn,new_policy,1,0.6666666666666666,1.0,0.9349593495934959,0.983739837398374,1.820554256439209,0.9809252619743347,0.7864570601406263,0.1965712457895279,0.9904167112757815,,,1.0,1.2472712264785766,376,123,123,0
outputs/mujoco/baseline_custom_mujoco_newmodels/custom_mujoco_walker2d__inr_diffusion_history_conditioned_shuffle__single_shift__s1,custom_mujoco_walker2d,inr_diffusion_history_conditioned_shuffle,single_shift,1,0.9830508474576272,0.9830508474576272,0.9661016949152542,0.9830508474576272,nan,0.7778702974319458,0.7276655846950197,0.4583403766155243,0.8819695558418928,,,1.0,1.0689942107925414,376,59,59,18
outputs/mujoco/baseline_custom_mujoco_newmodels/custom_mujoco_walker2d__inr_transformer_history_conditioned_shuffle__conflation__s1,custom_mujoco_walker2d,inr_transformer_history_conditioned_shuffle,conflation,1,0.9830508474576272,0.9830508474576272,0.9830508474576272,0.9830508474576272,nan,0.18171298503875732,0.18303131526564237,0.049034059047698975,0.42627806070540075,,,1.0,0.9927972422370911,268,59,59,18
outputs/mujoco/baseline_custom_mujoco_newmodels/custom_mujoco_halfcheetah__cvae_rnn__novel_generalization__s0,custom_mujoco_halfcheetah,cvae_rnn,novel_generalization,0,0.6341463414634146,0.9512195121951219,0.991869918699187,1.0,0.5816738605499268,0.3909900486469269,0.38867022492149733,0.2843051850795746,0.6252919707200204,,,1.0,1.005968617034912,160,123,123,0
outputs/mujoco/baseline_custom_mujoco_newmodels/custom_mujoco_halfcheetah__vqvae__no_shift__s1,custom_mujoco_halfcheetah,vqvae,no_shift,1,1.0,1.0,1.0,1.0,nan,0.05356564372777939,0.0534867750161215,0.010510248132050037,0.23144252791520273,,,1.0,1.0014745460281371,376,82,82,0
outputs/mujoco/baseline_custom_mujoco_newmodels/custom_mujoco_hopper__vqvae__new_policy__s0,custom_mujoco_hopper,vqvae,new_policy,0,0.6666666666666666,1.0,0.983739837398374,0.991869918699187,0.6916216611862183,1.1716587543487549,0.9224809844914085,0.2146671861410141,1.0824318705344715,,,1.0,1.2701169715652465,376,123,123,0
outputs/mujoco/baseline_custom_mujoco_newmodels/custom_mujoco_hopper__inr_transformer_history_conditioned_shuffle__conflation__s1,custom_mujoco_hopper,inr_transformer_history_conditioned_shuffle,conflation,1,1.0,1.0,1.0,1.0,nan,0.11114378273487091,0.1128534683880327,0.038960088044404984,0.33338233716690946,,,1.0,0.9848503933677674,268,59,59,18
outputs/mujoco/baseline_custom_mujoco_newmodels/custom_mujoco_halfcheetah__cvae_rnn__single_shift__s1,custom_mujoco_halfcheetah,cvae_rnn,single_shift,1,1.0,1.0,1.0,1.0,nan,0.04905728995800018,0.04850682602482158,0.005863116588443518,0.22148880323393366,,,1.0,1.0113481746444701,376,59,59,18
outputs/mujoco/baseline_custom_mujoco_newmodels/custom_mujoco_halfcheetah__inr_transformer_history_conditioned_shuffle__generalization__s0,custom_mujoco_halfcheetah,inr_transformer_history_conditioned_shuffle,generalization,0,0.9512195121951219,0.9512195121951219,1.0,1.0,nan,0.18873760104179382,0.18939420382172376,0.0685502365231514,0.43443941009281584,,,1.0,0.996533142162323,160,82,82,0
outputs/mujoco/baseline_custom_mujoco_newmodels/custom_mujoco_humanoid__inr_transformer_history_conditioned_shuffle__conflation__s0,custom_mujoco_humanoid,inr_transformer_history_conditioned_shuffle,conflation,0,1.0,1.0,1.0,1.0,nan,0.19819585978984833,0.19612682525900024,0.04852341115474701,0.445191935899392,,,1.0,1.01054947240448,268,59,59,18
outputs/mujoco/baseline_custom_mujoco_newmodels/custom_mujoco_ant__inr_diffusion_history_conditioned_shuffle__generalization__s0,custom_mujoco_ant,inr_diffusion_history_conditioned_shuffle,generalization,0,1.0,1.0,1.0,1.0,nan,1.0705182552337646,1.0680875532080996,0.7866095304489136,1.034658521075318,,,1.0,1.002275751663208,160,82,82,0
outputs/mujoco/baseline_custom_mujoco_newmodels/custom_mujoco_humanoid__inr_transformer_fitted_latent_shuffle__generalization__s1,custom_mujoco_humanoid,inr_transformer_fitted_latent_shuffle,generalization,1,0.9512195121951219,0.9512195121951219,0.9878048780487805,1.0,nan,0.12369267642498016,0.179501466695873,0.09130728989839554,0.3516996963674836,,,1.0,0.6890900598297119,160,82,82,0
outputs/mujoco/baseline_custom_mujoco_newmodels/custom_mujoco_humanoid__vqvae__new_policy__s1,custom_mujoco_humanoid,vqvae,new_policy,1,0.6666666666666666,1.0,0.983739837398374,0.991869918699187,0.5501035451889038,1.0126115083694458,0.8034113472374058,0.1401974856853485,1.006285997303672,,,1.0,1.2603898511657714,376,123,123,0
outputs/mujoco/baseline_custom_mujoco_newmodels/custom_mujoco_walker2d__inr_diffusion_history_conditioned_shuffle__novel_generalization__s0,custom_mujoco_walker2d,inr_diffusion_history_conditioned_shuffle,novel_generalization,0,0.5934959349593496,0.8902439024390244,0.9512195121951219,1.0,4.01194429397583,1.2069571018218994,1.4208193036197694,1.0238655805587769,1.0986159937948743,,,1.0,0.8494796620140076,160,123,123,0
outputs/mujoco/baseline_custom_mujoco_newmodels/custom_mujoco_hopper__cvae_rnn__novel_generalization__s1,custom_mujoco_hopper,cvae_rnn,novel_generalization,1,0.6585365853658537,0.9878048780487805,0.8943089430894309,0.9512195121951219,1.7814068794250488,0.9604226350784302,0.8035070680790866,0.4002023935317993,0.9800115484413591,,,1.0,1.1952883468399047,160,123,123,0
outputs/mujoco/baseline_custom_mujoco_newmodels/custom_mujoco_walker2d__inr_transformer_fitted_latent_shuffle__generalization__s1,custom_mujoco_walker2d,inr_transformer_fitted_latent_shuffle,generalization,1,0.9390243902439024,0.9390243902439024,0.9512195121951219,0.9878048780487805,nan,0.32788458466529846,0.40408384611081416,0.21618413925170898,0.5726120717076252,,,1.0,0.8114271031150818,160,82,82,0
outputs/mujoco/baseline_custom_mujoco_newmodels/custom_mujoco_halfcheetah__state_action_bem__no_shift__s1,custom_mujoco_halfcheetah,state_action_bem,no_shift,1,1.0,1.0,1.0,1.0,nan,1.2854808568954468,1.2835881470913892,1.136727213859558,1.1337904819213498,,,1.0,1.0014745460281371,376,82,82,0
outputs/mujoco/baseline_custom_mujoco_newmodels/custom_mujoco_halfcheetah__state_action_bem__new_policy__s0,custom_mujoco_halfcheetah,state_action_bem,new_policy,0,0.6666666666666666,1.0,1.0,1.0,0.19778044521808624,1.3004862070083618,1.2922796569116648,1.1945005655288696,1.1403886210447567,,,1.0,1.0063504443893432,376,123,123,0
outputs/mujoco/baseline_custom_mujoco_newmodels/custom_mujoco_humanoid__inr_diffusion_history_conditioned_shuffle__conflation__s0,custom_mujoco_humanoid,inr_diffusion_history_conditioned_shuffle,conflation,0,1.0,1.0,1.0,1.0,nan,0.7485127449035645,0.7406987637355044,0.4068109095096588,0.8651663105458768,,,1.0,1.01054947240448,268,59,59,18
outputs/mujoco/baseline_custom_mujoco_newmodels/custom_mujoco_hopper__state_action_bem__conflation__s1,custom_mujoco_hopper,state_action_bem,conflation,1,1.0,1.0,1.0,1.0,nan,0.5536187291145325,0.5621348509811659,0.18139515817165375,0.7440555954460207,,,1.0,0.9848503933677674,268,59,59,18
outputs/mujoco/baseline_custom_mujoco_newmodels/custom_mujoco_hopper__inr_transformer_fitted_latent_shuffle__no_shift__s1,custom_mujoco_hopper,inr_transformer_fitted_latent_shuffle,no_shift,1,0.9390243902439024,0.9390243902439024,0.9390243902439024,0.975609756097561,nan,0.09761830419301987,0.09796603167124313,0.043217673897743225,0.31243928080991973,,,1.0,0.9964505301246643,376,82,82,0
outputs/mujoco/baseline_custom_mujoco_newmodels/custom_mujoco_walker2d__vqvae__conflation__s0,custom_mujoco_walker2d,vqvae,conflation,0,1.0,1.0,1.0,1.0,nan,0.16189993917942047,0.1670963652871105,0.07428723573684692,0.4023679151963045,,,1.0,0.9689016209373474,268,59,59,18
outputs/mujoco/baseline_custom_mujoco_newmodels/custom_mujoco_humanoid__state_action_bem__no_shift__s0,custom_mujoco_humanoid,state_action_bem,no_shift,0,1.0,1.0,1.0,1.0,nan,0.7425655722618103,0.7473398629226417,0.6021246910095215,0.8617224450261293,,,1.0,0.9936116204986573,376,82,82,0
outputs/mujoco/baseline_custom_mujoco_newmodels/custom_mujoco_halfcheetah__vqvae__generalization__s1,custom_mujoco_halfcheetah,vqvae,generalization,1,0.9634146341463414,0.9634146341463414,1.0,1.0,nan,0.21393810212612152,0.2119377651242426,0.11280766129493713,0.46253443344914497,,,1.0,1.009438322616577,160,82,82,0
outputs/mujoco/baseline_custom_mujoco_newmodels/custom_mujoco_halfcheetah__state_action_bem__single_shift__s0,custom_mujoco_halfcheetah,state_action_bem,single_shift,0,1.0,1.0,1.0,1.0,nan,1.3278485536575317,1.319711178085137,1.2300968170166016,1.152323111656419,,,1.0,1.0061660276184081,376,59,59,18
outputs/mujoco/baseline_custom_mujoco_newmodels/custom_mujoco_hopper__inr_transformer_fitted_latent_shuffle__generalization__s1,custom_mujoco_hopper,inr_transformer_fitted_latent_shuffle,generalization,1,0.9146341463414634,0.9146341463414634,0.9146341463414634,0.975609756097561,nan,0.3487616181373596,0.3646815717028882,0.12135197967290878,0.5905604271684309,,,1.0,0.9563456044921875,160,82,82,0
outputs/mujoco/baseline_custom_mujoco_newmodels/custom_mujoco_humanoid__state_action_bem__generalization__s1,custom_mujoco_humanoid,state_action_bem,generalization,1,1.0,1.0,1.0,1.0,nan,0.5442841649055481,0.7898592602540976,0.4616450071334839,0.7377561690054161,,,1.0,0.6890900598297119,160,82,82,0
outputs/mujoco/baseline_custom_mujoco_newmodels/custom_mujoco_ant__cvae_rnn__specialization__s0,custom_mujoco_ant,cvae_rnn,specialization,0,1.0,1.0,0.9722222222222222,0.9722222222222222,nan,0.23618139326572418,0.20280890004077598,0.10731393843889236,0.48598497226326265,,,1.0,1.1645514236221313,376,36,36,36
outputs/mujoco/baseline_custom_mujoco_newmodels/custom_mujoco_hopper__state_action_bem__generalization__s1,custom_mujoco_hopper,state_action_bem,generalization,1,0.975609756097561,0.975609756097561,1.0,1.0,nan,0.6628809571266174,0.6931395449646076,0.24157218635082245,0.8141750162751357,,,1.0,0.9563456044921875,160,82,82,0
outputs/mujoco/baseline_custom_mujoco_newmodels/custom_mujoco_walker2d__inr_transformer_fitted_latent_shuffle__single_shift__s0,custom_mujoco_walker2d,inr_transformer_fitted_latent_shuffle,single_shift,0,0.9491525423728814,0.9491525423728814,0.9491525423728814,1.0,nan,0.13294294476509094,0.12367147904924242,0.03930827975273132,0.3646134182460801,,,1.0,1.0749685035476684,376,59,59,18
outputs/mujoco/baseline_custom_mujoco_newmodels/custom_mujoco_ant__inr_transformer_fitted_latent_shuffle__no_shift__s0,custom_mujoco_ant,inr_transformer_fitted_latent_shuffle,no_shift,0,1.0,1.0,1.0,1.0,nan,0.19461356103420258,0.19737087349121674,0.11518771946430206,0.4411502703549014,,,1.0,0.986029790473938,376,82,82,0
outputs/mujoco/baseline_custom_mujoco_newmodels/custom_mujoco_humanoid__state_action_bem__generalization__s0,custom_mujoco_humanoid,state_action_bem,generalization,0,1.0,1.0,1.0,1.0,nan,0.5500725507736206,0.795034605910454,0.48040929436683655,0.741668760818211,,,1.0,0.6918850408325196,160,82,82,0
outputs/mujoco/baseline_custom_mujoco_newmodels/custom_mujoco_hopper__vqvae__generalization__s1,custom_mujoco_hopper,vqvae,generalization,1,0.975609756097561,0.975609756097561,0.9878048780487805,0.9878048780487805,nan,0.44542255997657776,0.4657548044183189,0.1956072449684143,0.6673998501472544,,,1.0,0.9563456044921875,160,82,82,0
outputs/mujoco/baseline_custom_mujoco_newmodels/custom_mujoco_hopper__inr_diffusion_history_conditioned_shuffle__generalization__s1,custom_mujoco_hopper,inr_diffusion_history_conditioned_shuffle,generalization,1,0.975609756097561,0.975609756097561,0.9878048780487805,1.0,nan,1.3685939311981201,1.431066263879399,0.8301803469657898,1.1698691940546686,,,1.0,0.9563456044921875,160,82,82,0
outputs/mujoco/baseline_custom_mujoco_newmodels/custom_mujoco_ant__cvae_rnn__specialization__s1,custom_mujoco_ant,cvae_rnn,specialization,1,0.9444444444444444,0.9444444444444444,0.9722222222222222,1.0,nan,0.2746540904045105,0.2373754746812168,0.11604189872741699,0.5240745084475208,,,1.0,1.1570449338684081,376,36,36,36
outputs/mujoco/baseline_custom_mujoco_newmodels/custom_mujoco_hopper__inr_transformer_fitted_latent_shuffle__single_shift__s0,custom_mujoco_hopper,inr_transformer_fitted_latent_shuffle,single_shift,0,1.0,1.0,0.9830508474576272,1.0,nan,0.1054157167673111,0.09846141073665624,0.045328278094530106,0.32467786614937444,,,1.0,1.0706297622451781,376,59,59,18
outputs/mujoco/baseline_custom_mujoco_newmodels/custom_mujoco_hopper__vqvae__conflation__s1,custom_mujoco_hopper,vqvae,conflation,1,1.0,1.0,1.0,1.0,nan,0.18944621086120605,0.19236039517980086,0.08346959203481674,0.43525419108976543,,,1.0,0.9848503933677674,268,59,59,18
outputs/mujoco/baseline_custom_mujoco_newmodels/custom_mujoco_halfcheetah__inr_transformer_fitted_latent_shuffle__novel_generalization__s0,custom_mujoco_halfcheetah,inr_transformer_fitted_latent_shuffle,novel_generalization,0,0.6422764227642277,0.9634146341463414,0.991869918699187,0.991869918699187,0.0017745625227689743,0.3034563660621643,0.3016558975334644,0.17161105573177338,0.5508687375974102,,,1.0,1.005968617034912,160,123,123,0
outputs/mujoco/baseline_custom_mujoco_newmodels/custom_mujoco_walker2d__state_action_bem__new_policy__s1,custom_mujoco_walker2d,state_action_bem,new_policy,1,0.6585365853658537,0.9878048780487805,0.959349593495935,1.0,0.23842036724090576,0.5887277126312256,0.5394180472270216,0.3251529335975647,0.7672859392894057,,,1.0,1.0914127097854613,376,123,123,0
outputs/mujoco/baseline_custom_mujoco_newmodels/custom_mujoco_halfcheetah__state_action_bem__single_shift__s1,custom_mujoco_halfcheetah,state_action_bem,single_shift,1,1.0,1.0,1.0,1.0,nan,1.3619816303253174,1.346699054263987,1.2523038387298584,1.1670396866967796,,,1.0,1.0113481746444701,376,59,59,18
outputs/mujoco/baseline_custom_mujoco_newmodels/custom_mujoco_halfcheetah__state_action_bem__novel_generalization__s0,custom_mujoco_halfcheetah,state_action_bem,novel_generalization,0,0.6341463414634146,0.9512195121951219,0.8292682926829268,0.991869918699187,0.2539810538291931,1.3142882585525513,1.3064903181834937,1.2092121839523315,1.146424118096157,,,1.0,1.005968617034912,160,123,123,0
outputs/mujoco/baseline_custom_mujoco_newmodels/custom_mujoco_halfcheetah__cvae_rnn__generalization__s1,custom_mujoco_halfcheetah,cvae_rnn,generalization,1,0.9512195121951219,0.9512195121951219,0.9878048780487805,0.9878048780487805,nan,0.23030678927898407,0.2281534038474021,0.11467773467302322,0.4799028956768068,,,1.0,1.009438322616577,160,82,82,0
outputs/mujoco/baseline_custom_mujoco_newmodels/custom_mujoco_walker2d__inr_transformer_fitted_latent_shuffle__no_shift__s1,custom_mujoco_walker2d,inr_transformer_fitted_latent_shuffle,no_shift,1,0.975609756097561,0.975609756097561,0.9878048780487805,1.0,nan,0.1078316867351532,0.10808966460411105,0.043665751814842224,0.3283773541752738,,,1.0,0.9976132975349427,376,82,82,0
outputs/mujoco/baseline_custom_mujoco_newmodels/custom_mujoco_walker2d__inr_transformer_fitted_latent_shuffle__new_policy__s0,custom_mujoco_walker2d,inr_transformer_fitted_latent_shuffle,new_policy,0,0.6422764227642277,0.9634146341463414,0.8780487804878049,0.959349593495935,0.0033799195662140846,0.42039746046066284,0.3736853094278641,0.07606040686368942,0.6483806447301329,,,1.0,1.1250039802322387,376,123,123,0
outputs/mujoco/baseline_custom_mujoco_newmodels/custom_mujoco_ant__cvae_rnn__new_policy__s1,custom_mujoco_ant,cvae_rnn,new_policy,1,0.6666666666666666,1.0,0.991869918699187,0.991869918699187,0.775352418422699,1.1472703218460083,1.043319502762205,0.14711491763591766,1.0711070543349102,,,1.0,1.0996346936950683,376,123,123,0
outputs/mujoco/baseline_custom_mujoco_newmodels/custom_mujoco_halfcheetah__cvae_rnn__generalization__s0,custom_mujoco_halfcheetah,cvae_rnn,generalization,0,0.9512195121951219,0.9512195121951219,1.0,1.0,nan,0.2655322551727295,0.2664560203151553,0.12563495337963104,0.5152982196483212,,,1.0,0.996533142162323,160,82,82,0
outputs/mujoco/baseline_custom_mujoco_newmodels/custom_mujoco_halfcheetah__vqvae__conflation__s0,custom_mujoco_halfcheetah,vqvae,conflation,0,0.9830508474576272,0.9830508474576272,1.0,1.0,nan,0.190680131316185,0.1920665625280667,0.004605430644005537,0.4366693615496569,,,1.0,0.9927815066108704,268,59,59,18
outputs/mujoco/baseline_custom_mujoco_newmodels/custom_mujoco_halfcheetah__cvae_rnn__conflation__s1,custom_mujoco_halfcheetah,cvae_rnn,conflation,1,1.0,1.0,1.0,1.0,nan,0.043197933584451675,0.04325864812879702,0.005344059783965349,0.20784112582559708,,,1.0,0.9985964761505127,268,59,59,18
outputs/mujoco/baseline_custom_mujoco_newmodels/custom_mujoco_ant__inr_diffusion_history_conditioned_shuffle__single_shift__s1,custom_mujoco_ant,inr_diffusion_history_conditioned_shuffle,single_shift,1,1.0,1.0,1.0,1.0,nan,0.610175609588623,0.6086177258107275,0.3195420801639557,0.7811373820197207,,,1.0,1.0025597081909179,376,59,59,18
outputs/mujoco/baseline_custom_mujoco_newmodels/custom_mujoco_ant__inr_diffusion_history_conditioned_shuffle__no_shift__s0,custom_mujoco_ant,inr_diffusion_history_conditioned_shuffle,no_shift,0,1.0,1.0,1.0,1.0,nan,0.5593571066856384,0.5672821572832824,0.2722383737564087,0.7479018028362001,,,1.0,0.986029790473938,376,82,82,0
outputs/mujoco/baseline_custom_mujoco_newmodels/custom_mujoco_hopper__state_action_bem__generalization__s0,custom_mujoco_hopper,state_action_bem,generalization,0,0.926829268292683,0.926829268292683,1.0,1.0,nan,0.6653309464454651,0.6691186838574557,0.255001038312912,0.8156782125602382,,,1.0,0.9943392143974304,160,82,82,0
outputs/mujoco/baseline_custom_mujoco_newmodels/custom_mujoco_halfcheetah__cvae_rnn__single_shift__s0,custom_mujoco_halfcheetah,cvae_rnn,single_shift,0,1.0,1.0,1.0,1.0,nan,0.04139649122953415,0.04114280356644471,0.006925981491804123,0.20346127697803862,,,1.0,1.0061660276184081,376,59,59,18
outputs/mujoco/baseline_custom_mujoco_newmodels/custom_mujoco_walker2d__inr_transformer_fitted_latent_shuffle__single_shift__s1,custom_mujoco_walker2d,inr_transformer_fitted_latent_shuffle,single_shift,1,0.9830508474576272,0.9830508474576272,1.0,1.0,nan,0.18781939148902893,0.17569729526391126,0.04656011983752251,0.4333813464940882,,,1.0,1.0689942107925414,376,59,59,18
outputs/mujoco/baseline_custom_mujoco_newmodels/custom_mujoco_ant__state_action_bem__single_shift__s1,custom_mujoco_ant,state_action_bem,single_shift,1,1.0,1.0,1.0,1.0,nan,1.331589937210083,1.328190157983596,0.8178808689117432,1.153945378781025,,,1.0,1.0025597081909179,376,59,59,18
outputs/mujoco/baseline_custom_mujoco_newmodels/custom_mujoco_walker2d__inr_transformer_history_conditioned_shuffle__conflation__s0,custom_mujoco_walker2d,inr_transformer_history_conditioned_shuffle,conflation,0,1.0,1.0,1.0,1.0,nan,0.143594428896904,0.14820331166128714,0.044889185577631,0.37893855556924266,,,1.0,0.9689016209373474,268,59,59,18
outputs/mujoco/baseline_custom_mujoco_newmodels/custom_mujoco_ant__cvae_rnn__conflation__s0,custom_mujoco_ant,cvae_rnn,conflation,0,1.0,1.0,1.0,1.0,nan,0.20790697634220123,0.20872331226354907,0.09043139964342117,0.45596817470323653,,,1.0,0.996088908744812,268,59,59,18
outputs/mujoco/baseline_custom_mujoco_newmodels/custom_mujoco_hopper__inr_transformer_history_conditioned_shuffle__new_policy__s0,custom_mujoco_hopper,inr_transformer_history_conditioned_shuffle,new_policy,0,0.6666666666666666,1.0,0.991869918699187,1.0,2.715101957321167,0.8744397759437561,0.6884718459167803,0.12838467955589294,0.9351148463925466,,,1.0,1.2701169715652465,376,123,123,0
outputs/mujoco/baseline_custom_mujoco_newmodels/custom_mujoco_humanoid__inr_transformer_fitted_latent_shuffle__new_policy__s1,custom_mujoco_humanoid,inr_transformer_fitted_latent_shuffle,new_policy,1,0.6422764227642277,0.9634146341463414,0.983739837398374,0.991869918699187,0.003995765000581741,0.7996652126312256,0.6344586255527144,0.08852861076593399,0.8942400195871495,,,1.0,1.2603898511657714,376,123,123,0
outputs/mujoco/baseline_custom_mujoco_newmodels/custom_mujoco_hopper__state_action_bem__single_shift__s0,custom_mujoco_hopper,state_action_bem,single_shift,0,1.0,1.0,1.0,1.0,nan,0.5754263401031494,0.5374652941614887,0.19812846183776855,0.7585686126535618,,,1.0,1.0706297622451781,376,59,59,18
outputs/mujoco/baseline_custom_mujoco_newmodels/custom_mujoco_hopper__inr_diffusion_history_conditioned_shuffle__specialization__s1,custom_mujoco_hopper,inr_diffusion_history_conditioned_shuffle,specialization,1,0.9722222222222222,0.9722222222222222,0.9722222222222222,1.0,nan,0.858992874622345,0.9334361457253191,0.360744446516037,0.9268186848690227,,,1.0,0.9202481375465393,376,36,36,36
outputs/mujoco/baseline_custom_mujoco_newmodels/custom_mujoco_walker2d__state_action_bem__conflation__s1,custom_mujoco_walker2d,state_action_bem,conflation,1,0.9830508474576272,0.9830508474576272,0.8983050847457628,1.0,nan,0.44591984152793884,0.4491549961633034,0.1849464774131775,0.6677722976643602,,,1.0,0.9927972422370911,268,59,59,18
outputs/mujoco/baseline_custom_mujoco_newmodels/custom_mujoco_walker2d__state_action_bem__single_shift__s0,custom_mujoco_walker2d,state_action_bem,single_shift,0,0.9661016949152542,0.9661016949152542,0.9661016949152542,1.0,nan,0.48403921723365784,0.4502822321176907,0.23357677459716797,0.6957292700710944,,,1.0,1.0749685035476684,376,59,59,18
outputs/mujoco/baseline_custom_mujoco_newmodels/custom_mujoco_humanoid__vqvae__conflation__s1,custom_mujoco_humanoid,vqvae,conflation,1,1.0,1.0,1.0,1.0,nan,1.4115160703659058,1.4750607886143032,0.04921215772628784,1.188072417980447,,,1.0,0.9569206105003357,268,59,59,18
outputs/mujoco/baseline_custom_mujoco_newmodels/custom_mujoco_ant__cvae_rnn__generalization__s0,custom_mujoco_ant,cvae_rnn,generalization,0,1.0,1.0,0.9878048780487805,0.9878048780487805,nan,0.33766770362854004,0.33690100061605166,0.1996571123600006,0.5810918203077204,,,1.0,1.002275751663208,160,82,82,0
outputs/mujoco/baseline_custom_mujoco_newmodels/custom_mujoco_halfcheetah__vqvae__no_shift__s0,custom_mujoco_halfcheetah,vqvae,no_shift,0,1.0,1.0,1.0,1.0,nan,0.054893359541893005,0.05510917905981603,0.008550641126930714,0.23429331945638784,,,1.0,0.9960837827453614,376,82,82,0
outputs/mujoco/baseline_custom_mujoco_newmodels/custom_mujoco_halfcheetah__inr_diffusion_history_conditioned_shuffle__generalization__s0,custom_mujoco_halfcheetah,inr_diffusion_history_conditioned_shuffle,generalization,0,0.9512195121951219,0.9512195121951219,1.0,1.0,nan,1.1648128032684326,1.1688650923751203,0.9883086681365967,1.0792649365509994,,,1.0,0.996533142162323,160,82,82,0
outputs/mujoco/baseline_custom_mujoco_newmodels/custom_mujoco_walker2d__inr_diffusion_history_conditioned_shuffle__new_policy__s1,custom_mujoco_walker2d,inr_diffusion_history_conditioned_shuffle,new_policy,1,0.6585365853658537,0.9878048780487805,0.967479674796748,0.991869918699187,2.3419299125671387,0.8635652661323547,0.791236219250283,0.5478429198265076,0.9292821240787723,,,1.0,1.0914127097854613,376,123,123,0
outputs/mujoco/baseline_custom_mujoco_newmodels/custom_mujoco_humanoid__inr_diffusion_history_conditioned_shuffle__single_shift__s0,custom_mujoco_humanoid,inr_diffusion_history_conditioned_shuffle,single_shift,0,0.9491525423728814,0.9491525423728814,1.0,1.0,nan,0.863422691822052,0.7519262129581851,0.39463865756988525,0.9292054088424432,,,1.0,1.1482811437377929,376,59,59,18
outputs/mujoco/baseline_custom_mujoco_newmodels/custom_mujoco_walker2d__cvae_rnn__single_shift__s1,custom_mujoco_walker2d,cvae_rnn,single_shift,1,1.0,1.0,0.9830508474576272,1.0,nan,0.2430538535118103,0.2273668566751289,0.06936158984899521,0.49300492240119703,,,1.0,1.0689942107925414,376,59,59,18
outputs/mujoco/baseline_custom_mujoco_newmodels/custom_mujoco_halfcheetah__state_action_bem__conflation__s1,custom_mujoco_halfcheetah,state_action_bem,conflation,1,1.0,1.0,1.0,1.0,nan,1.340541124343872,1.3424252501986798,1.2428656816482544,1.1578173968048122,,,1.0,0.9985964761505127,268,59,59,18
outputs/mujoco/baseline_custom_mujoco_newmodels/custom_mujoco_hopper__inr_transformer_history_conditioned_shuffle__single_shift__s0,custom_mujoco_hopper,inr_transformer_history_conditioned_shuffle,single_shift,0,1.0,1.0,1.0,1.0,nan,0.1511726975440979,0.14119978995080354,0.0548270046710968,0.38880933314942157,,,1.0,1.0706297622451781,376,59,59,18
outputs/mujoco/baseline_custom_mujoco_newmodels/custom_mujoco_hopper__state_action_bem__new_policy__s1,custom_mujoco_hopper,state_action_bem,new_policy,1,0.6666666666666666,1.0,1.0,1.0,0.2623395323753357,0.7873034477233887,0.6312207248989332,0.3282044529914856,0.8873012158919814,,,1.0,1.2472712264785766,376,123,123,0
outputs/mujoco/baseline_custom_mujoco_newmodels/custom_mujoco_walker2d__vqvae__novel_generalization__s0,custom_mujoco_walker2d,vqvae,novel_generalization,0,0.6097560975609756,0.9146341463414634,0.8455284552845529,0.9512195121951219,0.5539848208427429,0.4300139248371124,0.5062086169521757,0.2746216952800751,0.655754469933002,,,1.0,0.8494796620140076,160,123,123,0
outputs/mujoco/baseline_custom_mujoco_newmodels/custom_mujoco_hopper__inr_transformer_fitted_latent_shuffle__new_policy__s1,custom_mujoco_hopper,inr_transformer_fitted_latent_shuffle,new_policy,1,0.6260162601626016,0.9390243902439024,0.943089430894309,0.975609756097561,0.008680496364831924,0.797056257724762,0.6390400426177493,0.10283269733190536,0.8927800724281215,,,1.0,1.2472712264785766,376,123,123,0
outputs/mujoco/baseline_custom_mujoco_newmodels/custom_mujoco_ant__vqvae__conflation__s1,custom_mujoco_ant,vqvae,conflation,1,1.0,1.0,1.0,1.0,nan,0.15780097246170044,0.1570083625147204,0.09319058060646057,0.39724170534033865,,,1.0,1.0050482021102904,268,59,59,18
outputs/mujoco/baseline_custom_mujoco_newmodels/custom_mujoco_humanoid__inr_transformer_fitted_latent_shuffle__specialization__s1,custom_mujoco_humanoid,inr_transformer_fitted_latent_shuffle,specialization,1,0.75,0.75,0.9166666666666666,1.0,nan,0.7402523159980774,0.48226108406813795,0.20253443717956543,0.8603791699001536,,,1.0,1.5349617467651366,376,36,36,36
outputs/mujoco/baseline_custom_mujoco_newmodels/custom_mujoco_humanoid__vqvae__conflation__s0,custom_mujoco_humanoid,vqvae,conflation,0,1.0,1.0,1.0,1.0,nan,0.20065011084079742,0.19855545554180026,0.06414436548948288,0.4479398518113759,,,1.0,1.01054947240448,268,59,59,18
outputs/mujoco/baseline_custom_mujoco_newmodels/custom_mujoco_halfcheetah__cvae_rnn__no_shift__s1,custom_mujoco_halfcheetah,cvae_rnn,no_shift,1,1.0,1.0,1.0,1.0,nan,0.07064803689718246,0.07054401649784672,0.010234363377094269,0.2657969843643499,,,1.0,1.0014745460281371,376,82,82,0
outputs/mujoco/baseline_custom_mujoco_newmodels/custom_mujoco_halfcheetah__state_action_bem__new_policy__s1,custom_mujoco_halfcheetah,state_action_bem,new_policy,1,0.6666666666666666,1.0,1.0,1.0,0.19605229794979095,1.318172574043274,1.305257962599813,1.1986275911331177,1.148116968798595,,,1.0,1.0098942981491088,376,123,123,0
outputs/mujoco/baseline_custom_mujoco_newmodels/custom_mujoco_hopper__inr_transformer_history_conditioned_shuffle__no_shift__s1,custom_mujoco_hopper,inr_transformer_history_conditioned_shuffle,no_shift,1,1.0,1.0,1.0,1.0,nan,0.16835761070251465,0.16895731961871874,0.04527115449309349,0.4103140391243208,,,1.0,0.9964505301246643,376,82,82,0
outputs/mujoco/baseline_custom_mujoco_newmodels/custom_mujoco_halfcheetah__inr_transformer_history_conditioned_shuffle__specialization__s0,custom_mujoco_halfcheetah,inr_transformer_history_conditioned_shuffle,specialization,0,0.7777777777777778,0.7777777777777778,0.9166666666666666,0.9444444444444444,nan,0.16529250144958496,0.18220569212209828,0.012544039636850357,0.40656180520258534,,,1.0,0.907175289226532,376,36,36,36
outputs/mujoco/baseline_custom_mujoco_newmodels/custom_mujoco_humanoid__inr_diffusion_history_conditioned_shuffle__specialization__s0,custom_mujoco_humanoid,inr_diffusion_history_conditioned_shuffle,specialization,0,0.9166666666666666,0.9166666666666666,1.0,1.0,nan,1.8074591159820557,1.1320938912635505,1.0112955570220947,1.3444177609590167,,,1.0,1.5965629087219237,376,36,36,36
outputs/mujoco/baseline_custom_mujoco_newmodels/custom_mujoco_walker2d__state_action_bem__generalization__s1,custom_mujoco_walker2d,state_action_bem,generalization,1,0.8902439024390244,0.8902439024390244,0.9878048780487805,1.0,nan,0.4540097713470459,0.5595200968812787,0.30490097403526306,0.6738024720547157,,,1.0,0.8114271031150818,160,82,82,0
outputs/mujoco/baseline_custom_mujoco_newmodels/custom_mujoco_ant__cvae_rnn__no_shift__s1,custom_mujoco_ant,cvae_rnn,no_shift,1,1.0,1.0,1.0,1.0,nan,0.147160142660141,0.14897387847943339,0.07354265451431274,0.3836145756617454,,,1.0,0.9878251419792176,376,82,82,0
outputs/mujoco/baseline_custom_mujoco_newmodels/custom_mujoco_halfcheetah__vqvae__single_shift__s1,custom_mujoco_halfcheetah,vqvae,single_shift,1,1.0,1.0,1.0,1.0,nan,0.0349268764257431,0.034534967582278295,0.006449890788644552,0.18688733618344264,,,1.0,1.0113481746444701,376,59,59,18
outputs/mujoco/baseline_custom_mujoco_newmodels/custom_mujoco_hopper__inr_diffusion_history_conditioned_shuffle__novel_generalization__s0,custom_mujoco_hopper,inr_diffusion_history_conditioned_shuffle,novel_generalization,0,0.6341463414634146,0.9512195121951219,0.9186991869918699,0.967479674796748,3.149165153503418,1.722354769706726,1.3837990270647766,1.1191914081573486,1.3123851453390982,,,1.0,1.2446567283401488,160,123,123,0
outputs/mujoco/baseline_custom_mujoco_newmodels/custom_mujoco_ant__inr_transformer_fitted_latent_shuffle__no_shift__s1,custom_mujoco_ant,inr_transformer_fitted_latent_shuffle,no_shift,1,1.0,1.0,1.0,1.0,nan,0.19629240036010742,0.19871168693561875,0.11672785133123398,0.4430489818971571,,,1.0,0.9878251419792176,376,82,82,0
outputs/mujoco/baseline_custom_mujoco_newmodels/custom_mujoco_hopper__vqvae__single_shift__s1,custom_mujoco_hopper,vqvae,single_shift,1,1.0,1.0,1.0,1.0,nan,0.20234647393226624,0.19354231234216832,0.09088998287916183,0.4498293831357243,,,1.0,1.0454895959625243,376,59,59,18
outputs/mujoco/baseline_custom_mujoco_newmodels/custom_mujoco_ant__vqvae__conflation__s0,custom_mujoco_ant,vqvae,conflation,0,1.0,1.0,1.0,1.0,nan,0.21094465255737305,0.21177291575627305,0.08312501013278961,0.45928711342402484,,,1.0,0.996088908744812,268,59,59,18
outputs/mujoco/baseline_custom_mujoco_newmodels/custom_mujoco_ant__inr_transformer_history_conditioned_shuffle__new_policy__s1,custom_mujoco_ant,inr_transformer_history_conditioned_shuffle,new_policy,1,0.6666666666666666,1.0,0.991869918699187,0.991869918699187,1.3707219362258911,0.9155582785606384,0.8326022121802255,0.08479417860507965,0.9568480958650848,,,1.0,1.0996346936950683,376,123,123,0
outputs/mujoco/baseline_custom_mujoco_newmodels/custom_mujoco_halfcheetah__cvae_rnn__new_policy__s0,custom_mujoco_halfcheetah,cvae_rnn,new_policy,0,0.6666666666666666,1.0,1.0,1.0,0.25991758704185486,0.22438235580921173,0.22296641995857386,0.032979466021060944,0.4736901474690092,,,1.0,1.0063504443893432,376,123,123,0
outputs/mujoco/baseline_custom_mujoco_newmodels/custom_mujoco_halfcheetah__inr_transformer_fitted_latent_shuffle__specialization__s0,custom_mujoco_halfcheetah,inr_transformer_fitted_latent_shuffle,specialization,0,1.0,1.0,0.9166666666666666,0.9166666666666666,nan,0.1589978188276291,0.17526691998322885,0.015431220643222332,0.398745305712342,,,1.0,0.907175289226532,376,36,36,36
outputs/mujoco/baseline_custom_mujoco_newmodels/custom_mujoco_ant__vqvae__specialization__s0,custom_mujoco_ant,vqvae,specialization,0,1.0,1.0,1.0,1.0,nan,0.23008033633232117,0.19756992406286103,0.1076018288731575,0.47966690143507,,,1.0,1.1645514236221313,376,36,36,36
outputs/mujoco/baseline_custom_mujoco_newmodels/custom_mujoco_hopper__vqvae__no_shift__s0,custom_mujoco_hopper,vqvae,no_shift,0,1.0,1.0,1.0,1.0,nan,0.21729831397533417,0.2142652704942186,0.08817083388566971,0.46615267238892255,,,1.0,1.014155553413391,376,82,82,0
outputs/mujoco/baseline_custom_mujoco_newmodels/custom_mujoco_halfcheetah__state_action_bem__specialization__s0,custom_mujoco_halfcheetah,state_action_bem,specialization,0,0.7222222222222222,0.7222222222222222,0.9722222222222222,0.9722222222222222,nan,1.296097755432129,1.428718099825224,1.2191427946090698,1.1384628915481299,,,1.0,0.907175289226532,376,36,36,36
outputs/mujoco/baseline_custom_mujoco_newmodels/custom_mujoco_humanoid__inr_transformer_history_conditioned_shuffle__generalization__s1,custom_mujoco_humanoid,inr_transformer_history_conditioned_shuffle,generalization,1,1.0,1.0,1.0,1.0,nan,0.13222087919712067,0.19187750180258747,0.08774962276220322,0.36362189042619625,,,1.0,0.6890900598297119,160,82,82,0
outputs/mujoco/baseline_custom_mujoco_newmodels/custom_mujoco_ant__vqvae__generalization__s0,custom_mujoco_ant,vqvae,generalization,0,1.0,1.0,1.0,1.0,nan,0.3759170472621918,0.37506349588761695,0.18680058419704437,0.6131207444396183,,,1.0,1.002275751663208,160,82,82,0
outputs/mujoco/baseline_custom_mujoco_newmodels/custom_mujoco_walker2d__inr_transformer_history_conditioned_shuffle__no_shift__s1,custom_mujoco_walker2d,inr_transformer_history_conditioned_shuffle,no_shift,1,1.0,1.0,1.0,1.0,nan,0.13352833688259125,0.1338477917370726,0.038356635719537735,0.365415293717424,,,1.0,0.9976132975349427,376,82,82,0
outputs/mujoco/baseline_custom_mujoco_newmodels/custom_mujoco_humanoid__vqvae__no_shift__s1,custom_mujoco_humanoid,vqvae,no_shift,1,1.0,1.0,1.0,1.0,nan,0.15881331264972687,0.1583130173327709,0.06958839297294617,0.39851388012179306,,,1.0,1.0031601653823852,376,82,82,0
outputs/mujoco/baseline_custom_mujoco_newmodels/custom_mujoco_humanoid__vqvae__no_shift__s0,custom_mujoco_humanoid,vqvae,no_shift,0,1.0,1.0,1.0,1.0,nan,0.10949108004570007,0.11019504783040934,0.06164255738258362,0.3308943638772049,,,1.0,0.9936116204986573,376,82,82,0
outputs/mujoco/baseline_custom_mujoco_newmodels/custom_mujoco_ant__inr_transformer_history_conditioned_shuffle__new_policy__s0,custom_mujoco_ant,inr_transformer_history_conditioned_shuffle,new_policy,0,0.6666666666666666,1.0,0.991869918699187,0.991869918699187,3.7922987937927246,0.8553341627120972,0.7789979532645661,0.08017001301050186,0.9248427772935771,,,1.0,1.0979928241500854,376,123,123,0
outputs/mujoco/baseline_custom_mujoco_newmodels/custom_mujoco_hopper__vqvae__novel_generalization__s0,custom_mujoco_hopper,vqvae,novel_generalization,0,0.6341463414634146,0.9512195121951219,0.9349593495934959,0.975609756097561,0.8786971569061279,1.0445191860198975,0.839202618872152,0.39697304368019104,1.0220172141504749,,,1.0,1.2446567283401488,160,123,123,0
outputs/mujoco/baseline_custom_mujoco_newmodels/custom_mujoco_walker2d__inr_diffusion_history_conditioned_shuffle__conflation__s0,custom_mujoco_walker2d,inr_diffusion_history_conditioned_shuffle,conflation,0,1.0,1.0,1.0,1.0,nan,0.8192777633666992,0.8455737359321401,0.5190991759300232,0.9051396374961707,,,1.0,0.9689016209373474,268,59,59,18
outputs/mujoco/baseline_custom_mujoco_newmodels/custom_mujoco_walker2d__inr_diffusion_history_conditioned_shuffle__single_shift__s0,custom_mujoco_walker2d,inr_diffusion_history_conditioned_shuffle,single_shift,0,1.0,1.0,1.0,1.0,nan,0.7660653591156006,0.7126398183643435,0.4457186758518219,0.8752515976081395,,,1.0,1.0749685035476684,376,59,59,18
outputs/mujoco/baseline_custom_mujoco_newmodels/custom_mujoco_humanoid__cvae_rnn__novel_generalization__s1,custom_mujoco_humanoid,cvae_rnn,novel_generalization,1,0.6666666666666666,1.0,1.0,1.0,1.7459052801132202,0.35111942887306213,0.45794528124585115,0.18508541584014893,0.5925533131061391,,,1.0,0.7667279110679627,160,123,123,0
outputs/mujoco/baseline_custom_mujoco_newmodels/custom_mujoco_ant__inr_transformer_fitted_latent_shuffle__generalization__s1,custom_mujoco_ant,inr_transformer_fitted_latent_shuffle,generalization,1,1.0,1.0,1.0,1.0,nan,0.29225125908851624,0.294810424223068,0.19917574524879456,0.540602681355278,,,1.0,0.9913192854652405,160,82,82,0
outputs/mujoco/baseline_custom_mujoco_newmodels/custom_mujoco_halfcheetah__inr_diffusion_history_conditioned_shuffle__no_shift__s0,custom_mujoco_halfcheetah,inr_diffusion_history_conditioned_shuffle,no_shift,0,1.0,1.0,1.0,1.0,nan,0.6098523736000061,0.6122500779193075,0.3394956588745117,0.7809304537537297,,,1.0,0.9960837827453614,376,82,82,0
outputs/mujoco/baseline_custom_mujoco_newmodels/custom_mujoco_humanoid__inr_transformer_history_conditioned_shuffle__novel_generalization__s1,custom_mujoco_humanoid,inr_transformer_history_conditioned_shuffle,novel_generalization,1,0.6666666666666666,1.0,1.0,1.0,1.6349315643310547,0.41180917620658875,0.537099498090511,0.15840378403663635,0.641723597981708,,,1.0,0.7667279110679627,160,123,123,0
outputs/mujoco/baseline_custom_mujoco_newmodels/custom_mujoco_walker2d__inr_diffusion_history_conditioned_shuffle__conflation__s1,custom_mujoco_walker2d,inr_diffusion_history_conditioned_shuffle,conflation,1,0.9830508474576272,0.9830508474576272,0.9830508474576272,0.9830508474576272,nan,0.7850509881973267,0.7907465440056568,0.4841027557849884,0.8860310311706507,,,1.0,0.9927972422370911,268,59,59,18
outputs/mujoco/baseline_custom_mujoco_newmodels/custom_mujoco_hopper__state_action_bem__conflation__s0,custom_mujoco_hopper,state_action_bem,conflation,0,1.0,1.0,1.0,1.0,nan,0.5354620814323425,0.5281833763642323,0.18240492045879364,0.7317527461050916,,,1.0,1.0137806401977538,268,59,59,18
outputs/mujoco/baseline_custom_mujoco_newmodels/custom_mujoco_humanoid__inr_transformer_fitted_latent_shuffle__no_shift__s0,custom_mujoco_humanoid,inr_transformer_fitted_latent_shuffle,no_shift,0,0.9878048780487805,0.9878048780487805,0.975609756097561,1.0,nan,0.07609708607196808,0.07658634873229214,0.04361297935247421,0.2758570029416837,,,1.0,0.9936116204986573,376,82,82,0
outputs/mujoco/baseline_custom_mujoco_newmodels/custom_mujoco_humanoid__cvae_rnn__conflation__s1,custom_mujoco_humanoid,cvae_rnn,conflation,1,1.0,1.0,1.0,1.0,nan,0.5657447576522827,0.5912138911465992,0.050469812005758286,0.7521600611919531,,,1.0,0.9569206105003357,268,59,59,18
outputs/mujoco/baseline_custom_mujoco_newmodels/custom_mujoco_ant__inr_transformer_fitted_latent_shuffle__specialization__s0,custom_mujoco_ant,inr_transformer_fitted_latent_shuffle,specialization,0,1.0,1.0,1.0,1.0,nan,0.3055366277694702,0.262364221598006,0.20974963903427124,0.5527536773007216,,,1.0,1.1645514236221313,376,36,36,36
outputs/mujoco/baseline_custom_mujoco_newmodels/custom_mujoco_humanoid__cvae_rnn__generalization__s1,custom_mujoco_humanoid,cvae_rnn,generalization,1,1.0,1.0,1.0,1.0,nan,0.1450921893119812,0.21055620704764832,0.1104537844657898,0.3809096865557257,,,1.0,0.6890900598297119,160,82,82,0
outputs/mujoco/baseline_custom_mujoco_newmodels/custom_mujoco_walker2d__cvae_rnn__conflation__s0,custom_mujoco_walker2d,cvae_rnn,conflation,0,1.0,1.0,1.0,1.0,nan,0.13941143453121185,0.14388605769524943,0.05402934178709984,0.37337840662150223,,,1.0,0.9689016209373474,268,59,59,18
outputs/mujoco/baseline_custom_mujoco_newmodels/custom_mujoco_hopper__vqvae__specialization__s1,custom_mujoco_hopper,vqvae,specialization,1,0.9444444444444444,0.9444444444444444,0.9722222222222222,0.9722222222222222,nan,0.22862154245376587,0.24843467009158046,0.0656195804476738,0.47814385121401054,,,1.0,0.9202481375465393,376,36,36,36
outputs/mujoco/baseline_custom_mujoco_newmodels/custom_mujoco_walker2d__vqvae__novel_generalization__s1,custom_mujoco_walker2d,vqvae,novel_generalization,1,0.6260162601626016,0.9390243902439024,0.9349593495934959,0.983739837398374,0.5610807538032532,0.4462105333805084,0.5183166417026884,0.29924964904785156,0.6679899201189404,,,1.0,0.8608840571174622,160,123,123,0
outputs/mujoco/baseline_custom_mujoco_newmodels/custom_mujoco_hopper__cvae_rnn__conflation__s0,custom_mujoco_hopper,cvae_rnn,conflation,0,1.0,1.0,1.0,1.0,nan,0.22420832514762878,0.2211605906223396,0.09508074074983597,0.47350641510715435,,,1.0,1.0137806401977538,268,59,59,18
outputs/mujoco/baseline_custom_mujoco_newmodels/custom_mujoco_humanoid__vqvae__new_policy__s0,custom_mujoco_humanoid,vqvae,new_policy,0,0.6666666666666666,1.0,0.983739837398374,1.0,0.42996782064437866,1.06416654586792,0.8230778191541253,0.11809765547513962,1.0315844831461551,,,1.0,1.2929112182388305,376,123,123,0
outputs/mujoco/baseline_custom_mujoco_newmodels/custom_mujoco_walker2d__cvae_rnn__novel_generalization__s1,custom_mujoco_walker2d,cvae_rnn,novel_generalization,1,0.6585365853658537,0.9878048780487805,0.9186991869918699,0.975609756097561,1.6101152896881104,0.43243226408958435,0.5023118508403063,0.2867792248725891,0.6575958212227206,,,1.0,0.8608840571174622,160,123,123,0
outputs/mujoco/baseline_custom_mujoco_newmodels/custom_mujoco_ant__inr_transformer_history_conditioned_shuffle__single_shift__s0,custom_mujoco_ant,inr_transformer_history_conditioned_shuffle,single_shift,0,1.0,1.0,1.0,1.0,nan,0.10798046737909317,0.1091545367480089,0.037717267870903015,0.32860381522297205,,,1.0,0.989243970943451,376,59,59,18
outputs/mujoco/baseline_custom_mujoco_newmodels/custom_mujoco_humanoid__inr_transformer_fitted_latent_shuffle__new_policy__s0,custom_mujoco_humanoid,inr_transformer_fitted_latent_shuffle,new_policy,0,0.6585365853658537,0.9878048780487805,0.975609756097561,0.991869918699187,0.0026688273064792156,0.7907963395118713,0.6116400943516239,0.08399501442909241,0.8892673048706285,,,1.0,1.2929112182388305,376,123,123,0
outputs/mujoco/baseline_custom_mujoco_newmodels/custom_mujoco_ant__vqvae__new_policy__s1,custom_mujoco_ant,vqvae,new_policy,1,0.6666666666666666,1.0,1.0,1.0,0.5586602687835693,0.9376382231712341,0.8526815573820408,0.1314813792705536,0.9683172120597847,,,1.0,1.0996346936950683,376,123,123,0
outputs/mujoco/baseline_custom_mujoco_newmodels/custom_mujoco_ant__state_action_bem__novel_generalization__s0,custom_mujoco_ant,state_action_bem,novel_generalization,0,0.6097560975609756,0.9146341463414634,0.991869918699187,0.991869918699187,0.5810418128967285,1.4203003644943237,1.2722487643176146,0.9720721244812012,1.1917635522595595,,,1.0,1.1163700090179443,160,123,123,0
outputs/mujoco/baseline_custom_mujoco_newmodels/custom_mujoco_ant__inr_transformer_history_conditioned_shuffle__no_shift__s0,custom_mujoco_ant,inr_transformer_history_conditioned_shuffle,no_shift,0,1.0,1.0,1.0,1.0,nan,0.10301370918750763,0.10447322198855047,0.035853903740644455,0.32095748813122843,,,1.0,0.986029790473938,376,82,82,0
outputs/mujoco/baseline_custom_mujoco_newmodels/custom_mujoco_hopper__inr_diffusion_history_conditioned_shuffle__new_policy__s0,custom_mujoco_hopper,inr_diffusion_history_conditioned_shuffle,new_policy,0,0.6666666666666666,1.0,0.983739837398374,1.0,3.732368230819702,1.34852135181427,1.0617300469203248,0.7506596446037292,1.1612585206637969,,,1.0,1.2701169715652465,376,123,123,0
outputs/mujoco/baseline_custom_mujoco_newmodels/custom_mujoco_halfcheetah__inr_diffusion_history_conditioned_shuffle__novel_generalization__s0,custom_mujoco_halfcheetah,inr_diffusion_history_conditioned_shuffle,novel_generalization,0,0.6341463414634146,0.9512195121951219,1.0,1.0,1.0580620765686035,1.2829937934875488,1.27538152956418,1.129707932472229,1.1326931594600318,,,1.0,1.005968617034912,160,123,123,0
outputs/mujoco/baseline_custom_mujoco_newmodels/custom_mujoco_halfcheetah__vqvae__novel_generalization__s0,custom_mujoco_halfcheetah,vqvae,novel_generalization,0,0.6341463414634146,0.9512195121951219,1.0,1.0,0.4914499521255493,0.36328884959220886,0.3611333827321583,0.23989830911159515,0.6027344768571057,,,1.0,1.005968617034912,160,123,123,0
outputs/mujoco/baseline_custom_mujoco_newmodels/custom_mujoco_ant__inr_transformer_fitted_latent_shuffle__new_policy__s0,custom_mujoco_ant,inr_transformer_fitted_latent_shuffle,new_policy,0,0.6666666666666666,1.0,1.0,1.0,0.002352500567212701,0.8426634073257446,0.7674580277680945,0.22925584018230438,0.9179669968608591,,,1.0,1.0979928241500854,376,123,123,0
outputs/mujoco/baseline_custom_mujoco_newmodels/custom_mujoco_walker2d__inr_diffusion_history_conditioned_shuffle__specialization__s0,custom_mujoco_walker2d,inr_diffusion_history_conditioned_shuffle,specialization,0,0.8333333333333334,0.8333333333333334,0.8333333333333334,0.9722222222222222,nan,1.1334580183029175,0.8449086463606876,0.7684223055839539,1.064639853801706,,,1.0,1.3415154681930541,376,36,36,36
outputs/mujoco/baseline_custom_mujoco_newmodels/custom_mujoco_ant__vqvae__no_shift__s0,custom_mujoco_ant,vqvae,no_shift,0,1.0,1.0,1.0,1.0,nan,0.1275351196527481,0.12934205526533635,0.06503060460090637,0.35712059539145613,,,1.0,0.986029790473938,376,82,82,0
outputs/mujoco/baseline_custom_mujoco_newmodels/custom_mujoco_hopper__inr_transformer_fitted_latent_shuffle__specialization__s0,custom_mujoco_hopper,inr_transformer_fitted_latent_shuffle,specialization,0,0.9166666666666666,0.9166666666666666,0.9166666666666666,0.9444444444444444,nan,0.19393634796142578,0.2154104281373159,0.041987400501966476,0.44038204772836254,,,1.0,0.9003108607063294,376,36,36,36
outputs/mujoco/baseline_custom_mujoco_newmodels/custom_mujoco_halfcheetah__cvae_rnn__specialization__s0,custom_mujoco_halfcheetah,cvae_rnn,specialization,0,0.8333333333333334,0.8333333333333334,0.9166666666666666,0.9722222222222222,nan,0.17773191630840302,0.19591794267229135,0.026210414245724678,0.42158263283537073,,,1.0,0.907175289226532,376,36,36,36
outputs/mujoco/baseline_custom_mujoco_newmodels/custom_mujoco_walker2d__cvae_rnn__generalization__s0,custom_mujoco_walker2d,cvae_rnn,generalization,0,0.8902439024390244,0.8902439024390244,0.9878048780487805,1.0,nan,0.3124657869338989,0.39458117735684684,0.19750173389911652,0.5589863924407275,,,1.0,0.7918922768363953,160,82,82,0
outputs/mujoco/baseline_custom_mujoco_newmodels/custom_mujoco_halfcheetah__inr_transformer_history_conditioned_shuffle__specialization__s1,custom_mujoco_halfcheetah,inr_transformer_history_conditioned_shuffle,specialization,1,0.8611111111111112,0.8611111111111112,0.9722222222222222,0.9722222222222222,nan,0.1259538233280182,0.1363150140794019,0.010596085339784622,0.35489973700753596,,,1.0,0.9239908324012757,376,36,36,36
outputs/mujoco/baseline_custom_mujoco_newmodels/custom_mujoco_ant__inr_transformer_history_conditioned_shuffle__specialization__s1,custom_mujoco_ant,inr_transformer_history_conditioned_shuffle,specialization,1,0.9722222222222222,0.9722222222222222,0.9722222222222222,0.9722222222222222,nan,0.20288541913032532,0.17534791708737535,0.06382344663143158,0.4504280399024081,,,1.0,1.1570449338684081,376,36,36,36
outputs/mujoco/baseline_custom_mujoco_newmodels/custom_mujoco_ant__inr_diffusion_history_conditioned_shuffle__single_shift__s0,custom_mujoco_ant,inr_diffusion_history_conditioned_shuffle,single_shift,0,1.0,1.0,1.0,1.0,nan,0.6062472462654114,0.6128389599253538,0.2995379567146301,0.7786188067760831,,,1.0,0.989243970943451,376,59,59,18
outputs/mujoco/baseline_custom_mujoco_newmodels/custom_mujoco_humanoid__inr_transformer_history_conditioned_shuffle__specialization__s0,custom_mujoco_humanoid,inr_transformer_history_conditioned_shuffle,specialization,0,0.9166666666666666,0.9166666666666666,1.0,1.0,nan,0.7282347679138184,0.4561265728619381,0.2171439379453659,0.8533667253378341,,,1.0,1.5965629087219237,376,36,36,36
outputs/mujoco/baseline_custom_mujoco_newmodels/custom_mujoco_halfcheetah__inr_transformer_fitted_latent_shuffle__single_shift__s0,custom_mujoco_halfcheetah,inr_transformer_fitted_latent_shuffle,single_shift,0,1.0,1.0,0.9830508474576272,0.9830508474576272,nan,0.02192421443760395,0.021789857574001478,0.003722104011103511,0.14806827627011787,,,1.0,1.0061660276184081,376,59,59,18
outputs/mujoco/baseline_custom_mujoco_newmodels/custom_mujoco_ant__vqvae__specialization__s1,custom_mujoco_ant,vqvae,specialization,1,1.0,1.0,1.0,1.0,nan,0.18971438705921173,0.16396458037712486,0.10244382172822952,0.4355621506274526,,,1.0,1.1570449338684081,376,36,36,36
outputs/mujoco/baseline_custom_mujoco_newmodels/custom_mujoco_ant__inr_transformer_fitted_latent_shuffle__conflation__s1,custom_mujoco_ant,inr_transformer_fitted_latent_shuffle,conflation,1,1.0,1.0,1.0,1.0,nan,0.18003514409065247,0.17913085532876366,0.10073943436145782,0.42430548439850796,,,1.0,1.0050482021102904,268,59,59,18
outputs/mujoco/baseline_custom_mujoco_newmodels/custom_mujoco_hopper__state_action_bem__specialization__s1,custom_mujoco_hopper,state_action_bem,specialization,1,0.9444444444444444,0.9444444444444444,0.8888888888888888,1.0,nan,0.6741376519203186,0.7325607348879049,0.19276344776153564,0.8210588602045036,,,1.0,0.9202481375465393,376,36,36,36
outputs/mujoco/baseline_custom_mujoco_newmodels/custom_mujoco_halfcheetah__state_action_bem__generalization__s1,custom_mujoco_halfcheetah,state_action_bem,generalization,1,0.9634146341463414,0.9634146341463414,1.0,1.0,nan,1.2861957550048828,1.2741697300246335,0.990429699420929,1.1341057071564726,,,1.0,1.009438322616577,160,82,82,0
outputs/mujoco/baseline_custom_mujoco_newmodels/custom_mujoco_walker2d__state_action_bem__novel_generalization__s1,custom_mujoco_walker2d,state_action_bem,novel_generalization,1,0.5934959349593496,0.8902439024390244,0.9186991869918699,0.983739837398374,0.23708394169807434,0.5395418405532837,0.6267299714666067,0.36963462829589844,0.7345351186657338,,,1.0,0.8608840571174622,160,123,123,0
outputs/mujoco/baseline_custom_mujoco_newmodels/custom_mujoco_hopper__cvae_rnn__novel_generalization__s0,custom_mujoco_hopper,cvae_rnn,novel_generalization,0,0.6341463414634146,0.9512195121951219,0.8455284552845529,0.9512195121951219,1.687723159790039,1.0705362558364868,0.8601056270865415,0.4091316759586334,1.0346672198521063,,,1.0,1.2446567283401488,160,123,123,0
outputs/mujoco/baseline_custom_mujoco_newmodels/custom_mujoco_walker2d__vqvae__specialization__s0,custom_mujoco_walker2d,vqvae,specialization,0,0.8888888888888888,0.8888888888888888,0.8888888888888888,1.0,nan,0.6171602606773376,0.4600470701307811,0.331067830324173,0.785595481578998,,,1.0,1.3415154681930541,376,36,36,36
outputs/mujoco/baseline_custom_mujoco_newmodels/custom_mujoco_ant__state_action_bem__conflation__s1,custom_mujoco_ant,state_action_bem,conflation,1,1.0,1.0,0.9661016949152542,1.0,nan,1.3246147632598877,1.317961427599797,0.8345584869384766,1.1509190950105432,,,1.0,1.0050482021102904,268,59,59,18
outputs/mujoco/baseline_custom_mujoco_newmodels/custom_mujoco_humanoid__inr_transformer_fitted_latent_shuffle__conflation__s1,custom_mujoco_humanoid,inr_transformer_fitted_latent_shuffle,conflation,1,0.9322033898305084,0.9322033898305084,0.9661016949152542,0.9661016949152542,nan,0.14079387485980988,0.14713224202182704,0.031737688928842545,0.37522509892038125,,,1.0,0.9569206105003357,268,59,59,18
outputs/mujoco/baseline_custom_mujoco_newmodels/custom_mujoco_humanoid__state_action_bem__conflation__s1,custom_mujoco_humanoid,state_action_bem,conflation,1,1.0,1.0,1.0,1.0,nan,0.689155638217926,0.7201805778408242,0.5152249336242676,0.8301539846425637,,,1.0,0.9569206105003357,268,59,59,18
outputs/mujoco/baseline_custom_mujoco_newmodels/custom_mujoco_hopper__inr_transformer_history_conditioned_shuffle__novel_generalization__s0,custom_mujoco_hopper,inr_transformer_history_conditioned_shuffle,novel_generalization,0,0.6341463414634146,0.9512195121951219,0.959349593495935,0.991869918699187,3.874473810195923,0.9287074208259583,0.7461554657439287,0.3608790338039398,0.9636946719920985,,,1.0,1.2446567283401488,160,123,123,0
outputs/mujoco/baseline_custom_mujoco_newmodels/custom_mujoco_humanoid__cvae_rnn__single_shift__s0,custom_mujoco_humanoid,cvae_rnn,single_shift,0,1.0,1.0,1.0,1.0,nan,9699126272.0,8446647691.5471945,0.05702777951955795,98484.14223619964,,,1.0,1.1482811437377929,376,59,59,18
outputs/mujoco/baseline_custom_mujoco_newmodels/custom_mujoco_hopper__state_action_bem__novel_generalization__s0,custom_mujoco_hopper,state_action_bem,novel_generalization,0,0.6178861788617886,0.926829268292683,0.983739837398374,0.991869918699187,0.21619559824466705,0.856503963470459,0.6881447261468444,0.3838016986846924,0.9254749934333498,,,1.0,1.2446567283401488,160,123,123,0
outputs/mujoco/baseline_custom_mujoco_newmodels/custom_mujoco_walker2d__inr_transformer_fitted_latent_shuffle__conflation__s1,custom_mujoco_walker2d,inr_transformer_fitted_latent_shuffle,conflation,1,0.9661016949152542,0.9661016949152542,0.9152542372881356,0.9491525423728814,nan,0.1421487033367157,0.14317999415108065,0.03802528977394104,0.37702613084070935,,,1.0,0.9927972422370911,268,59,59,18
outputs/mujoco/baseline_custom_mujoco_newmodels/custom_mujoco_humanoid__state_action_bem__single_shift__s1,custom_mujoco_humanoid,state_action_bem,single_shift,1,0.9830508474576272,0.9830508474576272,1.0,1.0,nan,0.8707298040390015,0.7800583677923659,0.5725850462913513,0.9331290393289673,,,1.0,1.1162367330322265,376,59,59,18
outputs/mujoco/baseline_custom_mujoco_newmodels/custom_mujoco_halfcheetah__vqvae__conflation__s1,custom_mujoco_halfcheetah,vqvae,conflation,1,1.0,1.0,1.0,1.0,nan,0.03325095772743225,0.03329769183205141,0.004758268129080534,0.18234845139850311,,,1.0,0.9985964761505127,268,59,59,18
outputs/mujoco/baseline_custom_mujoco_newmodels/custom_mujoco_walker2d__vqvae__generalization__s0,custom_mujoco_walker2d,vqvae,generalization,0,0.9146341463414634,0.9146341463414634,1.0,1.0,nan,0.2863175570964813,0.36156124446663146,0.18511418998241425,0.535086494967385,,,1.0,0.7918922768363953,160,82,82,0
outputs/mujoco/baseline_custom_mujoco_newmodels/custom_mujoco_halfcheetah__inr_transformer_history_conditioned_shuffle__novel_generalization__s1,custom_mujoco_halfcheetah,inr_transformer_history_conditioned_shuffle,novel_generalization,1,0.6341463414634146,0.9512195121951219,1.0,1.0,2.3842244148254395,0.4068334400653839,0.4000682840782969,0.2732436954975128,0.6378349630314913,,,1.0,1.0169100032577514,160,123,123,0
outputs/mujoco/baseline_custom_mujoco_newmodels/custom_mujoco_walker2d__inr_diffusion_history_conditioned_shuffle__specialization__s1,custom_mujoco_walker2d,inr_diffusion_history_conditioned_shuffle,specialization,1,0.8888888888888888,0.8888888888888888,0.9444444444444444,0.9722222222222222,nan,1.2610106468200684,0.8714833086562552,0.8694262504577637,1.1229473036701536,,,1.0,1.4469705091247558,376,36,36,36
outputs/mujoco/baseline_custom_mujoco_newmodels/custom_mujoco_humanoid__vqvae__generalization__s1,custom_mujoco_humanoid,vqvae,generalization,1,1.0,1.0,1.0,1.0,nan,0.14396478235721588,0.2089201263370313,0.1111043319106102,0.3794269130639205,,,1.0,0.6890900598297119,160,82,82,0
outputs/mujoco/baseline_custom_mujoco_newmodels/custom_mujoco_humanoid__state_action_bem__conflation__s0,custom_mujoco_humanoid,state_action_bem,conflation,0,1.0,1.0,1.0,1.0,nan,0.7620808482170105,0.7541252249667021,0.5702317357063293,0.8729724212236092,,,1.0,1.01054947240448,268,59,59,18
outputs/mujoco/baseline_custom_mujoco_newmodels/custom_mujoco_humanoid__cvae_rnn__specialization__s0,custom_mujoco_humanoid,cvae_rnn,specialization,0,0.9722222222222222,0.9722222222222222,0.9722222222222222,1.0,nan,59395411968.0,37202049254.38676,0.2565474212169647,243711.7394956591,,,1.0,1.5965629087219237,376,36,36,36
outputs/mujoco/baseline_custom_mujoco_newmodels/custom_mujoco_walker2d__vqvae__conflation__s1,custom_mujoco_walker2d,vqvae,conflation,1,1.0,1.0,0.9830508474576272,1.0,nan,0.19593800604343414,0.1973595389950146,0.0849958062171936,0.4426488518492216,,,1.0,0.9927972422370911,268,59,59,18
outputs/mujoco/baseline_custom_mujoco_newmodels/custom_mujoco_humanoid__cvae_rnn__new_policy__s1,custom_mujoco_humanoid,cvae_rnn,new_policy,1,0.6666666666666666,1.0,1.0,1.0,1.6291548013687134,0.8973444104194641,0.7119578197091035,0.13339407742023468,0.9472826454757124,,,1.0,1.2603898511657714,376,123,123,0
outputs/mujoco/baseline_custom_mujoco_newmodels/custom_mujoco_walker2d__inr_transformer_history_conditioned_shuffle__generalization__s1,custom_mujoco_walker2d,inr_transformer_history_conditioned_shuffle,generalization,1,0.9634146341463414,0.9634146341463414,0.975609756097561,1.0,nan,0.30455392599105835,0.3753312217719508,0.1927046775817871,0.5518640466555674,,,1.0,0.8114271031150818,160,82,82,0
outputs/mujoco/baseline_custom_mujoco_newmodels/custom_mujoco_walker2d__cvae_rnn__novel_generalization__s0,custom_mujoco_walker2d,cvae_rnn,novel_generalization,0,0.5934959349593496,0.8902439024390244,0.9105691056910569,0.991869918699187,1.3141367435455322,0.43762466311454773,0.5151679112328548,0.28469154238700867,0.661532057510857,,,1.0,0.8494796620140076,160,123,123,0
outputs/mujoco/baseline_custom_mujoco_newmodels/custom_mujoco_ant__inr_diffusion_history_conditioned_shuffle__novel_generalization__s0,custom_mujoco_ant,inr_diffusion_history_conditioned_shuffle,novel_generalization,0,0.6666666666666666,1.0,1.0,1.0,1.5514378547668457,1.4430955648422241,1.2926678011636088,1.0244885683059692,1.201289126248225,,,1.0,1.1163700090179443,160,123,123,0
outputs/mujoco/baseline_custom_mujoco_newmodels/custom_mujoco_hopper__inr_diffusion_history_conditioned_shuffle__no_shift__s1,custom_mujoco_hopper,inr_diffusion_history_conditioned_shuffle,no_shift,1,1.0,1.0,1.0,1.0,nan,0.918836236000061,0.9221092349512895,0.4112055003643036,0.9585594587713696,,,1.0,0.9964505301246643,376,82,82,0
outputs/mujoco/baseline_custom_mujoco_newmodels/custom_mujoco_humanoid__state_action_bem__specialization__s0,custom_mujoco_humanoid,state_action_bem,specialization,0,0.9722222222222222,0.9722222222222222,1.0,1.0,nan,1.4028736352920532,0.8786835943815567,1.0246431827545166,1.184429666671708,,,1.0,1.5965629087219237,376,36,36,36
outputs/mujoco/baseline_custom_mujoco_newmodels/custom_mujoco_ant__inr_transformer_fitted_latent_shuffle__novel_generalization__s0,custom_mujoco_ant,inr_transformer_fitted_latent_shuffle,novel_generalization,0,0.6666666666666666,1.0,1.0,1.0,0.004511605948209763,0.9598426818847656,0.8597890252615495,0.36131012439727783,0.979715612759522,,,1.0,1.1163700090179443,160,123,123,0
outputs/mujoco/baseline_custom_mujoco_newmodels/custom_mujoco_halfcheetah__inr_transformer_fitted_latent_shuffle__specialization__s1,custom_mujoco_halfcheetah,inr_transformer_fitted_latent_shuffle,specialization,1,0.9444444444444444,0.9444444444444444,0.8611111111111112,0.8888888888888888,nan,0.129791259765625,0.1404681250227584,0.01337241381406784,0.36026554063027594,,,1.0,0.9239908324012757,376,36,36,36
outputs/mujoco/baseline_custom_mujoco_newmodels/custom_mujoco_humanoid__inr_diffusion_history_conditioned_shuffle__no_shift__s1,custom_mujoco_humanoid,inr_diffusion_history_conditioned_shuffle,no_shift,1,1.0,1.0,1.0,1.0,nan,0.5908473134040833,0.5889860201724255,0.39709237217903137,0.7686659309505549,,,1.0,1.0031601653823852,376,82,82,0
outputs/mujoco/baseline_custom_mujoco_newmodels/custom_mujoco_humanoid__cvae_rnn__no_shift__s0,custom_mujoco_humanoid,cvae_rnn,no_shift,0,1.0,1.0,1.0,1.0,nan,0.11873693019151688,0.1195003437378552,0.06277645379304886,0.3445822546091381,,,1.0,0.9936116204986573,376,82,82,0
outputs/mujoco/baseline_custom_mujoco_newmodels/custom_mujoco_hopper__inr_transformer_fitted_latent_shuffle__novel_generalization__s1,custom_mujoco_hopper,inr_transformer_fitted_latent_shuffle,novel_generalization,1,0.6016260162601627,0.9024390243902439,0.9105691056910569,0.983739837398374,0.01101562287658453,0.9614956378936768,0.8044047617762463,0.32295849919319153,0.980558839587751,,,1.0,1.1952883468399047,160,123,123,0
outputs/mujoco/baseline_custom_mujoco_newmodels/custom_mujoco_humanoid__inr_diffusion_history_conditioned_shuffle__specialization__s1,custom_mujoco_humanoid,inr_diffusion_history_conditioned_shuffle,specialization,1,0.9444444444444444,0.9444444444444444,0.9444444444444444,0.9722222222222222,nan,2.03952693939209,1.3287151576840934,1.0084818601608276,1.428120071769909,,,1.0,1.5349617467651366,376,36,36,36
outputs/mujoco/baseline_custom_mujoco_newmodels/custom_mujoco_ant__inr_transformer_history_conditioned_shuffle__conflation__s1,custom_mujoco_ant,inr_transformer_history_conditioned_shuffle,conflation,1,1.0,1.0,1.0,1.0,nan,0.10496175289154053,0.10443454619505145,0.044961754232645035,0.32397801297548035,,,1.0,1.0050482021102904,268,59,59,18
outputs/mujoco/baseline_custom_mujoco_newmodels/custom_mujoco_hopper__inr_transformer_history_conditioned_shuffle__novel_generalization__s1,custom_mujoco_hopper,inr_transformer_history_conditioned_shuffle,novel_generalization,1,0.6504065040650406,0.975609756097561,0.975609756097561,1.0,3.887418746948242,0.9272764325141907,0.7757763513429357,0.35159361362457275,0.9629519367622617,,,1.0,1.1952883468399047,160,123,123,0
outputs/mujoco/baseline_custom_mujoco_newmodels/custom_mujoco_halfcheetah__state_action_bem__conflation__s0,custom_mujoco_halfcheetah,state_action_bem,conflation,0,1.0,1.0,1.0,1.0,nan,1.33695650100708,1.3466774835191528,1.2389845848083496,1.1562683516412096,,,1.0,0.9927815066108704,268,59,59,18
outputs/mujoco/baseline_custom_mujoco_newmodels/custom_mujoco_humanoid__inr_transformer_fitted_latent_shuffle__no_shift__s1,custom_mujoco_humanoid,inr_transformer_fitted_latent_shuffle,no_shift,1,0.9634146341463414,0.9634146341463414,0.975609756097561,1.0,nan,0.08180370926856995,0.08154601038946553,0.042764581739902496,0.286013477424701,,,1.0,1.0031601653823852,376,82,82,0
outputs/mujoco/baseline_custom_mujoco_newmodels/custom_mujoco_ant__state_action_bem__novel_generalization__s1,custom_mujoco_ant,state_action_bem,novel_generalization,1,0.6504065040650406,0.975609756097561,0.967479674796748,1.0,0.6637780070304871,1.3985841274261475,1.2655366006392907,0.9214193224906921,1.1826174899037083,,,1.0,1.1051313148269652,160,123,123,0
outputs/mujoco/baseline_custom_mujoco_newmodels/custom_mujoco_ant__inr_transformer_history_conditioned_shuffle__specialization__s0,custom_mujoco_ant,inr_transformer_history_conditioned_shuffle,specialization,0,1.0,1.0,1.0,1.0,nan,0.21251194179058075,0.18248394830826786,0.0629516988992691,0.4609901753731643,,,1.0,1.1645514236221313,376,36,36,36
outputs/mujoco/baseline_custom_mujoco_newmodels/custom_mujoco_ant__inr_transformer_history_conditioned_shuffle__novel_generalization__s1,custom_mujoco_ant,inr_transformer_history_conditioned_shuffle,novel_generalization,1,0.6666666666666666,1.0,1.0,1.0,2.2625181674957275,0.9745228886604309,0.8818163738424296,0.22772304713726044,0.9871792586255198,,,1.0,1.1051313148269652,160,123,123,0
outputs/mujoco/baseline_custom_mujoco_newmodels/custom_mujoco_hopper__vqvae__generalization__s0,custom_mujoco_hopper,vqvae,generalization,0,0.9512195121951219,0.9512195121951219,0.9512195121951219,0.9634146341463414,nan,0.45842745900154114,0.46103729226785867,0.21647322177886963,0.6770727132306701,,,1.0,0.9943392143974304,160,82,82,0
outputs/mujoco/baseline_custom_mujoco_newmodels/custom_mujoco_ant__inr_diffusion_history_conditioned_shuffle__specialization__s1,custom_mujoco_ant,inr_diffusion_history_conditioned_shuffle,specialization,1,0.9722222222222222,0.9722222222222222,0.9722222222222222,0.9722222222222222,nan,0.7351201772689819,0.6353428080024659,0.47316962480545044,0.857391495915945,,,1.0,1.1570449338684081,376,36,36,36
outputs/mujoco/baseline_custom_mujoco_newmodels/custom_mujoco_halfcheetah__cvae_rnn__conflation__s0,custom_mujoco_halfcheetah,cvae_rnn,conflation,0,0.9830508474576272,0.9830508474576272,0.9830508474576272,0.9830508474576272,nan,0.21174359321594238,0.21328317641490593,0.006002889946103096,0.4601560531123571,,,1.0,0.9927815066108704,268,59,59,18
outputs/mujoco/baseline_custom_mujoco_newmodels/custom_mujoco_ant__cvae_rnn__single_shift__s1,custom_mujoco_ant,cvae_rnn,single_shift,1,1.0,1.0,1.0,1.0,nan,0.1613042652606964,0.16089242759592245,0.0844980925321579,0.40162702257280497,,,1.0,1.0025597081909179,376,59,59,18
outputs/mujoco/baseline_custom_mujoco_newmodels/custom_mujoco_halfcheetah__inr_diffusion_history_conditioned_shuffle__generalization__s1,custom_mujoco_halfcheetah,inr_diffusion_history_conditioned_shuffle,generalization,1,0.9512195121951219,0.9512195121951219,0.9878048780487805,0.9878048780487805,nan,1.2753773927688599,1.2634525202718072,1.1073800325393677,1.1293260790262747,,,1.0,1.009438322616577,160,82,82,0
outputs/mujoco/baseline_custom_mujoco_newmodels/custom_mujoco_hopper__inr_transformer_fitted_latent_shuffle__conflation__s0,custom_mujoco_hopper,inr_transformer_fitted_latent_shuffle,conflation,0,0.9830508474576272,0.9830508474576272,0.9661016949152542,0.9830508474576272,nan,0.0927370935678482,0.09147648898657049,0.03882727771997452,0.3045276564909141,,,1.0,1.0137806401977538,268,59,59,18
outputs/mujoco/baseline_custom_mujoco_newmodels/custom_mujoco_halfcheetah__state_action_bem__generalization__s0,custom_mujoco_halfcheetah,state_action_bem,generalization,0,0.9512195121951219,0.9512195121951219,1.0,1.0,nan,1.2899004220962524,1.294387880866027,1.1465039253234863,1.1357378315862567,,,1.0,0.996533142162323,160,82,82,0
outputs/mujoco/baseline_custom_mujoco_newmodels/custom_mujoco_hopper__inr_transformer_history_conditioned_shuffle__generalization__s0,custom_mujoco_hopper,inr_transformer_history_conditioned_shuffle,generalization,0,0.9512195121951219,0.9512195121951219,0.9878048780487805,1.0,nan,0.3726290464401245,0.3747504282690266,0.16348792612552643,0.6104334905951053,,,1.0,0.9943392143974304,160,82,82,0
outputs/mujoco/baseline_custom_mujoco_newmodels/custom_mujoco_hopper__inr_transformer_history_conditioned_shuffle__generalization__s1,custom_mujoco_hopper,inr_transformer_history_conditioned_shuffle,generalization,1,0.975609756097561,0.975609756097561,0.9878048780487805,1.0,nan,0.38188934326171875,0.39932148113390364,0.1536029428243637,0.6179719599316127,,,1.0,0.9563456044921875,160,82,82,0
outputs/mujoco/baseline_custom_mujoco_newmodels/custom_mujoco_halfcheetah__cvae_rnn__no_shift__s0,custom_mujoco_halfcheetah,cvae_rnn,no_shift,0,1.0,1.0,1.0,1.0,nan,0.06079467013478279,0.06103369132988317,0.010338458232581615,0.24656575215301657,,,1.0,0.9960837827453614,376,82,82,0
outputs/mujoco/baseline_custom_mujoco_newmodels/custom_mujoco_humanoid__state_action_bem__novel_generalization__s1,custom_mujoco_humanoid,state_action_bem,novel_generalization,1,0.6666666666666666,1.0,1.0,1.0,0.30673906207084656,0.6569698452949524,0.8568487410088801,0.5700374245643616,0.810536763691168,,,1.0,0.7667279110679627,160,123,123,0
outputs/mujoco/baseline_custom_mujoco_newmodels/custom_mujoco_humanoid__cvae_rnn__generalization__s0,custom_mujoco_humanoid,cvae_rnn,generalization,0,1.0,1.0,1.0,1.0,nan,0.14653807878494263,0.21179541417548037,0.10918111354112625,0.3828029242115878,,,1.0,0.6918850408325196,160,82,82,0
outputs/mujoco/baseline_custom_mujoco_newmodels/custom_mujoco_humanoid__cvae_rnn__new_policy__s0,custom_mujoco_humanoid,cvae_rnn,new_policy,0,0.6666666666666666,1.0,1.0,1.0,1.466700553894043,0.9900115728378296,0.7657227803981755,0.12242108583450317,0.9949932526594487,,,1.0,1.2929112182388305,376,123,123,0
outputs/mujoco/baseline_custom_mujoco_newmodels/custom_mujoco_humanoid__inr_diffusion_history_conditioned_shuffle__conflation__s1,custom_mujoco_humanoid,inr_diffusion_history_conditioned_shuffle,conflation,1,1.0,1.0,1.0,1.0,nan,0.6983827948570251,0.7298231297284615,0.3437788188457489,0.8356930027570083,,,1.0,0.9569206105003357,268,59,59,18
outputs/mujoco/baseline_custom_mujoco_newmodels/custom_mujoco_walker2d__inr_diffusion_history_conditioned_shuffle__generalization__s0,custom_mujoco_walker2d,inr_diffusion_history_conditioned_shuffle,generalization,0,0.8902439024390244,0.8902439024390244,1.0,1.0,nan,1.126816749572754,1.4229419613414842,0.9372860789299011,1.0615162502631572,,,1.0,0.7918922768363953,160,82,82,0
outputs/mujoco/baseline_custom_mujoco_newmodels/custom_mujoco_walker2d__state_action_bem__no_shift__s0,custom_mujoco_walker2d,state_action_bem,no_shift,0,1.0,1.0,0.975609756097561,0.9878048780487805,nan,0.44221705198287964,0.4410200863254898,0.23175616562366486,0.6649940240204265,,,1.0,1.0027140842208861,376,82,82,0
outputs/mujoco/baseline_custom_mujoco_newmodels/custom_mujoco_ant__inr_transformer_history_conditioned_shuffle__generalization__s1,custom_mujoco_ant,inr_transformer_history_conditioned_shuffle,generalization,1,1.0,1.0,1.0,1.0,nan,0.2004026472568512,0.20215751897008574,0.112729512155056,0.4476635424700689,,,1.0,0.9913192854652405,160,82,82,0
outputs/mujoco/baseline_custom_mujoco_newmodels/custom_mujoco_humanoid__vqvae__specialization__s1,custom_mujoco_humanoid,vqvae,specialization,1,0.9444444444444444,0.9444444444444444,0.9166666666666666,0.9722222222222222,nan,35348156416.0,23028688819.441048,0.2842429280281067,188011.05397289808,,,1.0,1.5349617467651366,376,36,36,36
outputs/mujoco/baseline_custom_mujoco_newmodels/custom_mujoco_humanoid__inr_diffusion_history_conditioned_shuffle__new_policy__s1,custom_mujoco_humanoid,inr_diffusion_history_conditioned_shuffle,new_policy,1,0.6666666666666666,1.0,0.991869918699187,0.991869918699187,2.719203233718872,1.1997042894363403,0.9518517531117049,0.7044194340705872,1.0953101339056168,,,1.0,1.2603898511657714,376,123,123,0
outputs/mujoco/baseline_custom_mujoco_newmodels/custom_mujoco_humanoid__inr_transformer_history_conditioned_shuffle__novel_generalization__s0,custom_mujoco_humanoid,inr_transformer_history_conditioned_shuffle,novel_generalization,0,0.6666666666666666,1.0,1.0,1.0,1.088672399520874,0.41909292340278625,0.5275509379656003,0.16197752952575684,0.6473738667901155,,,1.0,0.7944122420082093,160,123,123,0
outputs/mujoco/baseline_custom_mujoco_newmodels/custom_mujoco_ant__inr_diffusion_history_conditioned_shuffle__generalization__s1,custom_mujoco_ant,inr_diffusion_history_conditioned_shuffle,generalization,1,1.0,1.0,1.0,1.0,nan,1.0494004487991333,1.0585897643528992,0.7883028388023376,1.0244024837919583,,,1.0,0.9913192854652405,160,82,82,0
outputs/mujoco/baseline_custom_mujoco_newmodels/custom_mujoco_walker2d__vqvae__specialization__s1,custom_mujoco_walker2d,vqvae,specialization,1,0.8888888888888888,0.8888888888888888,0.9722222222222222,0.9722222222222222,nan,0.6603432297706604,0.4563626042178905,0.3068253695964813,0.8126150563278165,,,1.0,1.4469705091247558,376,36,36,36
outputs/mujoco/baseline_custom_mujoco_newmodels/custom_mujoco_walker2d__state_action_bem__specialization__s1,custom_mujoco_walker2d,state_action_bem,specialization,1,0.8888888888888888,0.8888888888888888,0.7777777777777778,1.0,nan,1.0130140781402588,0.7000931060806562,0.6154198050498962,1.0064860049400879,,,1.0,1.4469705091247558,376,36,36,36
outputs/mujoco/baseline_custom_mujoco_newmodels/custom_mujoco_walker2d__inr_transformer_fitted_latent_shuffle__no_shift__s0,custom_mujoco_walker2d,inr_transformer_fitted_latent_shuffle,no_shift,0,0.9634146341463414,0.9634146341463414,0.9390243902439024,0.9634146341463414,nan,0.08763545006513596,0.08739824387051383,0.033525217324495316,0.29603285301657983,,,1.0,1.0027140842208861,376,82,82,0
outputs/mujoco/baseline_custom_mujoco_newmodels/custom_mujoco_walker2d__inr_transformer_history_conditioned_shuffle__single_shift__s1,custom_mujoco_walker2d,inr_transformer_history_conditioned_shuffle,single_shift,1,1.0,1.0,1.0,1.0,nan,0.19082646071910858,0.17851028452027984,0.04255351796746254,0.4368368811342611,,,1.0,1.0689942107925414,376,59,59,18
outputs/mujoco/baseline_custom_mujoco_newmodels/custom_mujoco_hopper__cvae_rnn__single_shift__s0,custom_mujoco_hopper,cvae_rnn,single_shift,0,1.0,1.0,1.0,1.0,nan,0.22096118330955505,0.20638430865791133,0.0753241702914238,0.4700650841208641,,,1.0,1.0706297622451781,376,59,59,18
outputs/mujoco/baseline_custom_mujoco_newmodels/custom_mujoco_walker2d__state_action_bem__conflation__s0,custom_mujoco_walker2d,state_action_bem,conflation,0,0.9661016949152542,0.9661016949152542,0.9661016949152542,1.0,nan,0.39650604128837585,0.40923250897731267,0.16516241431236267,0.629687256730177,,,1.0,0.9689016209373474,268,59,59,18
outputs/mujoco/baseline_custom_mujoco_newmodels/custom_mujoco_ant__inr_transformer_history_conditioned_shuffle__novel_generalization__s0,custom_mujoco_ant,inr_transformer_history_conditioned_shuffle,novel_generalization,0,0.6666666666666666,1.0,0.991869918699187,0.991869918699187,1.7222033739089966,0.9863249063491821,0.8835107521536152,0.24584591388702393,0.9931389159373336,,,1.0,1.1163700090179443,160,123,123,0
outputs/mujoco/baseline_custom_mujoco_newmodels/custom_mujoco_ant__vqvae__no_shift__s1,custom_mujoco_ant,vqvae,no_shift,1,1.0,1.0,1.0,1.0,nan,0.12347737699747086,0.12499922481226809,0.06696806102991104,0.3513934788772706,,,1.0,0.9878251419792176,376,82,82,0
outputs/mujoco/baseline_custom_mujoco_newmodels/custom_mujoco_ant__state_action_bem__new_policy__s0,custom_mujoco_ant,state_action_bem,new_policy,0,0.6666666666666666,1.0,1.0,1.0,0.5733616352081299,1.2968206405639648,1.1810829834591903,0.8377377390861511,1.1387803302498531,,,1.0,1.0979928241500854,376,123,123,0
outputs/mujoco/baseline_custom_mujoco_newmodels/custom_mujoco_walker2d__inr_diffusion_history_conditioned_shuffle__generalization__s1,custom_mujoco_walker2d,inr_diffusion_history_conditioned_shuffle,generalization,1,0.9878048780487805,0.9878048780487805,1.0,1.0,nan,1.1113481521606445,1.3696216799933856,0.9352120757102966,1.0542049858356033,,,1.0,0.8114271031150818,160,82,82,0
outputs/mujoco/baseline_custom_mujoco_newmodels/custom_mujoco_humanoid__inr_diffusion_history_conditioned_shuffle__single_shift__s1,custom_mujoco_humanoid,inr_diffusion_history_conditioned_shuffle,single_shift,1,0.9830508474576272,0.9830508474576272,0.9830508474576272,0.9830508474576272,nan,1.0273224115371704,0.9203445659295563,0.35463058948516846,1.013569144921633,,,1.0,1.1162367330322265,376,59,59,18
outputs/mujoco/baseline_custom_mujoco_newmodels/custom_mujoco_hopper__vqvae__specialization__s0,custom_mujoco_hopper,vqvae,specialization,0,0.9444444444444444,0.9444444444444444,0.9722222222222222,1.0,nan,0.28926771879196167,0.32129759999231794,0.06790929287672043,0.5378361449288823,,,1.0,0.9003108607063294,376,36,36,36
outputs/mujoco/baseline_custom_mujoco_newmodels/custom_mujoco_ant__inr_diffusion_history_conditioned_shuffle__new_policy__s0,custom_mujoco_ant,inr_diffusion_history_conditioned_shuffle,new_policy,0,0.6666666666666666,1.0,1.0,1.0,0.3642377257347107,1.141332983970642,1.0394721703706076,0.6094613671302795,1.068331869772049,,,1.0,1.0979928241500854,376,123,123,0
outputs/mujoco/baseline_custom_mujoco_newmodels/custom_mujoco_halfcheetah__inr_transformer_history_conditioned_shuffle__single_shift__s0,custom_mujoco_halfcheetah,inr_transformer_history_conditioned_shuffle,single_shift,0,1.0,1.0,1.0,1.0,nan,0.03780749812722206,0.037575804677794866,0.003514770185574889,0.1944415030985465,,,1.0,1.0061660276184081,376,59,59,18
outputs/mujoco/baseline_custom_mujoco_newmodels/custom_mujoco_walker2d__cvae_rnn__conflation__s1,custom_mujoco_walker2d,cvae_rnn,conflation,1,1.0,1.0,1.0,1.0,nan,0.18243910372257233,0.18376270195057998,0.06425832211971283,0.4271289076175626,,,1.0,0.9927972422370911,268,59,59,18
outputs/mujoco/baseline_custom_mujoco_newmodels/custom_mujoco_hopper__cvae_rnn__specialization__s1,custom_mujoco_hopper,cvae_rnn,specialization,1,0.9722222222222222,0.9722222222222222,0.9722222222222222,0.9722222222222222,nan,0.21534211933612823,0.2340044065834774,0.04884006455540657,0.46404969489929443,,,1.0,0.9202481375465393,376,36,36,36
outputs/mujoco/baseline_custom_mujoco_newmodels/custom_mujoco_halfcheetah__inr_transformer_history_conditioned_shuffle__new_policy__s1,custom_mujoco_halfcheetah,inr_transformer_history_conditioned_shuffle,new_policy,1,0.6666666666666666,1.0,1.0,1.0,0.2834784686565399,0.25863850116729736,0.2561045266235476,0.017966246232390404,0.5085651395517563,,,1.0,1.0098942981491088,376,123,123,0
outputs/mujoco/baseline_custom_mujoco_newmodels/custom_mujoco_ant__vqvae__novel_generalization__s0,custom_mujoco_ant,vqvae,novel_generalization,0,0.6666666666666666,1.0,1.0,1.0,0.8794557452201843,1.1668254137039185,1.0451959514125242,0.33875417709350586,1.080196932833971,,,1.0,1.1163700090179443,160,123,123,0
outputs/mujoco/baseline_custom_mujoco_newmodels/custom_mujoco_ant__inr_diffusion_history_conditioned_shuffle__no_shift__s1,custom_mujoco_ant,inr_diffusion_history_conditioned_shuffle,no_shift,1,1.0,1.0,1.0,1.0,nan,0.5457286834716797,0.5524547415125025,0.28286096453666687,0.7387345148777602,,,1.0,0.9878251419792176,376,82,82,0
outputs/mujoco/baseline_custom_mujoco_newmodels/custom_mujoco_humanoid__vqvae__novel_generalization__s1,custom_mujoco_humanoid,vqvae,novel_generalization,1,0.6666666666666666,1.0,1.0,1.0,0.44482314586639404,0.354220986366272,0.4619904678739077,0.18431390821933746,0.595164671638255,,,1.0,0.7667279110679627,160,123,123,0
outputs/mujoco/baseline_custom_mujoco_newmodels/custom_mujoco_ant__inr_diffusion_history_conditioned_shuffle__conflation__s1,custom_mujoco_ant,inr_diffusion_history_conditioned_shuffle,conflation,1,1.0,1.0,1.0,1.0,nan,0.6603894829750061,0.6570724484541064,0.3614492118358612,0.8126435153097612,,,1.0,1.0050482021102904,268,59,59,18
outputs/mujoco/baseline_custom_mujoco_newmodels/custom_mujoco_hopper__inr_transformer_history_conditioned_shuffle__new_policy__s1,custom_mujoco_hopper,inr_transformer_history_conditioned_shuffle,new_policy,1,0.6666666666666666,1.0,0.975609756097561,1.0,3.038787364959717,0.9100902080535889,0.729665038953114,0.13302144408226013,0.9539864821126077,,,1.0,1.2472712264785766,376,123,123,0
outputs/mujoco/baseline_custom_mujoco_newmodels/custom_mujoco_walker2d__inr_transformer_history_conditioned_shuffle__single_shift__s0,custom_mujoco_walker2d,inr_transformer_history_conditioned_shuffle,single_shift,0,1.0,1.0,1.0,1.0,nan,0.22051706910133362,0.20513816765195578,0.040772270411252975,0.4695924500046116,,,1.0,1.0749685035476684,376,59,59,18
outputs/mujoco/baseline_custom_mujoco_newmodels/custom_mujoco_walker2d__inr_transformer_history_conditioned_shuffle__specialization__s1,custom_mujoco_walker2d,inr_transformer_history_conditioned_shuffle,specialization,1,0.9166666666666666,0.9166666666666666,0.8888888888888888,0.9722222222222222,nan,0.66888427734375,0.46226531441082724,0.25235581398010254,0.8178534571326027,,,1.0,1.4469705091247558,376,36,36,36
outputs/mujoco/baseline_custom_mujoco_newmodels/custom_mujoco_hopper__cvae_rnn__no_shift__s1,custom_mujoco_hopper,cvae_rnn,no_shift,1,1.0,1.0,1.0,1.0,nan,0.22331756353378296,0.2241130460393694,0.07173310220241547,0.472564877592255,,,1.0,0.9964505301246643,376,82,82,0
outputs/mujoco/baseline_custom_mujoco_newmodels/custom_mujoco_walker2d__state_action_bem__no_shift__s1,custom_mujoco_walker2d,state_action_bem,no_shift,1,0.9878048780487805,0.9878048780487805,1.0,1.0,nan,0.45651087164878845,0.45760303393790575,0.23143671452999115,0.6756558825680337,,,1.0,0.9976132975349427,376,82,82,0
outputs/mujoco/baseline_custom_mujoco_newmodels/custom_mujoco_ant__inr_transformer_history_conditioned_shuffle__generalization__s0,custom_mujoco_ant,inr_transformer_history_conditioned_shuffle,generalization,0,1.0,1.0,1.0,1.0,nan,0.22229424118995667,0.2217895033588058,0.12153320014476776,0.47148090225369327,,,1.0,1.002275751663208,160,82,82,0
outputs/mujoco/baseline_custom_mujoco_newmodels/custom_mujoco_halfcheetah__inr_diffusion_history_conditioned_shuffle__new_policy__s1,custom_mujoco_halfcheetah,inr_diffusion_history_conditioned_shuffle,new_policy,1,0.6666666666666666,1.0,1.0,1.0,0.5476793050765991,0.7850318551063538,0.7773406152952113,0.5468295216560364,0.8860202340276173,,,1.0,1.0098942981491088,376,123,123,0
outputs/mujoco/baseline_custom_mujoco_newmodels/custom_mujoco_walker2d__cvae_rnn__specialization__s1,custom_mujoco_walker2d,cvae_rnn,specialization,1,0.9166666666666666,0.9166666666666666,0.9444444444444444,0.9722222222222222,nan,0.6963492035865784,0.4812462999040571,0.3440435826778412,0.8344754062203261,,,1.0,1.4469705091247558,376,36,36,36
outputs/mujoco/baseline_custom_mujoco_newmodels/custom_mujoco_halfcheetah__vqvae__specialization__s0,custom_mujoco_halfcheetah,vqvae,specialization,0,0.75,0.75,0.8611111111111112,0.9444444444444444,nan,0.17943932116031647,0.1978000539601431,0.0240908432751894,0.4236027870072581,,,1.0,0.907175289226532,376,36,36,36
outputs/mujoco/baseline_custom_mujoco_newmodels/custom_mujoco_ant__vqvae__new_policy__s0,custom_mujoco_ant,vqvae,new_policy,0,0.6666666666666666,1.0,1.0,1.0,0.7362797856330872,1.0234103202819824,0.9320737784185116,0.1348491907119751,1.0116374450770307,,,1.0,1.0979928241500854,376,123,123,0
outputs/mujoco/baseline_custom_mujoco_newmodels/custom_mujoco_ant__inr_transformer_fitted_latent_shuffle__single_shift__s0,custom_mujoco_ant,inr_transformer_fitted_latent_shuffle,single_shift,0,1.0,1.0,1.0,1.0,nan,0.20707856118679047,0.2093301220621014,0.1267545223236084,0.45505885464057333,,,1.0,0.989243970943451,376,59,59,18
outputs/mujoco/baseline_custom_mujoco_newmodels/custom_mujoco_walker2d__vqvae__no_shift__s1,custom_mujoco_walker2d,vqvae,no_shift,1,0.9878048780487805,0.9878048780487805,0.9878048780487805,0.9878048780487805,nan,0.15511195361614227,0.1554830453838345,0.07138416916131973,0.39384254927082507,,,1.0,0.9976132975349427,376,82,82,0
outputs/mujoco/baseline_custom_mujoco_newmodels/custom_mujoco_halfcheetah__inr_diffusion_history_conditioned_shuffle__specialization__s1,custom_mujoco_halfcheetah,inr_diffusion_history_conditioned_shuffle,specialization,1,0.8611111111111112,0.8611111111111112,0.9722222222222222,0.9722222222222222,nan,0.834841787815094,0.9035173927489082,0.6062361001968384,0.9136967701678134,,,1.0,0.9239908324012757,376,36,36,36
outputs/mujoco/baseline_custom_mujoco_newmodels/custom_mujoco_walker2d__inr_diffusion_history_conditioned_shuffle__no_shift__s0,custom_mujoco_walker2d,inr_diffusion_history_conditioned_shuffle,no_shift,0,1.0,1.0,1.0,1.0,nan,0.6710572838783264,0.6692409076907914,0.3781813085079193,0.8191808615185822,,,1.0,1.0027140842208861,376,82,82,0
outputs/mujoco/baseline_custom_mujoco_newmodels/custom_mujoco_hopper__cvae_rnn__conflation__s1,custom_mujoco_hopper,cvae_rnn,conflation,1,1.0,1.0,1.0,1.0,nan,0.1966632455587387,0.19968844697947927,0.06452766060829163,0.4434672993116163,,,1.0,0.9848503933677674,268,59,59,18
outputs/mujoco/baseline_custom_mujoco_newmodels/custom_mujoco_hopper__vqvae__novel_generalization__s1,custom_mujoco_hopper,vqvae,novel_generalization,1,0.6504065040650406,0.975609756097561,0.9512195121951219,0.983739837398374,0.8912492394447327,1.0600301027297974,0.8868404896042849,0.389638751745224,1.029577633172845,,,1.0,1.1952883468399047,160,123,123,0
outputs/mujoco/baseline_custom_mujoco_newmodels/custom_mujoco_hopper__inr_transformer_history_conditioned_shuffle__no_shift__s0,custom_mujoco_hopper,inr_transformer_history_conditioned_shuffle,no_shift,0,1.0,1.0,1.0,1.0,nan,0.15187838673591614,0.1497584726768314,0.04960256442427635,0.38971577686298015,,,1.0,1.014155553413391,376,82,82,0
outputs/mujoco/baseline_custom_mujoco_newmodels/custom_mujoco_humanoid__cvae_rnn__single_shift__s1,custom_mujoco_humanoid,cvae_rnn,single_shift,1,0.9322033898305084,0.9322033898305084,1.0,1.0,nan,2688454400.0,2408498412.963787,0.0605611577630043,51850.3076172167,,,1.0,1.1162367330322265,376,59,59,18
outputs/mujoco/baseline_custom_mujoco_newmodels/custom_mujoco_ant__inr_transformer_fitted_latent_shuffle__specialization__s1,custom_mujoco_ant,inr_transformer_fitted_latent_shuffle,specialization,1,1.0,1.0,1.0,1.0,nan,0.2970520257949829,0.2567333533036038,0.20258471369743347,0.5450247937433516,,,1.0,1.1570449338684081,376,36,36,36
outputs/mujoco/baseline_custom_mujoco_newmodels/custom_mujoco_humanoid__inr_transformer_history_conditioned_shuffle__new_policy__s0,custom_mujoco_humanoid,inr_transformer_history_conditioned_shuffle,new_policy,0,0.6666666666666666,1.0,1.0,1.0,2.0775837898254395,0.8654184937477112,0.6693564736228071,0.087944395840168,0.9302787183138778,,,1.0,1.2929112182388305,376,123,123,0
outputs/mujoco/baseline_custom_mujoco_newmodels/custom_mujoco_walker2d__inr_transformer_fitted_latent_shuffle__new_policy__s1,custom_mujoco_walker2d,inr_transformer_fitted_latent_shuffle,new_policy,1,0.6504065040650406,0.975609756097561,0.943089430894309,0.991869918699187,0.003506067208945751,0.392058789730072,0.3592213891362314,0.09856418520212173,0.6261459811657918,,,1.0,1.0914127097854613,376,123,123,0
outputs/mujoco/baseline_custom_mujoco_newmodels/custom_mujoco_hopper__inr_transformer_history_conditioned_shuffle__specialization__s0,custom_mujoco_hopper,inr_transformer_history_conditioned_shuffle,specialization,0,0.8611111111111112,0.8611111111111112,1.0,1.0,nan,0.21039536595344543,0.23369191146753687,0.04291241243481636,0.458688746268584,,,1.0,0.9003108607063294,376,36,36,36
outputs/mujoco/baseline_custom_mujoco_newmodels/custom_mujoco_ant__inr_transformer_fitted_latent_shuffle__single_shift__s1,custom_mujoco_ant,inr_transformer_fitted_latent_shuffle,single_shift,1,1.0,1.0,1.0,1.0,nan,0.21214903891086578,0.2116073857522969,0.13205254077911377,0.460596394808802,,,1.0,1.0025597081909179,376,59,59,18
outputs/mujoco/baseline_custom_mujoco_newmodels/custom_mujoco_ant__cvae_rnn__single_shift__s0,custom_mujoco_ant,cvae_rnn,single_shift,0,1.0,1.0,1.0,1.0,nan,0.14770793914794922,0.14931396448853645,0.07604487985372543,0.3843279057627083,,,1.0,0.989243970943451,376,59,59,18
outputs/mujoco/baseline_custom_mujoco_newmodels/custom_mujoco_walker2d__inr_transformer_fitted_latent_shuffle__conflation__s0,custom_mujoco_walker2d,inr_transformer_fitted_latent_shuffle,conflation,0,1.0,1.0,0.9491525423728814,0.9661016949152542,nan,0.11318938434123993,0.11682237070853156,0.031966231763362885,0.33643630057001866,,,1.0,0.9689016209373474,268,59,59,18
outputs/mujoco/baseline_custom_mujoco_newmodels/custom_mujoco_halfcheetah__vqvae__specialization__s1,custom_mujoco_halfcheetah,vqvae,specialization,1,0.8333333333333334,0.8333333333333334,0.9722222222222222,1.0,nan,0.14414222538471222,0.15599962719339336,0.023913905024528503,0.3796606713694641,,,1.0,0.9239908324012757,376,36,36,36
outputs/mujoco/baseline_custom_mujoco_newmodels/custom_mujoco_walker2d__vqvae__single_shift__s1,custom_mujoco_walker2d,vqvae,single_shift,1,0.9661016949152542,0.9661016949152542,0.9661016949152542,0.9661016949152542,nan,0.22991682589054108,0.21507770909262744,0.07987452298402786,0.47949642948674925,,,1.0,1.0689942107925414,376,59,59,18
outputs/mujoco/baseline_custom_mujoco_newmodels/custom_mujoco_humanoid__inr_transformer_history_conditioned_shuffle__specialization__s1,custom_mujoco_humanoid,inr_transformer_history_conditioned_shuffle,specialization,1,0.9444444444444444,0.9444444444444444,0.9444444444444444,0.9722222222222222,nan,0.8000118732452393,0.521193361939624,0.22062326967716217,0.894433828321156,,,1.0,1.5349617467651366,376,36,36,36
outputs/mujoco/baseline_custom_mujoco_newmodels/custom_mujoco_walker2d__vqvae__generalization__s1,custom_mujoco_walker2d,vqvae,generalization,1,0.9390243902439024,0.9390243902439024,0.9878048780487805,0.9878048780487805,nan,0.33984842896461487,0.4188280471035922,0.22361773252487183,0.5829652039055289,,,1.0,0.8114271031150818,160,82,82,0
outputs/mujoco/baseline_custom_mujoco_newmodels/custom_mujoco_humanoid__state_action_bem__new_policy__s0,custom_mujoco_humanoid,state_action_bem,new_policy,0,0.6666666666666666,1.0,1.0,1.0,0.31792816519737244,1.099367380142212,0.8503038450232809,0.7659328579902649,1.0485072151121384,,,1.0,1.2929112182388305,376,123,123,0
outputs/mujoco/baseline_custom_mujoco_newmodels/custom_mujoco_walker2d__inr_transformer_history_conditioned_shuffle__generalization__s0,custom_mujoco_walker2d,inr_transformer_history_conditioned_shuffle,generalization,0,0.926829268292683,0.926829268292683,1.0,1.0,nan,0.2926396429538727,0.36954476197566444,0.19943828880786896,0.5409617758713389,,,1.0,0.7918922768363953,160,82,82,0
outputs/mujoco/baseline_custom_mujoco_newmodels/custom_mujoco_humanoid__inr_diffusion_history_conditioned_shuffle__no_shift__s0,custom_mujoco_humanoid,inr_diffusion_history_conditioned_shuffle,no_shift,0,1.0,1.0,1.0,1.0,nan,0.5898416042327881,0.5936339632750754,0.41207683086395264,0.7680114610035375,,,1.0,0.9936116204986573,376,82,82,0
outputs/mujoco/baseline_custom_mujoco_newmodels/custom_mujoco_hopper__inr_diffusion_history_conditioned_shuffle__specialization__s0,custom_mujoco_hopper,inr_diffusion_history_conditioned_shuffle,specialization,0,0.9166666666666666,0.9166666666666666,1.0,1.0,nan,0.8570181727409363,0.9519136224443319,0.34314000606536865,0.9257527600504015,,,1.0,0.9003108607063294,376,36,36,36
outputs/mujoco/baseline_custom_mujoco_newmodels/custom_mujoco_humanoid__inr_transformer_history_conditioned_shuffle__single_shift__s1,custom_mujoco_humanoid,inr_transformer_history_conditioned_shuffle,single_shift,1,0.9661016949152542,0.9661016949152542,1.0,1.0,nan,0.3649584949016571,0.32695438530342696,0.036920029670000076,0.6041179478393744,,,1.0,1.1162367330322265,376,59,59,18
outputs/mujoco/baseline_custom_mujoco_newmodels/custom_mujoco_hopper__cvae_rnn__generalization__s1,custom_mujoco_hopper,cvae_rnn,generalization,1,0.9878048780487805,0.9878048780487805,0.975609756097561,0.9878048780487805,nan,0.4543648362159729,0.4751052695612454,0.18988275527954102,0.6740658990157957,,,1.0,0.9563456044921875,160,82,82,0
outputs/mujoco/baseline_custom_mujoco_newmodels/custom_mujoco_halfcheetah__inr_diffusion_history_conditioned_shuffle__new_policy__s0,custom_mujoco_halfcheetah,inr_diffusion_history_conditioned_shuffle,new_policy,0,0.6666666666666666,1.0,0.975609756097561,0.991869918699187,0.4989837408065796,0.702957272529602,0.6985213515319297,0.4850870668888092,0.8384254722571363,,,1.0,1.0063504443893432,376,123,123,0
outputs/mujoco/baseline_custom_mujoco_newmodels/custom_mujoco_hopper__vqvae__no_shift__s1,custom_mujoco_hopper,vqvae,no_shift,1,1.0,1.0,1.0,1.0,nan,0.20995256304740906,0.21070043790447102,0.08784497529268265,0.4582058086137812,,,1.0,0.9964505301246643,376,82,82,0
outputs/mujoco/baseline_custom_mujoco_newmodels/custom_mujoco_humanoid__inr_transformer_history_conditioned_shuffle__conflation__s1,custom_mujoco_humanoid,inr_transformer_history_conditioned_shuffle,conflation,1,1.0,1.0,1.0,1.0,nan,0.19339512288570404,0.20210153356879357,0.040104616433382034,0.4397671234707115,,,1.0,0.9569206105003357,268,59,59,18
outputs/mujoco/baseline_custom_mujoco_newmodels/custom_mujoco_walker2d__vqvae__no_shift__s0,custom_mujoco_walker2d,vqvae,no_shift,0,1.0,1.0,1.0,1.0,nan,0.14438872039318085,0.14399789797045845,0.06490294635295868,0.3799851581222362,,,1.0,1.0027140842208861,376,82,82,0
outputs/mujoco/baseline_custom_mujoco_newmodels/custom_mujoco_ant__vqvae__generalization__s1,custom_mujoco_ant,vqvae,generalization,1,1.0,1.0,1.0,1.0,nan,0.2957937717437744,0.29838395770234016,0.20303663611412048,0.5438692597893122,,,1.0,0.9913192854652405,160,82,82,0
outputs/mujoco/baseline_custom_mujoco_newmodels/custom_mujoco_hopper__inr_transformer_fitted_latent_shuffle__novel_generalization__s0,custom_mujoco_hopper,inr_transformer_fitted_latent_shuffle,novel_generalization,0,0.6422764227642277,0.9634146341463414,0.9024390243902439,0.975609756097561,0.00643879733979702,0.928713321685791,0.7461602066975574,0.321617990732193,0.9636977335688774,,,1.0,1.2446567283401488,160,123,123,0
outputs/mujoco/baseline_custom_mujoco_newmodels/custom_mujoco_humanoid__state_action_bem__new_policy__s1,custom_mujoco_humanoid,state_action_bem,new_policy,1,0.6666666666666666,1.0,1.0,1.0,0.35783371329307556,1.139815092086792,0.904335345950734,0.7949879169464111,1.0676212306276005,,,1.0,1.2603898511657714,376,123,123,0
outputs/mujoco/baseline_custom_mujoco_newmodels/custom_mujoco_halfcheetah__inr_transformer_fitted_latent_shuffle__new_policy__s1,custom_mujoco_halfcheetah,inr_transformer_fitted_latent_shuffle,new_policy,1,0.6666666666666666,1.0,0.991869918699187,1.0,0.001665057148784399,0.23964932560920715,0.23730139485728974,0.020143898203969002,0.48953991217183424,,,1.0,1.0098942981491088,376,123,123,0
outputs/mujoco/baseline_custom_mujoco_newmodels/custom_mujoco_halfcheetah__inr_diffusion_history_conditioned_shuffle__no_shift__s1,custom_mujoco_halfcheetah,inr_diffusion_history_conditioned_shuffle,no_shift,1,1.0,1.0,1.0,1.0,nan,0.7242241501808167,0.723157820688604,0.4586198031902313,0.8510136016426627,,,1.0,1.0014745460281371,376,82,82,0
outputs/mujoco/baseline_custom_mujoco_newmodels/custom_mujoco_ant__inr_transformer_history_conditioned_shuffle__single_shift__s1,custom_mujoco_ant,inr_transformer_history_conditioned_shuffle,single_shift,1,1.0,1.0,1.0,1.0,nan,0.10979312658309937,0.10951280575719229,0.04389585927128792,0.3313504588545176,,,1.0,1.0025597081909179,376,59,59,18
outputs/mujoco/baseline_custom_mujoco_newmodels/custom_mujoco_halfcheetah__inr_transformer_fitted_latent_shuffle__new_policy__s0,custom_mujoco_halfcheetah,inr_transformer_fitted_latent_shuffle,new_policy,0,0.6585365853658537,0.9878048780487805,0.975609756097561,0.991869918699187,0.0018446160247549415,0.22516818344593048,0.22374728873157432,0.019138960167765617,0.47451889682701837,,,1.0,1.0063504443893432,376,123,123,0
outputs/mujoco/baseline_custom_mujoco_newmodels/custom_mujoco_halfcheetah__inr_transformer_fitted_latent_shuffle__no_shift__s1,custom_mujoco_halfcheetah,inr_transformer_fitted_latent_shuffle,no_shift,1,1.0,1.0,0.9878048780487805,1.0,nan,0.03466302156448364,0.03461198460006567,0.006119208410382271,0.1861800783233363,,,1.0,1.0014745460281371,376,82,82,0
outputs/mujoco/baseline_custom_mujoco_newmodels/custom_mujoco_ant__cvae_rnn__novel_generalization__s0,custom_mujoco_ant,cvae_rnn,novel_generalization,0,0.6666666666666666,1.0,0.991869918699187,0.991869918699187,0.6251518726348877,1.155434489250183,1.034992412835063,0.3552725613117218,1.0749113866966817,,,1.0,1.1163700090179443,160,123,123,0
outputs/mujoco/baseline_custom_mujoco_newmodels/custom_mujoco_walker2d__inr_transformer_history_conditioned_shuffle__specialization__s0,custom_mujoco_walker2d,inr_transformer_history_conditioned_shuffle,specialization,0,0.8888888888888888,0.8888888888888888,0.8611111111111112,0.9444444444444444,nan,0.59825599193573,0.4459553438780301,0.27858415246009827,0.773470097635151,,,1.0,1.3415154681930541,376,36,36,36
outputs/mujoco/baseline_custom_mujoco_newmodels/custom_mujoco_hopper__inr_diffusion_history_conditioned_shuffle__single_shift__s0,custom_mujoco_hopper,inr_diffusion_history_conditioned_shuffle,single_shift,0,1.0,1.0,1.0,1.0,nan,1.0329113006591797,0.9647698364867978,0.5260822772979736,1.0163224393169619,,,1.0,1.0706297622451781,376,59,59,18
outputs/mujoco/baseline_custom_mujoco_newmodels/custom_mujoco_walker2d__cvae_rnn__new_policy__s0,custom_mujoco_walker2d,cvae_rnn,new_policy,0,0.6666666666666666,1.0,0.9186991869918699,0.991869918699187,1.5568523406982422,0.4375203847885132,0.3889056327589119,0.11814296245574951,0.6614532370383511,,,1.0,1.1250039802322387,376,123,123,0
outputs/mujoco/baseline_custom_mujoco_newmodels/custom_mujoco_ant__state_action_bem__specialization__s0,custom_mujoco_ant,state_action_bem,specialization,0,0.8888888888888888,0.8888888888888888,0.8888888888888888,0.9722222222222222,nan,1.4694087505340576,1.2617809061309817,1.1073322296142578,1.2121917136055904,,,1.0,1.1645514236221313,376,36,36,36
outputs/mujoco/baseline_custom_mujoco_newmodels/custom_mujoco_ant__vqvae__single_shift__s1,custom_mujoco_ant,vqvae,single_shift,1,1.0,1.0,1.0,1.0,nan,0.13090860843658447,0.13057437613646397,0.07479314506053925,0.36181294675092057,,,1.0,1.0025597081909179,376,59,59,18
outputs/mujoco/baseline_custom_mujoco_newmodels/custom_mujoco_walker2d__cvae_rnn__single_shift__s0,custom_mujoco_walker2d,cvae_rnn,single_shift,0,1.0,1.0,1.0,1.0,nan,0.19637161493301392,0.1826766219521203,0.06455610692501068,0.4431383699624914,,,1.0,1.0749685035476684,376,59,59,18
outputs/mujoco/baseline_custom_mujoco_newmodels/custom_mujoco_ant__inr_diffusion_history_conditioned_shuffle__conflation__s0,custom_mujoco_ant,inr_diffusion_history_conditioned_shuffle,conflation,0,1.0,1.0,1.0,1.0,nan,0.684100866317749,0.686786952762877,0.37911438941955566,0.8271039029757682,,,1.0,0.996088908744812,268,59,59,18
outputs/mujoco/baseline_custom_mujoco_newmodels/custom_mujoco_halfcheetah__inr_transformer_fitted_latent_shuffle__conflation__s0,custom_mujoco_halfcheetah,inr_transformer_fitted_latent_shuffle,conflation,0,0.9830508474576272,0.9830508474576272,0.9830508474576272,0.9830508474576272,nan,0.04071171581745148,0.0410077298442353,0.002206474542617798,0.20177144450454698,,,1.0,0.9927815066108704,268,59,59,18
outputs/mujoco/baseline_custom_mujoco_newmodels/custom_mujoco_humanoid__vqvae__specialization__s0,custom_mujoco_humanoid,vqvae,specialization,0,0.9444444444444444,0.9444444444444444,0.9722222222222222,1.0,nan,48953016320.0,30661501687.514297,0.25041064620018005,221253.28544453302,,,1.0,1.5965629087219237,376,36,36,36
outputs/mujoco/baseline_custom_mujoco_newmodels/custom_mujoco_hopper__state_action_bem__new_policy__s0,custom_mujoco_hopper,state_action_bem,new_policy,0,0.6666666666666666,1.0,0.991869918699187,0.991869918699187,0.24981310963630676,0.8166194558143616,0.6429482276801554,0.3389291763305664,0.903669992759725,,,1.0,1.2701169715652465,376,123,123,0
outputs/mujoco/baseline_custom_mujoco_newmodels/custom_mujoco_ant__state_action_bem__no_shift__s1,custom_mujoco_ant,state_action_bem,no_shift,1,1.0,1.0,1.0,1.0,nan,1.1757844686508179,1.1902759088465829,0.6814773678779602,1.0843359574646678,,,1.0,0.9878251419792176,376,82,82,0
outputs/mujoco/baseline_custom_mujoco_newmodels/custom_mujoco_hopper__vqvae__new_policy__s1,custom_mujoco_hopper,vqvae,new_policy,1,0.6666666666666666,1.0,0.975609756097561,1.0,0.6513792276382446,1.1489617824554443,0.9211803800680229,0.2131878286600113,1.0718963487462043,,,1.0,1.2472712264785766,376,123,123,0
outputs/mujoco/baseline_custom_mujoco_newmodels/custom_mujoco_halfcheetah__inr_transformer_fitted_latent_shuffle__generalization__s1,custom_mujoco_halfcheetah,inr_transformer_fitted_latent_shuffle,generalization,1,0.9878048780487805,0.9878048780487805,1.0,1.0,nan,0.1801155060529709,0.17843141281390165,0.09209969639778137,0.424400172069912,,,1.0,1.009438322616577,160,82,82,0
outputs/mujoco/baseline_custom_mujoco_newmodels/custom_mujoco_walker2d__inr_diffusion_history_conditioned_shuffle__novel_generalization__s1,custom_mujoco_walker2d,inr_diffusion_history_conditioned_shuffle,novel_generalization,1,0.6585365853658537,0.9878048780487805,0.9512195121951219,1.0,3.660482168197632,1.2107598781585693,1.4064145666869619,1.0395201444625854,1.1003453449524696,,,1.0,0.8608840571174622,160,123,123,0
outputs/mujoco/baseline_custom_mujoco_newmodels/custom_mujoco_hopper__inr_diffusion_history_conditioned_shuffle__new_policy__s1,custom_mujoco_hopper,inr_diffusion_history_conditioned_shuffle,new_policy,1,0.6666666666666666,1.0,0.967479674796748,0.991869918699187,3.6032588481903076,1.270403265953064,1.0185461181043967,0.7199926376342773,1.1271216730917137,,,1.0,1.2472712264785766,376,123,123,0
outputs/mujoco/baseline_custom_mujoco_newmodels/custom_mujoco_ant__inr_transformer_fitted_latent_shuffle__generalization__s0,custom_mujoco_ant,inr_transformer_fitted_latent_shuffle,generalization,0,1.0,1.0,1.0,1.0,nan,0.3059658706188202,0.3052711492930871,0.2045784592628479,0.5531418178178361,,,1.0,1.002275751663208,160,82,82,0
outputs/mujoco/baseline_custom_mujoco_newmodels/custom_mujoco_humanoid__cvae_rnn__novel_generalization__s0,custom_mujoco_humanoid,cvae_rnn,novel_generalization,0,0.6666666666666666,1.0,1.0,1.0,2.1296539306640625,0.4128186106681824,0.519652881512262,0.18371663987636566,0.6425096191250232,,,1.0,0.7944122420082093,160,123,123,0
outputs/mujoco/baseline_custom_mujoco_newmodels/custom_mujoco_humanoid__inr_transformer_fitted_latent_shuffle__generalization__s0,custom_mujoco_humanoid,inr_transformer_fitted_latent_shuffle,generalization,0,0.9146341463414634,0.9146341463414634,0.9878048780487805,1.0,nan,0.12468224763870239,0.1802065954319187,0.0921059101819992,0.3531037349543366,,,1.0,0.6918850408325196,160,82,82,0
outputs/mujoco/baseline_custom_mujoco_newmodels/custom_mujoco_halfcheetah__inr_transformer_history_conditioned_shuffle__generalization__s1,custom_mujoco_halfcheetah,inr_transformer_history_conditioned_shuffle,generalization,1,0.9512195121951219,0.9512195121951219,1.0,1.0,nan,0.22057747840881348,0.2185150627499974,0.09948289394378662,0.4696567665953653,,,1.0,1.009438322616577,160,82,82,0
outputs/mujoco/baseline_custom_mujoco_newmodels/custom_mujoco_ant__inr_diffusion_history_conditioned_shuffle__specialization__s0,custom_mujoco_ant,inr_diffusion_history_conditioned_shuffle,specialization,0,1.0,1.0,1.0,1.0,nan,0.7048100829124451,0.605220232113287,0.43619588017463684,0.8395296795899744,,,1.0,1.1645514236221313,376,36,36,36
outputs/mujoco/baseline_custom_mujoco_newmodels/custom_mujoco_halfcheetah__inr_diffusion_history_conditioned_shuffle__single_shift__s1,custom_mujoco_halfcheetah,inr_diffusion_history_conditioned_shuffle,single_shift,1,1.0,1.0,1.0,1.0,nan,0.6369541883468628,0.6298070281985509,0.3671450912952423,0.7980940974264017,,,1.0,1.0113481746444701,376,59,59,18
outputs/mujoco/baseline_custom_mujoco_newmodels/custom_mujoco_humanoid__inr_diffusion_history_conditioned_shuffle__novel_generalization__s1,custom_mujoco_humanoid,inr_diffusion_history_conditioned_shuffle,novel_generalization,1,0.6666666666666666,1.0,1.0,1.0,1.7323753833770752,0.8706865906715393,1.135587446475992,0.7799334526062012,0.9331058839550522,,,1.0,0.7667279110679627,160,123,123,0
outputs/mujoco/baseline_custom_mujoco_newmodels/custom_mujoco_ant__inr_diffusion_history_conditioned_shuffle__new_policy__s1,custom_mujoco_ant,inr_diffusion_history_conditioned_shuffle,new_policy,1,0.6666666666666666,1.0,0.991869918699187,0.991869918699187,1.3068290948867798,1.0944551229476929,0.9952897350574029,0.6048119068145752,1.0461620921003079,,,1.0,1.0996346936950683,376,123,123,0
outputs/mujoco/baseline_custom_mujoco_newmodels/custom_mujoco_humanoid__inr_transformer_fitted_latent_shuffle__novel_generalization__s1,custom_mujoco_humanoid,inr_transformer_fitted_latent_shuffle,novel_generalization,1,0.6341463414634146,0.9512195121951219,0.991869918699187,1.0,0.002146746963262558,0.3977940082550049,0.5188203044557542,0.16039957106113434,0.6307091312602069,,,1.0,0.7667279110679627,160,123,123,0
outputs/mujoco/baseline_custom_mujoco_newmodels/custom_mujoco_halfcheetah__inr_diffusion_history_conditioned_shuffle__conflation__s1,custom_mujoco_halfcheetah,inr_diffusion_history_conditioned_shuffle,conflation,1,1.0,1.0,1.0,1.0,nan,0.6233519911766052,0.6242281102168149,0.3575356900691986,0.7895264347547872,,,1.0,0.9985964761505127,268,59,59,18
outputs/mujoco/baseline_custom_mujoco_newmodels/custom_mujoco_hopper__cvae_rnn__new_policy__s0,custom_mujoco_hopper,cvae_rnn,new_policy,0,0.6666666666666666,1.0,0.9024390243902439,0.975609756097561,2.2605950832366943,1.1748477220535278,0.9249917514334823,0.18054454028606415,1.0839039265790709,,,1.0,1.2701169715652465,376,123,123,0
outputs/mujoco/baseline_custom_mujoco_newmodels/custom_mujoco_hopper__cvae_rnn__generalization__s0,custom_mujoco_hopper,cvae_rnn,generalization,0,0.9512195121951219,0.9512195121951219,0.975609756097561,0.975609756097561,nan,0.47309380769729614,0.47578713667044803,0.1903882622718811,0.6878181501656496,,,1.0,0.9943392143974304,160,82,82,0
outputs/mujoco/baseline_custom_mujoco_newmodels/custom_mujoco_hopper__state_action_bem__novel_generalization__s1,custom_mujoco_hopper,state_action_bem,novel_generalization,1,0.6504065040650406,0.975609756097561,0.983739837398374,1.0,0.20561562478542328,0.8285911679267883,0.6932144616965539,0.38579705357551575,0.910269832481989,,,1.0,1.1952883468399047,160,123,123,0
outputs/mujoco/baseline_custom_mujoco_newmodels/custom_mujoco_halfcheetah__vqvae__single_shift__s0,custom_mujoco_halfcheetah,vqvae,single_shift,0,1.0,1.0,1.0,1.0,nan,0.03832442685961723,0.03808956554648445,0.00525725819170475,0.19576625567144412,,,1.0,1.0061660276184081,376,59,59,18
outputs/mujoco/baseline_custom_mujoco_newmodels/custom_mujoco_humanoid__vqvae__novel_generalization__s0,custom_mujoco_humanoid,vqvae,novel_generalization,0,0.6666666666666666,1.0,1.0,1.0,0.5146294236183167,0.39063772559165955,0.49173175454114265,0.1839376837015152,0.6250101803904153,,,1.0,0.7944122420082093,160,123,123,0
outputs/mujoco/baseline_custom_mujoco_newmodels/custom_mujoco_hopper__cvae_rnn__specialization__s0,custom_mujoco_hopper,cvae_rnn,specialization,0,0.8333333333333334,0.8333333333333334,0.9444444444444444,0.9722222222222222,nan,0.2720556855201721,0.3021797219093122,0.05517949163913727,0.521589575739558,,,1.0,0.9003108607063294,376,36,36,36
outputs/mujoco/baseline_custom_mujoco_newmodels/custom_mujoco_hopper__state_action_bem__specialization__s0,custom_mujoco_hopper,state_action_bem,specialization,0,0.8611111111111112,0.8611111111111112,0.9722222222222222,0.9722222222222222,nan,0.6158480644226074,0.6840393594046509,0.18689781427383423,0.7847598769194354,,,1.0,0.9003108607063294,376,36,36,36
outputs/mujoco/baseline_custom_mujoco_newmodels/custom_mujoco_walker2d__vqvae__new_policy__s1,custom_mujoco_walker2d,vqvae,new_policy,1,0.6585365853658537,0.9878048780487805,0.943089430894309,0.991869918699187,0.5868035554885864,0.4352450966835022,0.3987905700393192,0.15246480703353882,0.6597310790644186,,,1.0,1.0914127097854613,376,123,123,0
outputs/mujoco/baseline_custom_mujoco_newmodels/custom_mujoco_hopper__inr_transformer_history_conditioned_shuffle__specialization__s1,custom_mujoco_hopper,inr_transformer_history_conditioned_shuffle,specialization,1,0.9722222222222222,0.9722222222222222,0.9444444444444444,0.9444444444444444,nan,0.1618782877922058,0.17590721587743416,0.024663502350449562,0.4023410093343777,,,1.0,0.9202481375465393,376,36,36,36
outputs/mujoco/baseline_custom_mujoco_newmodels/custom_mujoco_ant__inr_diffusion_history_conditioned_shuffle__novel_generalization__s1,custom_mujoco_ant,inr_diffusion_history_conditioned_shuffle,novel_generalization,1,0.6666666666666666,1.0,1.0,1.0,1.4595770835876465,1.4413645267486572,1.3042472938832046,1.0255955457687378,1.200568418187259,,,1.0,1.1051313148269652,160,123,123,0
outputs/mujoco/baseline_custom_mujoco_newmodels/custom_mujoco_hopper__inr_diffusion_history_conditioned_shuffle__conflation__s0,custom_mujoco_hopper,inr_diffusion_history_conditioned_shuffle,conflation,0,1.0,1.0,1.0,1.0,nan,1.0601693391799927,1.0457581227564081,0.5620870590209961,1.0296452491902213,,,1.0,1.0137806401977538,268,59,59,18
outputs/mujoco/baseline_custom_mujoco_newmodels/custom_mujoco_ant__cvae_rnn__novel_generalization__s1,custom_mujoco_ant,cvae_rnn,novel_generalization,1,0.6585365853658537,0.9878048780487805,1.0,1.0,2.051339626312256,0.8877520561218262,0.8033000641745682,0.5068172812461853,0.94220595207302,,,1.0,1.1051313148269652,160,123,123,0
