run_dir,data,model,experiment,seed,probe_acc,probe_acc_seen,novel_mean_embed_dist,gen_mse,gen_nmse,gen_median_se,gen_rmse,gen_acc,gen_nll,finite_fraction,target_var,n_train_episodes,n_test_episodes,n_test_episodes_used,n_test_ood
outputs/suites/action_resampled_v2/runs/custom_mujoco_action_resampled_v2/custom_mujoco_action_resampled_v2_walker2d__inr_transformer_fitted_latent__new_policy__s0,custom_mujoco_action_resampled_v2_walker2d,inr_transformer_fitted_latent,new_policy,0,0.6666666666666666,1.0,0.24021564424037933,0.4123418629169464,0.3907360519409295,0.2893092930316925,0.642138507579904,,,1.0,1.0552951560745238,358,117,117,0
outputs/suites/action_resampled_v2/runs/custom_mujoco_action_resampled_v2/custom_mujoco_action_resampled_v2_humanoid__cvae__single_shift__s0,custom_mujoco_action_resampled_v2_humanoid,cvae,single_shift,0,1.0,1.0,nan,0.17044122517108917,0.15334220563100864,0.005410239100456238,0.41284527994284875,,,1.0,1.1115088926086425,358,58,58,19
outputs/suites/action_resampled_v2/runs/custom_mujoco_action_resampled_v2/custom_mujoco_action_resampled_v2_halfcheetah__inr_transformer_history_conditioned__generalization__s1,custom_mujoco_action_resampled_v2_halfcheetah,inr_transformer_history_conditioned,generalization,1,1.0,1.0,nan,0.5833972692489624,0.5073618670623279,0.44655320048332214,0.7638044705609953,,,1.0,1.1498642431030273,180,78,78,0
outputs/suites/action_resampled_v2/runs/custom_mujoco_action_resampled_v2/custom_mujoco_action_resampled_v2_walker2d__cvae__specialization__s1,custom_mujoco_action_resampled_v2_walker2d,cvae,specialization,1,1.0,1.0,nan,0.9104471802711487,0.7834775086006232,0.6027505993843079,0.9541735587780394,,,1.0,1.162059115005493,358,38,38,38
outputs/suites/action_resampled_v2/runs/custom_mujoco_action_resampled_v2/custom_mujoco_action_resampled_v2_walker2d__cvae__single_shift__s0,custom_mujoco_action_resampled_v2_walker2d,cvae,single_shift,0,1.0,1.0,nan,0.25588688254356384,0.24919240479405688,0.00857221893966198,0.5058526292741433,,,1.0,1.026864694190979,358,58,58,19
outputs/suites/action_resampled_v2/runs/custom_mujoco_action_resampled_v2/custom_mujoco_action_resampled_v2_humanoid__inr_diffusion_history_conditioned__specialization__s1,custom_mujoco_action_resampled_v2_humanoid,inr_diffusion_history_conditioned,specialization,1,1.0,1.0,nan,0.6713240146636963,0.4931001391857327,0.5224556922912598,0.8193436486991867,,,1.0,1.3614354596862792,358,38,38,38
outputs/suites/action_resampled_v2/runs/custom_mujoco_action_resampled_v2/custom_mujoco_action_resampled_v2_halfcheetah__inr_transformer_fitted_latent__no_shift__s1,custom_mujoco_action_resampled_v2_halfcheetah,inr_transformer_fitted_latent,no_shift,1,1.0,1.0,nan,0.20391471683979034,0.20312061375826626,0.17835688591003418,0.45156917171103517,,,1.0,1.0039095149765014,358,78,78,0
outputs/suites/action_resampled_v2/runs/custom_mujoco_action_resampled_v2/custom_mujoco_action_resampled_v2_ant__inr_transformer_history_conditioned__single_shift__s0,custom_mujoco_action_resampled_v2_ant,inr_transformer_history_conditioned,single_shift,0,0.9827586206896551,0.9827586206896551,nan,0.5829876065254211,0.375334880746838,0.0005843855906277895,0.7635362509569674,,,1.0,1.5532465444335937,358,58,58,19
outputs/suites/action_resampled_v2/runs/custom_mujoco_action_resampled_v2/custom_mujoco_action_resampled_v2_hopper__inr_transformer_history_conditioned__conflation__s0,custom_mujoco_action_resampled_v2_hopper,inr_transformer_history_conditioned,conflation,0,1.0,1.0,nan,0.0016680591506883502,0.001641149922986772,0.0006962595507502556,0.040841879862322086,,,1.0,1.0163965688476562,269,58,58,19
outputs/suites/action_resampled_v2/runs/custom_mujoco_action_resampled_v2/custom_mujoco_action_resampled_v2_walker2d__inr_diffusion_history_conditioned__no_shift__s0,custom_mujoco_action_resampled_v2_walker2d,inr_diffusion_history_conditioned,no_shift,0,1.0,1.0,nan,0.1668260097503662,0.1663413508418197,0.07083278149366379,0.4084433984658905,,,1.0,1.0029136405715942,358,78,78,0
outputs/suites/action_resampled_v2/runs/custom_mujoco_action_resampled_v2/custom_mujoco_action_resampled_v2_halfcheetah__inr_diffusion_history_conditioned__generalization__s1,custom_mujoco_action_resampled_v2_halfcheetah,inr_diffusion_history_conditioned,generalization,1,1.0,1.0,nan,1.2977126836776733,1.128579040057513,1.0446947813034058,1.1391719289368367,,,1.0,1.1498642431030273,180,78,78,0
outputs/suites/action_resampled_v2/runs/custom_mujoco_action_resampled_v2/custom_mujoco_action_resampled_v2_humanoid__cvae__specialization__s0,custom_mujoco_action_resampled_v2_humanoid,cvae,specialization,0,1.0,1.0,nan,0.5474274754524231,0.40028053077644,0.39323002099990845,0.739883420176735,,,1.0,1.3676095472106933,358,38,38,38
outputs/suites/action_resampled_v2/runs/custom_mujoco_action_resampled_v2/custom_mujoco_action_resampled_v2_ant__inr_transformer_fitted_latent__novel_generalization__s0,custom_mujoco_action_resampled_v2_ant,inr_transformer_fitted_latent,novel_generalization,0,0.6666666666666666,1.0,0.2746471166610718,0.6322430372238159,1.1703024226979815,0.49021849036216736,0.7951371185046111,,,1.0,0.5402390228042603,180,117,117,0
outputs/suites/action_resampled_v2/runs/custom_mujoco_action_resampled_v2/custom_mujoco_action_resampled_v2_halfcheetah__cvae__no_shift__s1,custom_mujoco_action_resampled_v2_halfcheetah,cvae,no_shift,1,1.0,1.0,nan,0.0074584404937922955,0.007429395162139564,0.00428011966869235,0.0863622631349613,,,1.0,1.0039095149765014,358,78,78,0
outputs/suites/action_resampled_v2/runs/custom_mujoco_action_resampled_v2/custom_mujoco_action_resampled_v2_walker2d__inr_diffusion_history_conditioned__single_shift__s1,custom_mujoco_action_resampled_v2_walker2d,inr_diffusion_history_conditioned,single_shift,1,1.0,1.0,nan,0.40268340706825256,0.3931324346589332,0.1618565320968628,0.6345734055790966,,,1.0,1.024294541908264,358,58,58,19
outputs/suites/action_resampled_v2/runs/custom_mujoco_action_resampled_v2/custom_mujoco_action_resampled_v2_humanoid__inr_transformer_fitted_latent__novel_generalization__s1,custom_mujoco_action_resampled_v2_humanoid,inr_transformer_fitted_latent,novel_generalization,1,0.6666666666666666,1.0,0.2707803547382355,0.6998789310455322,0.8462695905657408,0.6323253512382507,0.8365876708663188,,,1.0,0.8270165191421509,180,117,117,0
outputs/suites/action_resampled_v2/runs/custom_mujoco_action_resampled_v2/custom_mujoco_action_resampled_v2_walker2d__inr_transformer_fitted_latent__generalization__s0,custom_mujoco_action_resampled_v2_walker2d,inr_transformer_fitted_latent,generalization,0,1.0,1.0,nan,0.60743647813797,0.6467142030415011,0.44512566924095154,0.779382113047233,,,1.0,0.939265714717865,180,78,78,0
outputs/suites/action_resampled_v2/runs/custom_mujoco_action_resampled_v2/custom_mujoco_action_resampled_v2_humanoid__inr_transformer_history_conditioned__generalization__s0,custom_mujoco_action_resampled_v2_humanoid,inr_transformer_history_conditioned,generalization,0,1.0,1.0,nan,0.4436783790588379,0.5539718051527233,0.3765527606010437,0.6660918698339126,,,1.0,0.8009042607078553,180,78,78,0
outputs/suites/action_resampled_v2/runs/custom_mujoco_action_resampled_v2/custom_mujoco_action_resampled_v2_halfcheetah__inr_transformer_history_conditioned__no_shift__s0,custom_mujoco_action_resampled_v2_halfcheetah,inr_transformer_history_conditioned,no_shift,0,1.0,1.0,nan,0.0021055282559245825,0.0021048704967896225,0.0002686183725018054,0.04588603552198187,,,1.0,1.000312493873596,358,78,78,0
outputs/suites/action_resampled_v2/runs/custom_mujoco_action_resampled_v2/custom_mujoco_action_resampled_v2_halfcheetah__inr_diffusion_history_conditioned__conflation__s1,custom_mujoco_action_resampled_v2_halfcheetah,inr_diffusion_history_conditioned,conflation,1,1.0,1.0,nan,0.43865567445755005,0.4360497854652887,0.1667294055223465,0.662310859383681,,,1.0,1.0059761272201537,269,58,58,19
outputs/suites/action_resampled_v2/runs/custom_mujoco_action_resampled_v2/custom_mujoco_action_resampled_v2_humanoid__inr_diffusion_history_conditioned__new_policy__s0,custom_mujoco_action_resampled_v2_humanoid,inr_diffusion_history_conditioned,new_policy,0,0.6666666666666666,1.0,0.08126872777938843,0.46666622161865234,0.4432739902734654,0.11866861581802368,0.6831297253221034,,,1.0,1.0527714954147338,358,117,117,0
outputs/suites/action_resampled_v2/runs/custom_mujoco_action_resampled_v2/custom_mujoco_action_resampled_v2_walker2d__inr_transformer_fitted_latent__specialization__s1,custom_mujoco_action_resampled_v2_walker2d,inr_transformer_fitted_latent,specialization,1,1.0,1.0,nan,1.0431045293807983,0.8976346520683396,0.8512120842933655,1.0213248892398532,,,1.0,1.162059115005493,358,38,38,38
outputs/suites/action_resampled_v2/runs/custom_mujoco_action_resampled_v2/custom_mujoco_action_resampled_v2_ant__inr_transformer_history_conditioned__generalization__s1,custom_mujoco_action_resampled_v2_ant,inr_transformer_history_conditioned,generalization,1,0.7564102564102564,0.7564102564102564,nan,0.4874010384082794,1.0556137489453334,0.38942018151283264,0.6981411307237809,,,1.0,0.4617228971252441,180,78,78,0
outputs/suites/action_resampled_v2/runs/custom_mujoco_action_resampled_v2/custom_mujoco_action_resampled_v2_humanoid__cvae__novel_generalization__s1,custom_mujoco_action_resampled_v2_humanoid,cvae,novel_generalization,1,0.6666666666666666,1.0,0.35788482427597046,0.5745037794113159,0.6946702588326025,0.4549652338027954,0.7579602756156262,,,1.0,0.8270165191421509,180,117,117,0
outputs/suites/action_resampled_v2/runs/custom_mujoco_action_resampled_v2/custom_mujoco_action_resampled_v2_ant__inr_transformer_history_conditioned__novel_generalization__s0,custom_mujoco_action_resampled_v2_ant,inr_transformer_history_conditioned,novel_generalization,0,0.48717948717948717,0.7307692307692307,3.2733068466186523,0.6870691180229187,1.271787281223219,0.5528708696365356,0.828896325256011,,,1.0,0.5402390228042603,180,117,117,0
outputs/suites/action_resampled_v2/runs/custom_mujoco_action_resampled_v2/custom_mujoco_action_resampled_v2_ant__inr_transformer_fitted_latent__novel_generalization__s1,custom_mujoco_action_resampled_v2_ant,inr_transformer_fitted_latent,novel_generalization,1,0.6666666666666666,1.0,0.28159257769584656,0.637586236000061,1.1809558650388565,0.5194807052612305,0.7984899723854152,,,1.0,0.5398899780044556,180,117,117,0
outputs/suites/action_resampled_v2/runs/custom_mujoco_action_resampled_v2/custom_mujoco_action_resampled_v2_hopper__cvae__novel_generalization__s1,custom_mujoco_action_resampled_v2_hopper,cvae,novel_generalization,1,0.6581196581196581,0.9871794871794872,2.1924116611480713,0.7542901635169983,0.6892422290486169,0.49253225326538086,0.8684987987999744,,,1.0,1.0943760143051147,180,117,117,0
outputs/suites/action_resampled_v2/runs/custom_mujoco_action_resampled_v2/custom_mujoco_action_resampled_v2_hopper__inr_transformer_history_conditioned__single_shift__s0,custom_mujoco_action_resampled_v2_hopper,inr_transformer_history_conditioned,single_shift,0,1.0,1.0,nan,0.18271881341934204,0.18501808565785308,0.001352272112853825,0.42745621228301506,,,1.0,0.9875727163085938,358,58,58,19
outputs/suites/action_resampled_v2/runs/custom_mujoco_action_resampled_v2/custom_mujoco_action_resampled_v2_ant__cvae__no_shift__s1,custom_mujoco_action_resampled_v2_ant,cvae,no_shift,1,1.0,1.0,nan,0.013296428136527538,0.0133272799696664,0.006378512363880873,0.11531013891470054,,,1.0,0.9976850615272522,358,78,78,0
outputs/suites/action_resampled_v2/runs/custom_mujoco_action_resampled_v2/custom_mujoco_action_resampled_v2_humanoid__inr_transformer_history_conditioned__generalization__s1,custom_mujoco_action_resampled_v2_humanoid,inr_transformer_history_conditioned,generalization,1,1.0,1.0,nan,0.4321627914905548,0.53964397510422,0.3243229389190674,0.6573908970244072,,,1.0,0.8008294568786621,180,78,78,0
outputs/suites/action_resampled_v2/runs/custom_mujoco_action_resampled_v2/custom_mujoco_action_resampled_v2_humanoid__inr_transformer_fitted_latent__specialization__s0,custom_mujoco_action_resampled_v2_humanoid,inr_transformer_fitted_latent,specialization,0,1.0,1.0,nan,1.0688786506652832,0.78156711675881,0.9165559411048889,1.0338658765358701,,,1.0,1.3676095472106933,358,38,38,38
outputs/suites/action_resampled_v2/runs/custom_mujoco_action_resampled_v2/custom_mujoco_action_resampled_v2_walker2d__inr_diffusion_history_conditioned__generalization__s1,custom_mujoco_action_resampled_v2_walker2d,inr_diffusion_history_conditioned,generalization,1,0.9871794871794872,0.9871794871794872,nan,0.9638509154319763,1.0255232200034883,0.7422544360160828,0.9817590923602267,,,1.0,0.9398625956306458,180,78,78,0
outputs/suites/action_resampled_v2/runs/custom_mujoco_action_resampled_v2/custom_mujoco_action_resampled_v2_ant__inr_diffusion_history_conditioned__new_policy__s1,custom_mujoco_action_resampled_v2_ant,inr_diffusion_history_conditioned,new_policy,1,0.6666666666666666,1.0,3.2800748348236084,0.6895731091499329,0.5876897256695726,0.16789260506629944,0.8304053884398468,,,1.0,1.1733625398406982,358,117,117,0
outputs/suites/action_resampled_v2/runs/custom_mujoco_action_resampled_v2/custom_mujoco_action_resampled_v2_humanoid__cvae__generalization__s1,custom_mujoco_action_resampled_v2_humanoid,cvae,generalization,1,1.0,1.0,nan,0.36819586157798767,0.45976812967529856,0.27923184633255005,0.6067914481747313,,,1.0,0.8008294568786621,180,78,78,0
outputs/suites/action_resampled_v2/runs/custom_mujoco_action_resampled_v2/custom_mujoco_action_resampled_v2_halfcheetah__cvae__specialization__s0,custom_mujoco_action_resampled_v2_halfcheetah,cvae,specialization,0,1.0,1.0,nan,0.5793979167938232,0.6193731733432413,0.4622139632701874,0.7611819209583365,,,1.0,0.9354585276374817,358,38,38,38
outputs/suites/action_resampled_v2/runs/custom_mujoco_action_resampled_v2/custom_mujoco_action_resampled_v2_hopper__inr_diffusion_history_conditioned__conflation__s1,custom_mujoco_action_resampled_v2_hopper,inr_diffusion_history_conditioned,conflation,1,1.0,1.0,nan,0.26903247833251953,0.2662651658738667,0.08953063935041428,0.5186834085764837,,,1.0,1.0103930698165893,269,58,58,19
outputs/suites/action_resampled_v2/runs/custom_mujoco_action_resampled_v2/custom_mujoco_action_resampled_v2_ant__cvae__specialization__s1,custom_mujoco_action_resampled_v2_ant,cvae,specialization,1,0.7105263157894737,0.7105263157894737,nan,1.9779554605484009,0.8474841763858088,1.2899045944213867,1.406398044846622,,,1.0,2.333914326263428,358,38,38,38
outputs/suites/action_resampled_v2/runs/custom_mujoco_action_resampled_v2/custom_mujoco_action_resampled_v2_walker2d__cvae__no_shift__s0,custom_mujoco_action_resampled_v2_walker2d,cvae,no_shift,0,1.0,1.0,nan,0.00901652593165636,0.00899033133751929,0.003857851028442383,0.09495538916594655,,,1.0,1.0029136405715942,358,78,78,0
outputs/suites/action_resampled_v2/runs/custom_mujoco_action_resampled_v2/custom_mujoco_action_resampled_v2_halfcheetah__inr_transformer_history_conditioned__conflation__s0,custom_mujoco_action_resampled_v2_halfcheetah,inr_transformer_history_conditioned,conflation,0,1.0,1.0,nan,0.00035529257729649544,0.0003533994746355906,0.00018112703401129693,0.018849206277626002,,,1.0,1.0053568349609374,269,58,58,19
outputs/suites/action_resampled_v2/runs/custom_mujoco_action_resampled_v2/custom_mujoco_action_resampled_v2_ant__inr_transformer_fitted_latent__conflation__s0,custom_mujoco_action_resampled_v2_ant,inr_transformer_fitted_latent,conflation,0,0.6724137931034483,0.6724137931034483,nan,0.00019832051475532353,0.00019834378349989647,0.00013380128075368702,0.014082631670086509,,,1.0,0.9998826847801209,269,58,58,19
outputs/suites/action_resampled_v2/runs/custom_mujoco_action_resampled_v2/custom_mujoco_action_resampled_v2_hopper__inr_transformer_history_conditioned__generalization__s1,custom_mujoco_action_resampled_v2_hopper,inr_transformer_history_conditioned,generalization,1,0.8076923076923077,0.8076923076923077,nan,0.5295755863189697,0.5060656084380296,0.3327673375606537,0.7277194420372247,,,1.0,1.0464563833007812,180,78,78,0
outputs/suites/action_resampled_v2/runs/custom_mujoco_action_resampled_v2/custom_mujoco_action_resampled_v2_hopper__cvae__no_shift__s1,custom_mujoco_action_resampled_v2_hopper,cvae,no_shift,1,1.0,1.0,nan,0.010368049144744873,0.010261037281388502,0.004144229460507631,0.10182361781406549,,,1.0,1.010428951812744,358,78,78,0
outputs/suites/action_resampled_v2/runs/custom_mujoco_action_resampled_v2/custom_mujoco_action_resampled_v2_walker2d__cvae__no_shift__s1,custom_mujoco_action_resampled_v2_walker2d,cvae,no_shift,1,1.0,1.0,nan,0.010521468706429005,0.010396316209156408,0.0045133326202631,0.10257421072778969,,,1.0,1.01203815801239,358,78,78,0
outputs/suites/action_resampled_v2/runs/custom_mujoco_action_resampled_v2/custom_mujoco_action_resampled_v2_hopper__inr_diffusion_history_conditioned__single_shift__s1,custom_mujoco_action_resampled_v2_hopper,inr_diffusion_history_conditioned,single_shift,1,1.0,1.0,nan,0.3991362154483795,0.40671636403694306,0.14893727004528046,0.6317722813232467,,,1.0,0.9813625679740906,358,58,58,19
outputs/suites/action_resampled_v2/runs/custom_mujoco_action_resampled_v2/custom_mujoco_action_resampled_v2_halfcheetah__cvae__single_shift__s1,custom_mujoco_action_resampled_v2_halfcheetah,cvae,single_shift,1,1.0,1.0,nan,0.19008797407150269,0.18730958495892794,0.006129877641797066,0.43599079585640643,,,1.0,1.0148331390151977,358,58,58,19
outputs/suites/action_resampled_v2/runs/custom_mujoco_action_resampled_v2/custom_mujoco_action_resampled_v2_ant__inr_diffusion_history_conditioned__single_shift__s1,custom_mujoco_action_resampled_v2_ant,inr_diffusion_history_conditioned,single_shift,1,0.9827586206896551,0.9827586206896551,nan,0.7178201675415039,0.4691182524463512,0.18351000547409058,0.84724268515078,,,1.0,1.5301475988159179,358,58,58,19
outputs/suites/action_resampled_v2/runs/custom_mujoco_action_resampled_v2/custom_mujoco_action_resampled_v2_hopper__inr_transformer_history_conditioned__new_policy__s0,custom_mujoco_action_resampled_v2_hopper,inr_transformer_history_conditioned,new_policy,0,0.6666666666666666,1.0,1.805114984512329,0.3081305921077728,0.2922107410662976,0.0012709685834124684,0.5550951198738581,,,1.0,1.054480718208313,358,117,117,0
outputs/suites/action_resampled_v2/runs/custom_mujoco_action_resampled_v2/custom_mujoco_action_resampled_v2_humanoid__inr_transformer_fitted_latent__single_shift__s0,custom_mujoco_action_resampled_v2_humanoid,inr_transformer_fitted_latent,single_shift,0,1.0,1.0,nan,0.6013261675834656,0.5409998710601319,0.4765129089355469,0.7754522342372002,,,1.0,1.1115088926086425,358,58,58,19
outputs/suites/action_resampled_v2/runs/custom_mujoco_action_resampled_v2/custom_mujoco_action_resampled_v2_hopper__inr_transformer_history_conditioned__conflation__s1,custom_mujoco_action_resampled_v2_hopper,inr_transformer_history_conditioned,conflation,1,1.0,1.0,nan,0.0018417051760479808,0.0018227610927520463,0.0007390910177491605,0.042915092637066284,,,1.0,1.0103930698165893,269,58,58,19
outputs/suites/action_resampled_v2/runs/custom_mujoco_action_resampled_v2/custom_mujoco_action_resampled_v2_hopper__inr_diffusion_history_conditioned__specialization__s0,custom_mujoco_action_resampled_v2_hopper,inr_diffusion_history_conditioned,specialization,0,1.0,1.0,nan,0.7032715082168579,0.6992424540818623,0.5216211676597595,0.8386128476340307,,,1.0,1.0057620273361205,358,38,38,38
outputs/suites/action_resampled_v2/runs/custom_mujoco_action_resampled_v2/custom_mujoco_action_resampled_v2_humanoid__inr_diffusion_history_conditioned__single_shift__s0,custom_mujoco_action_resampled_v2_humanoid,inr_diffusion_history_conditioned,single_shift,0,1.0,1.0,nan,0.2886626720428467,0.259703430141142,0.08197043836116791,0.5372733680751789,,,1.0,1.1115088926086425,358,58,58,19
outputs/suites/action_resampled_v2/runs/custom_mujoco_action_resampled_v2/custom_mujoco_action_resampled_v2_halfcheetah__inr_transformer_history_conditioned__specialization__s1,custom_mujoco_action_resampled_v2_halfcheetah,inr_transformer_history_conditioned,specialization,1,1.0,1.0,nan,0.4156431555747986,0.44783704394300944,0.2744128704071045,0.6447039286174691,,,1.0,0.9281124935874939,358,38,38,38
outputs/suites/action_resampled_v2/runs/custom_mujoco_action_resampled_v2/custom_mujoco_action_resampled_v2_humanoid__inr_diffusion_history_conditioned__conflation__s1,custom_mujoco_action_resampled_v2_humanoid,inr_diffusion_history_conditioned,conflation,1,1.0,1.0,nan,0.19621196389198303,0.19732617404502162,0.07677382230758667,0.4429581965513033,,,1.0,0.9943534599075318,269,58,58,19
outputs/suites/action_resampled_v2/runs/custom_mujoco_action_resampled_v2/custom_mujoco_action_resampled_v2_hopper__inr_transformer_fitted_latent__generalization__s0,custom_mujoco_action_resampled_v2_hopper,inr_transformer_fitted_latent,generalization,0,0.9871794871794872,0.9871794871794872,nan,0.5222081542015076,0.5035511366474956,0.30968114733695984,0.722639712582631,,,1.0,1.037050889564514,180,78,78,0
outputs/suites/action_resampled_v2/runs/custom_mujoco_action_resampled_v2/custom_mujoco_action_resampled_v2_ant__inr_transformer_fitted_latent__specialization__s1,custom_mujoco_action_resampled_v2_ant,inr_transformer_fitted_latent,specialization,1,1.0,1.0,nan,1.7526479959487915,0.7509478716619228,1.3785675764083862,1.323876125605712,,,1.0,2.333914326263428,358,38,38,38
outputs/suites/action_resampled_v2/runs/custom_mujoco_action_resampled_v2/custom_mujoco_action_resampled_v2_humanoid__inr_diffusion_history_conditioned__single_shift__s1,custom_mujoco_action_resampled_v2_humanoid,inr_diffusion_history_conditioned,single_shift,1,1.0,1.0,nan,0.30666545033454895,0.2752730041395032,0.10960453003644943,0.5537738259746021,,,1.0,1.1140411363372802,358,58,58,19
outputs/suites/action_resampled_v2/runs/custom_mujoco_action_resampled_v2/custom_mujoco_action_resampled_v2_walker2d__inr_transformer_fitted_latent__single_shift__s0,custom_mujoco_action_resampled_v2_walker2d,inr_transformer_fitted_latent,single_shift,0,1.0,1.0,nan,0.4895372986793518,0.4767300905841704,0.31569918990135193,0.699669420997768,,,1.0,1.026864694190979,358,58,58,19
outputs/suites/action_resampled_v2/runs/custom_mujoco_action_resampled_v2/custom_mujoco_action_resampled_v2_ant__inr_diffusion_history_conditioned__no_shift__s1,custom_mujoco_action_resampled_v2_ant,inr_diffusion_history_conditioned,no_shift,1,1.0,1.0,nan,0.17015273869037628,0.17054754576550155,0.062063440680503845,0.41249574384516535,,,1.0,0.9976850615272522,358,78,78,0
outputs/suites/action_resampled_v2/runs/custom_mujoco_action_resampled_v2/custom_mujoco_action_resampled_v2_humanoid__inr_transformer_history_conditioned__no_shift__s1,custom_mujoco_action_resampled_v2_humanoid,inr_transformer_history_conditioned,no_shift,1,1.0,1.0,nan,0.00020490885071922094,0.00020512500402169187,9.358736133435741e-05,0.014314637638418268,,,1.0,0.9989462362060547,358,78,78,0
outputs/suites/action_resampled_v2/runs/custom_mujoco_action_resampled_v2/custom_mujoco_action_resampled_v2_ant__cvae__new_policy__s0,custom_mujoco_action_resampled_v2_ant,cvae,new_policy,0,0.6666666666666666,1.0,1.8634448051452637,0.6241374015808105,0.5299829499125344,0.010556647554039955,0.7900236715319425,,,1.0,1.1776556239852904,358,117,117,0
outputs/suites/action_resampled_v2/runs/custom_mujoco_action_resampled_v2/custom_mujoco_action_resampled_v2_hopper__inr_transformer_fitted_latent__no_shift__s0,custom_mujoco_action_resampled_v2_hopper,inr_transformer_fitted_latent,no_shift,0,1.0,1.0,nan,0.1458946019411087,0.1463571797860487,0.10832834988832474,0.38196151892711483,,,1.0,0.996839390827179,358,78,78,0
outputs/suites/action_resampled_v2/runs/custom_mujoco_action_resampled_v2/custom_mujoco_action_resampled_v2_ant__inr_diffusion_history_conditioned__generalization__s0,custom_mujoco_action_resampled_v2_ant,inr_diffusion_history_conditioned,generalization,0,0.5769230769230769,0.5769230769230769,nan,0.5264700055122375,1.1330129822970085,0.4354606568813324,0.7255825283951078,,,1.0,0.4646637008914947,180,78,78,0
outputs/suites/action_resampled_v2/runs/custom_mujoco_action_resampled_v2/custom_mujoco_action_resampled_v2_halfcheetah__inr_diffusion_history_conditioned__single_shift__s1,custom_mujoco_action_resampled_v2_halfcheetah,inr_diffusion_history_conditioned,single_shift,1,1.0,1.0,nan,0.48082539439201355,0.4737974903525622,0.2670608162879944,0.6934157442631467,,,1.0,1.0148331390151977,358,58,58,19
outputs/suites/action_resampled_v2/runs/custom_mujoco_action_resampled_v2/custom_mujoco_action_resampled_v2_walker2d__inr_transformer_history_conditioned__single_shift__s1,custom_mujoco_action_resampled_v2_walker2d,inr_transformer_history_conditioned,single_shift,1,1.0,1.0,nan,0.21462459862232208,0.2095340645108542,0.0011851013405248523,0.4632759422011055,,,1.0,1.024294541908264,358,58,58,19
outputs/suites/action_resampled_v2/runs/custom_mujoco_action_resampled_v2/custom_mujoco_action_resampled_v2_ant__cvae__no_shift__s0,custom_mujoco_action_resampled_v2_ant,cvae,no_shift,0,1.0,1.0,nan,0.01281555276364088,0.012731624853461033,0.005972699727863073,0.11320579827747729,,,1.0,1.0065920816192626,358,78,78,0
outputs/suites/action_resampled_v2/runs/custom_mujoco_action_resampled_v2/custom_mujoco_action_resampled_v2_ant__inr_diffusion_history_conditioned__specialization__s1,custom_mujoco_action_resampled_v2_ant,inr_diffusion_history_conditioned,specialization,1,0.9736842105263158,0.9736842105263158,nan,1.6833418607711792,0.7212526363237127,1.3128135204315186,1.2974366500030663,,,1.0,2.333914326263428,358,38,38,38
outputs/suites/action_resampled_v2/runs/custom_mujoco_action_resampled_v2/custom_mujoco_action_resampled_v2_halfcheetah__inr_diffusion_history_conditioned__novel_generalization__s0,custom_mujoco_action_resampled_v2_halfcheetah,inr_diffusion_history_conditioned,novel_generalization,0,0.6666666666666666,1.0,1.3635283708572388,1.3924146890640259,1.1664746626656377,1.0960257053375244,1.1800062241632567,,,1.0,1.1936947570571899,180,117,117,0
outputs/suites/action_resampled_v2/runs/custom_mujoco_action_resampled_v2/custom_mujoco_action_resampled_v2_ant__inr_diffusion_history_conditioned__single_shift__s0,custom_mujoco_action_resampled_v2_ant,inr_diffusion_history_conditioned,single_shift,0,0.9310344827586207,0.9310344827586207,nan,0.8183453679084778,0.5268612190648042,0.2084173709154129,0.9046244347288425,,,1.0,1.5532465444335937,358,58,58,19
outputs/suites/action_resampled_v2/runs/custom_mujoco_action_resampled_v2/custom_mujoco_action_resampled_v2_humanoid__cvae__novel_generalization__s0,custom_mujoco_action_resampled_v2_humanoid,cvae,novel_generalization,0,0.6666666666666666,1.0,0.4629707932472229,0.5937586426734924,0.7165243364112618,0.481472909450531,0.7705573584578195,,,1.0,0.8286650048027039,180,117,117,0
outputs/suites/action_resampled_v2/runs/custom_mujoco_action_resampled_v2/custom_mujoco_action_resampled_v2_walker2d__inr_transformer_history_conditioned__no_shift__s1,custom_mujoco_action_resampled_v2_walker2d,inr_transformer_history_conditioned,no_shift,1,1.0,1.0,nan,0.002117729280143976,0.0020925389654310343,0.0006227862904779613,0.046018792684554166,,,1.0,1.01203815801239,358,78,78,0
outputs/suites/action_resampled_v2/runs/custom_mujoco_action_resampled_v2/custom_mujoco_action_resampled_v2_humanoid__inr_transformer_history_conditioned__single_shift__s0,custom_mujoco_action_resampled_v2_humanoid,inr_transformer_history_conditioned,single_shift,0,1.0,1.0,nan,0.19828788936138153,0.17839523433412408,0.00024041566939558834,0.44529528333610446,,,1.0,1.1115088926086425,358,58,58,19
outputs/suites/action_resampled_v2/runs/custom_mujoco_action_resampled_v2/custom_mujoco_action_resampled_v2_humanoid__inr_transformer_history_conditioned__single_shift__s1,custom_mujoco_action_resampled_v2_humanoid,inr_transformer_history_conditioned,single_shift,1,1.0,1.0,nan,0.19896352291107178,0.17859620836374107,0.00015654329035896808,0.4460532736244313,,,1.0,1.1140411363372802,358,58,58,19
outputs/suites/action_resampled_v2/runs/custom_mujoco_action_resampled_v2/custom_mujoco_action_resampled_v2_hopper__inr_transformer_history_conditioned__no_shift__s1,custom_mujoco_action_resampled_v2_hopper,inr_transformer_history_conditioned,no_shift,1,1.0,1.0,nan,0.004545802250504494,0.004498883610123373,0.0008340163039974868,0.06742256484667795,,,1.0,1.010428951812744,358,78,78,0
outputs/suites/action_resampled_v2/runs/custom_mujoco_action_resampled_v2/custom_mujoco_action_resampled_v2_ant__inr_transformer_fitted_latent__generalization__s1,custom_mujoco_action_resampled_v2_ant,inr_transformer_fitted_latent,generalization,1,1.0,1.0,nan,0.4279794991016388,0.926918508409055,0.3664295971393585,0.65420142089546,,,1.0,0.4617228971252441,180,78,78,0
outputs/suites/action_resampled_v2/runs/custom_mujoco_action_resampled_v2/custom_mujoco_action_resampled_v2_ant__cvae__generalization__s0,custom_mujoco_action_resampled_v2_ant,cvae,generalization,0,0.8205128205128205,0.8205128205128205,nan,0.41938135027885437,0.9025481213063071,0.33478420972824097,0.6475965953267933,,,1.0,0.4646637008914947,180,78,78,0
outputs/suites/action_resampled_v2/runs/custom_mujoco_action_resampled_v2/custom_mujoco_action_resampled_v2_halfcheetah__inr_diffusion_history_conditioned__single_shift__s0,custom_mujoco_action_resampled_v2_halfcheetah,inr_diffusion_history_conditioned,single_shift,0,1.0,1.0,nan,0.4639531075954437,0.4580052372785627,0.25279995799064636,0.6811410335572536,,,1.0,1.0129864679107665,358,58,58,19
outputs/suites/action_resampled_v2/runs/custom_mujoco_action_resampled_v2/custom_mujoco_action_resampled_v2_halfcheetah__inr_diffusion_history_conditioned__new_policy__s1,custom_mujoco_action_resampled_v2_halfcheetah,inr_diffusion_history_conditioned,new_policy,1,0.6666666666666666,1.0,0.0937078595161438,0.4318116009235382,0.4155380652958921,0.19537894427776337,0.6571237333436818,,,1.0,1.0391625629196166,358,117,117,0
outputs/suites/action_resampled_v2/runs/custom_mujoco_action_resampled_v2/custom_mujoco_action_resampled_v2_humanoid__inr_transformer_history_conditioned__novel_generalization__s1,custom_mujoco_action_resampled_v2_humanoid,inr_transformer_history_conditioned,novel_generalization,1,0.6666666666666666,1.0,0.2056397646665573,0.5971672534942627,0.7220741541096342,0.5046484470367432,0.772765975890672,,,1.0,0.8270165191421509,180,117,117,0
outputs/suites/action_resampled_v2/runs/custom_mujoco_action_resampled_v2/custom_mujoco_action_resampled_v2_walker2d__inr_transformer_history_conditioned__generalization__s0,custom_mujoco_action_resampled_v2_walker2d,inr_transformer_history_conditioned,generalization,0,0.7435897435897436,0.7435897435897436,nan,0.7828006148338318,0.8334176395110601,0.558838427066803,0.8847602018817482,,,1.0,0.939265714717865,180,78,78,0
outputs/suites/action_resampled_v2/runs/custom_mujoco_action_resampled_v2/custom_mujoco_action_resampled_v2_walker2d__cvae__specialization__s0,custom_mujoco_action_resampled_v2_walker2d,cvae,specialization,0,1.0,1.0,nan,0.8731210827827454,0.7452485756336762,0.5986440181732178,0.9344094834614776,,,1.0,1.1715836988220214,358,38,38,38
outputs/suites/action_resampled_v2/runs/custom_mujoco_action_resampled_v2/custom_mujoco_action_resampled_v2_humanoid__cvae__conflation__s0,custom_mujoco_action_resampled_v2_humanoid,cvae,conflation,0,1.0,1.0,nan,0.008041750639677048,0.008094836694641592,0.005380584392696619,0.0896758085532383,,,1.0,0.9934419856796265,269,58,58,19
outputs/suites/action_resampled_v2/runs/custom_mujoco_action_resampled_v2/custom_mujoco_action_resampled_v2_hopper__cvae__specialization__s0,custom_mujoco_action_resampled_v2_hopper,cvae,specialization,0,1.0,1.0,nan,0.7089855074882507,0.7049237177566572,0.40247049927711487,0.8420127715707468,,,1.0,1.0057620273361205,358,38,38,38
outputs/suites/action_resampled_v2/runs/custom_mujoco_action_resampled_v2/custom_mujoco_action_resampled_v2_humanoid__inr_transformer_history_conditioned__conflation__s0,custom_mujoco_action_resampled_v2_humanoid,inr_transformer_history_conditioned,conflation,0,1.0,1.0,nan,0.0002866977301891893,0.0002885903095720841,0.0001871896965894848,0.01693215078450429,,,1.0,0.9934419856796265,269,58,58,19
outputs/suites/action_resampled_v2/runs/custom_mujoco_action_resampled_v2/custom_mujoco_action_resampled_v2_hopper__cvae__specialization__s1,custom_mujoco_action_resampled_v2_hopper,cvae,specialization,1,1.0,1.0,nan,0.839697003364563,0.841455738209422,0.4443490207195282,0.9163498258659534,,,1.0,0.997909890247345,358,38,38,38
outputs/suites/action_resampled_v2/runs/custom_mujoco_action_resampled_v2/custom_mujoco_action_resampled_v2_halfcheetah__inr_transformer_fitted_latent__specialization__s0,custom_mujoco_action_resampled_v2_halfcheetah,inr_transformer_fitted_latent,specialization,0,1.0,1.0,nan,0.719680666923523,0.7693346585241894,0.724606454372406,0.848339947735295,,,1.0,0.9354585276374817,358,38,38,38
outputs/suites/action_resampled_v2/runs/custom_mujoco_action_resampled_v2/custom_mujoco_action_resampled_v2_walker2d__inr_transformer_history_conditioned__specialization__s0,custom_mujoco_action_resampled_v2_walker2d,inr_transformer_history_conditioned,specialization,0,1.0,1.0,nan,0.7633335590362549,0.6515399282217352,0.6129589080810547,0.8736896239719543,,,1.0,1.1715836988220214,358,38,38,38
outputs/suites/action_resampled_v2/runs/custom_mujoco_action_resampled_v2/custom_mujoco_action_resampled_v2_ant__inr_transformer_history_conditioned__specialization__s1,custom_mujoco_action_resampled_v2_ant,inr_transformer_history_conditioned,specialization,1,1.0,1.0,nan,1.7155678272247314,0.735060326730732,1.3310678005218506,1.3097968648705536,,,1.0,2.333914326263428,358,38,38,38
outputs/suites/action_resampled_v2/runs/custom_mujoco_action_resampled_v2/custom_mujoco_action_resampled_v2_ant__inr_transformer_history_conditioned__conflation__s0,custom_mujoco_action_resampled_v2_ant,inr_transformer_history_conditioned,conflation,0,1.0,1.0,nan,0.0008354521705769002,0.000835550193331551,0.0002116319228662178,0.028904189498702437,,,1.0,0.9998826847801209,269,58,58,19
outputs/suites/action_resampled_v2/runs/custom_mujoco_action_resampled_v2/custom_mujoco_action_resampled_v2_ant__cvae__novel_generalization__s0,custom_mujoco_action_resampled_v2_ant,cvae,novel_generalization,0,0.5470085470085471,0.8205128205128205,1.9946343898773193,0.6469601988792419,1.1975443675301645,0.5019885897636414,0.804338360939749,,,1.0,0.5402390228042603,180,117,117,0
outputs/suites/action_resampled_v2/runs/custom_mujoco_action_resampled_v2/custom_mujoco_action_resampled_v2_halfcheetah__cvae__generalization__s1,custom_mujoco_action_resampled_v2_halfcheetah,cvae,generalization,1,0.8717948717948718,0.8717948717948718,nan,0.6085959076881409,0.5292763135635752,0.44766759872436523,0.7801255717435116,,,1.0,1.1498642431030273,180,78,78,0
outputs/suites/action_resampled_v2/runs/custom_mujoco_action_resampled_v2/custom_mujoco_action_resampled_v2_ant__cvae__single_shift__s1,custom_mujoco_action_resampled_v2_ant,cvae,single_shift,1,0.8103448275862069,0.8103448275862069,nan,0.66202312707901,0.43265311633420644,0.010355764999985695,0.8136480363640104,,,1.0,1.5301475988159179,358,58,58,19
outputs/suites/action_resampled_v2/runs/custom_mujoco_action_resampled_v2/custom_mujoco_action_resampled_v2_walker2d__inr_diffusion_history_conditioned__no_shift__s1,custom_mujoco_action_resampled_v2_walker2d,inr_diffusion_history_conditioned,no_shift,1,1.0,1.0,nan,0.18672329187393188,0.18450222493650867,0.07566443085670471,0.432114905868719,,,1.0,1.01203815801239,358,78,78,0
outputs/suites/action_resampled_v2/runs/custom_mujoco_action_resampled_v2/custom_mujoco_action_resampled_v2_humanoid__inr_transformer_fitted_latent__generalization__s0,custom_mujoco_action_resampled_v2_humanoid,inr_transformer_fitted_latent,generalization,0,1.0,1.0,nan,0.5307637453079224,0.6627056083317908,0.49574100971221924,0.7285353425249337,,,1.0,0.8009042607078553,180,78,78,0
outputs/suites/action_resampled_v2/runs/custom_mujoco_action_resampled_v2/custom_mujoco_action_resampled_v2_halfcheetah__inr_diffusion_history_conditioned__generalization__s0,custom_mujoco_action_resampled_v2_halfcheetah,inr_diffusion_history_conditioned,generalization,0,1.0,1.0,nan,1.2926284074783325,1.121694062342223,0.9596803188323975,1.1369381722320402,,,1.0,1.1523894534835815,180,78,78,0
outputs/suites/action_resampled_v2/runs/custom_mujoco_action_resampled_v2/custom_mujoco_action_resampled_v2_hopper__inr_diffusion_history_conditioned__novel_generalization__s1,custom_mujoco_action_resampled_v2_hopper,inr_diffusion_history_conditioned,novel_generalization,1,0.5299145299145299,0.7948717948717948,2.4132449626922607,0.9786938428878784,0.8942939447638664,0.720729649066925,0.9892895647321256,,,1.0,1.0943760143051147,180,117,117,0
outputs/suites/action_resampled_v2/runs/custom_mujoco_action_resampled_v2/custom_mujoco_action_resampled_v2_halfcheetah__inr_diffusion_history_conditioned__specialization__s0,custom_mujoco_action_resampled_v2_halfcheetah,inr_diffusion_history_conditioned,specialization,0,1.0,1.0,nan,0.5397428274154663,0.5769821017919384,0.3779613971710205,0.7346719182161969,,,1.0,0.9354585276374817,358,38,38,38
outputs/suites/action_resampled_v2/runs/custom_mujoco_action_resampled_v2/custom_mujoco_action_resampled_v2_walker2d__cvae__conflation__s1,custom_mujoco_action_resampled_v2_walker2d,cvae,conflation,1,1.0,1.0,nan,0.010868259705603123,0.010858321995128704,0.005893096327781677,0.10425094582594022,,,1.0,1.0009152160415649,269,58,58,19
outputs/suites/action_resampled_v2/runs/custom_mujoco_action_resampled_v2/custom_mujoco_action_resampled_v2_halfcheetah__cvae__novel_generalization__s1,custom_mujoco_action_resampled_v2_halfcheetah,cvae,novel_generalization,1,0.5811965811965812,0.8717948717948718,1.3663156032562256,0.6993933320045471,0.5878108792954759,0.5110188126564026,0.8362973944743264,,,1.0,1.1898271308670043,180,117,117,0
outputs/suites/action_resampled_v2/runs/custom_mujoco_action_resampled_v2/custom_mujoco_action_resampled_v2_humanoid__inr_transformer_history_conditioned__specialization__s1,custom_mujoco_action_resampled_v2_humanoid,inr_transformer_history_conditioned,specialization,1,1.0,1.0,nan,0.5718213319778442,0.42001354372656874,0.38096293807029724,0.7561886880784744,,,1.0,1.3614354596862792,358,38,38,38
outputs/suites/action_resampled_v2/runs/custom_mujoco_action_resampled_v2/custom_mujoco_action_resampled_v2_ant__inr_transformer_history_conditioned__no_shift__s1,custom_mujoco_action_resampled_v2_ant,inr_transformer_history_conditioned,no_shift,1,1.0,1.0,nan,0.0025294998195022345,0.0025353690428421235,0.0004259513516444713,0.05029413305249664,,,1.0,0.9976850615272522,358,78,78,0
outputs/suites/action_resampled_v2/runs/custom_mujoco_action_resampled_v2/custom_mujoco_action_resampled_v2_ant__inr_transformer_history_conditioned__generalization__s0,custom_mujoco_action_resampled_v2_ant,inr_transformer_history_conditioned,generalization,0,0.7307692307692307,0.7307692307692307,nan,0.4696730375289917,1.0107805637235836,0.3971156179904938,0.6853269566630162,,,1.0,0.4646637008914947,180,78,78,0
outputs/suites/action_resampled_v2/runs/custom_mujoco_action_resampled_v2/custom_mujoco_action_resampled_v2_hopper__inr_transformer_history_conditioned__specialization__s0,custom_mujoco_action_resampled_v2_hopper,inr_transformer_history_conditioned,specialization,0,1.0,1.0,nan,0.5222506523132324,0.5192586696641103,0.3384903371334076,0.7226691167562319,,,1.0,1.0057620273361205,358,38,38,38
outputs/suites/action_resampled_v2/runs/custom_mujoco_action_resampled_v2/custom_mujoco_action_resampled_v2_halfcheetah__inr_transformer_history_conditioned__new_policy__s0,custom_mujoco_action_resampled_v2_halfcheetah,inr_transformer_history_conditioned,new_policy,0,0.6666666666666666,1.0,0.1285575032234192,0.10624866932630539,0.10256840333744913,0.0005205617635510862,0.32595807909347085,,,1.0,1.0358810888061523,358,117,117,0
outputs/suites/action_resampled_v2/runs/custom_mujoco_action_resampled_v2/custom_mujoco_action_resampled_v2_walker2d__cvae__novel_generalization__s0,custom_mujoco_action_resampled_v2_walker2d,cvae,novel_generalization,0,0.6495726495726496,0.9743589743589743,1.84394371509552,0.7579800486564636,0.7719566798868991,0.5861700177192688,0.8706204963452582,,,1.0,0.981894539428711,180,117,117,0
outputs/suites/action_resampled_v2/runs/custom_mujoco_action_resampled_v2/custom_mujoco_action_resampled_v2_halfcheetah__cvae__novel_generalization__s0,custom_mujoco_action_resampled_v2_halfcheetah,cvae,novel_generalization,0,0.6666666666666666,1.0,1.2035913467407227,0.7540962100028992,0.6317328659983136,0.5149511694908142,0.8683871314125395,,,1.0,1.1936947570571899,180,117,117,0
outputs/suites/action_resampled_v2/runs/custom_mujoco_action_resampled_v2/custom_mujoco_action_resampled_v2_ant__inr_transformer_fitted_latent__new_policy__s1,custom_mujoco_action_resampled_v2_ant,inr_transformer_fitted_latent,new_policy,1,0.6666666666666666,1.0,0.25893735885620117,0.7934289574623108,0.6762010295386035,0.3123440444469452,0.8907462924213105,,,1.0,1.1733625398406982,358,117,117,0
outputs/suites/action_resampled_v2/runs/custom_mujoco_action_resampled_v2/custom_mujoco_action_resampled_v2_ant__inr_diffusion_history_conditioned__conflation__s0,custom_mujoco_action_resampled_v2_ant,inr_diffusion_history_conditioned,conflation,0,1.0,1.0,nan,0.32345297932624817,0.323490929735799,0.1284620314836502,0.5687292671616682,,,1.0,0.9998826847801209,269,58,58,19
outputs/suites/action_resampled_v2/runs/custom_mujoco_action_resampled_v2/custom_mujoco_action_resampled_v2_ant__inr_transformer_fitted_latent__specialization__s0,custom_mujoco_action_resampled_v2_ant,inr_transformer_fitted_latent,specialization,0,1.0,1.0,nan,1.8475010395050049,0.7799040550040064,1.4969652891159058,1.3592281042948622,,,1.0,2.3688824640045167,358,38,38,38
outputs/suites/action_resampled_v2/runs/custom_mujoco_action_resampled_v2/custom_mujoco_action_resampled_v2_walker2d__inr_transformer_fitted_latent__generalization__s1,custom_mujoco_action_resampled_v2_walker2d,inr_transformer_fitted_latent,generalization,1,1.0,1.0,nan,0.655742347240448,0.6977002279790125,0.4639229476451874,0.8097791965964846,,,1.0,0.9398625956306458,180,78,78,0
outputs/suites/action_resampled_v2/runs/custom_mujoco_action_resampled_v2/custom_mujoco_action_resampled_v2_hopper__inr_diffusion_history_conditioned__specialization__s1,custom_mujoco_action_resampled_v2_hopper,inr_diffusion_history_conditioned,specialization,1,1.0,1.0,nan,0.7103940844535828,0.71188199595607,0.5123377442359924,0.8428487909783005,,,1.0,0.997909890247345,358,38,38,38
outputs/suites/action_resampled_v2/runs/custom_mujoco_action_resampled_v2/custom_mujoco_action_resampled_v2_walker2d__cvae__new_policy__s1,custom_mujoco_action_resampled_v2_walker2d,cvae,new_policy,1,0.6666666666666666,1.0,0.593041718006134,0.25200581550598145,0.23785681652743404,0.007891089655458927,0.502001808269633,,,1.0,1.0594853626022338,358,117,117,0
outputs/suites/action_resampled_v2/runs/custom_mujoco_action_resampled_v2/custom_mujoco_action_resampled_v2_halfcheetah__cvae__new_policy__s0,custom_mujoco_action_resampled_v2_halfcheetah,cvae,new_policy,0,0.6666666666666666,1.0,0.2116679847240448,0.11095550656318665,0.10711220405718798,0.00826624408364296,0.333099844736059,,,1.0,1.0358810888061523,358,117,117,0
outputs/suites/action_resampled_v2/runs/custom_mujoco_action_resampled_v2/custom_mujoco_action_resampled_v2_ant__inr_transformer_fitted_latent__single_shift__s1,custom_mujoco_action_resampled_v2_ant,inr_transformer_fitted_latent,single_shift,1,1.0,1.0,nan,0.7988817095756531,0.5220945418558679,0.32672417163848877,0.8938018290290377,,,1.0,1.5301475988159179,358,58,58,19
outputs/suites/action_resampled_v2/runs/custom_mujoco_action_resampled_v2/custom_mujoco_action_resampled_v2_hopper__inr_diffusion_history_conditioned__generalization__s1,custom_mujoco_action_resampled_v2_hopper,inr_diffusion_history_conditioned,generalization,1,0.7948717948717948,0.7948717948717948,nan,0.8287485837936401,0.7919571202571893,0.5528896450996399,0.9103562949711723,,,1.0,1.0464563833007812,180,78,78,0
outputs/suites/action_resampled_v2/runs/custom_mujoco_action_resampled_v2/custom_mujoco_action_resampled_v2_ant__inr_diffusion_history_conditioned__conflation__s1,custom_mujoco_action_resampled_v2_ant,inr_diffusion_history_conditioned,conflation,1,1.0,1.0,nan,0.3111496567726135,0.3159673046283437,0.11769916862249374,0.5578079031105723,,,1.0,0.9847527013549805,269,58,58,19
outputs/suites/action_resampled_v2/runs/custom_mujoco_action_resampled_v2/custom_mujoco_action_resampled_v2_hopper__inr_transformer_history_conditioned__generalization__s0,custom_mujoco_action_resampled_v2_hopper,inr_transformer_history_conditioned,generalization,0,0.7051282051282052,0.7051282051282052,nan,0.5444756150245667,0.525023044195263,0.3379427492618561,0.7378859092194177,,,1.0,1.037050889564514,180,78,78,0
outputs/suites/action_resampled_v2/runs/custom_mujoco_action_resampled_v2/custom_mujoco_action_resampled_v2_walker2d__inr_transformer_fitted_latent__new_policy__s1,custom_mujoco_action_resampled_v2_walker2d,inr_transformer_fitted_latent,new_policy,1,0.6666666666666666,1.0,0.24734047055244446,0.4082546830177307,0.3853330092404525,0.29471132159233093,0.6389481066704328,,,1.0,1.0594853626022338,358,117,117,0
outputs/suites/action_resampled_v2/runs/custom_mujoco_action_resampled_v2/custom_mujoco_action_resampled_v2_hopper__cvae__conflation__s1,custom_mujoco_action_resampled_v2_hopper,cvae,conflation,1,1.0,1.0,nan,0.013947739265859127,0.013804270518592312,0.006835354026407003,0.1181005472716326,,,1.0,1.0103930698165893,269,58,58,19
outputs/suites/action_resampled_v2/runs/custom_mujoco_action_resampled_v2/custom_mujoco_action_resampled_v2_ant__inr_diffusion_history_conditioned__no_shift__s0,custom_mujoco_action_resampled_v2_ant,inr_diffusion_history_conditioned,no_shift,0,1.0,1.0,nan,0.18144509196281433,0.18025682426483147,0.07000914961099625,0.4259637214162896,,,1.0,1.0065920816192626,358,78,78,0
outputs/suites/action_resampled_v2/runs/custom_mujoco_action_resampled_v2/custom_mujoco_action_resampled_v2_halfcheetah__inr_diffusion_history_conditioned__no_shift__s0,custom_mujoco_action_resampled_v2_halfcheetah,inr_diffusion_history_conditioned,no_shift,0,1.0,1.0,nan,0.3282219469547272,0.32811941164877895,0.11965645104646683,0.5729065778595382,,,1.0,1.000312493873596,358,78,78,0
outputs/suites/action_resampled_v2/runs/custom_mujoco_action_resampled_v2/custom_mujoco_action_resampled_v2_humanoid__inr_diffusion_history_conditioned__generalization__s0,custom_mujoco_action_resampled_v2_humanoid,inr_diffusion_history_conditioned,generalization,0,1.0,1.0,nan,0.4762952923774719,0.5946969141561472,0.4038476347923279,0.6901415017063326,,,1.0,0.8009042607078553,180,78,78,0
outputs/suites/action_resampled_v2/runs/custom_mujoco_action_resampled_v2/custom_mujoco_action_resampled_v2_halfcheetah__inr_transformer_fitted_latent__single_shift__s0,custom_mujoco_action_resampled_v2_halfcheetah,inr_transformer_fitted_latent,single_shift,0,1.0,1.0,nan,0.3915189206600189,0.3864996552890849,0.2750703990459442,0.6257147278592848,,,1.0,1.0129864679107665,358,58,58,19
outputs/suites/action_resampled_v2/runs/custom_mujoco_action_resampled_v2/custom_mujoco_action_resampled_v2_hopper__inr_diffusion_history_conditioned__no_shift__s1,custom_mujoco_action_resampled_v2_hopper,inr_diffusion_history_conditioned,no_shift,1,1.0,1.0,nan,0.19551539421081543,0.1934974189526677,0.0549699030816555,0.44217122725344243,,,1.0,1.010428951812744,358,78,78,0
outputs/suites/action_resampled_v2/runs/custom_mujoco_action_resampled_v2/custom_mujoco_action_resampled_v2_hopper__inr_transformer_fitted_latent__generalization__s1,custom_mujoco_action_resampled_v2_hopper,inr_transformer_fitted_latent,generalization,1,1.0,1.0,nan,0.5662124752998352,0.5410760394177745,0.3916947543621063,0.7524709132583367,,,1.0,1.0464563833007812,180,78,78,0
outputs/suites/action_resampled_v2/runs/custom_mujoco_action_resampled_v2/custom_mujoco_action_resampled_v2_walker2d__inr_diffusion_history_conditioned__novel_generalization__s1,custom_mujoco_action_resampled_v2_walker2d,inr_diffusion_history_conditioned,novel_generalization,1,0.6581196581196581,0.9871794871794872,5.062296390533447,1.0646913051605225,1.0868276743711975,0.850085437297821,1.0318387980496384,,,1.0,0.9796321259269715,180,117,117,0
outputs/suites/action_resampled_v2/runs/custom_mujoco_action_resampled_v2/custom_mujoco_action_resampled_v2_hopper__inr_transformer_fitted_latent__novel_generalization__s1,custom_mujoco_action_resampled_v2_hopper,inr_transformer_fitted_latent,novel_generalization,1,0.6666666666666666,1.0,0.2371959686279297,0.7668815851211548,0.7007478006616347,0.5239636301994324,0.875717754257132,,,1.0,1.0943760143051147,180,117,117,0
outputs/suites/action_resampled_v2/runs/custom_mujoco_action_resampled_v2/custom_mujoco_action_resampled_v2_humanoid__inr_transformer_fitted_latent__no_shift__s0,custom_mujoco_action_resampled_v2_humanoid,inr_transformer_fitted_latent,no_shift,0,1.0,1.0,nan,0.3812723159790039,0.3826953949249741,0.36074545979499817,0.6174725224485733,,,1.0,0.9962814317474366,358,78,78,0
outputs/suites/action_resampled_v2/runs/custom_mujoco_action_resampled_v2/custom_mujoco_action_resampled_v2_ant__cvae__new_policy__s1,custom_mujoco_action_resampled_v2_ant,cvae,new_policy,1,0.6666666666666666,1.0,2.155076265335083,0.6359155774116516,0.541960013056141,0.010396688245236874,0.7974431499559399,,,1.0,1.1733625398406982,358,117,117,0
outputs/suites/action_resampled_v2/runs/custom_mujoco_action_resampled_v2/custom_mujoco_action_resampled_v2_humanoid__inr_diffusion_history_conditioned__generalization__s1,custom_mujoco_action_resampled_v2_humanoid,inr_diffusion_history_conditioned,generalization,1,1.0,1.0,nan,0.4564501941204071,0.5699717838795311,0.38160210847854614,0.6756109783894924,,,1.0,0.8008294568786621,180,78,78,0
outputs/suites/action_resampled_v2/runs/custom_mujoco_action_resampled_v2/custom_mujoco_action_resampled_v2_hopper__inr_diffusion_history_conditioned__single_shift__s0,custom_mujoco_action_resampled_v2_hopper,inr_diffusion_history_conditioned,single_shift,0,1.0,1.0,nan,0.38336583971977234,0.3881899868120489,0.14254061877727509,0.6191654380856318,,,1.0,0.9875727163085938,358,58,58,19
outputs/suites/action_resampled_v2/runs/custom_mujoco_action_resampled_v2/custom_mujoco_action_resampled_v2_humanoid__inr_diffusion_history_conditioned__no_shift__s0,custom_mujoco_action_resampled_v2_humanoid,inr_diffusion_history_conditioned,no_shift,0,1.0,1.0,nan,0.09655681997537613,0.0969172132476859,0.057911138981580734,0.3107359328680482,,,1.0,0.9962814317474366,358,78,78,0
outputs/suites/action_resampled_v2/runs/custom_mujoco_action_resampled_v2/custom_mujoco_action_resampled_v2_walker2d__inr_transformer_fitted_latent__conflation__s1,custom_mujoco_action_resampled_v2_walker2d,inr_transformer_fitted_latent,conflation,1,0.6724137931034483,0.6724137931034483,nan,0.0014451625756919384,0.0014438411491108007,0.0009686941630207002,0.038015293970873595,,,1.0,1.0009152160415649,269,58,58,19
outputs/suites/action_resampled_v2/runs/custom_mujoco_action_resampled_v2/custom_mujoco_action_resampled_v2_walker2d__inr_transformer_history_conditioned__specialization__s1,custom_mujoco_action_resampled_v2_walker2d,inr_transformer_history_conditioned,specialization,1,1.0,1.0,nan,0.750730037689209,0.6460342920554952,0.6176577806472778,0.8664467887234674,,,1.0,1.162059115005493,358,38,38,38
outputs/suites/action_resampled_v2/runs/custom_mujoco_action_resampled_v2/custom_mujoco_action_resampled_v2_ant__inr_diffusion_history_conditioned__new_policy__s0,custom_mujoco_action_resampled_v2_ant,inr_diffusion_history_conditioned,new_policy,0,0.6666666666666666,1.0,4.310111999511719,0.7000621557235718,0.5944540504587409,0.18863575160503387,0.83669717085907,,,1.0,1.1776556239852904,358,117,117,0
outputs/suites/action_resampled_v2/runs/custom_mujoco_action_resampled_v2/custom_mujoco_action_resampled_v2_halfcheetah__inr_diffusion_history_conditioned__new_policy__s0,custom_mujoco_action_resampled_v2_halfcheetah,inr_diffusion_history_conditioned,new_policy,0,0.6666666666666666,1.0,0.08101703226566315,0.41993093490600586,0.40538527003130653,0.1880674958229065,0.6480207827732116,,,1.0,1.0358810888061523,358,117,117,0
outputs/suites/action_resampled_v2/runs/custom_mujoco_action_resampled_v2/custom_mujoco_action_resampled_v2_humanoid__cvae__new_policy__s0,custom_mujoco_action_resampled_v2_humanoid,cvae,new_policy,0,0.6666666666666666,1.0,0.3682384490966797,0.4387572109699249,0.4167639538882831,0.0055248551070690155,0.6623875081626501,,,1.0,1.0527714954147338,358,117,117,0
outputs/suites/action_resampled_v2/runs/custom_mujoco_action_resampled_v2/custom_mujoco_action_resampled_v2_ant__inr_transformer_fitted_latent__generalization__s0,custom_mujoco_action_resampled_v2_ant,inr_transformer_fitted_latent,generalization,0,1.0,1.0,nan,0.4209078550338745,0.9058333031530738,0.35029321908950806,0.6487741171115525,,,1.0,0.4646637008914947,180,78,78,0
outputs/suites/action_resampled_v2/runs/custom_mujoco_action_resampled_v2/custom_mujoco_action_resampled_v2_walker2d__inr_transformer_fitted_latent__single_shift__s1,custom_mujoco_action_resampled_v2_walker2d,inr_transformer_fitted_latent,single_shift,1,1.0,1.0,nan,0.4571392238140106,0.4462966511198612,0.296298086643219,0.6761207168945577,,,1.0,1.024294541908264,358,58,58,19
outputs/suites/action_resampled_v2/runs/custom_mujoco_action_resampled_v2/custom_mujoco_action_resampled_v2_halfcheetah__inr_transformer_history_conditioned__specialization__s0,custom_mujoco_action_resampled_v2_halfcheetah,inr_transformer_history_conditioned,specialization,0,1.0,1.0,nan,0.4208398163318634,0.4498754395822361,0.27627670764923096,0.648721678635656,,,1.0,0.9354585276374817,358,38,38,38
outputs/suites/action_resampled_v2/runs/custom_mujoco_action_resampled_v2/custom_mujoco_action_resampled_v2_halfcheetah__cvae__new_policy__s1,custom_mujoco_action_resampled_v2_halfcheetah,cvae,new_policy,1,0.6666666666666666,1.0,0.23618285357952118,0.11019449681043625,0.1060416346224361,0.006951993331313133,0.3319555645119332,,,1.0,1.0391625629196166,358,117,117,0
outputs/suites/action_resampled_v2/runs/custom_mujoco_action_resampled_v2/custom_mujoco_action_resampled_v2_humanoid__inr_diffusion_history_conditioned__specialization__s0,custom_mujoco_action_resampled_v2_humanoid,inr_diffusion_history_conditioned,specialization,0,1.0,1.0,nan,0.6588507294654846,0.48175353178050195,0.5006378889083862,0.8116962051565133,,,1.0,1.3676095472106933,358,38,38,38
outputs/suites/action_resampled_v2/runs/custom_mujoco_action_resampled_v2/custom_mujoco_action_resampled_v2_walker2d__inr_transformer_fitted_latent__no_shift__s1,custom_mujoco_action_resampled_v2_walker2d,inr_transformer_fitted_latent,no_shift,1,1.0,1.0,nan,0.23413632810115814,0.23135128477862363,0.20372481644153595,0.483876356212161,,,1.0,1.01203815801239,358,78,78,0
outputs/suites/action_resampled_v2/runs/custom_mujoco_action_resampled_v2/custom_mujoco_action_resampled_v2_humanoid__inr_transformer_fitted_latent__new_policy__s0,custom_mujoco_action_resampled_v2_humanoid,inr_transformer_fitted_latent,new_policy,0,0.6666666666666666,1.0,0.22340121865272522,0.7343413829803467,0.6975315974821836,0.4826212525367737,0.8569372106405152,,,1.0,1.0527714954147338,358,117,117,0
outputs/suites/action_resampled_v2/runs/custom_mujoco_action_resampled_v2/custom_mujoco_action_resampled_v2_humanoid__inr_transformer_fitted_latent__novel_generalization__s0,custom_mujoco_action_resampled_v2_humanoid,inr_transformer_fitted_latent,novel_generalization,0,0.6666666666666666,1.0,0.2671368420124054,0.713269054889679,0.8607447530133128,0.6240302920341492,0.8445525767468115,,,1.0,0.8286650048027039,180,117,117,0
outputs/suites/action_resampled_v2/runs/custom_mujoco_action_resampled_v2/custom_mujoco_action_resampled_v2_walker2d__inr_transformer_fitted_latent__no_shift__s0,custom_mujoco_action_resampled_v2_walker2d,inr_transformer_fitted_latent,no_shift,0,1.0,1.0,nan,0.23836040496826172,0.23766792605633733,0.19687826931476593,0.48822167605326755,,,1.0,1.0029136405715942,358,78,78,0
outputs/suites/action_resampled_v2/runs/custom_mujoco_action_resampled_v2/custom_mujoco_action_resampled_v2_humanoid__inr_transformer_fitted_latent__generalization__s1,custom_mujoco_action_resampled_v2_humanoid,inr_transformer_fitted_latent,generalization,1,1.0,1.0,nan,0.5256972312927246,0.6564409273126622,0.4705265164375305,0.725049812973374,,,1.0,0.8008294568786621,180,78,78,0
outputs/suites/action_resampled_v2/runs/custom_mujoco_action_resampled_v2/custom_mujoco_action_resampled_v2_ant__cvae__novel_generalization__s1,custom_mujoco_action_resampled_v2_ant,cvae,novel_generalization,1,0.6495726495726496,0.9743589743589743,2.95032000541687,0.6179235577583313,1.1445360775954831,0.470247745513916,0.7860811394241254,,,1.0,0.5398899780044556,180,117,117,0
outputs/suites/action_resampled_v2/runs/custom_mujoco_action_resampled_v2/custom_mujoco_action_resampled_v2_halfcheetah__inr_diffusion_history_conditioned__conflation__s0,custom_mujoco_action_resampled_v2_halfcheetah,inr_diffusion_history_conditioned,conflation,0,1.0,1.0,nan,0.4764304459095001,0.4738918852906705,0.18279342353343964,0.6902394120227416,,,1.0,1.0053568349609374,269,58,58,19
outputs/suites/action_resampled_v2/runs/custom_mujoco_action_resampled_v2/custom_mujoco_action_resampled_v2_walker2d__inr_transformer_history_conditioned__conflation__s1,custom_mujoco_action_resampled_v2_walker2d,inr_transformer_history_conditioned,conflation,1,1.0,1.0,nan,0.001765302149578929,0.0017636879940344733,0.000672291440423578,0.042015498920980686,,,1.0,1.0009152160415649,269,58,58,19
outputs/suites/action_resampled_v2/runs/custom_mujoco_action_resampled_v2/custom_mujoco_action_resampled_v2_walker2d__inr_diffusion_history_conditioned__conflation__s1,custom_mujoco_action_resampled_v2_walker2d,inr_diffusion_history_conditioned,conflation,1,1.0,1.0,nan,0.3516194820404053,0.35129796850426104,0.16147200763225555,0.5929751108102306,,,1.0,1.0009152160415649,269,58,58,19
outputs/suites/action_resampled_v2/runs/custom_mujoco_action_resampled_v2/custom_mujoco_action_resampled_v2_hopper__inr_transformer_fitted_latent__conflation__s0,custom_mujoco_action_resampled_v2_hopper,inr_transformer_fitted_latent,conflation,0,0.6724137931034483,0.6724137931034483,nan,0.009144511073827744,0.008996991286772418,0.005573680624365807,0.09562693696771712,,,1.0,1.0163965688476562,269,58,58,19
outputs/suites/action_resampled_v2/runs/custom_mujoco_action_resampled_v2/custom_mujoco_action_resampled_v2_walker2d__inr_diffusion_history_conditioned__single_shift__s0,custom_mujoco_action_resampled_v2_walker2d,inr_diffusion_history_conditioned,single_shift,0,1.0,1.0,nan,0.3864341378211975,0.37632430056975696,0.15616475045681,0.6216382692701581,,,1.0,1.026864694190979,358,58,58,19
outputs/suites/action_resampled_v2/runs/custom_mujoco_action_resampled_v2/custom_mujoco_action_resampled_v2_halfcheetah__inr_transformer_history_conditioned__new_policy__s1,custom_mujoco_action_resampled_v2_halfcheetah,inr_transformer_history_conditioned,new_policy,1,0.6666666666666666,1.0,0.12525475025177002,0.10756025463342667,0.10350666822641,0.00034510224941186607,0.3279638007973238,,,1.0,1.0391625629196166,358,117,117,0
outputs/suites/action_resampled_v2/runs/custom_mujoco_action_resampled_v2/custom_mujoco_action_resampled_v2_humanoid__inr_diffusion_history_conditioned__no_shift__s1,custom_mujoco_action_resampled_v2_humanoid,inr_diffusion_history_conditioned,no_shift,1,1.0,1.0,nan,0.1181982159614563,0.11832290034983955,0.06881416589021683,0.34379967417299323,,,1.0,0.9989462362060547,358,78,78,0
outputs/suites/action_resampled_v2/runs/custom_mujoco_action_resampled_v2/custom_mujoco_action_resampled_v2_halfcheetah__inr_transformer_fitted_latent__novel_generalization__s0,custom_mujoco_action_resampled_v2_halfcheetah,inr_transformer_fitted_latent,novel_generalization,0,0.6666666666666666,1.0,0.2592899799346924,0.7110885381698608,0.5957038296146195,0.6384080052375793,0.8432606584976325,,,1.0,1.1936947570571899,180,117,117,0
outputs/suites/action_resampled_v2/runs/custom_mujoco_action_resampled_v2/custom_mujoco_action_resampled_v2_walker2d__inr_transformer_history_conditioned__single_shift__s0,custom_mujoco_action_resampled_v2_walker2d,inr_transformer_history_conditioned,single_shift,0,1.0,1.0,nan,0.21459472179412842,0.2089805239269601,0.0009798818500712514,0.4632436959032777,,,1.0,1.026864694190979,358,58,58,19
outputs/suites/action_resampled_v2/runs/custom_mujoco_action_resampled_v2/custom_mujoco_action_resampled_v2_halfcheetah__inr_transformer_fitted_latent__conflation__s0,custom_mujoco_action_resampled_v2_halfcheetah,inr_transformer_fitted_latent,conflation,0,0.6724137931034483,0.6724137931034483,nan,0.0002937744138762355,0.00029220909796435606,0.0001881499047158286,0.017139848712174662,,,1.0,1.0053568349609374,269,58,58,19
outputs/suites/action_resampled_v2/runs/custom_mujoco_action_resampled_v2/custom_mujoco_action_resampled_v2_walker2d__inr_transformer_fitted_latent__specialization__s0,custom_mujoco_action_resampled_v2_walker2d,inr_transformer_fitted_latent,specialization,0,1.0,1.0,nan,1.0904335975646973,0.9307346958318751,0.9373084902763367,1.0442382858163635,,,1.0,1.1715836988220214,358,38,38,38
outputs/suites/action_resampled_v2/runs/custom_mujoco_action_resampled_v2/custom_mujoco_action_resampled_v2_walker2d__inr_diffusion_history_conditioned__new_policy__s1,custom_mujoco_action_resampled_v2_walker2d,inr_diffusion_history_conditioned,new_policy,1,0.6666666666666666,1.0,0.5037534832954407,0.37718653678894043,0.35600920041266193,0.17895014584064484,0.6141551406517253,,,1.0,1.0594853626022338,358,117,117,0
outputs/suites/action_resampled_v2/runs/custom_mujoco_action_resampled_v2/custom_mujoco_action_resampled_v2_ant__cvae__specialization__s0,custom_mujoco_action_resampled_v2_ant,cvae,specialization,0,0.9473684210526315,0.9473684210526315,nan,1.8500806093215942,0.7809929945591706,1.221436858177185,1.3601766831267157,,,1.0,2.3688824640045167,358,38,38,38
outputs/suites/action_resampled_v2/runs/custom_mujoco_action_resampled_v2/custom_mujoco_action_resampled_v2_ant__inr_diffusion_history_conditioned__novel_generalization__s0,custom_mujoco_action_resampled_v2_ant,inr_diffusion_history_conditioned,novel_generalization,0,0.38461538461538464,0.5769230769230769,3.039520263671875,0.7001088857650757,1.2959243153724191,0.584879994392395,0.836725095694563,,,1.0,0.5402390228042603,180,117,117,0
outputs/suites/action_resampled_v2/runs/custom_mujoco_action_resampled_v2/custom_mujoco_action_resampled_v2_walker2d__inr_transformer_fitted_latent__novel_generalization__s1,custom_mujoco_action_resampled_v2_walker2d,inr_transformer_fitted_latent,novel_generalization,1,0.6666666666666666,1.0,0.2707720100879669,0.7397870421409607,0.7551682132116087,0.5555046200752258,0.8601087385563296,,,1.0,0.9796321259269715,180,117,117,0
outputs/suites/action_resampled_v2/runs/custom_mujoco_action_resampled_v2/custom_mujoco_action_resampled_v2_hopper__inr_transformer_history_conditioned__novel_generalization__s0,custom_mujoco_action_resampled_v2_hopper,inr_transformer_history_conditioned,novel_generalization,0,0.4700854700854701,0.7051282051282052,3.578807830810547,0.7551290988922119,0.6925553481036755,0.5030995011329651,0.8689816447383754,,,1.0,1.0903519855270385,180,117,117,0
outputs/suites/action_resampled_v2/runs/custom_mujoco_action_resampled_v2/custom_mujoco_action_resampled_v2_hopper__inr_transformer_fitted_latent__specialization__s0,custom_mujoco_action_resampled_v2_hopper,inr_transformer_fitted_latent,specialization,0,1.0,1.0,nan,0.7372843027114868,0.7330603887126971,0.5345087051391602,0.8586526088654752,,,1.0,1.0057620273361205,358,38,38,38
outputs/suites/action_resampled_v2/runs/custom_mujoco_action_resampled_v2/custom_mujoco_action_resampled_v2_halfcheetah__inr_transformer_history_conditioned__generalization__s0,custom_mujoco_action_resampled_v2_halfcheetah,inr_transformer_history_conditioned,generalization,0,1.0,1.0,nan,0.5362814664840698,0.46536478172629375,0.3885166645050049,0.7323124104397452,,,1.0,1.1523894534835815,180,78,78,0
outputs/suites/action_resampled_v2/runs/custom_mujoco_action_resampled_v2/custom_mujoco_action_resampled_v2_walker2d__cvae__single_shift__s1,custom_mujoco_action_resampled_v2_walker2d,cvae,single_shift,1,1.0,1.0,nan,0.2704935073852539,0.2640778568255608,0.008596603758633137,0.5200899031756471,,,1.0,1.024294541908264,358,58,58,19
outputs/suites/action_resampled_v2/runs/custom_mujoco_action_resampled_v2/custom_mujoco_action_resampled_v2_hopper__inr_transformer_fitted_latent__novel_generalization__s0,custom_mujoco_action_resampled_v2_hopper,inr_transformer_fitted_latent,novel_generalization,0,0.6581196581196581,0.9871794871794872,0.24162684381008148,0.7467357516288757,0.6848575153168813,0.4695662260055542,0.8641387340172154,,,1.0,1.0903519855270385,180,117,117,0
outputs/suites/action_resampled_v2/runs/custom_mujoco_action_resampled_v2/custom_mujoco_action_resampled_v2_halfcheetah__inr_transformer_history_conditioned__no_shift__s1,custom_mujoco_action_resampled_v2_halfcheetah,inr_transformer_history_conditioned,no_shift,1,1.0,1.0,nan,0.0015409410698339343,0.0015349401981412671,0.00019879241881426424,0.039254822249424774,,,1.0,1.0039095149765014,358,78,78,0
outputs/suites/action_resampled_v2/runs/custom_mujoco_action_resampled_v2/custom_mujoco_action_resampled_v2_hopper__inr_transformer_fitted_latent__specialization__s1,custom_mujoco_action_resampled_v2_hopper,inr_transformer_fitted_latent,specialization,1,1.0,1.0,nan,0.8039543032646179,0.8056381754722837,0.5474498271942139,0.8966349888692823,,,1.0,0.997909890247345,358,38,38,38
outputs/suites/action_resampled_v2/runs/custom_mujoco_action_resampled_v2/custom_mujoco_action_resampled_v2_ant__inr_transformer_history_conditioned__novel_generalization__s1,custom_mujoco_action_resampled_v2_ant,inr_transformer_history_conditioned,novel_generalization,1,0.5042735042735043,0.7564102564102564,2.9007976055145264,0.7054723501205444,1.3066965101447434,0.5491315722465515,0.8399240144921113,,,1.0,0.5398899780044556,180,117,117,0
outputs/suites/action_resampled_v2/runs/custom_mujoco_action_resampled_v2/custom_mujoco_action_resampled_v2_walker2d__inr_transformer_history_conditioned__new_policy__s1,custom_mujoco_action_resampled_v2_walker2d,inr_transformer_history_conditioned,new_policy,1,0.6666666666666666,1.0,0.685142457485199,0.24958185851573944,0.23556895387656318,0.0010545830009505153,0.4995816835270679,,,1.0,1.0594853626022338,358,117,117,0
outputs/suites/action_resampled_v2/runs/custom_mujoco_action_resampled_v2/custom_mujoco_action_resampled_v2_walker2d__inr_transformer_history_conditioned__no_shift__s0,custom_mujoco_action_resampled_v2_walker2d,inr_transformer_history_conditioned,no_shift,0,1.0,1.0,nan,0.0018471493385732174,0.0018417830447699016,0.0005881653632968664,0.042978475293723686,,,1.0,1.0029136405715942,358,78,78,0
outputs/suites/action_resampled_v2/runs/custom_mujoco_action_resampled_v2/custom_mujoco_action_resampled_v2_walker2d__cvae__new_policy__s0,custom_mujoco_action_resampled_v2_walker2d,cvae,new_policy,0,0.6666666666666666,1.0,1.5023045539855957,0.24574197828769684,0.23286563656920908,0.007775321137160063,0.49572369147307943,,,1.0,1.0552951560745238,358,117,117,0
outputs/suites/action_resampled_v2/runs/custom_mujoco_action_resampled_v2/custom_mujoco_action_resampled_v2_humanoid__inr_transformer_fitted_latent__new_policy__s1,custom_mujoco_action_resampled_v2_humanoid,inr_transformer_fitted_latent,new_policy,1,0.6666666666666666,1.0,0.22338412702083588,0.7387902140617371,0.7022825893108419,0.48257675766944885,0.8595290652803644,,,1.0,1.0519842372665404,358,117,117,0
outputs/suites/action_resampled_v2/runs/custom_mujoco_action_resampled_v2/custom_mujoco_action_resampled_v2_humanoid__inr_transformer_history_conditioned__specialization__s0,custom_mujoco_action_resampled_v2_humanoid,inr_transformer_history_conditioned,specialization,0,1.0,1.0,nan,0.5876690149307251,0.42970525917233093,0.41691672801971436,0.7665957310934657,,,1.0,1.3676095472106933,358,38,38,38
outputs/suites/action_resampled_v2/runs/custom_mujoco_action_resampled_v2/custom_mujoco_action_resampled_v2_ant__cvae__generalization__s1,custom_mujoco_action_resampled_v2_ant,cvae,generalization,1,0.9743589743589743,0.9743589743589743,nan,0.40221014618873596,0.8711072132072214,0.299813449382782,0.634200399076456,,,1.0,0.4617228971252441,180,78,78,0
outputs/suites/action_resampled_v2/runs/custom_mujoco_action_resampled_v2/custom_mujoco_action_resampled_v2_halfcheetah__inr_transformer_history_conditioned__conflation__s1,custom_mujoco_action_resampled_v2_halfcheetah,inr_transformer_history_conditioned,conflation,1,1.0,1.0,nan,0.000611260300502181,0.0006076290321036707,0.00013163949188310653,0.02472367894351852,,,1.0,1.0059761272201537,269,58,58,19
outputs/suites/action_resampled_v2/runs/custom_mujoco_action_resampled_v2/custom_mujoco_action_resampled_v2_halfcheetah__cvae__no_shift__s0,custom_mujoco_action_resampled_v2_halfcheetah,cvae,no_shift,0,1.0,1.0,nan,0.008442999795079231,0.008440362233590301,0.00478373421356082,0.09188579757002292,,,1.0,1.000312493873596,358,78,78,0
outputs/suites/action_resampled_v2/runs/custom_mujoco_action_resampled_v2/custom_mujoco_action_resampled_v2_humanoid__cvae__generalization__s0,custom_mujoco_action_resampled_v2_humanoid,cvae,generalization,0,1.0,1.0,nan,0.39435216784477234,0.4923836558145364,0.2755180895328522,0.627974655415943,,,1.0,0.8009042607078553,180,78,78,0
outputs/suites/action_resampled_v2/runs/custom_mujoco_action_resampled_v2/custom_mujoco_action_resampled_v2_halfcheetah__inr_diffusion_history_conditioned__no_shift__s1,custom_mujoco_action_resampled_v2_halfcheetah,inr_diffusion_history_conditioned,no_shift,1,1.0,1.0,nan,0.3359794318675995,0.3346710304618079,0.12066587060689926,0.5796373278763192,,,1.0,1.0039095149765014,358,78,78,0
outputs/suites/action_resampled_v2/runs/custom_mujoco_action_resampled_v2/custom_mujoco_action_resampled_v2_halfcheetah__inr_transformer_fitted_latent__no_shift__s0,custom_mujoco_action_resampled_v2_halfcheetah,inr_transformer_fitted_latent,no_shift,0,1.0,1.0,nan,0.20580415427684784,0.2057398618304713,0.19093473255634308,0.45365642757140323,,,1.0,1.000312493873596,358,78,78,0
outputs/suites/action_resampled_v2/runs/custom_mujoco_action_resampled_v2/custom_mujoco_action_resampled_v2_walker2d__inr_diffusion_history_conditioned__specialization__s0,custom_mujoco_action_resampled_v2_walker2d,inr_diffusion_history_conditioned,specialization,0,1.0,1.0,nan,0.8811007142066956,0.7520595541680937,0.6939523220062256,0.9386696512653936,,,1.0,1.1715836988220214,358,38,38,38
outputs/suites/action_resampled_v2/runs/custom_mujoco_action_resampled_v2/custom_mujoco_action_resampled_v2_hopper__cvae__single_shift__s0,custom_mujoco_action_resampled_v2_hopper,cvae,single_shift,0,1.0,1.0,nan,0.27127182483673096,0.27468541845779865,0.012411311268806458,0.5208376184923003,,,1.0,0.9875727163085938,358,58,58,19
outputs/suites/action_resampled_v2/runs/custom_mujoco_action_resampled_v2/custom_mujoco_action_resampled_v2_ant__inr_transformer_history_conditioned__conflation__s1,custom_mujoco_action_resampled_v2_ant,inr_transformer_history_conditioned,conflation,1,1.0,1.0,nan,0.000793543120380491,0.0008058298487413208,0.00019630714086815715,0.02816989741515739,,,1.0,0.9847527013549805,269,58,58,19
outputs/suites/action_resampled_v2/runs/custom_mujoco_action_resampled_v2/custom_mujoco_action_resampled_v2_halfcheetah__inr_transformer_history_conditioned__novel_generalization__s1,custom_mujoco_action_resampled_v2_halfcheetah,inr_transformer_history_conditioned,novel_generalization,1,0.6666666666666666,1.0,1.1463838815689087,0.6289950013160706,0.528644023151274,0.5243217945098877,0.7930920509726916,,,1.0,1.1898271308670043,180,117,117,0
outputs/suites/action_resampled_v2/runs/custom_mujoco_action_resampled_v2/custom_mujoco_action_resampled_v2_hopper__inr_transformer_history_conditioned__novel_generalization__s1,custom_mujoco_action_resampled_v2_hopper,inr_transformer_history_conditioned,novel_generalization,1,0.5384615384615384,0.8076923076923077,1.261434555053711,0.7399241924285889,0.6761151402778243,0.48829329013824463,0.8601884633198639,,,1.0,1.0943760143051147,180,117,117,0
outputs/suites/action_resampled_v2/runs/custom_mujoco_action_resampled_v2/custom_mujoco_action_resampled_v2_halfcheetah__cvae__conflation__s1,custom_mujoco_action_resampled_v2_halfcheetah,cvae,conflation,1,1.0,1.0,nan,0.009354148991405964,0.00929857949736301,0.004687455948442221,0.09671684957341178,,,1.0,1.0059761272201537,269,58,58,19
outputs/suites/action_resampled_v2/runs/custom_mujoco_action_resampled_v2/custom_mujoco_action_resampled_v2_ant__inr_diffusion_history_conditioned__novel_generalization__s1,custom_mujoco_action_resampled_v2_ant,inr_diffusion_history_conditioned,novel_generalization,1,0.5982905982905983,0.8974358974358975,4.56247615814209,0.6827034950256348,1.2645233711302575,0.5655094385147095,0.8262587337061162,,,1.0,0.5398899780044556,180,117,117,0
outputs/suites/action_resampled_v2/runs/custom_mujoco_action_resampled_v2/custom_mujoco_action_resampled_v2_halfcheetah__cvae__specialization__s1,custom_mujoco_action_resampled_v2_halfcheetah,cvae,specialization,1,1.0,1.0,nan,0.48041823506355286,0.5176293158241635,0.3991188704967499,0.6931220924653555,,,1.0,0.9281124935874939,358,38,38,38
outputs/suites/action_resampled_v2/runs/custom_mujoco_action_resampled_v2/custom_mujoco_action_resampled_v2_hopper__cvae__no_shift__s0,custom_mujoco_action_resampled_v2_hopper,cvae,no_shift,0,1.0,1.0,nan,0.014329173602163792,0.014374606114103718,0.0065547991544008255,0.11970452623925208,,,1.0,0.996839390827179,358,78,78,0
outputs/suites/action_resampled_v2/runs/custom_mujoco_action_resampled_v2/custom_mujoco_action_resampled_v2_humanoid__inr_transformer_history_conditioned__new_policy__s0,custom_mujoco_action_resampled_v2_humanoid,inr_transformer_history_conditioned,new_policy,0,0.6666666666666666,1.0,0.19200417399406433,0.43960657715797424,0.4175707445277985,0.00030352018075063825,0.663028338125886,,,1.0,1.0527714954147338,358,117,117,0
outputs/suites/action_resampled_v2/runs/custom_mujoco_action_resampled_v2/custom_mujoco_action_resampled_v2_walker2d__inr_diffusion_history_conditioned__conflation__s0,custom_mujoco_action_resampled_v2_walker2d,inr_diffusion_history_conditioned,conflation,0,1.0,1.0,nan,0.3415091931819916,0.3377159457960171,0.1488395780324936,0.584387879051227,,,1.0,1.0112320647964477,269,58,58,19
outputs/suites/action_resampled_v2/runs/custom_mujoco_action_resampled_v2/custom_mujoco_action_resampled_v2_hopper__cvae__new_policy__s0,custom_mujoco_action_resampled_v2_hopper,cvae,new_policy,0,0.6666666666666666,1.0,1.0681182146072388,0.312585711479187,0.2964356825891582,0.012175376527011395,0.5590936517965367,,,1.0,1.054480718208313,358,117,117,0
outputs/suites/action_resampled_v2/runs/custom_mujoco_action_resampled_v2/custom_mujoco_action_resampled_v2_humanoid__inr_transformer_history_conditioned__no_shift__s0,custom_mujoco_action_resampled_v2_humanoid,inr_transformer_history_conditioned,no_shift,0,1.0,1.0,nan,0.000668157241307199,0.0006706511032081355,0.0001813464186852798,0.02584873771206631,,,1.0,0.9962814317474366,358,78,78,0
outputs/suites/action_resampled_v2/runs/custom_mujoco_action_resampled_v2/custom_mujoco_action_resampled_v2_hopper__cvae__generalization__s1,custom_mujoco_action_resampled_v2_hopper,cvae,generalization,1,0.9871794871794872,0.9871794871794872,nan,0.5478324890136719,0.52351201421857,0.33640798926353455,0.740157070501709,,,1.0,1.0464563833007812,180,78,78,0
outputs/suites/action_resampled_v2/runs/custom_mujoco_action_resampled_v2/custom_mujoco_action_resampled_v2_hopper__inr_transformer_fitted_latent__single_shift__s0,custom_mujoco_action_resampled_v2_hopper,inr_transformer_fitted_latent,single_shift,0,1.0,1.0,nan,0.3455778956413269,0.34992653192470513,0.1693982481956482,0.5878587378285084,,,1.0,0.9875727163085938,358,58,58,19
outputs/suites/action_resampled_v2/runs/custom_mujoco_action_resampled_v2/custom_mujoco_action_resampled_v2_ant__inr_transformer_history_conditioned__no_shift__s0,custom_mujoco_action_resampled_v2_ant,inr_transformer_history_conditioned,no_shift,0,1.0,1.0,nan,0.002343288157135248,0.002327942172330323,0.00037187887937761843,0.04840752169999254,,,1.0,1.0065920816192626,358,78,78,0
outputs/suites/action_resampled_v2/runs/custom_mujoco_action_resampled_v2/custom_mujoco_action_resampled_v2_hopper__cvae__conflation__s0,custom_mujoco_action_resampled_v2_hopper,cvae,conflation,0,1.0,1.0,nan,0.013725906610488892,0.01350447948289583,0.005942662712186575,0.11715761439398163,,,1.0,1.0163965688476562,269,58,58,19
outputs/suites/action_resampled_v2/runs/custom_mujoco_action_resampled_v2/custom_mujoco_action_resampled_v2_ant__inr_transformer_history_conditioned__single_shift__s1,custom_mujoco_action_resampled_v2_ant,inr_transformer_history_conditioned,single_shift,1,1.0,1.0,nan,0.5799553394317627,0.37901921349322937,0.0006981430924497545,0.7615479889224072,,,1.0,1.5301475988159179,358,58,58,19
outputs/suites/action_resampled_v2/runs/custom_mujoco_action_resampled_v2/custom_mujoco_action_resampled_v2_humanoid__inr_diffusion_history_conditioned__new_policy__s1,custom_mujoco_action_resampled_v2_humanoid,inr_diffusion_history_conditioned,new_policy,1,0.6666666666666666,1.0,0.12086495012044907,0.467725545167923,0.4446126934213898,0.1422775834798813,0.6839046316321619,,,1.0,1.0519842372665404,358,117,117,0
outputs/suites/action_resampled_v2/runs/custom_mujoco_action_resampled_v2/custom_mujoco_action_resampled_v2_hopper__inr_transformer_fitted_latent__single_shift__s1,custom_mujoco_action_resampled_v2_hopper,inr_transformer_fitted_latent,single_shift,1,1.0,1.0,nan,0.3756498396396637,0.3827839494786818,0.17638039588928223,0.6129027978722758,,,1.0,0.9813625679740906,358,58,58,19
outputs/suites/action_resampled_v2/runs/custom_mujoco_action_resampled_v2/custom_mujoco_action_resampled_v2_walker2d__inr_transformer_history_conditioned__novel_generalization__s0,custom_mujoco_action_resampled_v2_walker2d,inr_transformer_history_conditioned,novel_generalization,0,0.49572649572649574,0.7435897435897436,1.2162129878997803,0.8702554702758789,0.8863023831278395,0.6632564067840576,0.9328748416995063,,,1.0,0.981894539428711,180,117,117,0
outputs/suites/action_resampled_v2/runs/custom_mujoco_action_resampled_v2/custom_mujoco_action_resampled_v2_humanoid__cvae__single_shift__s1,custom_mujoco_action_resampled_v2_humanoid,cvae,single_shift,1,1.0,1.0,nan,0.1812029629945755,0.16265374507653335,0.006217627320438623,0.4256794134023579,,,1.0,1.1140411363372802,358,58,58,19
outputs/suites/action_resampled_v2/runs/custom_mujoco_action_resampled_v2/custom_mujoco_action_resampled_v2_walker2d__cvae__generalization__s1,custom_mujoco_action_resampled_v2_walker2d,cvae,generalization,1,0.9358974358974359,0.9358974358974359,nan,0.5874709486961365,0.6250604624838216,0.40081748366355896,0.766466534622443,,,1.0,0.9398625956306458,180,78,78,0
outputs/suites/action_resampled_v2/runs/custom_mujoco_action_resampled_v2/custom_mujoco_action_resampled_v2_halfcheetah__inr_transformer_fitted_latent__generalization__s1,custom_mujoco_action_resampled_v2_halfcheetah,inr_transformer_fitted_latent,generalization,1,1.0,1.0,nan,0.6488701105117798,0.5643014942013823,0.5688708424568176,0.8055247423337037,,,1.0,1.1498642431030273,180,78,78,0
outputs/suites/action_resampled_v2/runs/custom_mujoco_action_resampled_v2/custom_mujoco_action_resampled_v2_halfcheetah__inr_diffusion_history_conditioned__specialization__s1,custom_mujoco_action_resampled_v2_halfcheetah,inr_diffusion_history_conditioned,specialization,1,1.0,1.0,nan,0.5491347312927246,0.5916682892287315,0.4006834030151367,0.7410362550460838,,,1.0,0.9281124935874939,358,38,38,38
outputs/suites/action_resampled_v2/runs/custom_mujoco_action_resampled_v2/custom_mujoco_action_resampled_v2_halfcheetah__inr_transformer_fitted_latent__novel_generalization__s1,custom_mujoco_action_resampled_v2_halfcheetah,inr_transformer_fitted_latent,novel_generalization,1,0.6666666666666666,1.0,0.22061996161937714,0.7385110855102539,0.620687717023325,0.6727123856544495,0.8593666769838437,,,1.0,1.1898271308670043,180,117,117,0
outputs/suites/action_resampled_v2/runs/custom_mujoco_action_resampled_v2/custom_mujoco_action_resampled_v2_hopper__inr_transformer_fitted_latent__new_policy__s0,custom_mujoco_action_resampled_v2_hopper,inr_transformer_fitted_latent,new_policy,0,0.6666666666666666,1.0,0.22213786840438843,0.357407808303833,0.33894200446937617,0.17327237129211426,0.5978359376148552,,,1.0,1.054480718208313,358,117,117,0
outputs/suites/action_resampled_v2/runs/custom_mujoco_action_resampled_v2/custom_mujoco_action_resampled_v2_walker2d__cvae__conflation__s0,custom_mujoco_action_resampled_v2_walker2d,cvae,conflation,0,1.0,1.0,nan,0.010400590486824512,0.010285067937316705,0.005925848614424467,0.1019832853306095,,,1.0,1.0112320647964477,269,58,58,19
outputs/suites/action_resampled_v2/runs/custom_mujoco_action_resampled_v2/custom_mujoco_action_resampled_v2_ant__inr_diffusion_history_conditioned__specialization__s0,custom_mujoco_action_resampled_v2_ant,inr_diffusion_history_conditioned,specialization,0,0.8947368421052632,0.8947368421052632,nan,1.8744096755981445,0.7912632661518874,1.5154515504837036,1.369090820799754,,,1.0,2.3688824640045167,358,38,38,38
outputs/suites/action_resampled_v2/runs/custom_mujoco_action_resampled_v2/custom_mujoco_action_resampled_v2_hopper__inr_diffusion_history_conditioned__new_policy__s0,custom_mujoco_action_resampled_v2_hopper,inr_diffusion_history_conditioned,new_policy,0,0.6666666666666666,1.0,1.8359928131103516,0.4220336973667145,0.4002289374089263,0.14951945841312408,0.6496412066415695,,,1.0,1.054480718208313,358,117,117,0
outputs/suites/action_resampled_v2/runs/custom_mujoco_action_resampled_v2/custom_mujoco_action_resampled_v2_halfcheetah__cvae__conflation__s0,custom_mujoco_action_resampled_v2_halfcheetah,cvae,conflation,0,1.0,1.0,nan,0.010542718693614006,0.010486544008052262,0.004566499497741461,0.1026777419580992,,,1.0,1.0053568349609374,269,58,58,19
outputs/suites/action_resampled_v2/runs/custom_mujoco_action_resampled_v2/custom_mujoco_action_resampled_v2_ant__inr_diffusion_history_conditioned__generalization__s1,custom_mujoco_action_resampled_v2_ant,inr_diffusion_history_conditioned,generalization,1,0.8974358974358975,0.8974358974358975,nan,0.4988057613372803,1.0803141114354944,0.41047143936157227,0.7062618220867388,,,1.0,0.4617228971252441,180,78,78,0
outputs/suites/action_resampled_v2/runs/custom_mujoco_action_resampled_v2/custom_mujoco_action_resampled_v2_ant__inr_transformer_fitted_latent__no_shift__s1,custom_mujoco_action_resampled_v2_ant,inr_transformer_fitted_latent,no_shift,1,1.0,1.0,nan,0.24590398371219635,0.24647455714708963,0.20803168416023254,0.4958870674984339,,,1.0,0.9976850615272522,358,78,78,0
outputs/suites/action_resampled_v2/runs/custom_mujoco_action_resampled_v2/custom_mujoco_action_resampled_v2_halfcheetah__inr_transformer_fitted_latent__new_policy__s0,custom_mujoco_action_resampled_v2_halfcheetah,inr_transformer_fitted_latent,new_policy,0,0.6666666666666666,1.0,0.17998768389225006,0.299468070268631,0.2890950259684405,0.2389911264181137,0.5472367588792176,,,1.0,1.0358810888061523,358,117,117,0
outputs/suites/action_resampled_v2/runs/custom_mujoco_action_resampled_v2/custom_mujoco_action_resampled_v2_walker2d__inr_diffusion_history_conditioned__new_policy__s0,custom_mujoco_action_resampled_v2_walker2d,inr_diffusion_history_conditioned,new_policy,0,0.6666666666666666,1.0,0.7554453611373901,0.3550988435745239,0.33649244150368035,0.16620714962482452,0.5959017063027459,,,1.0,1.0552951560745238,358,117,117,0
outputs/suites/action_resampled_v2/runs/custom_mujoco_action_resampled_v2/custom_mujoco_action_resampled_v2_walker2d__inr_transformer_history_conditioned__new_policy__s0,custom_mujoco_action_resampled_v2_walker2d,inr_transformer_history_conditioned,new_policy,0,0.6666666666666666,1.0,0.49451303482055664,0.24627602100372314,0.23337169661596682,0.0010855923173949122,0.4962620487239813,,,1.0,1.0552951560745238,358,117,117,0
outputs/suites/action_resampled_v2/runs/custom_mujoco_action_resampled_v2/custom_mujoco_action_resampled_v2_humanoid__inr_transformer_history_conditioned__new_policy__s1,custom_mujoco_action_resampled_v2_humanoid,inr_transformer_history_conditioned,new_policy,1,0.6666666666666666,1.0,0.1956491470336914,0.4325612783432007,0.4111860834218973,0.00014852733875159174,0.6576939093097949,,,1.0,1.0519842372665404,358,117,117,0
outputs/suites/action_resampled_v2/runs/custom_mujoco_action_resampled_v2/custom_mujoco_action_resampled_v2_halfcheetah__inr_transformer_fitted_latent__generalization__s0,custom_mujoco_action_resampled_v2_halfcheetah,inr_transformer_fitted_latent,generalization,0,1.0,1.0,nan,0.6296445727348328,0.5463817556048152,0.545244038105011,0.793501463599679,,,1.0,1.1523894534835815,180,78,78,0
outputs/suites/action_resampled_v2/runs/custom_mujoco_action_resampled_v2/custom_mujoco_action_resampled_v2_humanoid__inr_diffusion_history_conditioned__conflation__s0,custom_mujoco_action_resampled_v2_humanoid,inr_diffusion_history_conditioned,conflation,0,1.0,1.0,nan,0.19351452589035034,0.19479197444827598,0.07833081483840942,0.43990285960692543,,,1.0,0.9934419856796265,269,58,58,19
outputs/suites/action_resampled_v2/runs/custom_mujoco_action_resampled_v2/custom_mujoco_action_resampled_v2_humanoid__cvae__specialization__s1,custom_mujoco_action_resampled_v2_humanoid,cvae,specialization,1,1.0,1.0,nan,0.5427870154380798,0.39868729110607737,0.3666955232620239,0.7367408061442503,,,1.0,1.3614354596862792,358,38,38,38
outputs/suites/action_resampled_v2/runs/custom_mujoco_action_resampled_v2/custom_mujoco_action_resampled_v2_hopper__inr_diffusion_history_conditioned__generalization__s0,custom_mujoco_action_resampled_v2_hopper,inr_diffusion_history_conditioned,generalization,0,0.9615384615384616,0.9615384615384616,nan,0.8861072659492493,0.8544491643234112,0.5757327079772949,0.9413327073618813,,,1.0,1.037050889564514,180,78,78,0
outputs/suites/action_resampled_v2/runs/custom_mujoco_action_resampled_v2/custom_mujoco_action_resampled_v2_ant__inr_transformer_history_conditioned__specialization__s0,custom_mujoco_action_resampled_v2_ant,inr_transformer_history_conditioned,specialization,0,0.9736842105263158,0.9736842105263158,nan,1.773116111755371,0.7485032029651557,1.4308451414108276,1.3315840610924161,,,1.0,2.3688824640045167,358,38,38,38
outputs/suites/action_resampled_v2/runs/custom_mujoco_action_resampled_v2/custom_mujoco_action_resampled_v2_ant__cvae__conflation__s1,custom_mujoco_action_resampled_v2_ant,cvae,conflation,1,1.0,1.0,nan,0.014994251541793346,0.015226413211318795,0.01050972007215023,0.12245101690795934,,,1.0,0.9847527013549805,269,58,58,19
outputs/suites/action_resampled_v2/runs/custom_mujoco_action_resampled_v2/custom_mujoco_action_resampled_v2_humanoid__inr_transformer_history_conditioned__novel_generalization__s0,custom_mujoco_action_resampled_v2_humanoid,inr_transformer_history_conditioned,novel_generalization,0,0.6666666666666666,1.0,0.20222517848014832,0.6211112141609192,0.74953233280172,0.5329227447509766,0.7881060932139271,,,1.0,0.8286650048027039,180,117,117,0
outputs/suites/action_resampled_v2/runs/custom_mujoco_action_resampled_v2/custom_mujoco_action_resampled_v2_hopper__inr_transformer_fitted_latent__new_policy__s1,custom_mujoco_action_resampled_v2_hopper,inr_transformer_fitted_latent,new_policy,1,0.6666666666666666,1.0,0.22248344123363495,0.3628234267234802,0.3415185232713975,0.17774741351604462,0.6023482603307494,,,1.0,1.062382863594055,358,117,117,0
outputs/suites/action_resampled_v2/runs/custom_mujoco_action_resampled_v2/custom_mujoco_action_resampled_v2_walker2d__inr_transformer_fitted_latent__novel_generalization__s0,custom_mujoco_action_resampled_v2_walker2d,inr_transformer_fitted_latent,novel_generalization,0,0.6666666666666666,1.0,0.2624961733818054,0.6977958679199219,0.7106627442147868,0.5327908396720886,0.8353417671348188,,,1.0,0.981894539428711,180,117,117,0
outputs/suites/action_resampled_v2/runs/custom_mujoco_action_resampled_v2/custom_mujoco_action_resampled_v2_hopper__inr_transformer_fitted_latent__no_shift__s1,custom_mujoco_action_resampled_v2_hopper,inr_transformer_fitted_latent,no_shift,1,1.0,1.0,nan,0.14594756066799164,0.1444411904529821,0.10758298635482788,0.3820308373259829,,,1.0,1.010428951812744,358,78,78,0
outputs/suites/action_resampled_v2/runs/custom_mujoco_action_resampled_v2/custom_mujoco_action_resampled_v2_hopper__inr_transformer_fitted_latent__conflation__s1,custom_mujoco_action_resampled_v2_hopper,inr_transformer_fitted_latent,conflation,1,0.6724137931034483,0.6724137931034483,nan,0.007427215110510588,0.007350817550499239,0.005106216296553612,0.08618129211441766,,,1.0,1.0103930698165893,269,58,58,19
outputs/suites/action_resampled_v2/runs/custom_mujoco_action_resampled_v2/custom_mujoco_action_resampled_v2_humanoid__inr_transformer_fitted_latent__no_shift__s1,custom_mujoco_action_resampled_v2_humanoid,inr_transformer_fitted_latent,no_shift,1,1.0,1.0,nan,0.3849727511405945,0.3853788494190646,0.3659846782684326,0.6204617241543546,,,1.0,0.9989462362060547,358,78,78,0
outputs/suites/action_resampled_v2/runs/custom_mujoco_action_resampled_v2/custom_mujoco_action_resampled_v2_halfcheetah__inr_transformer_history_conditioned__single_shift__s0,custom_mujoco_action_resampled_v2_halfcheetah,inr_transformer_history_conditioned,single_shift,0,1.0,1.0,nan,0.14790982007980347,0.14601361890337983,0.00048359110951423645,0.3845904576036741,,,1.0,1.0129864679107665,358,58,58,19
outputs/suites/action_resampled_v2/runs/custom_mujoco_action_resampled_v2/custom_mujoco_action_resampled_v2_walker2d__inr_transformer_fitted_latent__conflation__s0,custom_mujoco_action_resampled_v2_walker2d,inr_transformer_fitted_latent,conflation,0,0.6724137931034483,0.6724137931034483,nan,0.0016209366731345654,0.001602932432191859,0.0009756213985383511,0.04026085782909457,,,1.0,1.0112320647964477,269,58,58,19
outputs/suites/action_resampled_v2/runs/custom_mujoco_action_resampled_v2/custom_mujoco_action_resampled_v2_ant__inr_transformer_history_conditioned__new_policy__s0,custom_mujoco_action_resampled_v2_ant,inr_transformer_history_conditioned,new_policy,0,0.6666666666666666,1.0,3.5713586807250977,0.6551516652107239,0.556318546667856,0.0005866768769919872,0.8094143964686592,,,1.0,1.1776556239852904,358,117,117,0
outputs/suites/action_resampled_v2/runs/custom_mujoco_action_resampled_v2/custom_mujoco_action_resampled_v2_halfcheetah__cvae__single_shift__s0,custom_mujoco_action_resampled_v2_halfcheetah,cvae,single_shift,0,1.0,1.0,nan,0.22804881632328033,0.22512523468711237,0.007786156143993139,0.4775445699861745,,,1.0,1.0129864679107665,358,58,58,19
outputs/suites/action_resampled_v2/runs/custom_mujoco_action_resampled_v2/custom_mujoco_action_resampled_v2_hopper__inr_transformer_history_conditioned__no_shift__s0,custom_mujoco_action_resampled_v2_hopper,inr_transformer_history_conditioned,no_shift,0,1.0,1.0,nan,0.004399589728564024,0.00441353920104746,0.0006225851248018444,0.0663294031977073,,,1.0,0.996839390827179,358,78,78,0
outputs/suites/action_resampled_v2/runs/custom_mujoco_action_resampled_v2/custom_mujoco_action_resampled_v2_halfcheetah__inr_transformer_history_conditioned__single_shift__s1,custom_mujoco_action_resampled_v2_halfcheetah,inr_transformer_history_conditioned,single_shift,1,1.0,1.0,nan,0.15950588881969452,0.15717449764646071,0.00031797357951290905,0.3993818834395152,,,1.0,1.0148331390151977,358,58,58,19
outputs/suites/action_resampled_v2/runs/custom_mujoco_action_resampled_v2/custom_mujoco_action_resampled_v2_humanoid__inr_transformer_fitted_latent__single_shift__s1,custom_mujoco_action_resampled_v2_humanoid,inr_transformer_fitted_latent,single_shift,1,1.0,1.0,nan,0.6331696510314941,0.5683539237278215,0.48085862398147583,0.7957195806510571,,,1.0,1.1140411363372802,358,58,58,19
outputs/suites/action_resampled_v2/runs/custom_mujoco_action_resampled_v2/custom_mujoco_action_resampled_v2_ant__inr_transformer_fitted_latent__conflation__s1,custom_mujoco_action_resampled_v2_ant,inr_transformer_fitted_latent,conflation,1,0.6724137931034483,0.6724137931034483,nan,0.00014856267080176622,0.00015086292284078012,9.544143540551886e-05,0.012188628749853948,,,1.0,0.9847527013549805,269,58,58,19
outputs/suites/action_resampled_v2/runs/custom_mujoco_action_resampled_v2/custom_mujoco_action_resampled_v2_walker2d__inr_diffusion_history_conditioned__specialization__s1,custom_mujoco_action_resampled_v2_walker2d,inr_diffusion_history_conditioned,specialization,1,1.0,1.0,nan,0.8717277646064758,0.7501578476946547,0.6999432444572449,0.9336636249776875,,,1.0,1.162059115005493,358,38,38,38
outputs/suites/action_resampled_v2/runs/custom_mujoco_action_resampled_v2/custom_mujoco_action_resampled_v2_ant__inr_transformer_fitted_latent__no_shift__s0,custom_mujoco_action_resampled_v2_ant,inr_transformer_fitted_latent,no_shift,0,1.0,1.0,nan,0.2531152367591858,0.2514576076855382,0.20268015563488007,0.5031055920571603,,,1.0,1.0065920816192626,358,78,78,0
outputs/suites/action_resampled_v2/runs/custom_mujoco_action_resampled_v2/custom_mujoco_action_resampled_v2_halfcheetah__inr_transformer_history_conditioned__novel_generalization__s0,custom_mujoco_action_resampled_v2_halfcheetah,inr_transformer_history_conditioned,novel_generalization,0,0.6666666666666666,1.0,1.0014309883117676,0.610331118106842,0.5112958019615405,0.4570375978946686,0.7812369154788079,,,1.0,1.1936947570571899,180,117,117,0
outputs/suites/action_resampled_v2/runs/custom_mujoco_action_resampled_v2/custom_mujoco_action_resampled_v2_halfcheetah__inr_transformer_fitted_latent__specialization__s1,custom_mujoco_action_resampled_v2_halfcheetah,inr_transformer_fitted_latent,specialization,1,1.0,1.0,nan,0.7870866060256958,0.8480508682555479,0.7517085075378418,0.8871790157717302,,,1.0,0.9281124935874939,358,38,38,38
outputs/suites/action_resampled_v2/runs/custom_mujoco_action_resampled_v2/custom_mujoco_action_resampled_v2_hopper__cvae__novel_generalization__s0,custom_mujoco_action_resampled_v2_hopper,cvae,novel_generalization,0,0.6581196581196581,0.9871794871794872,2.821594476699829,0.7470053434371948,0.6851047674078552,0.5077134966850281,0.8642947086712928,,,1.0,1.0903519855270385,180,117,117,0
outputs/suites/action_resampled_v2/runs/custom_mujoco_action_resampled_v2/custom_mujoco_action_resampled_v2_walker2d__inr_diffusion_history_conditioned__generalization__s0,custom_mujoco_action_resampled_v2_walker2d,inr_diffusion_history_conditioned,generalization,0,1.0,1.0,nan,0.9114782214164734,0.9704157270238077,0.6896557807922363,0.9547136855709535,,,1.0,0.939265714717865,180,78,78,0
outputs/suites/action_resampled_v2/runs/custom_mujoco_action_resampled_v2/custom_mujoco_action_resampled_v2_humanoid__cvae__no_shift__s1,custom_mujoco_action_resampled_v2_humanoid,cvae,no_shift,1,1.0,1.0,nan,0.005095507483929396,0.005100882609340283,0.003963930532336235,0.07138282345164974,,,1.0,0.9989462362060547,358,78,78,0
outputs/suites/action_resampled_v2/runs/custom_mujoco_action_resampled_v2/custom_mujoco_action_resampled_v2_halfcheetah__inr_diffusion_history_conditioned__novel_generalization__s1,custom_mujoco_action_resampled_v2_halfcheetah,inr_diffusion_history_conditioned,novel_generalization,1,0.6666666666666666,1.0,1.5360361337661743,1.3765535354614258,1.1569357428069047,1.14888596534729,1.1732661826974413,,,1.0,1.1898271308670043,180,117,117,0
outputs/suites/action_resampled_v2/runs/custom_mujoco_action_resampled_v2/custom_mujoco_action_resampled_v2_halfcheetah__inr_transformer_fitted_latent__conflation__s1,custom_mujoco_action_resampled_v2_halfcheetah,inr_transformer_fitted_latent,conflation,1,0.6724137931034483,0.6724137931034483,nan,0.000251447141636163,0.00024995338838804755,0.0001683688024058938,0.015857084903479673,,,1.0,1.0059761272201537,269,58,58,19
outputs/suites/action_resampled_v2/runs/custom_mujoco_action_resampled_v2/custom_mujoco_action_resampled_v2_hopper__inr_transformer_history_conditioned__new_policy__s1,custom_mujoco_action_resampled_v2_hopper,inr_transformer_history_conditioned,new_policy,1,0.6666666666666666,1.0,3.725647449493408,0.3084847927093506,0.2903706406424352,0.0019286576425656676,0.5554140732006623,,,1.0,1.062382863594055,358,117,117,0
outputs/suites/action_resampled_v2/runs/custom_mujoco_action_resampled_v2/custom_mujoco_action_resampled_v2_walker2d__inr_transformer_history_conditioned__conflation__s0,custom_mujoco_action_resampled_v2_walker2d,inr_transformer_history_conditioned,conflation,0,1.0,1.0,nan,0.0012490677181631327,0.0012351939397951739,0.0005838323850184679,0.03534215214390789,,,1.0,1.0112320647964477,269,58,58,19
outputs/suites/action_resampled_v2/runs/custom_mujoco_action_resampled_v2/custom_mujoco_action_resampled_v2_walker2d__inr_transformer_history_conditioned__novel_generalization__s1,custom_mujoco_action_resampled_v2_walker2d,inr_transformer_history_conditioned,novel_generalization,1,0.5811965811965812,0.8717948717948718,1.7432174682617188,0.7881878018379211,0.8045752900274711,0.6159108877182007,0.8877994153174021,,,1.0,0.9796321259269715,180,117,117,0
outputs/suites/action_resampled_v2/runs/custom_mujoco_action_resampled_v2/custom_mujoco_action_resampled_v2_halfcheetah__inr_transformer_fitted_latent__single_shift__s1,custom_mujoco_action_resampled_v2_halfcheetah,inr_transformer_fitted_latent,single_shift,1,1.0,1.0,nan,0.37896043062210083,0.37342141880570345,0.3000781536102295,0.6155976207086093,,,1.0,1.0148331390151977,358,58,58,19
outputs/suites/action_resampled_v2/runs/custom_mujoco_action_resampled_v2/custom_mujoco_action_resampled_v2_hopper__inr_transformer_history_conditioned__single_shift__s1,custom_mujoco_action_resampled_v2_hopper,inr_transformer_history_conditioned,single_shift,1,1.0,1.0,nan,0.19158102571964264,0.19521941428348902,0.00202678213827312,0.4376996981032117,,,1.0,0.9813625679740906,358,58,58,19
outputs/suites/action_resampled_v2/runs/custom_mujoco_action_resampled_v2/custom_mujoco_action_resampled_v2_walker2d__inr_diffusion_history_conditioned__novel_generalization__s0,custom_mujoco_action_resampled_v2_walker2d,inr_diffusion_history_conditioned,novel_generalization,0,0.6666666666666666,1.0,3.154005289077759,1.013991355895996,1.0326886597067337,0.8065909743309021,1.0069713778931335,,,1.0,0.981894539428711,180,117,117,0
outputs/suites/action_resampled_v2/runs/custom_mujoco_action_resampled_v2/custom_mujoco_action_resampled_v2_hopper__cvae__new_policy__s1,custom_mujoco_action_resampled_v2_hopper,cvae,new_policy,1,0.6666666666666666,1.0,1.906508207321167,0.30500346422195435,0.28709373491786533,0.009110272862017155,0.5522711872096483,,,1.0,1.062382863594055,358,117,117,0
outputs/suites/action_resampled_v2/runs/custom_mujoco_action_resampled_v2/custom_mujoco_action_resampled_v2_ant__cvae__conflation__s0,custom_mujoco_action_resampled_v2_ant,cvae,conflation,0,1.0,1.0,nan,0.01690584607422352,0.016907829619973065,0.01276459265500307,0.130022482956693,,,1.0,0.9998826847801209,269,58,58,19
outputs/suites/action_resampled_v2/runs/custom_mujoco_action_resampled_v2/custom_mujoco_action_resampled_v2_humanoid__inr_diffusion_history_conditioned__novel_generalization__s0,custom_mujoco_action_resampled_v2_humanoid,inr_diffusion_history_conditioned,novel_generalization,0,0.6666666666666666,1.0,0.14055262506008148,0.5964932441711426,0.719824344836622,0.5541471838951111,0.7723297509297066,,,1.0,0.8286650048027039,180,117,117,0
outputs/suites/action_resampled_v2/runs/custom_mujoco_action_resampled_v2/custom_mujoco_action_resampled_v2_hopper__inr_diffusion_history_conditioned__conflation__s0,custom_mujoco_action_resampled_v2_hopper,inr_diffusion_history_conditioned,conflation,0,1.0,1.0,nan,0.2879077196121216,0.2832631754537878,0.10594593733549118,0.5365703305365678,,,1.0,1.0163965688476562,269,58,58,19
outputs/suites/action_resampled_v2/runs/custom_mujoco_action_resampled_v2/custom_mujoco_action_resampled_v2_humanoid__inr_transformer_history_conditioned__conflation__s1,custom_mujoco_action_resampled_v2_humanoid,inr_transformer_history_conditioned,conflation,1,1.0,1.0,nan,0.0004496042674873024,0.0004521573923312065,0.00025884868227876723,0.02120387387925382,,,1.0,0.9943534599075318,269,58,58,19
outputs/suites/action_resampled_v2/runs/custom_mujoco_action_resampled_v2/custom_mujoco_action_resampled_v2_hopper__inr_diffusion_history_conditioned__new_policy__s1,custom_mujoco_action_resampled_v2_hopper,inr_diffusion_history_conditioned,new_policy,1,0.6666666666666666,1.0,1.660250186920166,0.43450644612312317,0.40899233319067496,0.16090942919254303,0.6591710294931985,,,1.0,1.062382863594055,358,117,117,0
outputs/suites/action_resampled_v2/runs/custom_mujoco_action_resampled_v2/custom_mujoco_action_resampled_v2_hopper__inr_diffusion_history_conditioned__novel_generalization__s0,custom_mujoco_action_resampled_v2_hopper,inr_diffusion_history_conditioned,novel_generalization,0,0.6410256410256411,0.9615384615384616,4.943222999572754,1.0404963493347168,0.9542756496488396,0.767030656337738,1.0200472289726181,,,1.0,1.0903519855270385,180,117,117,0
outputs/suites/action_resampled_v2/runs/custom_mujoco_action_resampled_v2/custom_mujoco_action_resampled_v2_walker2d__cvae__novel_generalization__s1,custom_mujoco_action_resampled_v2_walker2d,cvae,novel_generalization,1,0.6239316239316239,0.9358974358974359,2.272075653076172,0.7041247487068176,0.7187644525648273,0.5465090870857239,0.8391214147588045,,,1.0,0.9796321259269715,180,117,117,0
outputs/suites/action_resampled_v2/runs/custom_mujoco_action_resampled_v2/custom_mujoco_action_resampled_v2_ant__inr_transformer_fitted_latent__single_shift__s0,custom_mujoco_action_resampled_v2_ant,inr_transformer_fitted_latent,single_shift,0,1.0,1.0,nan,0.8471096158027649,0.5453800099144412,0.3401610553264618,0.9203855799624225,,,1.0,1.5532465444335937,358,58,58,19
outputs/suites/action_resampled_v2/runs/custom_mujoco_action_resampled_v2/custom_mujoco_action_resampled_v2_walker2d__inr_transformer_history_conditioned__generalization__s1,custom_mujoco_action_resampled_v2_walker2d,inr_transformer_history_conditioned,generalization,1,0.8717948717948718,0.8717948717948718,nan,0.6792017221450806,0.7226606583798961,0.4748764932155609,0.8241369559394122,,,1.0,0.9398625956306458,180,78,78,0
outputs/suites/action_resampled_v2/runs/custom_mujoco_action_resampled_v2/custom_mujoco_action_resampled_v2_ant__inr_transformer_fitted_latent__new_policy__s0,custom_mujoco_action_resampled_v2_ant,inr_transformer_fitted_latent,new_policy,0,0.6666666666666666,1.0,0.2585603892803192,0.795268714427948,0.6752981926385988,0.32872048020362854,0.8917783998437886,,,1.0,1.1776556239852904,358,117,117,0
outputs/suites/action_resampled_v2/runs/custom_mujoco_action_resampled_v2/custom_mujoco_action_resampled_v2_ant__cvae__single_shift__s0,custom_mujoco_action_resampled_v2_ant,cvae,single_shift,0,0.9655172413793104,0.9655172413793104,nan,0.6385398507118225,0.41110012637734356,0.010992363095283508,0.7990868855836782,,,1.0,1.5532465444335937,358,58,58,19
outputs/suites/action_resampled_v2/runs/custom_mujoco_action_resampled_v2/custom_mujoco_action_resampled_v2_hopper__inr_diffusion_history_conditioned__no_shift__s0,custom_mujoco_action_resampled_v2_hopper,inr_diffusion_history_conditioned,no_shift,0,1.0,1.0,nan,0.18088257312774658,0.18145608489412715,0.05153729394078255,0.4253029192560834,,,1.0,0.996839390827179,358,78,78,0
outputs/suites/action_resampled_v2/runs/custom_mujoco_action_resampled_v2/custom_mujoco_action_resampled_v2_halfcheetah__cvae__generalization__s0,custom_mujoco_action_resampled_v2_halfcheetah,cvae,generalization,0,1.0,1.0,nan,0.6493560075759888,0.5634865935409573,0.43957027792930603,0.8058262887099109,,,1.0,1.1523894534835815,180,78,78,0
outputs/suites/action_resampled_v2/runs/custom_mujoco_action_resampled_v2/custom_mujoco_action_resampled_v2_humanoid__cvae__new_policy__s1,custom_mujoco_action_resampled_v2_humanoid,cvae,new_policy,1,0.6666666666666666,1.0,0.27904099225997925,0.43712013959884644,0.41551966665836426,0.006185546051710844,0.6611506179372795,,,1.0,1.0519842372665404,358,117,117,0
outputs/suites/action_resampled_v2/runs/custom_mujoco_action_resampled_v2/custom_mujoco_action_resampled_v2_humanoid__inr_transformer_fitted_latent__conflation__s0,custom_mujoco_action_resampled_v2_humanoid,inr_transformer_fitted_latent,conflation,0,0.6724137931034483,0.6724137931034483,nan,0.0007771191885694861,0.0007822491899593401,0.0005308693507686257,0.02787685758060772,,,1.0,0.9934419856796265,269,58,58,19
outputs/suites/action_resampled_v2/runs/custom_mujoco_action_resampled_v2/custom_mujoco_action_resampled_v2_humanoid__cvae__conflation__s1,custom_mujoco_action_resampled_v2_humanoid,cvae,conflation,1,1.0,1.0,nan,0.009429220110177994,0.009482764922500343,0.005982918199151754,0.09710417143551554,,,1.0,0.9943534599075318,269,58,58,19
outputs/suites/action_resampled_v2/runs/custom_mujoco_action_resampled_v2/custom_mujoco_action_resampled_v2_humanoid__inr_transformer_fitted_latent__conflation__s1,custom_mujoco_action_resampled_v2_humanoid,inr_transformer_fitted_latent,conflation,1,0.6724137931034483,0.6724137931034483,nan,0.0007582587422803044,0.0007625645938324762,0.0005083197611384094,0.027536498366355598,,,1.0,0.9943534599075318,269,58,58,19
outputs/suites/action_resampled_v2/runs/custom_mujoco_action_resampled_v2/custom_mujoco_action_resampled_v2_hopper__cvae__generalization__s0,custom_mujoco_action_resampled_v2_hopper,cvae,generalization,0,0.9871794871794872,0.9871794871794872,nan,0.5355162620544434,0.5163837835183973,0.3396824300289154,0.731789766295241,,,1.0,1.037050889564514,180,78,78,0
outputs/suites/action_resampled_v2/runs/custom_mujoco_action_resampled_v2/custom_mujoco_action_resampled_v2_hopper__cvae__single_shift__s1,custom_mujoco_action_resampled_v2_hopper,cvae,single_shift,1,1.0,1.0,nan,0.3351002633571625,0.3414642806775667,0.009632039815187454,0.5788784530081963,,,1.0,0.9813625679740906,358,58,58,19
outputs/suites/action_resampled_v2/runs/custom_mujoco_action_resampled_v2/custom_mujoco_action_resampled_v2_humanoid__inr_transformer_fitted_latent__specialization__s1,custom_mujoco_action_resampled_v2_humanoid,inr_transformer_fitted_latent,specialization,1,1.0,1.0,nan,1.0878909826278687,0.7990764269343738,0.9559435248374939,1.043020125706052,,,1.0,1.3614354596862792,358,38,38,38
outputs/suites/action_resampled_v2/runs/custom_mujoco_action_resampled_v2/custom_mujoco_action_resampled_v2_halfcheetah__inr_transformer_fitted_latent__new_policy__s1,custom_mujoco_action_resampled_v2_halfcheetah,inr_transformer_fitted_latent,new_policy,1,0.6666666666666666,1.0,0.18405111134052277,0.3025202453136444,0.29111926863847726,0.2318967580795288,0.5500184045226527,,,1.0,1.0391625629196166,358,117,117,0
outputs/suites/action_resampled_v2/runs/custom_mujoco_action_resampled_v2/custom_mujoco_action_resampled_v2_walker2d__cvae__generalization__s0,custom_mujoco_action_resampled_v2_walker2d,cvae,generalization,0,0.9743589743589743,0.9743589743589743,nan,0.6498801708221436,0.6919023665389015,0.4231511652469635,0.8061514565031459,,,1.0,0.939265714717865,180,78,78,0
outputs/suites/action_resampled_v2/runs/custom_mujoco_action_resampled_v2/custom_mujoco_action_resampled_v2_humanoid__cvae__no_shift__s0,custom_mujoco_action_resampled_v2_humanoid,cvae,no_shift,0,1.0,1.0,nan,0.004690266214311123,0.004707772387250648,0.0036951955407857895,0.06848551828168582,,,1.0,0.9962814317474366,358,78,78,0
outputs/suites/action_resampled_v2/runs/custom_mujoco_action_resampled_v2/custom_mujoco_action_resampled_v2_ant__inr_transformer_history_conditioned__new_policy__s1,custom_mujoco_action_resampled_v2_ant,inr_transformer_history_conditioned,new_policy,1,0.6666666666666666,1.0,4.662631511688232,0.6505527496337891,0.5544345652300366,0.0007000166806392372,0.8065685027533551,,,1.0,1.1733625398406982,358,117,117,0
outputs/suites/action_resampled_v2/runs/custom_mujoco_action_resampled_v2/custom_mujoco_action_resampled_v2_hopper__inr_transformer_history_conditioned__specialization__s1,custom_mujoco_action_resampled_v2_hopper,inr_transformer_history_conditioned,specialization,1,1.0,1.0,nan,0.5171948075294495,0.5182780655688821,0.32270416617393494,0.7191625737824859,,,1.0,0.997909890247345,358,38,38,38
outputs/suites/action_resampled_v2/runs/custom_mujoco_action_resampled_v2/custom_mujoco_action_resampled_v2_humanoid__inr_diffusion_history_conditioned__novel_generalization__s1,custom_mujoco_action_resampled_v2_humanoid,inr_diffusion_history_conditioned,novel_generalization,1,0.6666666666666666,1.0,0.1160811185836792,0.5871601700782776,0.709973932186177,0.5269361138343811,0.766263773173623,,,1.0,0.8270165191421509,180,117,117,0
