[2026-05-07T01:47:00+00:00] REEVAL_START /mnt/data/INR/outputs/_archive/mujoco_suites/action_resampled_v1
[launcher] 280 runs across 4 GPUs
[gpu0] START /mnt/data/INR/outputs/_archive/mujoco_suites/action_resampled_v1/runs/custom_mujoco_action_resampled/custom_mujoco_action_resampled_ant__cvae__conflation__s0
[gpu1] START /mnt/data/INR/outputs/_archive/mujoco_suites/action_resampled_v1/runs/custom_mujoco_action_resampled/custom_mujoco_action_resampled_ant__cvae__conflation__s1
[gpu3] START /mnt/data/INR/outputs/_archive/mujoco_suites/action_resampled_v1/runs/custom_mujoco_action_resampled/custom_mujoco_action_resampled_ant__cvae__generalization__s1
[gpu2] START /mnt/data/INR/outputs/_archive/mujoco_suites/action_resampled_v1/runs/custom_mujoco_action_resampled/custom_mujoco_action_resampled_ant__cvae__generalization__s0
[gpu2] OK /mnt/data/INR/outputs/_archive/mujoco_suites/action_resampled_v1/runs/custom_mujoco_action_resampled/custom_mujoco_action_resampled_ant__cvae__generalization__s0 (15.4s)
[gpu2] START /mnt/data/INR/outputs/_archive/mujoco_suites/action_resampled_v1/runs/custom_mujoco_action_resampled/custom_mujoco_action_resampled_ant__cvae__new_policy__s0
[gpu3] OK /mnt/data/INR/outputs/_archive/mujoco_suites/action_resampled_v1/runs/custom_mujoco_action_resampled/custom_mujoco_action_resampled_ant__cvae__generalization__s1 (15.4s)
[gpu3] START /mnt/data/INR/outputs/_archive/mujoco_suites/action_resampled_v1/runs/custom_mujoco_action_resampled/custom_mujoco_action_resampled_ant__cvae__new_policy__s1
[gpu0] OK /mnt/data/INR/outputs/_archive/mujoco_suites/action_resampled_v1/runs/custom_mujoco_action_resampled/custom_mujoco_action_resampled_ant__cvae__conflation__s0 (15.8s)
[gpu0] START /mnt/data/INR/outputs/_archive/mujoco_suites/action_resampled_v1/runs/custom_mujoco_action_resampled/custom_mujoco_action_resampled_ant__cvae__no_shift__s0
[gpu1] OK /mnt/data/INR/outputs/_archive/mujoco_suites/action_resampled_v1/runs/custom_mujoco_action_resampled/custom_mujoco_action_resampled_ant__cvae__conflation__s1 (15.9s)
[gpu1] START /mnt/data/INR/outputs/_archive/mujoco_suites/action_resampled_v1/runs/custom_mujoco_action_resampled/custom_mujoco_action_resampled_ant__cvae__no_shift__s1
[gpu3] OK /mnt/data/INR/outputs/_archive/mujoco_suites/action_resampled_v1/runs/custom_mujoco_action_resampled/custom_mujoco_action_resampled_ant__cvae__new_policy__s1 (7.6s)
[gpu3] START /mnt/data/INR/outputs/_archive/mujoco_suites/action_resampled_v1/runs/custom_mujoco_action_resampled/custom_mujoco_action_resampled_ant__cvae__novel_generalization__s0
[gpu2] OK /mnt/data/INR/outputs/_archive/mujoco_suites/action_resampled_v1/runs/custom_mujoco_action_resampled/custom_mujoco_action_resampled_ant__cvae__new_policy__s0 (7.8s)
[gpu2] START /mnt/data/INR/outputs/_archive/mujoco_suites/action_resampled_v1/runs/custom_mujoco_action_resampled/custom_mujoco_action_resampled_ant__cvae__novel_generalization__s1
[gpu0] OK /mnt/data/INR/outputs/_archive/mujoco_suites/action_resampled_v1/runs/custom_mujoco_action_resampled/custom_mujoco_action_resampled_ant__cvae__no_shift__s0 (8.1s)
[gpu0] START /mnt/data/INR/outputs/_archive/mujoco_suites/action_resampled_v1/runs/custom_mujoco_action_resampled/custom_mujoco_action_resampled_ant__cvae__single_shift__s0
[gpu1] OK /mnt/data/INR/outputs/_archive/mujoco_suites/action_resampled_v1/runs/custom_mujoco_action_resampled/custom_mujoco_action_resampled_ant__cvae__no_shift__s1 (8.1s)
[gpu1] START /mnt/data/INR/outputs/_archive/mujoco_suites/action_resampled_v1/runs/custom_mujoco_action_resampled/custom_mujoco_action_resampled_ant__cvae__single_shift__s1
[gpu3] OK /mnt/data/INR/outputs/_archive/mujoco_suites/action_resampled_v1/runs/custom_mujoco_action_resampled/custom_mujoco_action_resampled_ant__cvae__novel_generalization__s0 (7.3s)
[gpu3] START /mnt/data/INR/outputs/_archive/mujoco_suites/action_resampled_v1/runs/custom_mujoco_action_resampled/custom_mujoco_action_resampled_ant__cvae__specialization__s0
[gpu2] OK /mnt/data/INR/outputs/_archive/mujoco_suites/action_resampled_v1/runs/custom_mujoco_action_resampled/custom_mujoco_action_resampled_ant__cvae__novel_generalization__s1 (7.6s)
[gpu2] START /mnt/data/INR/outputs/_archive/mujoco_suites/action_resampled_v1/runs/custom_mujoco_action_resampled/custom_mujoco_action_resampled_ant__cvae__specialization__s1
[gpu1] OK /mnt/data/INR/outputs/_archive/mujoco_suites/action_resampled_v1/runs/custom_mujoco_action_resampled/custom_mujoco_action_resampled_ant__cvae__single_shift__s1 (7.8s)
[gpu1] START /mnt/data/INR/outputs/_archive/mujoco_suites/action_resampled_v1/runs/custom_mujoco_action_resampled/custom_mujoco_action_resampled_ant__inr_diffusion_history_conditioned__conflation__s0
[gpu0] OK /mnt/data/INR/outputs/_archive/mujoco_suites/action_resampled_v1/runs/custom_mujoco_action_resampled/custom_mujoco_action_resampled_ant__cvae__single_shift__s0 (8.0s)
[gpu0] START /mnt/data/INR/outputs/_archive/mujoco_suites/action_resampled_v1/runs/custom_mujoco_action_resampled/custom_mujoco_action_resampled_ant__inr_diffusion_history_conditioned__conflation__s1
[gpu3] OK /mnt/data/INR/outputs/_archive/mujoco_suites/action_resampled_v1/runs/custom_mujoco_action_resampled/custom_mujoco_action_resampled_ant__cvae__specialization__s0 (7.0s)
[gpu3] START /mnt/data/INR/outputs/_archive/mujoco_suites/action_resampled_v1/runs/custom_mujoco_action_resampled/custom_mujoco_action_resampled_ant__inr_diffusion_history_conditioned__generalization__s0
[gpu2] OK /mnt/data/INR/outputs/_archive/mujoco_suites/action_resampled_v1/runs/custom_mujoco_action_resampled/custom_mujoco_action_resampled_ant__cvae__specialization__s1 (7.6s)
[gpu2] START /mnt/data/INR/outputs/_archive/mujoco_suites/action_resampled_v1/runs/custom_mujoco_action_resampled/custom_mujoco_action_resampled_ant__inr_diffusion_history_conditioned__generalization__s1
[gpu0] OK /mnt/data/INR/outputs/_archive/mujoco_suites/action_resampled_v1/runs/custom_mujoco_action_resampled/custom_mujoco_action_resampled_ant__inr_diffusion_history_conditioned__conflation__s1 (7.8s)
[gpu0] START /mnt/data/INR/outputs/_archive/mujoco_suites/action_resampled_v1/runs/custom_mujoco_action_resampled/custom_mujoco_action_resampled_ant__inr_diffusion_history_conditioned__new_policy__s0
[gpu1] OK /mnt/data/INR/outputs/_archive/mujoco_suites/action_resampled_v1/runs/custom_mujoco_action_resampled/custom_mujoco_action_resampled_ant__inr_diffusion_history_conditioned__conflation__s0 (8.0s)
[gpu1] START /mnt/data/INR/outputs/_archive/mujoco_suites/action_resampled_v1/runs/custom_mujoco_action_resampled/custom_mujoco_action_resampled_ant__inr_diffusion_history_conditioned__new_policy__s1
[gpu3] OK /mnt/data/INR/outputs/_archive/mujoco_suites/action_resampled_v1/runs/custom_mujoco_action_resampled/custom_mujoco_action_resampled_ant__inr_diffusion_history_conditioned__generalization__s0 (7.4s)
[gpu3] START /mnt/data/INR/outputs/_archive/mujoco_suites/action_resampled_v1/runs/custom_mujoco_action_resampled/custom_mujoco_action_resampled_ant__inr_diffusion_history_conditioned__no_shift__s0
[gpu2] OK /mnt/data/INR/outputs/_archive/mujoco_suites/action_resampled_v1/runs/custom_mujoco_action_resampled/custom_mujoco_action_resampled_ant__inr_diffusion_history_conditioned__generalization__s1 (7.5s)
[gpu2] START /mnt/data/INR/outputs/_archive/mujoco_suites/action_resampled_v1/runs/custom_mujoco_action_resampled/custom_mujoco_action_resampled_ant__inr_diffusion_history_conditioned__no_shift__s1
[gpu0] OK /mnt/data/INR/outputs/_archive/mujoco_suites/action_resampled_v1/runs/custom_mujoco_action_resampled/custom_mujoco_action_resampled_ant__inr_diffusion_history_conditioned__new_policy__s0 (7.9s)
[gpu0] START /mnt/data/INR/outputs/_archive/mujoco_suites/action_resampled_v1/runs/custom_mujoco_action_resampled/custom_mujoco_action_resampled_ant__inr_diffusion_history_conditioned__novel_generalization__s0
[gpu1] OK /mnt/data/INR/outputs/_archive/mujoco_suites/action_resampled_v1/runs/custom_mujoco_action_resampled/custom_mujoco_action_resampled_ant__inr_diffusion_history_conditioned__new_policy__s1 (8.0s)
[gpu1] START /mnt/data/INR/outputs/_archive/mujoco_suites/action_resampled_v1/runs/custom_mujoco_action_resampled/custom_mujoco_action_resampled_ant__inr_diffusion_history_conditioned__novel_generalization__s1
[gpu3] OK /mnt/data/INR/outputs/_archive/mujoco_suites/action_resampled_v1/runs/custom_mujoco_action_resampled/custom_mujoco_action_resampled_ant__inr_diffusion_history_conditioned__no_shift__s0 (7.4s)
[gpu3] START /mnt/data/INR/outputs/_archive/mujoco_suites/action_resampled_v1/runs/custom_mujoco_action_resampled/custom_mujoco_action_resampled_ant__inr_diffusion_history_conditioned__single_shift__s0
[gpu2] OK /mnt/data/INR/outputs/_archive/mujoco_suites/action_resampled_v1/runs/custom_mujoco_action_resampled/custom_mujoco_action_resampled_ant__inr_diffusion_history_conditioned__no_shift__s1 (7.6s)
[gpu2] START /mnt/data/INR/outputs/_archive/mujoco_suites/action_resampled_v1/runs/custom_mujoco_action_resampled/custom_mujoco_action_resampled_ant__inr_diffusion_history_conditioned__single_shift__s1
[gpu0] OK /mnt/data/INR/outputs/_archive/mujoco_suites/action_resampled_v1/runs/custom_mujoco_action_resampled/custom_mujoco_action_resampled_ant__inr_diffusion_history_conditioned__novel_generalization__s0 (7.6s)
[gpu0] START /mnt/data/INR/outputs/_archive/mujoco_suites/action_resampled_v1/runs/custom_mujoco_action_resampled/custom_mujoco_action_resampled_ant__inr_diffusion_history_conditioned__specialization__s0
[gpu1] OK /mnt/data/INR/outputs/_archive/mujoco_suites/action_resampled_v1/runs/custom_mujoco_action_resampled/custom_mujoco_action_resampled_ant__inr_diffusion_history_conditioned__novel_generalization__s1 (7.7s)
[gpu1] START /mnt/data/INR/outputs/_archive/mujoco_suites/action_resampled_v1/runs/custom_mujoco_action_resampled/custom_mujoco_action_resampled_ant__inr_diffusion_history_conditioned__specialization__s1
[gpu3] OK /mnt/data/INR/outputs/_archive/mujoco_suites/action_resampled_v1/runs/custom_mujoco_action_resampled/custom_mujoco_action_resampled_ant__inr_diffusion_history_conditioned__single_shift__s0 (7.5s)
[gpu3] START /mnt/data/INR/outputs/_archive/mujoco_suites/action_resampled_v1/runs/custom_mujoco_action_resampled/custom_mujoco_action_resampled_ant__inr_transformer_fitted_latent__conflation__s0
[gpu2] OK /mnt/data/INR/outputs/_archive/mujoco_suites/action_resampled_v1/runs/custom_mujoco_action_resampled/custom_mujoco_action_resampled_ant__inr_diffusion_history_conditioned__single_shift__s1 (7.7s)
[gpu2] START /mnt/data/INR/outputs/_archive/mujoco_suites/action_resampled_v1/runs/custom_mujoco_action_resampled/custom_mujoco_action_resampled_ant__inr_transformer_fitted_latent__conflation__s1
[gpu0] OK /mnt/data/INR/outputs/_archive/mujoco_suites/action_resampled_v1/runs/custom_mujoco_action_resampled/custom_mujoco_action_resampled_ant__inr_diffusion_history_conditioned__specialization__s0 (7.8s)
[gpu0] START /mnt/data/INR/outputs/_archive/mujoco_suites/action_resampled_v1/runs/custom_mujoco_action_resampled/custom_mujoco_action_resampled_ant__inr_transformer_fitted_latent__generalization__s0
[gpu1] OK /mnt/data/INR/outputs/_archive/mujoco_suites/action_resampled_v1/runs/custom_mujoco_action_resampled/custom_mujoco_action_resampled_ant__inr_diffusion_history_conditioned__specialization__s1 (7.8s)
[gpu1] START /mnt/data/INR/outputs/_archive/mujoco_suites/action_resampled_v1/runs/custom_mujoco_action_resampled/custom_mujoco_action_resampled_ant__inr_transformer_fitted_latent__generalization__s1
[gpu3] OK /mnt/data/INR/outputs/_archive/mujoco_suites/action_resampled_v1/runs/custom_mujoco_action_resampled/custom_mujoco_action_resampled_ant__inr_transformer_fitted_latent__conflation__s0 (10.1s)
[gpu3] START /mnt/data/INR/outputs/_archive/mujoco_suites/action_resampled_v1/runs/custom_mujoco_action_resampled/custom_mujoco_action_resampled_ant__inr_transformer_fitted_latent__new_policy__s0
[gpu2] OK /mnt/data/INR/outputs/_archive/mujoco_suites/action_resampled_v1/runs/custom_mujoco_action_resampled/custom_mujoco_action_resampled_ant__inr_transformer_fitted_latent__conflation__s1 (10.1s)
[gpu2] START /mnt/data/INR/outputs/_archive/mujoco_suites/action_resampled_v1/runs/custom_mujoco_action_resampled/custom_mujoco_action_resampled_ant__inr_transformer_fitted_latent__new_policy__s1
[gpu0] OK /mnt/data/INR/outputs/_archive/mujoco_suites/action_resampled_v1/runs/custom_mujoco_action_resampled/custom_mujoco_action_resampled_ant__inr_transformer_fitted_latent__generalization__s0 (9.7s)
[gpu0] START /mnt/data/INR/outputs/_archive/mujoco_suites/action_resampled_v1/runs/custom_mujoco_action_resampled/custom_mujoco_action_resampled_ant__inr_transformer_fitted_latent__no_shift__s0
[gpu1] OK /mnt/data/INR/outputs/_archive/mujoco_suites/action_resampled_v1/runs/custom_mujoco_action_resampled/custom_mujoco_action_resampled_ant__inr_transformer_fitted_latent__generalization__s1 (9.8s)
[gpu1] START /mnt/data/INR/outputs/_archive/mujoco_suites/action_resampled_v1/runs/custom_mujoco_action_resampled/custom_mujoco_action_resampled_ant__inr_transformer_fitted_latent__no_shift__s1
[gpu3] OK /mnt/data/INR/outputs/_archive/mujoco_suites/action_resampled_v1/runs/custom_mujoco_action_resampled/custom_mujoco_action_resampled_ant__inr_transformer_fitted_latent__new_policy__s0 (11.7s)
[gpu3] START /mnt/data/INR/outputs/_archive/mujoco_suites/action_resampled_v1/runs/custom_mujoco_action_resampled/custom_mujoco_action_resampled_ant__inr_transformer_fitted_latent__novel_generalization__s0
[gpu2] OK /mnt/data/INR/outputs/_archive/mujoco_suites/action_resampled_v1/runs/custom_mujoco_action_resampled/custom_mujoco_action_resampled_ant__inr_transformer_fitted_latent__new_policy__s1 (11.6s)
[gpu2] START /mnt/data/INR/outputs/_archive/mujoco_suites/action_resampled_v1/runs/custom_mujoco_action_resampled/custom_mujoco_action_resampled_ant__inr_transformer_fitted_latent__novel_generalization__s1
[gpu0] OK /mnt/data/INR/outputs/_archive/mujoco_suites/action_resampled_v1/runs/custom_mujoco_action_resampled/custom_mujoco_action_resampled_ant__inr_transformer_fitted_latent__no_shift__s0 (11.3s)
[gpu0] START /mnt/data/INR/outputs/_archive/mujoco_suites/action_resampled_v1/runs/custom_mujoco_action_resampled/custom_mujoco_action_resampled_ant__inr_transformer_fitted_latent__single_shift__s0
[gpu1] OK /mnt/data/INR/outputs/_archive/mujoco_suites/action_resampled_v1/runs/custom_mujoco_action_resampled/custom_mujoco_action_resampled_ant__inr_transformer_fitted_latent__no_shift__s1 (11.3s)
[gpu1] START /mnt/data/INR/outputs/_archive/mujoco_suites/action_resampled_v1/runs/custom_mujoco_action_resampled/custom_mujoco_action_resampled_ant__inr_transformer_fitted_latent__single_shift__s1
[gpu3] OK /mnt/data/INR/outputs/_archive/mujoco_suites/action_resampled_v1/runs/custom_mujoco_action_resampled/custom_mujoco_action_resampled_ant__inr_transformer_fitted_latent__novel_generalization__s0 (10.0s)
[gpu3] START /mnt/data/INR/outputs/_archive/mujoco_suites/action_resampled_v1/runs/custom_mujoco_action_resampled/custom_mujoco_action_resampled_ant__inr_transformer_fitted_latent__specialization__s0
[gpu2] OK /mnt/data/INR/outputs/_archive/mujoco_suites/action_resampled_v1/runs/custom_mujoco_action_resampled/custom_mujoco_action_resampled_ant__inr_transformer_fitted_latent__novel_generalization__s1 (9.9s)
[gpu2] START /mnt/data/INR/outputs/_archive/mujoco_suites/action_resampled_v1/runs/custom_mujoco_action_resampled/custom_mujoco_action_resampled_ant__inr_transformer_fitted_latent__specialization__s1
[gpu0] OK /mnt/data/INR/outputs/_archive/mujoco_suites/action_resampled_v1/runs/custom_mujoco_action_resampled/custom_mujoco_action_resampled_ant__inr_transformer_fitted_latent__single_shift__s0 (11.2s)
[gpu0] START /mnt/data/INR/outputs/_archive/mujoco_suites/action_resampled_v1/runs/custom_mujoco_action_resampled/custom_mujoco_action_resampled_ant__inr_transformer_history_conditioned__conflation__s0
[gpu1] OK /mnt/data/INR/outputs/_archive/mujoco_suites/action_resampled_v1/runs/custom_mujoco_action_resampled/custom_mujoco_action_resampled_ant__inr_transformer_fitted_latent__single_shift__s1 (11.2s)
[gpu1] START /mnt/data/INR/outputs/_archive/mujoco_suites/action_resampled_v1/runs/custom_mujoco_action_resampled/custom_mujoco_action_resampled_ant__inr_transformer_history_conditioned__conflation__s1
[gpu3] OK /mnt/data/INR/outputs/_archive/mujoco_suites/action_resampled_v1/runs/custom_mujoco_action_resampled/custom_mujoco_action_resampled_ant__inr_transformer_fitted_latent__specialization__s0 (11.0s)
[gpu3] START /mnt/data/INR/outputs/_archive/mujoco_suites/action_resampled_v1/runs/custom_mujoco_action_resampled/custom_mujoco_action_resampled_ant__inr_transformer_history_conditioned__generalization__s0
[gpu0] OK /mnt/data/INR/outputs/_archive/mujoco_suites/action_resampled_v1/runs/custom_mujoco_action_resampled/custom_mujoco_action_resampled_ant__inr_transformer_history_conditioned__conflation__s0 (7.4s)
[gpu0] START /mnt/data/INR/outputs/_archive/mujoco_suites/action_resampled_v1/runs/custom_mujoco_action_resampled/custom_mujoco_action_resampled_ant__inr_transformer_history_conditioned__generalization__s1
[gpu1] OK /mnt/data/INR/outputs/_archive/mujoco_suites/action_resampled_v1/runs/custom_mujoco_action_resampled/custom_mujoco_action_resampled_ant__inr_transformer_history_conditioned__conflation__s1 (7.3s)
[gpu1] START /mnt/data/INR/outputs/_archive/mujoco_suites/action_resampled_v1/runs/custom_mujoco_action_resampled/custom_mujoco_action_resampled_ant__inr_transformer_history_conditioned__new_policy__s0
[gpu2] OK /mnt/data/INR/outputs/_archive/mujoco_suites/action_resampled_v1/runs/custom_mujoco_action_resampled/custom_mujoco_action_resampled_ant__inr_transformer_fitted_latent__specialization__s1 (11.0s)
[gpu2] START /mnt/data/INR/outputs/_archive/mujoco_suites/action_resampled_v1/runs/custom_mujoco_action_resampled/custom_mujoco_action_resampled_ant__inr_transformer_history_conditioned__new_policy__s1
[gpu3] OK /mnt/data/INR/outputs/_archive/mujoco_suites/action_resampled_v1/runs/custom_mujoco_action_resampled/custom_mujoco_action_resampled_ant__inr_transformer_history_conditioned__generalization__s0 (7.5s)
[gpu3] START /mnt/data/INR/outputs/_archive/mujoco_suites/action_resampled_v1/runs/custom_mujoco_action_resampled/custom_mujoco_action_resampled_ant__inr_transformer_history_conditioned__no_shift__s0
[gpu0] OK /mnt/data/INR/outputs/_archive/mujoco_suites/action_resampled_v1/runs/custom_mujoco_action_resampled/custom_mujoco_action_resampled_ant__inr_transformer_history_conditioned__generalization__s1 (7.5s)
[gpu0] START /mnt/data/INR/outputs/_archive/mujoco_suites/action_resampled_v1/runs/custom_mujoco_action_resampled/custom_mujoco_action_resampled_ant__inr_transformer_history_conditioned__no_shift__s1
[gpu1] OK /mnt/data/INR/outputs/_archive/mujoco_suites/action_resampled_v1/runs/custom_mujoco_action_resampled/custom_mujoco_action_resampled_ant__inr_transformer_history_conditioned__new_policy__s0 (7.7s)
[gpu1] START /mnt/data/INR/outputs/_archive/mujoco_suites/action_resampled_v1/runs/custom_mujoco_action_resampled/custom_mujoco_action_resampled_ant__inr_transformer_history_conditioned__novel_generalization__s0
[gpu2] OK /mnt/data/INR/outputs/_archive/mujoco_suites/action_resampled_v1/runs/custom_mujoco_action_resampled/custom_mujoco_action_resampled_ant__inr_transformer_history_conditioned__new_policy__s1 (7.1s)
[gpu2] START /mnt/data/INR/outputs/_archive/mujoco_suites/action_resampled_v1/runs/custom_mujoco_action_resampled/custom_mujoco_action_resampled_ant__inr_transformer_history_conditioned__novel_generalization__s1
[gpu3] OK /mnt/data/INR/outputs/_archive/mujoco_suites/action_resampled_v1/runs/custom_mujoco_action_resampled/custom_mujoco_action_resampled_ant__inr_transformer_history_conditioned__no_shift__s0 (7.8s)
[gpu3] START /mnt/data/INR/outputs/_archive/mujoco_suites/action_resampled_v1/runs/custom_mujoco_action_resampled/custom_mujoco_action_resampled_ant__inr_transformer_history_conditioned__single_shift__s0
[gpu2] OK /mnt/data/INR/outputs/_archive/mujoco_suites/action_resampled_v1/runs/custom_mujoco_action_resampled/custom_mujoco_action_resampled_ant__inr_transformer_history_conditioned__novel_generalization__s1 (7.4s)
[gpu2] START /mnt/data/INR/outputs/_archive/mujoco_suites/action_resampled_v1/runs/custom_mujoco_action_resampled/custom_mujoco_action_resampled_ant__inr_transformer_history_conditioned__single_shift__s1
[gpu0] OK /mnt/data/INR/outputs/_archive/mujoco_suites/action_resampled_v1/runs/custom_mujoco_action_resampled/custom_mujoco_action_resampled_ant__inr_transformer_history_conditioned__no_shift__s1 (8.1s)
[gpu0] START /mnt/data/INR/outputs/_archive/mujoco_suites/action_resampled_v1/runs/custom_mujoco_action_resampled/custom_mujoco_action_resampled_ant__inr_transformer_history_conditioned__specialization__s0
[gpu1] OK /mnt/data/INR/outputs/_archive/mujoco_suites/action_resampled_v1/runs/custom_mujoco_action_resampled/custom_mujoco_action_resampled_ant__inr_transformer_history_conditioned__novel_generalization__s0 (7.8s)
[gpu1] START /mnt/data/INR/outputs/_archive/mujoco_suites/action_resampled_v1/runs/custom_mujoco_action_resampled/custom_mujoco_action_resampled_ant__inr_transformer_history_conditioned__specialization__s1
[gpu3] OK /mnt/data/INR/outputs/_archive/mujoco_suites/action_resampled_v1/runs/custom_mujoco_action_resampled/custom_mujoco_action_resampled_ant__inr_transformer_history_conditioned__single_shift__s0 (7.6s)
[gpu3] START /mnt/data/INR/outputs/_archive/mujoco_suites/action_resampled_v1/runs/custom_mujoco_action_resampled/custom_mujoco_action_resampled_halfcheetah__cvae__conflation__s0
[gpu2] OK /mnt/data/INR/outputs/_archive/mujoco_suites/action_resampled_v1/runs/custom_mujoco_action_resampled/custom_mujoco_action_resampled_ant__inr_transformer_history_conditioned__single_shift__s1 (7.8s)
[gpu2] START /mnt/data/INR/outputs/_archive/mujoco_suites/action_resampled_v1/runs/custom_mujoco_action_resampled/custom_mujoco_action_resampled_halfcheetah__cvae__conflation__s1
[gpu0] OK /mnt/data/INR/outputs/_archive/mujoco_suites/action_resampled_v1/runs/custom_mujoco_action_resampled/custom_mujoco_action_resampled_ant__inr_transformer_history_conditioned__specialization__s0 (8.4s)
[gpu0] START /mnt/data/INR/outputs/_archive/mujoco_suites/action_resampled_v1/runs/custom_mujoco_action_resampled/custom_mujoco_action_resampled_halfcheetah__cvae__generalization__s0
[gpu1] OK /mnt/data/INR/outputs/_archive/mujoco_suites/action_resampled_v1/runs/custom_mujoco_action_resampled/custom_mujoco_action_resampled_ant__inr_transformer_history_conditioned__specialization__s1 (8.3s)
[gpu1] START /mnt/data/INR/outputs/_archive/mujoco_suites/action_resampled_v1/runs/custom_mujoco_action_resampled/custom_mujoco_action_resampled_halfcheetah__cvae__generalization__s1
[gpu3] OK /mnt/data/INR/outputs/_archive/mujoco_suites/action_resampled_v1/runs/custom_mujoco_action_resampled/custom_mujoco_action_resampled_halfcheetah__cvae__conflation__s0 (11.2s)
[gpu3] START /mnt/data/INR/outputs/_archive/mujoco_suites/action_resampled_v1/runs/custom_mujoco_action_resampled/custom_mujoco_action_resampled_halfcheetah__cvae__new_policy__s0
[gpu2] OK /mnt/data/INR/outputs/_archive/mujoco_suites/action_resampled_v1/runs/custom_mujoco_action_resampled/custom_mujoco_action_resampled_halfcheetah__cvae__conflation__s1 (10.7s)
[gpu2] START /mnt/data/INR/outputs/_archive/mujoco_suites/action_resampled_v1/runs/custom_mujoco_action_resampled/custom_mujoco_action_resampled_halfcheetah__cvae__new_policy__s1
[gpu1] OK /mnt/data/INR/outputs/_archive/mujoco_suites/action_resampled_v1/runs/custom_mujoco_action_resampled/custom_mujoco_action_resampled_halfcheetah__cvae__generalization__s1 (10.9s)
[gpu1] START /mnt/data/INR/outputs/_archive/mujoco_suites/action_resampled_v1/runs/custom_mujoco_action_resampled/custom_mujoco_action_resampled_halfcheetah__cvae__no_shift__s0
[gpu0] OK /mnt/data/INR/outputs/_archive/mujoco_suites/action_resampled_v1/runs/custom_mujoco_action_resampled/custom_mujoco_action_resampled_halfcheetah__cvae__generalization__s0 (11.3s)
[gpu0] START /mnt/data/INR/outputs/_archive/mujoco_suites/action_resampled_v1/runs/custom_mujoco_action_resampled/custom_mujoco_action_resampled_halfcheetah__cvae__no_shift__s1
[gpu3] OK /mnt/data/INR/outputs/_archive/mujoco_suites/action_resampled_v1/runs/custom_mujoco_action_resampled/custom_mujoco_action_resampled_halfcheetah__cvae__new_policy__s0 (6.3s)
[gpu3] START /mnt/data/INR/outputs/_archive/mujoco_suites/action_resampled_v1/runs/custom_mujoco_action_resampled/custom_mujoco_action_resampled_halfcheetah__cvae__novel_generalization__s0
[gpu2] OK /mnt/data/INR/outputs/_archive/mujoco_suites/action_resampled_v1/runs/custom_mujoco_action_resampled/custom_mujoco_action_resampled_halfcheetah__cvae__new_policy__s1 (6.0s)
[gpu2] START /mnt/data/INR/outputs/_archive/mujoco_suites/action_resampled_v1/runs/custom_mujoco_action_resampled/custom_mujoco_action_resampled_halfcheetah__cvae__novel_generalization__s1
[gpu1] OK /mnt/data/INR/outputs/_archive/mujoco_suites/action_resampled_v1/runs/custom_mujoco_action_resampled/custom_mujoco_action_resampled_halfcheetah__cvae__no_shift__s0 (6.4s)
[gpu1] START /mnt/data/INR/outputs/_archive/mujoco_suites/action_resampled_v1/runs/custom_mujoco_action_resampled/custom_mujoco_action_resampled_halfcheetah__cvae__single_shift__s0
[gpu0] OK /mnt/data/INR/outputs/_archive/mujoco_suites/action_resampled_v1/runs/custom_mujoco_action_resampled/custom_mujoco_action_resampled_halfcheetah__cvae__no_shift__s1 (6.5s)
[gpu0] START /mnt/data/INR/outputs/_archive/mujoco_suites/action_resampled_v1/runs/custom_mujoco_action_resampled/custom_mujoco_action_resampled_halfcheetah__cvae__single_shift__s1
[gpu2] OK /mnt/data/INR/outputs/_archive/mujoco_suites/action_resampled_v1/runs/custom_mujoco_action_resampled/custom_mujoco_action_resampled_halfcheetah__cvae__novel_generalization__s1 (5.9s)
[gpu2] START /mnt/data/INR/outputs/_archive/mujoco_suites/action_resampled_v1/runs/custom_mujoco_action_resampled/custom_mujoco_action_resampled_halfcheetah__cvae__specialization__s0
[gpu3] OK /mnt/data/INR/outputs/_archive/mujoco_suites/action_resampled_v1/runs/custom_mujoco_action_resampled/custom_mujoco_action_resampled_halfcheetah__cvae__novel_generalization__s0 (6.3s)
[gpu3] START /mnt/data/INR/outputs/_archive/mujoco_suites/action_resampled_v1/runs/custom_mujoco_action_resampled/custom_mujoco_action_resampled_halfcheetah__cvae__specialization__s1
[gpu1] OK /mnt/data/INR/outputs/_archive/mujoco_suites/action_resampled_v1/runs/custom_mujoco_action_resampled/custom_mujoco_action_resampled_halfcheetah__cvae__single_shift__s0 (6.5s)
[gpu1] START /mnt/data/INR/outputs/_archive/mujoco_suites/action_resampled_v1/runs/custom_mujoco_action_resampled/custom_mujoco_action_resampled_halfcheetah__inr_diffusion_history_conditioned__conflation__s0
[gpu0] OK /mnt/data/INR/outputs/_archive/mujoco_suites/action_resampled_v1/runs/custom_mujoco_action_resampled/custom_mujoco_action_resampled_halfcheetah__cvae__single_shift__s1 (6.5s)
[gpu0] START /mnt/data/INR/outputs/_archive/mujoco_suites/action_resampled_v1/runs/custom_mujoco_action_resampled/custom_mujoco_action_resampled_halfcheetah__inr_diffusion_history_conditioned__conflation__s1
[gpu2] OK /mnt/data/INR/outputs/_archive/mujoco_suites/action_resampled_v1/runs/custom_mujoco_action_resampled/custom_mujoco_action_resampled_halfcheetah__cvae__specialization__s0 (5.6s)
[gpu2] START /mnt/data/INR/outputs/_archive/mujoco_suites/action_resampled_v1/runs/custom_mujoco_action_resampled/custom_mujoco_action_resampled_halfcheetah__inr_diffusion_history_conditioned__generalization__s0
[gpu3] OK /mnt/data/INR/outputs/_archive/mujoco_suites/action_resampled_v1/runs/custom_mujoco_action_resampled/custom_mujoco_action_resampled_halfcheetah__cvae__specialization__s1 (6.1s)
[gpu3] START /mnt/data/INR/outputs/_archive/mujoco_suites/action_resampled_v1/runs/custom_mujoco_action_resampled/custom_mujoco_action_resampled_halfcheetah__inr_diffusion_history_conditioned__generalization__s1
[gpu1] OK /mnt/data/INR/outputs/_archive/mujoco_suites/action_resampled_v1/runs/custom_mujoco_action_resampled/custom_mujoco_action_resampled_halfcheetah__inr_diffusion_history_conditioned__conflation__s0 (6.5s)
[gpu1] START /mnt/data/INR/outputs/_archive/mujoco_suites/action_resampled_v1/runs/custom_mujoco_action_resampled/custom_mujoco_action_resampled_halfcheetah__inr_diffusion_history_conditioned__new_policy__s0
[gpu0] OK /mnt/data/INR/outputs/_archive/mujoco_suites/action_resampled_v1/runs/custom_mujoco_action_resampled/custom_mujoco_action_resampled_halfcheetah__inr_diffusion_history_conditioned__conflation__s1 (6.3s)
[gpu0] START /mnt/data/INR/outputs/_archive/mujoco_suites/action_resampled_v1/runs/custom_mujoco_action_resampled/custom_mujoco_action_resampled_halfcheetah__inr_diffusion_history_conditioned__new_policy__s1
[gpu2] OK /mnt/data/INR/outputs/_archive/mujoco_suites/action_resampled_v1/runs/custom_mujoco_action_resampled/custom_mujoco_action_resampled_halfcheetah__inr_diffusion_history_conditioned__generalization__s0 (5.5s)
[gpu2] START /mnt/data/INR/outputs/_archive/mujoco_suites/action_resampled_v1/runs/custom_mujoco_action_resampled/custom_mujoco_action_resampled_halfcheetah__inr_diffusion_history_conditioned__no_shift__s0
[gpu3] OK /mnt/data/INR/outputs/_archive/mujoco_suites/action_resampled_v1/runs/custom_mujoco_action_resampled/custom_mujoco_action_resampled_halfcheetah__inr_diffusion_history_conditioned__generalization__s1 (6.1s)
[gpu3] START /mnt/data/INR/outputs/_archive/mujoco_suites/action_resampled_v1/runs/custom_mujoco_action_resampled/custom_mujoco_action_resampled_halfcheetah__inr_diffusion_history_conditioned__no_shift__s1
[gpu1] OK /mnt/data/INR/outputs/_archive/mujoco_suites/action_resampled_v1/runs/custom_mujoco_action_resampled/custom_mujoco_action_resampled_halfcheetah__inr_diffusion_history_conditioned__new_policy__s0 (6.7s)
[gpu1] START /mnt/data/INR/outputs/_archive/mujoco_suites/action_resampled_v1/runs/custom_mujoco_action_resampled/custom_mujoco_action_resampled_halfcheetah__inr_diffusion_history_conditioned__novel_generalization__s0
[gpu0] OK /mnt/data/INR/outputs/_archive/mujoco_suites/action_resampled_v1/runs/custom_mujoco_action_resampled/custom_mujoco_action_resampled_halfcheetah__inr_diffusion_history_conditioned__new_policy__s1 (6.6s)
[gpu0] START /mnt/data/INR/outputs/_archive/mujoco_suites/action_resampled_v1/runs/custom_mujoco_action_resampled/custom_mujoco_action_resampled_halfcheetah__inr_diffusion_history_conditioned__novel_generalization__s1
[gpu2] OK /mnt/data/INR/outputs/_archive/mujoco_suites/action_resampled_v1/runs/custom_mujoco_action_resampled/custom_mujoco_action_resampled_halfcheetah__inr_diffusion_history_conditioned__no_shift__s0 (5.8s)
[gpu2] START /mnt/data/INR/outputs/_archive/mujoco_suites/action_resampled_v1/runs/custom_mujoco_action_resampled/custom_mujoco_action_resampled_halfcheetah__inr_diffusion_history_conditioned__single_shift__s0
[gpu3] OK /mnt/data/INR/outputs/_archive/mujoco_suites/action_resampled_v1/runs/custom_mujoco_action_resampled/custom_mujoco_action_resampled_halfcheetah__inr_diffusion_history_conditioned__no_shift__s1 (6.3s)
[gpu3] START /mnt/data/INR/outputs/_archive/mujoco_suites/action_resampled_v1/runs/custom_mujoco_action_resampled/custom_mujoco_action_resampled_halfcheetah__inr_diffusion_history_conditioned__single_shift__s1
[gpu1] OK /mnt/data/INR/outputs/_archive/mujoco_suites/action_resampled_v1/runs/custom_mujoco_action_resampled/custom_mujoco_action_resampled_halfcheetah__inr_diffusion_history_conditioned__novel_generalization__s0 (6.2s)
[gpu1] START /mnt/data/INR/outputs/_archive/mujoco_suites/action_resampled_v1/runs/custom_mujoco_action_resampled/custom_mujoco_action_resampled_halfcheetah__inr_diffusion_history_conditioned__specialization__s0
[gpu0] OK /mnt/data/INR/outputs/_archive/mujoco_suites/action_resampled_v1/runs/custom_mujoco_action_resampled/custom_mujoco_action_resampled_halfcheetah__inr_diffusion_history_conditioned__novel_generalization__s1 (6.2s)
[gpu0] START /mnt/data/INR/outputs/_archive/mujoco_suites/action_resampled_v1/runs/custom_mujoco_action_resampled/custom_mujoco_action_resampled_halfcheetah__inr_diffusion_history_conditioned__specialization__s1
[gpu2] OK /mnt/data/INR/outputs/_archive/mujoco_suites/action_resampled_v1/runs/custom_mujoco_action_resampled/custom_mujoco_action_resampled_halfcheetah__inr_diffusion_history_conditioned__single_shift__s0 (5.9s)
[gpu2] START /mnt/data/INR/outputs/_archive/mujoco_suites/action_resampled_v1/runs/custom_mujoco_action_resampled/custom_mujoco_action_resampled_halfcheetah__inr_transformer_fitted_latent__conflation__s0
[gpu3] OK /mnt/data/INR/outputs/_archive/mujoco_suites/action_resampled_v1/runs/custom_mujoco_action_resampled/custom_mujoco_action_resampled_halfcheetah__inr_diffusion_history_conditioned__single_shift__s1 (6.3s)
[gpu3] START /mnt/data/INR/outputs/_archive/mujoco_suites/action_resampled_v1/runs/custom_mujoco_action_resampled/custom_mujoco_action_resampled_halfcheetah__inr_transformer_fitted_latent__conflation__s1
[gpu0] OK /mnt/data/INR/outputs/_archive/mujoco_suites/action_resampled_v1/runs/custom_mujoco_action_resampled/custom_mujoco_action_resampled_halfcheetah__inr_diffusion_history_conditioned__specialization__s1 (6.4s)
[gpu0] START /mnt/data/INR/outputs/_archive/mujoco_suites/action_resampled_v1/runs/custom_mujoco_action_resampled/custom_mujoco_action_resampled_halfcheetah__inr_transformer_fitted_latent__generalization__s0
[gpu1] OK /mnt/data/INR/outputs/_archive/mujoco_suites/action_resampled_v1/runs/custom_mujoco_action_resampled/custom_mujoco_action_resampled_halfcheetah__inr_diffusion_history_conditioned__specialization__s0 (6.7s)
[gpu1] START /mnt/data/INR/outputs/_archive/mujoco_suites/action_resampled_v1/runs/custom_mujoco_action_resampled/custom_mujoco_action_resampled_halfcheetah__inr_transformer_fitted_latent__generalization__s1
[gpu2] OK /mnt/data/INR/outputs/_archive/mujoco_suites/action_resampled_v1/runs/custom_mujoco_action_resampled/custom_mujoco_action_resampled_halfcheetah__inr_transformer_fitted_latent__conflation__s0 (7.1s)
[gpu2] START /mnt/data/INR/outputs/_archive/mujoco_suites/action_resampled_v1/runs/custom_mujoco_action_resampled/custom_mujoco_action_resampled_halfcheetah__inr_transformer_fitted_latent__new_policy__s0
[gpu3] OK /mnt/data/INR/outputs/_archive/mujoco_suites/action_resampled_v1/runs/custom_mujoco_action_resampled/custom_mujoco_action_resampled_halfcheetah__inr_transformer_fitted_latent__conflation__s1 (8.9s)
[gpu3] START /mnt/data/INR/outputs/_archive/mujoco_suites/action_resampled_v1/runs/custom_mujoco_action_resampled/custom_mujoco_action_resampled_halfcheetah__inr_transformer_fitted_latent__new_policy__s1
[gpu1] OK /mnt/data/INR/outputs/_archive/mujoco_suites/action_resampled_v1/runs/custom_mujoco_action_resampled/custom_mujoco_action_resampled_halfcheetah__inr_transformer_fitted_latent__generalization__s1 (8.5s)
[gpu1] START /mnt/data/INR/outputs/_archive/mujoco_suites/action_resampled_v1/runs/custom_mujoco_action_resampled/custom_mujoco_action_resampled_halfcheetah__inr_transformer_fitted_latent__no_shift__s0
[gpu0] OK /mnt/data/INR/outputs/_archive/mujoco_suites/action_resampled_v1/runs/custom_mujoco_action_resampled/custom_mujoco_action_resampled_halfcheetah__inr_transformer_fitted_latent__generalization__s0 (8.7s)
[gpu0] START /mnt/data/INR/outputs/_archive/mujoco_suites/action_resampled_v1/runs/custom_mujoco_action_resampled/custom_mujoco_action_resampled_halfcheetah__inr_transformer_fitted_latent__no_shift__s1
[gpu2] OK /mnt/data/INR/outputs/_archive/mujoco_suites/action_resampled_v1/runs/custom_mujoco_action_resampled/custom_mujoco_action_resampled_halfcheetah__inr_transformer_fitted_latent__new_policy__s0 (7.9s)
[gpu2] START /mnt/data/INR/outputs/_archive/mujoco_suites/action_resampled_v1/runs/custom_mujoco_action_resampled/custom_mujoco_action_resampled_halfcheetah__inr_transformer_fitted_latent__novel_generalization__s0
[gpu3] OK /mnt/data/INR/outputs/_archive/mujoco_suites/action_resampled_v1/runs/custom_mujoco_action_resampled/custom_mujoco_action_resampled_halfcheetah__inr_transformer_fitted_latent__new_policy__s1 (10.3s)
[gpu3] START /mnt/data/INR/outputs/_archive/mujoco_suites/action_resampled_v1/runs/custom_mujoco_action_resampled/custom_mujoco_action_resampled_halfcheetah__inr_transformer_fitted_latent__novel_generalization__s1
[gpu2] OK /mnt/data/INR/outputs/_archive/mujoco_suites/action_resampled_v1/runs/custom_mujoco_action_resampled/custom_mujoco_action_resampled_halfcheetah__inr_transformer_fitted_latent__novel_generalization__s0 (6.7s)
[gpu2] START /mnt/data/INR/outputs/_archive/mujoco_suites/action_resampled_v1/runs/custom_mujoco_action_resampled/custom_mujoco_action_resampled_halfcheetah__inr_transformer_fitted_latent__single_shift__s0
[gpu1] OK /mnt/data/INR/outputs/_archive/mujoco_suites/action_resampled_v1/runs/custom_mujoco_action_resampled/custom_mujoco_action_resampled_halfcheetah__inr_transformer_fitted_latent__no_shift__s0 (10.4s)
[gpu1] START /mnt/data/INR/outputs/_archive/mujoco_suites/action_resampled_v1/runs/custom_mujoco_action_resampled/custom_mujoco_action_resampled_halfcheetah__inr_transformer_fitted_latent__single_shift__s1
[gpu0] OK /mnt/data/INR/outputs/_archive/mujoco_suites/action_resampled_v1/runs/custom_mujoco_action_resampled/custom_mujoco_action_resampled_halfcheetah__inr_transformer_fitted_latent__no_shift__s1 (10.4s)
[gpu0] START /mnt/data/INR/outputs/_archive/mujoco_suites/action_resampled_v1/runs/custom_mujoco_action_resampled/custom_mujoco_action_resampled_halfcheetah__inr_transformer_fitted_latent__specialization__s0
[gpu2] OK /mnt/data/INR/outputs/_archive/mujoco_suites/action_resampled_v1/runs/custom_mujoco_action_resampled/custom_mujoco_action_resampled_halfcheetah__inr_transformer_fitted_latent__single_shift__s0 (7.7s)
[gpu2] START /mnt/data/INR/outputs/_archive/mujoco_suites/action_resampled_v1/runs/custom_mujoco_action_resampled/custom_mujoco_action_resampled_halfcheetah__inr_transformer_fitted_latent__specialization__s1
[gpu3] OK /mnt/data/INR/outputs/_archive/mujoco_suites/action_resampled_v1/runs/custom_mujoco_action_resampled/custom_mujoco_action_resampled_halfcheetah__inr_transformer_fitted_latent__novel_generalization__s1 (8.6s)
[gpu3] START /mnt/data/INR/outputs/_archive/mujoco_suites/action_resampled_v1/runs/custom_mujoco_action_resampled/custom_mujoco_action_resampled_halfcheetah__inr_transformer_history_conditioned__conflation__s0
[gpu0] OK /mnt/data/INR/outputs/_archive/mujoco_suites/action_resampled_v1/runs/custom_mujoco_action_resampled/custom_mujoco_action_resampled_halfcheetah__inr_transformer_fitted_latent__specialization__s0 (9.9s)
[gpu0] START /mnt/data/INR/outputs/_archive/mujoco_suites/action_resampled_v1/runs/custom_mujoco_action_resampled/custom_mujoco_action_resampled_halfcheetah__inr_transformer_history_conditioned__conflation__s1
[gpu1] OK /mnt/data/INR/outputs/_archive/mujoco_suites/action_resampled_v1/runs/custom_mujoco_action_resampled/custom_mujoco_action_resampled_halfcheetah__inr_transformer_fitted_latent__single_shift__s1 (10.1s)
[gpu1] START /mnt/data/INR/outputs/_archive/mujoco_suites/action_resampled_v1/runs/custom_mujoco_action_resampled/custom_mujoco_action_resampled_halfcheetah__inr_transformer_history_conditioned__generalization__s0
[gpu3] OK /mnt/data/INR/outputs/_archive/mujoco_suites/action_resampled_v1/runs/custom_mujoco_action_resampled/custom_mujoco_action_resampled_halfcheetah__inr_transformer_history_conditioned__conflation__s0 (6.1s)
[gpu3] START /mnt/data/INR/outputs/_archive/mujoco_suites/action_resampled_v1/runs/custom_mujoco_action_resampled/custom_mujoco_action_resampled_halfcheetah__inr_transformer_history_conditioned__generalization__s1
[gpu2] OK /mnt/data/INR/outputs/_archive/mujoco_suites/action_resampled_v1/runs/custom_mujoco_action_resampled/custom_mujoco_action_resampled_halfcheetah__inr_transformer_fitted_latent__specialization__s1 (8.0s)
[gpu2] START /mnt/data/INR/outputs/_archive/mujoco_suites/action_resampled_v1/runs/custom_mujoco_action_resampled/custom_mujoco_action_resampled_halfcheetah__inr_transformer_history_conditioned__new_policy__s0
[gpu1] OK /mnt/data/INR/outputs/_archive/mujoco_suites/action_resampled_v1/runs/custom_mujoco_action_resampled/custom_mujoco_action_resampled_halfcheetah__inr_transformer_history_conditioned__generalization__s0 (6.4s)
[gpu1] START /mnt/data/INR/outputs/_archive/mujoco_suites/action_resampled_v1/runs/custom_mujoco_action_resampled/custom_mujoco_action_resampled_halfcheetah__inr_transformer_history_conditioned__new_policy__s1
[gpu0] OK /mnt/data/INR/outputs/_archive/mujoco_suites/action_resampled_v1/runs/custom_mujoco_action_resampled/custom_mujoco_action_resampled_halfcheetah__inr_transformer_history_conditioned__conflation__s1 (6.6s)
[gpu0] START /mnt/data/INR/outputs/_archive/mujoco_suites/action_resampled_v1/runs/custom_mujoco_action_resampled/custom_mujoco_action_resampled_halfcheetah__inr_transformer_history_conditioned__no_shift__s0
[gpu3] OK /mnt/data/INR/outputs/_archive/mujoco_suites/action_resampled_v1/runs/custom_mujoco_action_resampled/custom_mujoco_action_resampled_halfcheetah__inr_transformer_history_conditioned__generalization__s1 (6.4s)
[gpu3] START /mnt/data/INR/outputs/_archive/mujoco_suites/action_resampled_v1/runs/custom_mujoco_action_resampled/custom_mujoco_action_resampled_halfcheetah__inr_transformer_history_conditioned__no_shift__s1
[gpu2] OK /mnt/data/INR/outputs/_archive/mujoco_suites/action_resampled_v1/runs/custom_mujoco_action_resampled/custom_mujoco_action_resampled_halfcheetah__inr_transformer_history_conditioned__new_policy__s0 (5.7s)
[gpu2] START /mnt/data/INR/outputs/_archive/mujoco_suites/action_resampled_v1/runs/custom_mujoco_action_resampled/custom_mujoco_action_resampled_halfcheetah__inr_transformer_history_conditioned__novel_generalization__s0
[gpu1] OK /mnt/data/INR/outputs/_archive/mujoco_suites/action_resampled_v1/runs/custom_mujoco_action_resampled/custom_mujoco_action_resampled_halfcheetah__inr_transformer_history_conditioned__new_policy__s1 (6.3s)
[gpu1] START /mnt/data/INR/outputs/_archive/mujoco_suites/action_resampled_v1/runs/custom_mujoco_action_resampled/custom_mujoco_action_resampled_halfcheetah__inr_transformer_history_conditioned__novel_generalization__s1
[gpu0] OK /mnt/data/INR/outputs/_archive/mujoco_suites/action_resampled_v1/runs/custom_mujoco_action_resampled/custom_mujoco_action_resampled_halfcheetah__inr_transformer_history_conditioned__no_shift__s0 (6.4s)
[gpu0] START /mnt/data/INR/outputs/_archive/mujoco_suites/action_resampled_v1/runs/custom_mujoco_action_resampled/custom_mujoco_action_resampled_halfcheetah__inr_transformer_history_conditioned__single_shift__s0
[gpu2] OK /mnt/data/INR/outputs/_archive/mujoco_suites/action_resampled_v1/runs/custom_mujoco_action_resampled/custom_mujoco_action_resampled_halfcheetah__inr_transformer_history_conditioned__novel_generalization__s0 (5.5s)
[gpu2] START /mnt/data/INR/outputs/_archive/mujoco_suites/action_resampled_v1/runs/custom_mujoco_action_resampled/custom_mujoco_action_resampled_halfcheetah__inr_transformer_history_conditioned__single_shift__s1
[gpu3] OK /mnt/data/INR/outputs/_archive/mujoco_suites/action_resampled_v1/runs/custom_mujoco_action_resampled/custom_mujoco_action_resampled_halfcheetah__inr_transformer_history_conditioned__no_shift__s1 (6.5s)
[gpu3] START /mnt/data/INR/outputs/_archive/mujoco_suites/action_resampled_v1/runs/custom_mujoco_action_resampled/custom_mujoco_action_resampled_halfcheetah__inr_transformer_history_conditioned__specialization__s0
[gpu1] OK /mnt/data/INR/outputs/_archive/mujoco_suites/action_resampled_v1/runs/custom_mujoco_action_resampled/custom_mujoco_action_resampled_halfcheetah__inr_transformer_history_conditioned__novel_generalization__s1 (6.3s)
[gpu1] START /mnt/data/INR/outputs/_archive/mujoco_suites/action_resampled_v1/runs/custom_mujoco_action_resampled/custom_mujoco_action_resampled_halfcheetah__inr_transformer_history_conditioned__specialization__s1
[gpu0] OK /mnt/data/INR/outputs/_archive/mujoco_suites/action_resampled_v1/runs/custom_mujoco_action_resampled/custom_mujoco_action_resampled_halfcheetah__inr_transformer_history_conditioned__single_shift__s0 (6.4s)
[gpu0] START /mnt/data/INR/outputs/_archive/mujoco_suites/action_resampled_v1/runs/custom_mujoco_action_resampled/custom_mujoco_action_resampled_hopper__cvae__conflation__s0
[gpu2] OK /mnt/data/INR/outputs/_archive/mujoco_suites/action_resampled_v1/runs/custom_mujoco_action_resampled/custom_mujoco_action_resampled_halfcheetah__inr_transformer_history_conditioned__single_shift__s1 (5.6s)
[gpu2] START /mnt/data/INR/outputs/_archive/mujoco_suites/action_resampled_v1/runs/custom_mujoco_action_resampled/custom_mujoco_action_resampled_hopper__cvae__conflation__s1
[gpu3] OK /mnt/data/INR/outputs/_archive/mujoco_suites/action_resampled_v1/runs/custom_mujoco_action_resampled/custom_mujoco_action_resampled_halfcheetah__inr_transformer_history_conditioned__specialization__s0 (6.4s)
[gpu3] START /mnt/data/INR/outputs/_archive/mujoco_suites/action_resampled_v1/runs/custom_mujoco_action_resampled/custom_mujoco_action_resampled_hopper__cvae__generalization__s0
[gpu1] OK /mnt/data/INR/outputs/_archive/mujoco_suites/action_resampled_v1/runs/custom_mujoco_action_resampled/custom_mujoco_action_resampled_halfcheetah__inr_transformer_history_conditioned__specialization__s1 (6.2s)
[gpu1] START /mnt/data/INR/outputs/_archive/mujoco_suites/action_resampled_v1/runs/custom_mujoco_action_resampled/custom_mujoco_action_resampled_hopper__cvae__generalization__s1
[gpu0] OK /mnt/data/INR/outputs/_archive/mujoco_suites/action_resampled_v1/runs/custom_mujoco_action_resampled/custom_mujoco_action_resampled_hopper__cvae__conflation__s0 (9.8s)
[gpu0] START /mnt/data/INR/outputs/_archive/mujoco_suites/action_resampled_v1/runs/custom_mujoco_action_resampled/custom_mujoco_action_resampled_hopper__cvae__new_policy__s0
[gpu2] OK /mnt/data/INR/outputs/_archive/mujoco_suites/action_resampled_v1/runs/custom_mujoco_action_resampled/custom_mujoco_action_resampled_hopper__cvae__conflation__s1 (9.4s)
[gpu2] START /mnt/data/INR/outputs/_archive/mujoco_suites/action_resampled_v1/runs/custom_mujoco_action_resampled/custom_mujoco_action_resampled_hopper__cvae__new_policy__s1
[gpu3] OK /mnt/data/INR/outputs/_archive/mujoco_suites/action_resampled_v1/runs/custom_mujoco_action_resampled/custom_mujoco_action_resampled_hopper__cvae__generalization__s0 (9.9s)
[gpu3] START /mnt/data/INR/outputs/_archive/mujoco_suites/action_resampled_v1/runs/custom_mujoco_action_resampled/custom_mujoco_action_resampled_hopper__cvae__no_shift__s0
[gpu1] OK /mnt/data/INR/outputs/_archive/mujoco_suites/action_resampled_v1/runs/custom_mujoco_action_resampled/custom_mujoco_action_resampled_hopper__cvae__generalization__s1 (6.0s)
[gpu1] START /mnt/data/INR/outputs/_archive/mujoco_suites/action_resampled_v1/runs/custom_mujoco_action_resampled/custom_mujoco_action_resampled_hopper__cvae__no_shift__s1
[gpu0] OK /mnt/data/INR/outputs/_archive/mujoco_suites/action_resampled_v1/runs/custom_mujoco_action_resampled/custom_mujoco_action_resampled_hopper__cvae__new_policy__s0 (6.2s)
[gpu0] START /mnt/data/INR/outputs/_archive/mujoco_suites/action_resampled_v1/runs/custom_mujoco_action_resampled/custom_mujoco_action_resampled_hopper__cvae__novel_generalization__s0
[gpu2] OK /mnt/data/INR/outputs/_archive/mujoco_suites/action_resampled_v1/runs/custom_mujoco_action_resampled/custom_mujoco_action_resampled_hopper__cvae__new_policy__s1 (5.6s)
[gpu2] START /mnt/data/INR/outputs/_archive/mujoco_suites/action_resampled_v1/runs/custom_mujoco_action_resampled/custom_mujoco_action_resampled_hopper__cvae__novel_generalization__s1
[gpu3] OK /mnt/data/INR/outputs/_archive/mujoco_suites/action_resampled_v1/runs/custom_mujoco_action_resampled/custom_mujoco_action_resampled_hopper__cvae__no_shift__s0 (6.3s)
[gpu3] START /mnt/data/INR/outputs/_archive/mujoco_suites/action_resampled_v1/runs/custom_mujoco_action_resampled/custom_mujoco_action_resampled_hopper__cvae__single_shift__s0
[gpu1] OK /mnt/data/INR/outputs/_archive/mujoco_suites/action_resampled_v1/runs/custom_mujoco_action_resampled/custom_mujoco_action_resampled_hopper__cvae__no_shift__s1 (6.5s)
[gpu1] START /mnt/data/INR/outputs/_archive/mujoco_suites/action_resampled_v1/runs/custom_mujoco_action_resampled/custom_mujoco_action_resampled_hopper__cvae__single_shift__s1
[gpu2] OK /mnt/data/INR/outputs/_archive/mujoco_suites/action_resampled_v1/runs/custom_mujoco_action_resampled/custom_mujoco_action_resampled_hopper__cvae__novel_generalization__s1 (5.7s)
[gpu2] START /mnt/data/INR/outputs/_archive/mujoco_suites/action_resampled_v1/runs/custom_mujoco_action_resampled/custom_mujoco_action_resampled_hopper__cvae__specialization__s0
[gpu0] OK /mnt/data/INR/outputs/_archive/mujoco_suites/action_resampled_v1/runs/custom_mujoco_action_resampled/custom_mujoco_action_resampled_hopper__cvae__novel_generalization__s0 (6.1s)
[gpu0] START /mnt/data/INR/outputs/_archive/mujoco_suites/action_resampled_v1/runs/custom_mujoco_action_resampled/custom_mujoco_action_resampled_hopper__cvae__specialization__s1
[gpu3] OK /mnt/data/INR/outputs/_archive/mujoco_suites/action_resampled_v1/runs/custom_mujoco_action_resampled/custom_mujoco_action_resampled_hopper__cvae__single_shift__s0 (6.2s)
[gpu3] START /mnt/data/INR/outputs/_archive/mujoco_suites/action_resampled_v1/runs/custom_mujoco_action_resampled/custom_mujoco_action_resampled_hopper__inr_diffusion_history_conditioned__conflation__s0
[gpu1] OK /mnt/data/INR/outputs/_archive/mujoco_suites/action_resampled_v1/runs/custom_mujoco_action_resampled/custom_mujoco_action_resampled_hopper__cvae__single_shift__s1 (6.2s)
[gpu1] START /mnt/data/INR/outputs/_archive/mujoco_suites/action_resampled_v1/runs/custom_mujoco_action_resampled/custom_mujoco_action_resampled_hopper__inr_diffusion_history_conditioned__conflation__s1
[gpu2] OK /mnt/data/INR/outputs/_archive/mujoco_suites/action_resampled_v1/runs/custom_mujoco_action_resampled/custom_mujoco_action_resampled_hopper__cvae__specialization__s0 (5.4s)
[gpu2] START /mnt/data/INR/outputs/_archive/mujoco_suites/action_resampled_v1/runs/custom_mujoco_action_resampled/custom_mujoco_action_resampled_hopper__inr_diffusion_history_conditioned__generalization__s0
[gpu0] OK /mnt/data/INR/outputs/_archive/mujoco_suites/action_resampled_v1/runs/custom_mujoco_action_resampled/custom_mujoco_action_resampled_hopper__cvae__specialization__s1 (5.9s)
[gpu0] START /mnt/data/INR/outputs/_archive/mujoco_suites/action_resampled_v1/runs/custom_mujoco_action_resampled/custom_mujoco_action_resampled_hopper__inr_diffusion_history_conditioned__generalization__s1
[gpu3] OK /mnt/data/INR/outputs/_archive/mujoco_suites/action_resampled_v1/runs/custom_mujoco_action_resampled/custom_mujoco_action_resampled_hopper__inr_diffusion_history_conditioned__conflation__s0 (6.2s)
[gpu3] START /mnt/data/INR/outputs/_archive/mujoco_suites/action_resampled_v1/runs/custom_mujoco_action_resampled/custom_mujoco_action_resampled_hopper__inr_diffusion_history_conditioned__new_policy__s0
[gpu1] OK /mnt/data/INR/outputs/_archive/mujoco_suites/action_resampled_v1/runs/custom_mujoco_action_resampled/custom_mujoco_action_resampled_hopper__inr_diffusion_history_conditioned__conflation__s1 (6.1s)
[gpu1] START /mnt/data/INR/outputs/_archive/mujoco_suites/action_resampled_v1/runs/custom_mujoco_action_resampled/custom_mujoco_action_resampled_hopper__inr_diffusion_history_conditioned__new_policy__s1
[gpu2] OK /mnt/data/INR/outputs/_archive/mujoco_suites/action_resampled_v1/runs/custom_mujoco_action_resampled/custom_mujoco_action_resampled_hopper__inr_diffusion_history_conditioned__generalization__s0 (5.3s)
[gpu2] START /mnt/data/INR/outputs/_archive/mujoco_suites/action_resampled_v1/runs/custom_mujoco_action_resampled/custom_mujoco_action_resampled_hopper__inr_diffusion_history_conditioned__no_shift__s0
[gpu0] OK /mnt/data/INR/outputs/_archive/mujoco_suites/action_resampled_v1/runs/custom_mujoco_action_resampled/custom_mujoco_action_resampled_hopper__inr_diffusion_history_conditioned__generalization__s1 (5.9s)
[gpu0] START /mnt/data/INR/outputs/_archive/mujoco_suites/action_resampled_v1/runs/custom_mujoco_action_resampled/custom_mujoco_action_resampled_hopper__inr_diffusion_history_conditioned__no_shift__s1
[gpu3] OK /mnt/data/INR/outputs/_archive/mujoco_suites/action_resampled_v1/runs/custom_mujoco_action_resampled/custom_mujoco_action_resampled_hopper__inr_diffusion_history_conditioned__new_policy__s0 (6.1s)
[gpu3] START /mnt/data/INR/outputs/_archive/mujoco_suites/action_resampled_v1/runs/custom_mujoco_action_resampled/custom_mujoco_action_resampled_hopper__inr_diffusion_history_conditioned__novel_generalization__s0
[gpu1] OK /mnt/data/INR/outputs/_archive/mujoco_suites/action_resampled_v1/runs/custom_mujoco_action_resampled/custom_mujoco_action_resampled_hopper__inr_diffusion_history_conditioned__new_policy__s1 (6.2s)
[gpu1] START /mnt/data/INR/outputs/_archive/mujoco_suites/action_resampled_v1/runs/custom_mujoco_action_resampled/custom_mujoco_action_resampled_hopper__inr_diffusion_history_conditioned__novel_generalization__s1
[gpu2] OK /mnt/data/INR/outputs/_archive/mujoco_suites/action_resampled_v1/runs/custom_mujoco_action_resampled/custom_mujoco_action_resampled_hopper__inr_diffusion_history_conditioned__no_shift__s0 (5.8s)
[gpu2] START /mnt/data/INR/outputs/_archive/mujoco_suites/action_resampled_v1/runs/custom_mujoco_action_resampled/custom_mujoco_action_resampled_hopper__inr_diffusion_history_conditioned__single_shift__s0
[gpu0] OK /mnt/data/INR/outputs/_archive/mujoco_suites/action_resampled_v1/runs/custom_mujoco_action_resampled/custom_mujoco_action_resampled_hopper__inr_diffusion_history_conditioned__no_shift__s1 (6.2s)
[gpu0] START /mnt/data/INR/outputs/_archive/mujoco_suites/action_resampled_v1/runs/custom_mujoco_action_resampled/custom_mujoco_action_resampled_hopper__inr_diffusion_history_conditioned__single_shift__s1
[gpu3] OK /mnt/data/INR/outputs/_archive/mujoco_suites/action_resampled_v1/runs/custom_mujoco_action_resampled/custom_mujoco_action_resampled_hopper__inr_diffusion_history_conditioned__novel_generalization__s0 (5.8s)
[gpu3] START /mnt/data/INR/outputs/_archive/mujoco_suites/action_resampled_v1/runs/custom_mujoco_action_resampled/custom_mujoco_action_resampled_hopper__inr_diffusion_history_conditioned__specialization__s0
[gpu1] OK /mnt/data/INR/outputs/_archive/mujoco_suites/action_resampled_v1/runs/custom_mujoco_action_resampled/custom_mujoco_action_resampled_hopper__inr_diffusion_history_conditioned__novel_generalization__s1 (5.9s)
[gpu1] START /mnt/data/INR/outputs/_archive/mujoco_suites/action_resampled_v1/runs/custom_mujoco_action_resampled/custom_mujoco_action_resampled_hopper__inr_diffusion_history_conditioned__specialization__s1
[gpu2] OK /mnt/data/INR/outputs/_archive/mujoco_suites/action_resampled_v1/runs/custom_mujoco_action_resampled/custom_mujoco_action_resampled_hopper__inr_diffusion_history_conditioned__single_shift__s0 (6.2s)
[gpu2] START /mnt/data/INR/outputs/_archive/mujoco_suites/action_resampled_v1/runs/custom_mujoco_action_resampled/custom_mujoco_action_resampled_hopper__inr_transformer_fitted_latent__conflation__s0
[gpu0] OK /mnt/data/INR/outputs/_archive/mujoco_suites/action_resampled_v1/runs/custom_mujoco_action_resampled/custom_mujoco_action_resampled_hopper__inr_diffusion_history_conditioned__single_shift__s1 (6.0s)
[gpu0] START /mnt/data/INR/outputs/_archive/mujoco_suites/action_resampled_v1/runs/custom_mujoco_action_resampled/custom_mujoco_action_resampled_hopper__inr_transformer_fitted_latent__conflation__s1
[gpu3] OK /mnt/data/INR/outputs/_archive/mujoco_suites/action_resampled_v1/runs/custom_mujoco_action_resampled/custom_mujoco_action_resampled_hopper__inr_diffusion_history_conditioned__specialization__s0 (6.2s)
[gpu3] START /mnt/data/INR/outputs/_archive/mujoco_suites/action_resampled_v1/runs/custom_mujoco_action_resampled/custom_mujoco_action_resampled_hopper__inr_transformer_fitted_latent__generalization__s0
[gpu1] OK /mnt/data/INR/outputs/_archive/mujoco_suites/action_resampled_v1/runs/custom_mujoco_action_resampled/custom_mujoco_action_resampled_hopper__inr_diffusion_history_conditioned__specialization__s1 (6.1s)
[gpu1] START /mnt/data/INR/outputs/_archive/mujoco_suites/action_resampled_v1/runs/custom_mujoco_action_resampled/custom_mujoco_action_resampled_hopper__inr_transformer_fitted_latent__generalization__s1
[gpu2] OK /mnt/data/INR/outputs/_archive/mujoco_suites/action_resampled_v1/runs/custom_mujoco_action_resampled/custom_mujoco_action_resampled_hopper__inr_transformer_fitted_latent__conflation__s0 (8.9s)
[gpu2] START /mnt/data/INR/outputs/_archive/mujoco_suites/action_resampled_v1/runs/custom_mujoco_action_resampled/custom_mujoco_action_resampled_hopper__inr_transformer_fitted_latent__new_policy__s0
[gpu0] OK /mnt/data/INR/outputs/_archive/mujoco_suites/action_resampled_v1/runs/custom_mujoco_action_resampled/custom_mujoco_action_resampled_hopper__inr_transformer_fitted_latent__conflation__s1 (8.5s)
[gpu0] START /mnt/data/INR/outputs/_archive/mujoco_suites/action_resampled_v1/runs/custom_mujoco_action_resampled/custom_mujoco_action_resampled_hopper__inr_transformer_fitted_latent__new_policy__s1
[gpu3] OK /mnt/data/INR/outputs/_archive/mujoco_suites/action_resampled_v1/runs/custom_mujoco_action_resampled/custom_mujoco_action_resampled_hopper__inr_transformer_fitted_latent__generalization__s0 (8.3s)
[gpu3] START /mnt/data/INR/outputs/_archive/mujoco_suites/action_resampled_v1/runs/custom_mujoco_action_resampled/custom_mujoco_action_resampled_hopper__inr_transformer_fitted_latent__no_shift__s0
[gpu1] OK /mnt/data/INR/outputs/_archive/mujoco_suites/action_resampled_v1/runs/custom_mujoco_action_resampled/custom_mujoco_action_resampled_hopper__inr_transformer_fitted_latent__generalization__s1 (8.3s)
[gpu1] START /mnt/data/INR/outputs/_archive/mujoco_suites/action_resampled_v1/runs/custom_mujoco_action_resampled/custom_mujoco_action_resampled_hopper__inr_transformer_fitted_latent__no_shift__s1
[gpu2] OK /mnt/data/INR/outputs/_archive/mujoco_suites/action_resampled_v1/runs/custom_mujoco_action_resampled/custom_mujoco_action_resampled_hopper__inr_transformer_fitted_latent__new_policy__s0 (10.3s)
[gpu2] START /mnt/data/INR/outputs/_archive/mujoco_suites/action_resampled_v1/runs/custom_mujoco_action_resampled/custom_mujoco_action_resampled_hopper__inr_transformer_fitted_latent__novel_generalization__s0
[gpu0] OK /mnt/data/INR/outputs/_archive/mujoco_suites/action_resampled_v1/runs/custom_mujoco_action_resampled/custom_mujoco_action_resampled_hopper__inr_transformer_fitted_latent__new_policy__s1 (10.1s)
[gpu0] START /mnt/data/INR/outputs/_archive/mujoco_suites/action_resampled_v1/runs/custom_mujoco_action_resampled/custom_mujoco_action_resampled_hopper__inr_transformer_fitted_latent__novel_generalization__s1
[gpu3] OK /mnt/data/INR/outputs/_archive/mujoco_suites/action_resampled_v1/runs/custom_mujoco_action_resampled/custom_mujoco_action_resampled_hopper__inr_transformer_fitted_latent__no_shift__s0 (9.8s)
[gpu3] START /mnt/data/INR/outputs/_archive/mujoco_suites/action_resampled_v1/runs/custom_mujoco_action_resampled/custom_mujoco_action_resampled_hopper__inr_transformer_fitted_latent__single_shift__s0
[gpu1] OK /mnt/data/INR/outputs/_archive/mujoco_suites/action_resampled_v1/runs/custom_mujoco_action_resampled/custom_mujoco_action_resampled_hopper__inr_transformer_fitted_latent__no_shift__s1 (9.8s)
[gpu1] START /mnt/data/INR/outputs/_archive/mujoco_suites/action_resampled_v1/runs/custom_mujoco_action_resampled/custom_mujoco_action_resampled_hopper__inr_transformer_fitted_latent__single_shift__s1
[gpu2] OK /mnt/data/INR/outputs/_archive/mujoco_suites/action_resampled_v1/runs/custom_mujoco_action_resampled/custom_mujoco_action_resampled_hopper__inr_transformer_fitted_latent__novel_generalization__s0 (8.5s)
[gpu2] START /mnt/data/INR/outputs/_archive/mujoco_suites/action_resampled_v1/runs/custom_mujoco_action_resampled/custom_mujoco_action_resampled_hopper__inr_transformer_fitted_latent__specialization__s0
[gpu0] OK /mnt/data/INR/outputs/_archive/mujoco_suites/action_resampled_v1/runs/custom_mujoco_action_resampled/custom_mujoco_action_resampled_hopper__inr_transformer_fitted_latent__novel_generalization__s1 (8.3s)
[gpu0] START /mnt/data/INR/outputs/_archive/mujoco_suites/action_resampled_v1/runs/custom_mujoco_action_resampled/custom_mujoco_action_resampled_hopper__inr_transformer_fitted_latent__specialization__s1
[gpu3] OK /mnt/data/INR/outputs/_archive/mujoco_suites/action_resampled_v1/runs/custom_mujoco_action_resampled/custom_mujoco_action_resampled_hopper__inr_transformer_fitted_latent__single_shift__s0 (9.7s)
[gpu3] START /mnt/data/INR/outputs/_archive/mujoco_suites/action_resampled_v1/runs/custom_mujoco_action_resampled/custom_mujoco_action_resampled_hopper__inr_transformer_history_conditioned__conflation__s0
[gpu1] OK /mnt/data/INR/outputs/_archive/mujoco_suites/action_resampled_v1/runs/custom_mujoco_action_resampled/custom_mujoco_action_resampled_hopper__inr_transformer_fitted_latent__single_shift__s1 (9.7s)
[gpu1] START /mnt/data/INR/outputs/_archive/mujoco_suites/action_resampled_v1/runs/custom_mujoco_action_resampled/custom_mujoco_action_resampled_hopper__inr_transformer_history_conditioned__conflation__s1
[gpu0] OK /mnt/data/INR/outputs/_archive/mujoco_suites/action_resampled_v1/runs/custom_mujoco_action_resampled/custom_mujoco_action_resampled_hopper__inr_transformer_fitted_latent__specialization__s1 (7.5s)
[gpu0] START /mnt/data/INR/outputs/_archive/mujoco_suites/action_resampled_v1/runs/custom_mujoco_action_resampled/custom_mujoco_action_resampled_hopper__inr_transformer_history_conditioned__generalization__s0
[gpu2] OK /mnt/data/INR/outputs/_archive/mujoco_suites/action_resampled_v1/runs/custom_mujoco_action_resampled/custom_mujoco_action_resampled_hopper__inr_transformer_fitted_latent__specialization__s0 (9.7s)
[gpu2] START /mnt/data/INR/outputs/_archive/mujoco_suites/action_resampled_v1/runs/custom_mujoco_action_resampled/custom_mujoco_action_resampled_hopper__inr_transformer_history_conditioned__generalization__s1
[gpu3] OK /mnt/data/INR/outputs/_archive/mujoco_suites/action_resampled_v1/runs/custom_mujoco_action_resampled/custom_mujoco_action_resampled_hopper__inr_transformer_history_conditioned__conflation__s0 (5.8s)
[gpu3] START /mnt/data/INR/outputs/_archive/mujoco_suites/action_resampled_v1/runs/custom_mujoco_action_resampled/custom_mujoco_action_resampled_hopper__inr_transformer_history_conditioned__new_policy__s0
[gpu1] OK /mnt/data/INR/outputs/_archive/mujoco_suites/action_resampled_v1/runs/custom_mujoco_action_resampled/custom_mujoco_action_resampled_hopper__inr_transformer_history_conditioned__conflation__s1 (5.8s)
[gpu1] START /mnt/data/INR/outputs/_archive/mujoco_suites/action_resampled_v1/runs/custom_mujoco_action_resampled/custom_mujoco_action_resampled_hopper__inr_transformer_history_conditioned__new_policy__s1
[gpu0] OK /mnt/data/INR/outputs/_archive/mujoco_suites/action_resampled_v1/runs/custom_mujoco_action_resampled/custom_mujoco_action_resampled_hopper__inr_transformer_history_conditioned__generalization__s0 (5.3s)
[gpu0] START /mnt/data/INR/outputs/_archive/mujoco_suites/action_resampled_v1/runs/custom_mujoco_action_resampled/custom_mujoco_action_resampled_hopper__inr_transformer_history_conditioned__no_shift__s0
[gpu2] OK /mnt/data/INR/outputs/_archive/mujoco_suites/action_resampled_v1/runs/custom_mujoco_action_resampled/custom_mujoco_action_resampled_hopper__inr_transformer_history_conditioned__generalization__s1 (5.9s)
[gpu2] START /mnt/data/INR/outputs/_archive/mujoco_suites/action_resampled_v1/runs/custom_mujoco_action_resampled/custom_mujoco_action_resampled_hopper__inr_transformer_history_conditioned__no_shift__s1
[gpu3] OK /mnt/data/INR/outputs/_archive/mujoco_suites/action_resampled_v1/runs/custom_mujoco_action_resampled/custom_mujoco_action_resampled_hopper__inr_transformer_history_conditioned__new_policy__s0 (6.2s)
[gpu3] START /mnt/data/INR/outputs/_archive/mujoco_suites/action_resampled_v1/runs/custom_mujoco_action_resampled/custom_mujoco_action_resampled_hopper__inr_transformer_history_conditioned__novel_generalization__s0
[gpu1] OK /mnt/data/INR/outputs/_archive/mujoco_suites/action_resampled_v1/runs/custom_mujoco_action_resampled/custom_mujoco_action_resampled_hopper__inr_transformer_history_conditioned__new_policy__s1 (6.2s)
[gpu1] START /mnt/data/INR/outputs/_archive/mujoco_suites/action_resampled_v1/runs/custom_mujoco_action_resampled/custom_mujoco_action_resampled_hopper__inr_transformer_history_conditioned__novel_generalization__s1
[gpu0] OK /mnt/data/INR/outputs/_archive/mujoco_suites/action_resampled_v1/runs/custom_mujoco_action_resampled/custom_mujoco_action_resampled_hopper__inr_transformer_history_conditioned__no_shift__s0 (5.5s)
[gpu0] START /mnt/data/INR/outputs/_archive/mujoco_suites/action_resampled_v1/runs/custom_mujoco_action_resampled/custom_mujoco_action_resampled_hopper__inr_transformer_history_conditioned__single_shift__s0
[gpu2] OK /mnt/data/INR/outputs/_archive/mujoco_suites/action_resampled_v1/runs/custom_mujoco_action_resampled/custom_mujoco_action_resampled_hopper__inr_transformer_history_conditioned__no_shift__s1 (6.0s)
[gpu2] START /mnt/data/INR/outputs/_archive/mujoco_suites/action_resampled_v1/runs/custom_mujoco_action_resampled/custom_mujoco_action_resampled_hopper__inr_transformer_history_conditioned__single_shift__s1
[gpu3] OK /mnt/data/INR/outputs/_archive/mujoco_suites/action_resampled_v1/runs/custom_mujoco_action_resampled/custom_mujoco_action_resampled_hopper__inr_transformer_history_conditioned__novel_generalization__s0 (6.1s)
[gpu3] START /mnt/data/INR/outputs/_archive/mujoco_suites/action_resampled_v1/runs/custom_mujoco_action_resampled/custom_mujoco_action_resampled_hopper__inr_transformer_history_conditioned__specialization__s0
[gpu1] OK /mnt/data/INR/outputs/_archive/mujoco_suites/action_resampled_v1/runs/custom_mujoco_action_resampled/custom_mujoco_action_resampled_hopper__inr_transformer_history_conditioned__novel_generalization__s1 (6.1s)
[gpu1] START /mnt/data/INR/outputs/_archive/mujoco_suites/action_resampled_v1/runs/custom_mujoco_action_resampled/custom_mujoco_action_resampled_hopper__inr_transformer_history_conditioned__specialization__s1
[gpu0] OK /mnt/data/INR/outputs/_archive/mujoco_suites/action_resampled_v1/runs/custom_mujoco_action_resampled/custom_mujoco_action_resampled_hopper__inr_transformer_history_conditioned__single_shift__s0 (5.5s)
[gpu0] START /mnt/data/INR/outputs/_archive/mujoco_suites/action_resampled_v1/runs/custom_mujoco_action_resampled/custom_mujoco_action_resampled_humanoid__cvae__conflation__s0
[gpu2] OK /mnt/data/INR/outputs/_archive/mujoco_suites/action_resampled_v1/runs/custom_mujoco_action_resampled/custom_mujoco_action_resampled_hopper__inr_transformer_history_conditioned__single_shift__s1 (6.1s)
[gpu2] START /mnt/data/INR/outputs/_archive/mujoco_suites/action_resampled_v1/runs/custom_mujoco_action_resampled/custom_mujoco_action_resampled_humanoid__cvae__conflation__s1
[gpu3] OK /mnt/data/INR/outputs/_archive/mujoco_suites/action_resampled_v1/runs/custom_mujoco_action_resampled/custom_mujoco_action_resampled_hopper__inr_transformer_history_conditioned__specialization__s0 (6.2s)
[gpu3] START /mnt/data/INR/outputs/_archive/mujoco_suites/action_resampled_v1/runs/custom_mujoco_action_resampled/custom_mujoco_action_resampled_humanoid__cvae__generalization__s0
[gpu1] OK /mnt/data/INR/outputs/_archive/mujoco_suites/action_resampled_v1/runs/custom_mujoco_action_resampled/custom_mujoco_action_resampled_hopper__inr_transformer_history_conditioned__specialization__s1 (6.2s)
[gpu1] START /mnt/data/INR/outputs/_archive/mujoco_suites/action_resampled_v1/runs/custom_mujoco_action_resampled/custom_mujoco_action_resampled_humanoid__cvae__generalization__s1
[gpu0] OK /mnt/data/INR/outputs/_archive/mujoco_suites/action_resampled_v1/runs/custom_mujoco_action_resampled/custom_mujoco_action_resampled_humanoid__cvae__conflation__s0 (11.7s)
[gpu0] START /mnt/data/INR/outputs/_archive/mujoco_suites/action_resampled_v1/runs/custom_mujoco_action_resampled/custom_mujoco_action_resampled_humanoid__cvae__new_policy__s0
[gpu2] OK /mnt/data/INR/outputs/_archive/mujoco_suites/action_resampled_v1/runs/custom_mujoco_action_resampled/custom_mujoco_action_resampled_humanoid__cvae__conflation__s1 (12.0s)
[gpu2] START /mnt/data/INR/outputs/_archive/mujoco_suites/action_resampled_v1/runs/custom_mujoco_action_resampled/custom_mujoco_action_resampled_humanoid__cvae__new_policy__s1
[gpu3] OK /mnt/data/INR/outputs/_archive/mujoco_suites/action_resampled_v1/runs/custom_mujoco_action_resampled/custom_mujoco_action_resampled_humanoid__cvae__generalization__s0 (12.0s)
[gpu3] START /mnt/data/INR/outputs/_archive/mujoco_suites/action_resampled_v1/runs/custom_mujoco_action_resampled/custom_mujoco_action_resampled_humanoid__cvae__no_shift__s0
[gpu1] OK /mnt/data/INR/outputs/_archive/mujoco_suites/action_resampled_v1/runs/custom_mujoco_action_resampled/custom_mujoco_action_resampled_humanoid__cvae__generalization__s1 (12.0s)
[gpu1] START /mnt/data/INR/outputs/_archive/mujoco_suites/action_resampled_v1/runs/custom_mujoco_action_resampled/custom_mujoco_action_resampled_humanoid__cvae__no_shift__s1
[gpu0] OK /mnt/data/INR/outputs/_archive/mujoco_suites/action_resampled_v1/runs/custom_mujoco_action_resampled/custom_mujoco_action_resampled_humanoid__cvae__new_policy__s0 (11.6s)
[gpu0] START /mnt/data/INR/outputs/_archive/mujoco_suites/action_resampled_v1/runs/custom_mujoco_action_resampled/custom_mujoco_action_resampled_humanoid__cvae__novel_generalization__s0
[gpu2] OK /mnt/data/INR/outputs/_archive/mujoco_suites/action_resampled_v1/runs/custom_mujoco_action_resampled/custom_mujoco_action_resampled_humanoid__cvae__new_policy__s1 (12.2s)
[gpu2] START /mnt/data/INR/outputs/_archive/mujoco_suites/action_resampled_v1/runs/custom_mujoco_action_resampled/custom_mujoco_action_resampled_humanoid__cvae__novel_generalization__s1
[gpu3] OK /mnt/data/INR/outputs/_archive/mujoco_suites/action_resampled_v1/runs/custom_mujoco_action_resampled/custom_mujoco_action_resampled_humanoid__cvae__no_shift__s0 (12.1s)
[gpu3] START /mnt/data/INR/outputs/_archive/mujoco_suites/action_resampled_v1/runs/custom_mujoco_action_resampled/custom_mujoco_action_resampled_humanoid__cvae__single_shift__s0
[gpu1] OK /mnt/data/INR/outputs/_archive/mujoco_suites/action_resampled_v1/runs/custom_mujoco_action_resampled/custom_mujoco_action_resampled_humanoid__cvae__no_shift__s1 (12.3s)
[gpu1] START /mnt/data/INR/outputs/_archive/mujoco_suites/action_resampled_v1/runs/custom_mujoco_action_resampled/custom_mujoco_action_resampled_humanoid__cvae__single_shift__s1
[gpu0] OK /mnt/data/INR/outputs/_archive/mujoco_suites/action_resampled_v1/runs/custom_mujoco_action_resampled/custom_mujoco_action_resampled_humanoid__cvae__novel_generalization__s0 (11.5s)
[gpu0] START /mnt/data/INR/outputs/_archive/mujoco_suites/action_resampled_v1/runs/custom_mujoco_action_resampled/custom_mujoco_action_resampled_humanoid__cvae__specialization__s0
[gpu2] OK /mnt/data/INR/outputs/_archive/mujoco_suites/action_resampled_v1/runs/custom_mujoco_action_resampled/custom_mujoco_action_resampled_humanoid__cvae__novel_generalization__s1 (12.0s)
[gpu2] START /mnt/data/INR/outputs/_archive/mujoco_suites/action_resampled_v1/runs/custom_mujoco_action_resampled/custom_mujoco_action_resampled_humanoid__cvae__specialization__s1
[gpu3] OK /mnt/data/INR/outputs/_archive/mujoco_suites/action_resampled_v1/runs/custom_mujoco_action_resampled/custom_mujoco_action_resampled_humanoid__cvae__single_shift__s0 (12.2s)
[gpu3] START /mnt/data/INR/outputs/_archive/mujoco_suites/action_resampled_v1/runs/custom_mujoco_action_resampled/custom_mujoco_action_resampled_humanoid__inr_diffusion_history_conditioned__conflation__s0
[gpu1] OK /mnt/data/INR/outputs/_archive/mujoco_suites/action_resampled_v1/runs/custom_mujoco_action_resampled/custom_mujoco_action_resampled_humanoid__cvae__single_shift__s1 (12.3s)
[gpu1] START /mnt/data/INR/outputs/_archive/mujoco_suites/action_resampled_v1/runs/custom_mujoco_action_resampled/custom_mujoco_action_resampled_humanoid__inr_diffusion_history_conditioned__conflation__s1
[gpu0] OK /mnt/data/INR/outputs/_archive/mujoco_suites/action_resampled_v1/runs/custom_mujoco_action_resampled/custom_mujoco_action_resampled_humanoid__cvae__specialization__s0 (11.8s)
[gpu0] START /mnt/data/INR/outputs/_archive/mujoco_suites/action_resampled_v1/runs/custom_mujoco_action_resampled/custom_mujoco_action_resampled_humanoid__inr_diffusion_history_conditioned__generalization__s0
[gpu2] OK /mnt/data/INR/outputs/_archive/mujoco_suites/action_resampled_v1/runs/custom_mujoco_action_resampled/custom_mujoco_action_resampled_humanoid__cvae__specialization__s1 (12.2s)
[gpu2] START /mnt/data/INR/outputs/_archive/mujoco_suites/action_resampled_v1/runs/custom_mujoco_action_resampled/custom_mujoco_action_resampled_humanoid__inr_diffusion_history_conditioned__generalization__s1
[gpu3] OK /mnt/data/INR/outputs/_archive/mujoco_suites/action_resampled_v1/runs/custom_mujoco_action_resampled/custom_mujoco_action_resampled_humanoid__inr_diffusion_history_conditioned__conflation__s0 (12.2s)
[gpu3] START /mnt/data/INR/outputs/_archive/mujoco_suites/action_resampled_v1/runs/custom_mujoco_action_resampled/custom_mujoco_action_resampled_humanoid__inr_diffusion_history_conditioned__new_policy__s0
[gpu1] OK /mnt/data/INR/outputs/_archive/mujoco_suites/action_resampled_v1/runs/custom_mujoco_action_resampled/custom_mujoco_action_resampled_humanoid__inr_diffusion_history_conditioned__conflation__s1 (12.2s)
[gpu1] START /mnt/data/INR/outputs/_archive/mujoco_suites/action_resampled_v1/runs/custom_mujoco_action_resampled/custom_mujoco_action_resampled_humanoid__inr_diffusion_history_conditioned__new_policy__s1
[gpu0] OK /mnt/data/INR/outputs/_archive/mujoco_suites/action_resampled_v1/runs/custom_mujoco_action_resampled/custom_mujoco_action_resampled_humanoid__inr_diffusion_history_conditioned__generalization__s0 (11.5s)
[gpu0] START /mnt/data/INR/outputs/_archive/mujoco_suites/action_resampled_v1/runs/custom_mujoco_action_resampled/custom_mujoco_action_resampled_humanoid__inr_diffusion_history_conditioned__no_shift__s0
[gpu2] OK /mnt/data/INR/outputs/_archive/mujoco_suites/action_resampled_v1/runs/custom_mujoco_action_resampled/custom_mujoco_action_resampled_humanoid__inr_diffusion_history_conditioned__generalization__s1 (11.9s)
[gpu2] START /mnt/data/INR/outputs/_archive/mujoco_suites/action_resampled_v1/runs/custom_mujoco_action_resampled/custom_mujoco_action_resampled_humanoid__inr_diffusion_history_conditioned__no_shift__s1
[gpu3] OK /mnt/data/INR/outputs/_archive/mujoco_suites/action_resampled_v1/runs/custom_mujoco_action_resampled/custom_mujoco_action_resampled_humanoid__inr_diffusion_history_conditioned__new_policy__s0 (12.3s)
[gpu3] START /mnt/data/INR/outputs/_archive/mujoco_suites/action_resampled_v1/runs/custom_mujoco_action_resampled/custom_mujoco_action_resampled_humanoid__inr_diffusion_history_conditioned__novel_generalization__s0
[gpu1] OK /mnt/data/INR/outputs/_archive/mujoco_suites/action_resampled_v1/runs/custom_mujoco_action_resampled/custom_mujoco_action_resampled_humanoid__inr_diffusion_history_conditioned__new_policy__s1 (12.4s)
[gpu1] START /mnt/data/INR/outputs/_archive/mujoco_suites/action_resampled_v1/runs/custom_mujoco_action_resampled/custom_mujoco_action_resampled_humanoid__inr_diffusion_history_conditioned__novel_generalization__s1
[gpu0] OK /mnt/data/INR/outputs/_archive/mujoco_suites/action_resampled_v1/runs/custom_mujoco_action_resampled/custom_mujoco_action_resampled_humanoid__inr_diffusion_history_conditioned__no_shift__s0 (11.8s)
[gpu0] START /mnt/data/INR/outputs/_archive/mujoco_suites/action_resampled_v1/runs/custom_mujoco_action_resampled/custom_mujoco_action_resampled_humanoid__inr_diffusion_history_conditioned__single_shift__s0
[gpu2] OK /mnt/data/INR/outputs/_archive/mujoco_suites/action_resampled_v1/runs/custom_mujoco_action_resampled/custom_mujoco_action_resampled_humanoid__inr_diffusion_history_conditioned__no_shift__s1 (12.3s)
[gpu2] START /mnt/data/INR/outputs/_archive/mujoco_suites/action_resampled_v1/runs/custom_mujoco_action_resampled/custom_mujoco_action_resampled_humanoid__inr_diffusion_history_conditioned__single_shift__s1
[gpu3] OK /mnt/data/INR/outputs/_archive/mujoco_suites/action_resampled_v1/runs/custom_mujoco_action_resampled/custom_mujoco_action_resampled_humanoid__inr_diffusion_history_conditioned__novel_generalization__s0 (12.2s)
[gpu3] START /mnt/data/INR/outputs/_archive/mujoco_suites/action_resampled_v1/runs/custom_mujoco_action_resampled/custom_mujoco_action_resampled_humanoid__inr_diffusion_history_conditioned__specialization__s0
[gpu1] OK /mnt/data/INR/outputs/_archive/mujoco_suites/action_resampled_v1/runs/custom_mujoco_action_resampled/custom_mujoco_action_resampled_humanoid__inr_diffusion_history_conditioned__novel_generalization__s1 (12.1s)
[gpu1] START /mnt/data/INR/outputs/_archive/mujoco_suites/action_resampled_v1/runs/custom_mujoco_action_resampled/custom_mujoco_action_resampled_humanoid__inr_diffusion_history_conditioned__specialization__s1
[gpu0] OK /mnt/data/INR/outputs/_archive/mujoco_suites/action_resampled_v1/runs/custom_mujoco_action_resampled/custom_mujoco_action_resampled_humanoid__inr_diffusion_history_conditioned__single_shift__s0 (11.8s)
[gpu0] START /mnt/data/INR/outputs/_archive/mujoco_suites/action_resampled_v1/runs/custom_mujoco_action_resampled/custom_mujoco_action_resampled_humanoid__inr_transformer_fitted_latent__conflation__s0
[gpu2] OK /mnt/data/INR/outputs/_archive/mujoco_suites/action_resampled_v1/runs/custom_mujoco_action_resampled/custom_mujoco_action_resampled_humanoid__inr_diffusion_history_conditioned__single_shift__s1 (12.4s)
[gpu2] START /mnt/data/INR/outputs/_archive/mujoco_suites/action_resampled_v1/runs/custom_mujoco_action_resampled/custom_mujoco_action_resampled_humanoid__inr_transformer_fitted_latent__conflation__s1
[gpu3] OK /mnt/data/INR/outputs/_archive/mujoco_suites/action_resampled_v1/runs/custom_mujoco_action_resampled/custom_mujoco_action_resampled_humanoid__inr_diffusion_history_conditioned__specialization__s0 (12.2s)
[gpu3] START /mnt/data/INR/outputs/_archive/mujoco_suites/action_resampled_v1/runs/custom_mujoco_action_resampled/custom_mujoco_action_resampled_humanoid__inr_transformer_fitted_latent__generalization__s0
[gpu1] OK /mnt/data/INR/outputs/_archive/mujoco_suites/action_resampled_v1/runs/custom_mujoco_action_resampled/custom_mujoco_action_resampled_humanoid__inr_diffusion_history_conditioned__specialization__s1 (12.3s)
[gpu1] START /mnt/data/INR/outputs/_archive/mujoco_suites/action_resampled_v1/runs/custom_mujoco_action_resampled/custom_mujoco_action_resampled_humanoid__inr_transformer_fitted_latent__generalization__s1
[gpu0] OK /mnt/data/INR/outputs/_archive/mujoco_suites/action_resampled_v1/runs/custom_mujoco_action_resampled/custom_mujoco_action_resampled_humanoid__inr_transformer_fitted_latent__conflation__s0 (13.4s)
[gpu0] START /mnt/data/INR/outputs/_archive/mujoco_suites/action_resampled_v1/runs/custom_mujoco_action_resampled/custom_mujoco_action_resampled_humanoid__inr_transformer_fitted_latent__new_policy__s0
[gpu1] OK /mnt/data/INR/outputs/_archive/mujoco_suites/action_resampled_v1/runs/custom_mujoco_action_resampled/custom_mujoco_action_resampled_humanoid__inr_transformer_fitted_latent__generalization__s1 (12.9s)
[gpu1] START /mnt/data/INR/outputs/_archive/mujoco_suites/action_resampled_v1/runs/custom_mujoco_action_resampled/custom_mujoco_action_resampled_humanoid__inr_transformer_fitted_latent__new_policy__s1
[gpu2] OK /mnt/data/INR/outputs/_archive/mujoco_suites/action_resampled_v1/runs/custom_mujoco_action_resampled/custom_mujoco_action_resampled_humanoid__inr_transformer_fitted_latent__conflation__s1 (15.1s)
[gpu2] START /mnt/data/INR/outputs/_archive/mujoco_suites/action_resampled_v1/runs/custom_mujoco_action_resampled/custom_mujoco_action_resampled_humanoid__inr_transformer_fitted_latent__no_shift__s0
[gpu3] OK /mnt/data/INR/outputs/_archive/mujoco_suites/action_resampled_v1/runs/custom_mujoco_action_resampled/custom_mujoco_action_resampled_humanoid__inr_transformer_fitted_latent__generalization__s0 (14.4s)
[gpu3] START /mnt/data/INR/outputs/_archive/mujoco_suites/action_resampled_v1/runs/custom_mujoco_action_resampled/custom_mujoco_action_resampled_humanoid__inr_transformer_fitted_latent__no_shift__s1
[gpu0] OK /mnt/data/INR/outputs/_archive/mujoco_suites/action_resampled_v1/runs/custom_mujoco_action_resampled/custom_mujoco_action_resampled_humanoid__inr_transformer_fitted_latent__new_policy__s0 (14.3s)
[gpu0] START /mnt/data/INR/outputs/_archive/mujoco_suites/action_resampled_v1/runs/custom_mujoco_action_resampled/custom_mujoco_action_resampled_humanoid__inr_transformer_fitted_latent__novel_generalization__s0
[gpu1] OK /mnt/data/INR/outputs/_archive/mujoco_suites/action_resampled_v1/runs/custom_mujoco_action_resampled/custom_mujoco_action_resampled_humanoid__inr_transformer_fitted_latent__new_policy__s1 (15.7s)
[gpu1] START /mnt/data/INR/outputs/_archive/mujoco_suites/action_resampled_v1/runs/custom_mujoco_action_resampled/custom_mujoco_action_resampled_humanoid__inr_transformer_fitted_latent__novel_generalization__s1
[gpu2] OK /mnt/data/INR/outputs/_archive/mujoco_suites/action_resampled_v1/runs/custom_mujoco_action_resampled/custom_mujoco_action_resampled_humanoid__inr_transformer_fitted_latent__no_shift__s0 (18.0s)
[gpu2] START /mnt/data/INR/outputs/_archive/mujoco_suites/action_resampled_v1/runs/custom_mujoco_action_resampled/custom_mujoco_action_resampled_humanoid__inr_transformer_fitted_latent__single_shift__s0
[gpu3] OK /mnt/data/INR/outputs/_archive/mujoco_suites/action_resampled_v1/runs/custom_mujoco_action_resampled/custom_mujoco_action_resampled_humanoid__inr_transformer_fitted_latent__no_shift__s1 (18.0s)
[gpu3] START /mnt/data/INR/outputs/_archive/mujoco_suites/action_resampled_v1/runs/custom_mujoco_action_resampled/custom_mujoco_action_resampled_humanoid__inr_transformer_fitted_latent__single_shift__s1
[gpu0] OK /mnt/data/INR/outputs/_archive/mujoco_suites/action_resampled_v1/runs/custom_mujoco_action_resampled/custom_mujoco_action_resampled_humanoid__inr_transformer_fitted_latent__novel_generalization__s0 (15.8s)
[gpu0] START /mnt/data/INR/outputs/_archive/mujoco_suites/action_resampled_v1/runs/custom_mujoco_action_resampled/custom_mujoco_action_resampled_humanoid__inr_transformer_fitted_latent__specialization__s0
[gpu1] OK /mnt/data/INR/outputs/_archive/mujoco_suites/action_resampled_v1/runs/custom_mujoco_action_resampled/custom_mujoco_action_resampled_humanoid__inr_transformer_fitted_latent__novel_generalization__s1 (15.9s)
[gpu1] START /mnt/data/INR/outputs/_archive/mujoco_suites/action_resampled_v1/runs/custom_mujoco_action_resampled/custom_mujoco_action_resampled_humanoid__inr_transformer_fitted_latent__specialization__s1
[gpu3] OK /mnt/data/INR/outputs/_archive/mujoco_suites/action_resampled_v1/runs/custom_mujoco_action_resampled/custom_mujoco_action_resampled_humanoid__inr_transformer_fitted_latent__single_shift__s1 (18.9s)
[gpu3] START /mnt/data/INR/outputs/_archive/mujoco_suites/action_resampled_v1/runs/custom_mujoco_action_resampled/custom_mujoco_action_resampled_humanoid__inr_transformer_history_conditioned__conflation__s0
[gpu2] OK /mnt/data/INR/outputs/_archive/mujoco_suites/action_resampled_v1/runs/custom_mujoco_action_resampled/custom_mujoco_action_resampled_humanoid__inr_transformer_fitted_latent__single_shift__s0 (19.5s)
[gpu2] START /mnt/data/INR/outputs/_archive/mujoco_suites/action_resampled_v1/runs/custom_mujoco_action_resampled/custom_mujoco_action_resampled_humanoid__inr_transformer_history_conditioned__conflation__s1
[gpu0] OK /mnt/data/INR/outputs/_archive/mujoco_suites/action_resampled_v1/runs/custom_mujoco_action_resampled/custom_mujoco_action_resampled_humanoid__inr_transformer_fitted_latent__specialization__s0 (16.0s)
[gpu0] START /mnt/data/INR/outputs/_archive/mujoco_suites/action_resampled_v1/runs/custom_mujoco_action_resampled/custom_mujoco_action_resampled_humanoid__inr_transformer_history_conditioned__generalization__s0
[gpu1] OK /mnt/data/INR/outputs/_archive/mujoco_suites/action_resampled_v1/runs/custom_mujoco_action_resampled/custom_mujoco_action_resampled_humanoid__inr_transformer_fitted_latent__specialization__s1 (16.7s)
[gpu1] START /mnt/data/INR/outputs/_archive/mujoco_suites/action_resampled_v1/runs/custom_mujoco_action_resampled/custom_mujoco_action_resampled_humanoid__inr_transformer_history_conditioned__generalization__s1
[gpu2] OK /mnt/data/INR/outputs/_archive/mujoco_suites/action_resampled_v1/runs/custom_mujoco_action_resampled/custom_mujoco_action_resampled_humanoid__inr_transformer_history_conditioned__conflation__s1 (15.0s)
[gpu2] START /mnt/data/INR/outputs/_archive/mujoco_suites/action_resampled_v1/runs/custom_mujoco_action_resampled/custom_mujoco_action_resampled_humanoid__inr_transformer_history_conditioned__new_policy__s0
[gpu3] OK /mnt/data/INR/outputs/_archive/mujoco_suites/action_resampled_v1/runs/custom_mujoco_action_resampled/custom_mujoco_action_resampled_humanoid__inr_transformer_history_conditioned__conflation__s0 (15.6s)
[gpu3] START /mnt/data/INR/outputs/_archive/mujoco_suites/action_resampled_v1/runs/custom_mujoco_action_resampled/custom_mujoco_action_resampled_humanoid__inr_transformer_history_conditioned__new_policy__s1
[gpu0] OK /mnt/data/INR/outputs/_archive/mujoco_suites/action_resampled_v1/runs/custom_mujoco_action_resampled/custom_mujoco_action_resampled_humanoid__inr_transformer_history_conditioned__generalization__s0 (15.2s)
[gpu0] START /mnt/data/INR/outputs/_archive/mujoco_suites/action_resampled_v1/runs/custom_mujoco_action_resampled/custom_mujoco_action_resampled_humanoid__inr_transformer_history_conditioned__no_shift__s0
[gpu1] OK /mnt/data/INR/outputs/_archive/mujoco_suites/action_resampled_v1/runs/custom_mujoco_action_resampled/custom_mujoco_action_resampled_humanoid__inr_transformer_history_conditioned__generalization__s1 (14.5s)
[gpu1] START /mnt/data/INR/outputs/_archive/mujoco_suites/action_resampled_v1/runs/custom_mujoco_action_resampled/custom_mujoco_action_resampled_humanoid__inr_transformer_history_conditioned__no_shift__s1
[gpu2] OK /mnt/data/INR/outputs/_archive/mujoco_suites/action_resampled_v1/runs/custom_mujoco_action_resampled/custom_mujoco_action_resampled_humanoid__inr_transformer_history_conditioned__new_policy__s0 (15.2s)
[gpu2] START /mnt/data/INR/outputs/_archive/mujoco_suites/action_resampled_v1/runs/custom_mujoco_action_resampled/custom_mujoco_action_resampled_humanoid__inr_transformer_history_conditioned__novel_generalization__s0
[gpu0] OK /mnt/data/INR/outputs/_archive/mujoco_suites/action_resampled_v1/runs/custom_mujoco_action_resampled/custom_mujoco_action_resampled_humanoid__inr_transformer_history_conditioned__no_shift__s0 (14.7s)
[gpu0] START /mnt/data/INR/outputs/_archive/mujoco_suites/action_resampled_v1/runs/custom_mujoco_action_resampled/custom_mujoco_action_resampled_humanoid__inr_transformer_history_conditioned__novel_generalization__s1
[gpu3] OK /mnt/data/INR/outputs/_archive/mujoco_suites/action_resampled_v1/runs/custom_mujoco_action_resampled/custom_mujoco_action_resampled_humanoid__inr_transformer_history_conditioned__new_policy__s1 (15.7s)
[gpu3] START /mnt/data/INR/outputs/_archive/mujoco_suites/action_resampled_v1/runs/custom_mujoco_action_resampled/custom_mujoco_action_resampled_humanoid__inr_transformer_history_conditioned__single_shift__s0
[gpu1] OK /mnt/data/INR/outputs/_archive/mujoco_suites/action_resampled_v1/runs/custom_mujoco_action_resampled/custom_mujoco_action_resampled_humanoid__inr_transformer_history_conditioned__no_shift__s1 (14.9s)
[gpu1] START /mnt/data/INR/outputs/_archive/mujoco_suites/action_resampled_v1/runs/custom_mujoco_action_resampled/custom_mujoco_action_resampled_humanoid__inr_transformer_history_conditioned__single_shift__s1
[gpu2] OK /mnt/data/INR/outputs/_archive/mujoco_suites/action_resampled_v1/runs/custom_mujoco_action_resampled/custom_mujoco_action_resampled_humanoid__inr_transformer_history_conditioned__novel_generalization__s0 (15.2s)
[gpu2] START /mnt/data/INR/outputs/_archive/mujoco_suites/action_resampled_v1/runs/custom_mujoco_action_resampled/custom_mujoco_action_resampled_humanoid__inr_transformer_history_conditioned__specialization__s0
[gpu0] OK /mnt/data/INR/outputs/_archive/mujoco_suites/action_resampled_v1/runs/custom_mujoco_action_resampled/custom_mujoco_action_resampled_humanoid__inr_transformer_history_conditioned__novel_generalization__s1 (15.0s)
[gpu0] START /mnt/data/INR/outputs/_archive/mujoco_suites/action_resampled_v1/runs/custom_mujoco_action_resampled/custom_mujoco_action_resampled_humanoid__inr_transformer_history_conditioned__specialization__s1
[gpu3] OK /mnt/data/INR/outputs/_archive/mujoco_suites/action_resampled_v1/runs/custom_mujoco_action_resampled/custom_mujoco_action_resampled_humanoid__inr_transformer_history_conditioned__single_shift__s0 (15.3s)
[gpu3] START /mnt/data/INR/outputs/_archive/mujoco_suites/action_resampled_v1/runs/custom_mujoco_action_resampled/custom_mujoco_action_resampled_walker2d__cvae__conflation__s0
[gpu1] OK /mnt/data/INR/outputs/_archive/mujoco_suites/action_resampled_v1/runs/custom_mujoco_action_resampled/custom_mujoco_action_resampled_humanoid__inr_transformer_history_conditioned__single_shift__s1 (14.8s)
[gpu1] START /mnt/data/INR/outputs/_archive/mujoco_suites/action_resampled_v1/runs/custom_mujoco_action_resampled/custom_mujoco_action_resampled_walker2d__cvae__conflation__s1
[gpu3] OK /mnt/data/INR/outputs/_archive/mujoco_suites/action_resampled_v1/runs/custom_mujoco_action_resampled/custom_mujoco_action_resampled_walker2d__cvae__conflation__s0 (13.3s)
[gpu3] START /mnt/data/INR/outputs/_archive/mujoco_suites/action_resampled_v1/runs/custom_mujoco_action_resampled/custom_mujoco_action_resampled_walker2d__cvae__generalization__s0
[gpu0] OK /mnt/data/INR/outputs/_archive/mujoco_suites/action_resampled_v1/runs/custom_mujoco_action_resampled/custom_mujoco_action_resampled_humanoid__inr_transformer_history_conditioned__specialization__s1 (14.7s)
[gpu0] START /mnt/data/INR/outputs/_archive/mujoco_suites/action_resampled_v1/runs/custom_mujoco_action_resampled/custom_mujoco_action_resampled_walker2d__cvae__generalization__s1
[gpu2] OK /mnt/data/INR/outputs/_archive/mujoco_suites/action_resampled_v1/runs/custom_mujoco_action_resampled/custom_mujoco_action_resampled_humanoid__inr_transformer_history_conditioned__specialization__s0 (15.9s)
[gpu2] START /mnt/data/INR/outputs/_archive/mujoco_suites/action_resampled_v1/runs/custom_mujoco_action_resampled/custom_mujoco_action_resampled_walker2d__cvae__new_policy__s0
[gpu1] OK /mnt/data/INR/outputs/_archive/mujoco_suites/action_resampled_v1/runs/custom_mujoco_action_resampled/custom_mujoco_action_resampled_walker2d__cvae__conflation__s1 (7.0s)
[gpu1] START /mnt/data/INR/outputs/_archive/mujoco_suites/action_resampled_v1/runs/custom_mujoco_action_resampled/custom_mujoco_action_resampled_walker2d__cvae__new_policy__s1
[gpu0] OK /mnt/data/INR/outputs/_archive/mujoco_suites/action_resampled_v1/runs/custom_mujoco_action_resampled/custom_mujoco_action_resampled_walker2d__cvae__generalization__s1 (7.2s)
[gpu0] START /mnt/data/INR/outputs/_archive/mujoco_suites/action_resampled_v1/runs/custom_mujoco_action_resampled/custom_mujoco_action_resampled_walker2d__cvae__no_shift__s0
[gpu3] OK /mnt/data/INR/outputs/_archive/mujoco_suites/action_resampled_v1/runs/custom_mujoco_action_resampled/custom_mujoco_action_resampled_walker2d__cvae__generalization__s0 (7.7s)
[gpu3] START /mnt/data/INR/outputs/_archive/mujoco_suites/action_resampled_v1/runs/custom_mujoco_action_resampled/custom_mujoco_action_resampled_walker2d__cvae__no_shift__s1
[gpu2] OK /mnt/data/INR/outputs/_archive/mujoco_suites/action_resampled_v1/runs/custom_mujoco_action_resampled/custom_mujoco_action_resampled_walker2d__cvae__new_policy__s0 (8.0s)
[gpu2] START /mnt/data/INR/outputs/_archive/mujoco_suites/action_resampled_v1/runs/custom_mujoco_action_resampled/custom_mujoco_action_resampled_walker2d__cvae__novel_generalization__s0
[gpu1] OK /mnt/data/INR/outputs/_archive/mujoco_suites/action_resampled_v1/runs/custom_mujoco_action_resampled/custom_mujoco_action_resampled_walker2d__cvae__new_policy__s1 (7.5s)
[gpu1] START /mnt/data/INR/outputs/_archive/mujoco_suites/action_resampled_v1/runs/custom_mujoco_action_resampled/custom_mujoco_action_resampled_walker2d__cvae__novel_generalization__s1
[gpu0] OK /mnt/data/INR/outputs/_archive/mujoco_suites/action_resampled_v1/runs/custom_mujoco_action_resampled/custom_mujoco_action_resampled_walker2d__cvae__no_shift__s0 (7.2s)
[gpu0] START /mnt/data/INR/outputs/_archive/mujoco_suites/action_resampled_v1/runs/custom_mujoco_action_resampled/custom_mujoco_action_resampled_walker2d__cvae__single_shift__s0
[gpu3] OK /mnt/data/INR/outputs/_archive/mujoco_suites/action_resampled_v1/runs/custom_mujoco_action_resampled/custom_mujoco_action_resampled_walker2d__cvae__no_shift__s1 (7.7s)
[gpu3] START /mnt/data/INR/outputs/_archive/mujoco_suites/action_resampled_v1/runs/custom_mujoco_action_resampled/custom_mujoco_action_resampled_walker2d__cvae__single_shift__s1
[gpu1] OK /mnt/data/INR/outputs/_archive/mujoco_suites/action_resampled_v1/runs/custom_mujoco_action_resampled/custom_mujoco_action_resampled_walker2d__cvae__novel_generalization__s1 (7.5s)
[gpu1] START /mnt/data/INR/outputs/_archive/mujoco_suites/action_resampled_v1/runs/custom_mujoco_action_resampled/custom_mujoco_action_resampled_walker2d__cvae__specialization__s0
[gpu2] OK /mnt/data/INR/outputs/_archive/mujoco_suites/action_resampled_v1/runs/custom_mujoco_action_resampled/custom_mujoco_action_resampled_walker2d__cvae__novel_generalization__s0 (7.7s)
[gpu2] START /mnt/data/INR/outputs/_archive/mujoco_suites/action_resampled_v1/runs/custom_mujoco_action_resampled/custom_mujoco_action_resampled_walker2d__cvae__specialization__s1
[gpu0] OK /mnt/data/INR/outputs/_archive/mujoco_suites/action_resampled_v1/runs/custom_mujoco_action_resampled/custom_mujoco_action_resampled_walker2d__cvae__single_shift__s0 (7.4s)
[gpu0] START /mnt/data/INR/outputs/_archive/mujoco_suites/action_resampled_v1/runs/custom_mujoco_action_resampled/custom_mujoco_action_resampled_walker2d__inr_diffusion_history_conditioned__conflation__s0
[gpu3] OK /mnt/data/INR/outputs/_archive/mujoco_suites/action_resampled_v1/runs/custom_mujoco_action_resampled/custom_mujoco_action_resampled_walker2d__cvae__single_shift__s1 (7.7s)
[gpu3] START /mnt/data/INR/outputs/_archive/mujoco_suites/action_resampled_v1/runs/custom_mujoco_action_resampled/custom_mujoco_action_resampled_walker2d__inr_diffusion_history_conditioned__conflation__s1
[gpu1] OK /mnt/data/INR/outputs/_archive/mujoco_suites/action_resampled_v1/runs/custom_mujoco_action_resampled/custom_mujoco_action_resampled_walker2d__cvae__specialization__s0 (7.6s)
[gpu1] START /mnt/data/INR/outputs/_archive/mujoco_suites/action_resampled_v1/runs/custom_mujoco_action_resampled/custom_mujoco_action_resampled_walker2d__inr_diffusion_history_conditioned__generalization__s0
[gpu2] OK /mnt/data/INR/outputs/_archive/mujoco_suites/action_resampled_v1/runs/custom_mujoco_action_resampled/custom_mujoco_action_resampled_walker2d__cvae__specialization__s1 (7.7s)
[gpu2] START /mnt/data/INR/outputs/_archive/mujoco_suites/action_resampled_v1/runs/custom_mujoco_action_resampled/custom_mujoco_action_resampled_walker2d__inr_diffusion_history_conditioned__generalization__s1
[gpu0] OK /mnt/data/INR/outputs/_archive/mujoco_suites/action_resampled_v1/runs/custom_mujoco_action_resampled/custom_mujoco_action_resampled_walker2d__inr_diffusion_history_conditioned__conflation__s0 (7.1s)
[gpu0] START /mnt/data/INR/outputs/_archive/mujoco_suites/action_resampled_v1/runs/custom_mujoco_action_resampled/custom_mujoco_action_resampled_walker2d__inr_diffusion_history_conditioned__new_policy__s0
[gpu3] OK /mnt/data/INR/outputs/_archive/mujoco_suites/action_resampled_v1/runs/custom_mujoco_action_resampled/custom_mujoco_action_resampled_walker2d__inr_diffusion_history_conditioned__conflation__s1 (7.8s)
[gpu3] START /mnt/data/INR/outputs/_archive/mujoco_suites/action_resampled_v1/runs/custom_mujoco_action_resampled/custom_mujoco_action_resampled_walker2d__inr_diffusion_history_conditioned__new_policy__s1
[gpu1] OK /mnt/data/INR/outputs/_archive/mujoco_suites/action_resampled_v1/runs/custom_mujoco_action_resampled/custom_mujoco_action_resampled_walker2d__inr_diffusion_history_conditioned__generalization__s0 (7.2s)
[gpu1] START /mnt/data/INR/outputs/_archive/mujoco_suites/action_resampled_v1/runs/custom_mujoco_action_resampled/custom_mujoco_action_resampled_walker2d__inr_diffusion_history_conditioned__no_shift__s0
[gpu2] OK /mnt/data/INR/outputs/_archive/mujoco_suites/action_resampled_v1/runs/custom_mujoco_action_resampled/custom_mujoco_action_resampled_walker2d__inr_diffusion_history_conditioned__generalization__s1 (7.9s)
[gpu2] START /mnt/data/INR/outputs/_archive/mujoco_suites/action_resampled_v1/runs/custom_mujoco_action_resampled/custom_mujoco_action_resampled_walker2d__inr_diffusion_history_conditioned__no_shift__s1
[gpu0] OK /mnt/data/INR/outputs/_archive/mujoco_suites/action_resampled_v1/runs/custom_mujoco_action_resampled/custom_mujoco_action_resampled_walker2d__inr_diffusion_history_conditioned__new_policy__s0 (7.2s)
[gpu0] START /mnt/data/INR/outputs/_archive/mujoco_suites/action_resampled_v1/runs/custom_mujoco_action_resampled/custom_mujoco_action_resampled_walker2d__inr_diffusion_history_conditioned__novel_generalization__s0
[gpu3] OK /mnt/data/INR/outputs/_archive/mujoco_suites/action_resampled_v1/runs/custom_mujoco_action_resampled/custom_mujoco_action_resampled_walker2d__inr_diffusion_history_conditioned__new_policy__s1 (7.7s)
[gpu3] START /mnt/data/INR/outputs/_archive/mujoco_suites/action_resampled_v1/runs/custom_mujoco_action_resampled/custom_mujoco_action_resampled_walker2d__inr_diffusion_history_conditioned__novel_generalization__s1
[gpu1] OK /mnt/data/INR/outputs/_archive/mujoco_suites/action_resampled_v1/runs/custom_mujoco_action_resampled/custom_mujoco_action_resampled_walker2d__inr_diffusion_history_conditioned__no_shift__s0 (7.1s)
[gpu1] START /mnt/data/INR/outputs/_archive/mujoco_suites/action_resampled_v1/runs/custom_mujoco_action_resampled/custom_mujoco_action_resampled_walker2d__inr_diffusion_history_conditioned__single_shift__s0
[gpu2] OK /mnt/data/INR/outputs/_archive/mujoco_suites/action_resampled_v1/runs/custom_mujoco_action_resampled/custom_mujoco_action_resampled_walker2d__inr_diffusion_history_conditioned__no_shift__s1 (7.5s)
[gpu2] START /mnt/data/INR/outputs/_archive/mujoco_suites/action_resampled_v1/runs/custom_mujoco_action_resampled/custom_mujoco_action_resampled_walker2d__inr_diffusion_history_conditioned__single_shift__s1
[gpu0] OK /mnt/data/INR/outputs/_archive/mujoco_suites/action_resampled_v1/runs/custom_mujoco_action_resampled/custom_mujoco_action_resampled_walker2d__inr_diffusion_history_conditioned__novel_generalization__s0 (7.5s)
[gpu0] START /mnt/data/INR/outputs/_archive/mujoco_suites/action_resampled_v1/runs/custom_mujoco_action_resampled/custom_mujoco_action_resampled_walker2d__inr_diffusion_history_conditioned__specialization__s0
[gpu1] OK /mnt/data/INR/outputs/_archive/mujoco_suites/action_resampled_v1/runs/custom_mujoco_action_resampled/custom_mujoco_action_resampled_walker2d__inr_diffusion_history_conditioned__single_shift__s0 (6.9s)
[gpu1] START /mnt/data/INR/outputs/_archive/mujoco_suites/action_resampled_v1/runs/custom_mujoco_action_resampled/custom_mujoco_action_resampled_walker2d__inr_diffusion_history_conditioned__specialization__s1
[gpu3] OK /mnt/data/INR/outputs/_archive/mujoco_suites/action_resampled_v1/runs/custom_mujoco_action_resampled/custom_mujoco_action_resampled_walker2d__inr_diffusion_history_conditioned__novel_generalization__s1 (7.5s)
[gpu3] START /mnt/data/INR/outputs/_archive/mujoco_suites/action_resampled_v1/runs/custom_mujoco_action_resampled/custom_mujoco_action_resampled_walker2d__inr_transformer_fitted_latent__conflation__s0
[gpu2] OK /mnt/data/INR/outputs/_archive/mujoco_suites/action_resampled_v1/runs/custom_mujoco_action_resampled/custom_mujoco_action_resampled_walker2d__inr_diffusion_history_conditioned__single_shift__s1 (7.4s)
[gpu2] START /mnt/data/INR/outputs/_archive/mujoco_suites/action_resampled_v1/runs/custom_mujoco_action_resampled/custom_mujoco_action_resampled_walker2d__inr_transformer_fitted_latent__conflation__s1
[gpu0] OK /mnt/data/INR/outputs/_archive/mujoco_suites/action_resampled_v1/runs/custom_mujoco_action_resampled/custom_mujoco_action_resampled_walker2d__inr_diffusion_history_conditioned__specialization__s0 (7.4s)
[gpu0] START /mnt/data/INR/outputs/_archive/mujoco_suites/action_resampled_v1/runs/custom_mujoco_action_resampled/custom_mujoco_action_resampled_walker2d__inr_transformer_fitted_latent__generalization__s0
[gpu1] OK /mnt/data/INR/outputs/_archive/mujoco_suites/action_resampled_v1/runs/custom_mujoco_action_resampled/custom_mujoco_action_resampled_walker2d__inr_diffusion_history_conditioned__specialization__s1 (7.2s)
[gpu1] START /mnt/data/INR/outputs/_archive/mujoco_suites/action_resampled_v1/runs/custom_mujoco_action_resampled/custom_mujoco_action_resampled_walker2d__inr_transformer_fitted_latent__generalization__s1
[gpu3] OK /mnt/data/INR/outputs/_archive/mujoco_suites/action_resampled_v1/runs/custom_mujoco_action_resampled/custom_mujoco_action_resampled_walker2d__inr_transformer_fitted_latent__conflation__s0 (10.5s)
[gpu3] START /mnt/data/INR/outputs/_archive/mujoco_suites/action_resampled_v1/runs/custom_mujoco_action_resampled/custom_mujoco_action_resampled_walker2d__inr_transformer_fitted_latent__new_policy__s0
[gpu2] OK /mnt/data/INR/outputs/_archive/mujoco_suites/action_resampled_v1/runs/custom_mujoco_action_resampled/custom_mujoco_action_resampled_walker2d__inr_transformer_fitted_latent__conflation__s1 (10.5s)
[gpu2] START /mnt/data/INR/outputs/_archive/mujoco_suites/action_resampled_v1/runs/custom_mujoco_action_resampled/custom_mujoco_action_resampled_walker2d__inr_transformer_fitted_latent__new_policy__s1
[gpu0] OK /mnt/data/INR/outputs/_archive/mujoco_suites/action_resampled_v1/runs/custom_mujoco_action_resampled/custom_mujoco_action_resampled_walker2d__inr_transformer_fitted_latent__generalization__s0 (9.6s)
[gpu0] START /mnt/data/INR/outputs/_archive/mujoco_suites/action_resampled_v1/runs/custom_mujoco_action_resampled/custom_mujoco_action_resampled_walker2d__inr_transformer_fitted_latent__no_shift__s0
[gpu1] OK /mnt/data/INR/outputs/_archive/mujoco_suites/action_resampled_v1/runs/custom_mujoco_action_resampled/custom_mujoco_action_resampled_walker2d__inr_transformer_fitted_latent__generalization__s1 (8.2s)
[gpu1] START /mnt/data/INR/outputs/_archive/mujoco_suites/action_resampled_v1/runs/custom_mujoco_action_resampled/custom_mujoco_action_resampled_walker2d__inr_transformer_fitted_latent__no_shift__s1
[gpu3] OK /mnt/data/INR/outputs/_archive/mujoco_suites/action_resampled_v1/runs/custom_mujoco_action_resampled/custom_mujoco_action_resampled_walker2d__inr_transformer_fitted_latent__new_policy__s0 (11.9s)
[gpu3] START /mnt/data/INR/outputs/_archive/mujoco_suites/action_resampled_v1/runs/custom_mujoco_action_resampled/custom_mujoco_action_resampled_walker2d__inr_transformer_fitted_latent__novel_generalization__s0
[gpu2] OK /mnt/data/INR/outputs/_archive/mujoco_suites/action_resampled_v1/runs/custom_mujoco_action_resampled/custom_mujoco_action_resampled_walker2d__inr_transformer_fitted_latent__new_policy__s1 (11.9s)
[gpu2] START /mnt/data/INR/outputs/_archive/mujoco_suites/action_resampled_v1/runs/custom_mujoco_action_resampled/custom_mujoco_action_resampled_walker2d__inr_transformer_fitted_latent__novel_generalization__s1
[gpu1] OK /mnt/data/INR/outputs/_archive/mujoco_suites/action_resampled_v1/runs/custom_mujoco_action_resampled/custom_mujoco_action_resampled_walker2d__inr_transformer_fitted_latent__no_shift__s1 (9.1s)
[gpu1] START /mnt/data/INR/outputs/_archive/mujoco_suites/action_resampled_v1/runs/custom_mujoco_action_resampled/custom_mujoco_action_resampled_walker2d__inr_transformer_fitted_latent__single_shift__s0
[gpu0] OK /mnt/data/INR/outputs/_archive/mujoco_suites/action_resampled_v1/runs/custom_mujoco_action_resampled/custom_mujoco_action_resampled_walker2d__inr_transformer_fitted_latent__no_shift__s0 (11.5s)
[gpu0] START /mnt/data/INR/outputs/_archive/mujoco_suites/action_resampled_v1/runs/custom_mujoco_action_resampled/custom_mujoco_action_resampled_walker2d__inr_transformer_fitted_latent__single_shift__s1
[gpu3] OK /mnt/data/INR/outputs/_archive/mujoco_suites/action_resampled_v1/runs/custom_mujoco_action_resampled/custom_mujoco_action_resampled_walker2d__inr_transformer_fitted_latent__novel_generalization__s0 (10.1s)
[gpu3] START /mnt/data/INR/outputs/_archive/mujoco_suites/action_resampled_v1/runs/custom_mujoco_action_resampled/custom_mujoco_action_resampled_walker2d__inr_transformer_fitted_latent__specialization__s0
[gpu1] OK /mnt/data/INR/outputs/_archive/mujoco_suites/action_resampled_v1/runs/custom_mujoco_action_resampled/custom_mujoco_action_resampled_walker2d__inr_transformer_fitted_latent__single_shift__s0 (9.0s)
[gpu1] START /mnt/data/INR/outputs/_archive/mujoco_suites/action_resampled_v1/runs/custom_mujoco_action_resampled/custom_mujoco_action_resampled_walker2d__inr_transformer_fitted_latent__specialization__s1
[gpu2] OK /mnt/data/INR/outputs/_archive/mujoco_suites/action_resampled_v1/runs/custom_mujoco_action_resampled/custom_mujoco_action_resampled_walker2d__inr_transformer_fitted_latent__novel_generalization__s1 (9.9s)
[gpu2] START /mnt/data/INR/outputs/_archive/mujoco_suites/action_resampled_v1/runs/custom_mujoco_action_resampled/custom_mujoco_action_resampled_walker2d__inr_transformer_history_conditioned__conflation__s0
[gpu0] OK /mnt/data/INR/outputs/_archive/mujoco_suites/action_resampled_v1/runs/custom_mujoco_action_resampled/custom_mujoco_action_resampled_walker2d__inr_transformer_fitted_latent__single_shift__s1 (11.3s)
[gpu0] START /mnt/data/INR/outputs/_archive/mujoco_suites/action_resampled_v1/runs/custom_mujoco_action_resampled/custom_mujoco_action_resampled_walker2d__inr_transformer_history_conditioned__conflation__s1
[gpu2] OK /mnt/data/INR/outputs/_archive/mujoco_suites/action_resampled_v1/runs/custom_mujoco_action_resampled/custom_mujoco_action_resampled_walker2d__inr_transformer_history_conditioned__conflation__s0 (7.1s)
[gpu2] START /mnt/data/INR/outputs/_archive/mujoco_suites/action_resampled_v1/runs/custom_mujoco_action_resampled/custom_mujoco_action_resampled_walker2d__inr_transformer_history_conditioned__generalization__s0
[gpu1] OK /mnt/data/INR/outputs/_archive/mujoco_suites/action_resampled_v1/runs/custom_mujoco_action_resampled/custom_mujoco_action_resampled_walker2d__inr_transformer_fitted_latent__specialization__s1 (8.7s)
[gpu1] START /mnt/data/INR/outputs/_archive/mujoco_suites/action_resampled_v1/runs/custom_mujoco_action_resampled/custom_mujoco_action_resampled_walker2d__inr_transformer_history_conditioned__generalization__s1
[gpu3] OK /mnt/data/INR/outputs/_archive/mujoco_suites/action_resampled_v1/runs/custom_mujoco_action_resampled/custom_mujoco_action_resampled_walker2d__inr_transformer_fitted_latent__specialization__s0 (11.1s)
[gpu3] START /mnt/data/INR/outputs/_archive/mujoco_suites/action_resampled_v1/runs/custom_mujoco_action_resampled/custom_mujoco_action_resampled_walker2d__inr_transformer_history_conditioned__new_policy__s0
[gpu0] OK /mnt/data/INR/outputs/_archive/mujoco_suites/action_resampled_v1/runs/custom_mujoco_action_resampled/custom_mujoco_action_resampled_walker2d__inr_transformer_history_conditioned__conflation__s1 (7.2s)
[gpu0] START /mnt/data/INR/outputs/_archive/mujoco_suites/action_resampled_v1/runs/custom_mujoco_action_resampled/custom_mujoco_action_resampled_walker2d__inr_transformer_history_conditioned__new_policy__s1
[gpu2] OK /mnt/data/INR/outputs/_archive/mujoco_suites/action_resampled_v1/runs/custom_mujoco_action_resampled/custom_mujoco_action_resampled_walker2d__inr_transformer_history_conditioned__generalization__s0 (7.2s)
[gpu2] START /mnt/data/INR/outputs/_archive/mujoco_suites/action_resampled_v1/runs/custom_mujoco_action_resampled/custom_mujoco_action_resampled_walker2d__inr_transformer_history_conditioned__no_shift__s0
[gpu1] OK /mnt/data/INR/outputs/_archive/mujoco_suites/action_resampled_v1/runs/custom_mujoco_action_resampled/custom_mujoco_action_resampled_walker2d__inr_transformer_history_conditioned__generalization__s1 (6.8s)
[gpu1] START /mnt/data/INR/outputs/_archive/mujoco_suites/action_resampled_v1/runs/custom_mujoco_action_resampled/custom_mujoco_action_resampled_walker2d__inr_transformer_history_conditioned__no_shift__s1
[gpu3] OK /mnt/data/INR/outputs/_archive/mujoco_suites/action_resampled_v1/runs/custom_mujoco_action_resampled/custom_mujoco_action_resampled_walker2d__inr_transformer_history_conditioned__new_policy__s0 (7.1s)
[gpu3] START /mnt/data/INR/outputs/_archive/mujoco_suites/action_resampled_v1/runs/custom_mujoco_action_resampled/custom_mujoco_action_resampled_walker2d__inr_transformer_history_conditioned__novel_generalization__s0
[gpu0] OK /mnt/data/INR/outputs/_archive/mujoco_suites/action_resampled_v1/runs/custom_mujoco_action_resampled/custom_mujoco_action_resampled_walker2d__inr_transformer_history_conditioned__new_policy__s1 (7.6s)
[gpu0] START /mnt/data/INR/outputs/_archive/mujoco_suites/action_resampled_v1/runs/custom_mujoco_action_resampled/custom_mujoco_action_resampled_walker2d__inr_transformer_history_conditioned__novel_generalization__s1
[gpu2] OK /mnt/data/INR/outputs/_archive/mujoco_suites/action_resampled_v1/runs/custom_mujoco_action_resampled/custom_mujoco_action_resampled_walker2d__inr_transformer_history_conditioned__no_shift__s0 (7.2s)
[gpu2] START /mnt/data/INR/outputs/_archive/mujoco_suites/action_resampled_v1/runs/custom_mujoco_action_resampled/custom_mujoco_action_resampled_walker2d__inr_transformer_history_conditioned__single_shift__s0
[gpu1] OK /mnt/data/INR/outputs/_archive/mujoco_suites/action_resampled_v1/runs/custom_mujoco_action_resampled/custom_mujoco_action_resampled_walker2d__inr_transformer_history_conditioned__no_shift__s1 (6.7s)
[gpu1] START /mnt/data/INR/outputs/_archive/mujoco_suites/action_resampled_v1/runs/custom_mujoco_action_resampled/custom_mujoco_action_resampled_walker2d__inr_transformer_history_conditioned__single_shift__s1
[gpu3] OK /mnt/data/INR/outputs/_archive/mujoco_suites/action_resampled_v1/runs/custom_mujoco_action_resampled/custom_mujoco_action_resampled_walker2d__inr_transformer_history_conditioned__novel_generalization__s0 (7.2s)
[gpu3] START /mnt/data/INR/outputs/_archive/mujoco_suites/action_resampled_v1/runs/custom_mujoco_action_resampled/custom_mujoco_action_resampled_walker2d__inr_transformer_history_conditioned__specialization__s0
[gpu0] OK /mnt/data/INR/outputs/_archive/mujoco_suites/action_resampled_v1/runs/custom_mujoco_action_resampled/custom_mujoco_action_resampled_walker2d__inr_transformer_history_conditioned__novel_generalization__s1 (7.4s)
[gpu0] START /mnt/data/INR/outputs/_archive/mujoco_suites/action_resampled_v1/runs/custom_mujoco_action_resampled/custom_mujoco_action_resampled_walker2d__inr_transformer_history_conditioned__specialization__s1
[gpu1] OK /mnt/data/INR/outputs/_archive/mujoco_suites/action_resampled_v1/runs/custom_mujoco_action_resampled/custom_mujoco_action_resampled_walker2d__inr_transformer_history_conditioned__single_shift__s1 (7.0s)
[gpu2] OK /mnt/data/INR/outputs/_archive/mujoco_suites/action_resampled_v1/runs/custom_mujoco_action_resampled/custom_mujoco_action_resampled_walker2d__inr_transformer_history_conditioned__single_shift__s0 (7.6s)
[gpu3] OK /mnt/data/INR/outputs/_archive/mujoco_suites/action_resampled_v1/runs/custom_mujoco_action_resampled/custom_mujoco_action_resampled_walker2d__inr_transformer_history_conditioned__specialization__s0 (7.6s)
[gpu0] OK /mnt/data/INR/outputs/_archive/mujoco_suites/action_resampled_v1/runs/custom_mujoco_action_resampled/custom_mujoco_action_resampled_walker2d__inr_transformer_history_conditioned__specialization__s1 (7.2s)
[launcher] done. log at /mnt/data/INR/outputs/_archive/mujoco_suites/action_resampled_v1/reevaluate_probe_database.log
[2026-05-07T01:57:39+00:00] REEVAL_END /mnt/data/INR/outputs/_archive/mujoco_suites/action_resampled_v1 status=0
[2026-05-07T01:57:39+00:00] REEVAL_START /mnt/data/INR/outputs/_archive/mujoco_suites/state_resampled_v1
[launcher] 336 runs across 4 GPUs
[gpu0] START /mnt/data/INR/outputs/_archive/mujoco_suites/state_resampled_v1/runs/custom_mujoco_step_resampled/custom_mujoco_step_resampled_ant__cvae__conflation__s0
[gpu3] START /mnt/data/INR/outputs/_archive/mujoco_suites/state_resampled_v1/runs/custom_mujoco_step_resampled/custom_mujoco_step_resampled_ant__cvae__generalization__s0
[gpu2] START /mnt/data/INR/outputs/_archive/mujoco_suites/state_resampled_v1/runs/custom_mujoco_step_resampled/custom_mujoco_step_resampled_ant__cvae__generalization__s1
[gpu1] START /mnt/data/INR/outputs/_archive/mujoco_suites/state_resampled_v1/runs/custom_mujoco_step_resampled/custom_mujoco_step_resampled_ant__cvae__conflation__s1
[gpu2] OK /mnt/data/INR/outputs/_archive/mujoco_suites/state_resampled_v1/runs/custom_mujoco_step_resampled/custom_mujoco_step_resampled_ant__cvae__generalization__s1 (16.8s)
[gpu2] START /mnt/data/INR/outputs/_archive/mujoco_suites/state_resampled_v1/runs/custom_mujoco_step_resampled/custom_mujoco_step_resampled_ant__cvae__new_policy__s0
[gpu0] OK /mnt/data/INR/outputs/_archive/mujoco_suites/state_resampled_v1/runs/custom_mujoco_step_resampled/custom_mujoco_step_resampled_ant__cvae__conflation__s0 (17.0s)
[gpu0] START /mnt/data/INR/outputs/_archive/mujoco_suites/state_resampled_v1/runs/custom_mujoco_step_resampled/custom_mujoco_step_resampled_ant__cvae__new_policy__s1
[gpu1] OK /mnt/data/INR/outputs/_archive/mujoco_suites/state_resampled_v1/runs/custom_mujoco_step_resampled/custom_mujoco_step_resampled_ant__cvae__conflation__s1 (17.0s)
[gpu1] START /mnt/data/INR/outputs/_archive/mujoco_suites/state_resampled_v1/runs/custom_mujoco_step_resampled/custom_mujoco_step_resampled_ant__cvae__no_shift__s0
[gpu3] OK /mnt/data/INR/outputs/_archive/mujoco_suites/state_resampled_v1/runs/custom_mujoco_step_resampled/custom_mujoco_step_resampled_ant__cvae__generalization__s0 (17.1s)
[gpu3] START /mnt/data/INR/outputs/_archive/mujoco_suites/state_resampled_v1/runs/custom_mujoco_step_resampled/custom_mujoco_step_resampled_ant__cvae__no_shift__s1
[gpu2] OK /mnt/data/INR/outputs/_archive/mujoco_suites/state_resampled_v1/runs/custom_mujoco_step_resampled/custom_mujoco_step_resampled_ant__cvae__new_policy__s0 (7.9s)
[gpu2] START /mnt/data/INR/outputs/_archive/mujoco_suites/state_resampled_v1/runs/custom_mujoco_step_resampled/custom_mujoco_step_resampled_ant__cvae__novel_generalization__s0
[gpu1] OK /mnt/data/INR/outputs/_archive/mujoco_suites/state_resampled_v1/runs/custom_mujoco_step_resampled/custom_mujoco_step_resampled_ant__cvae__no_shift__s0 (8.4s)
[gpu1] START /mnt/data/INR/outputs/_archive/mujoco_suites/state_resampled_v1/runs/custom_mujoco_step_resampled/custom_mujoco_step_resampled_ant__cvae__novel_generalization__s1
[gpu0] OK /mnt/data/INR/outputs/_archive/mujoco_suites/state_resampled_v1/runs/custom_mujoco_step_resampled/custom_mujoco_step_resampled_ant__cvae__new_policy__s1 (8.5s)
[gpu0] START /mnt/data/INR/outputs/_archive/mujoco_suites/state_resampled_v1/runs/custom_mujoco_step_resampled/custom_mujoco_step_resampled_ant__cvae__single_shift__s0
[gpu3] OK /mnt/data/INR/outputs/_archive/mujoco_suites/state_resampled_v1/runs/custom_mujoco_step_resampled/custom_mujoco_step_resampled_ant__cvae__no_shift__s1 (8.5s)
[gpu3] START /mnt/data/INR/outputs/_archive/mujoco_suites/state_resampled_v1/runs/custom_mujoco_step_resampled/custom_mujoco_step_resampled_ant__cvae__single_shift__s1
[gpu2] OK /mnt/data/INR/outputs/_archive/mujoco_suites/state_resampled_v1/runs/custom_mujoco_step_resampled/custom_mujoco_step_resampled_ant__cvae__novel_generalization__s0 (7.6s)
[gpu2] START /mnt/data/INR/outputs/_archive/mujoco_suites/state_resampled_v1/runs/custom_mujoco_step_resampled/custom_mujoco_step_resampled_ant__cvae__specialization__s0
[gpu1] OK /mnt/data/INR/outputs/_archive/mujoco_suites/state_resampled_v1/runs/custom_mujoco_step_resampled/custom_mujoco_step_resampled_ant__cvae__novel_generalization__s1 (8.7s)
[gpu1] START /mnt/data/INR/outputs/_archive/mujoco_suites/state_resampled_v1/runs/custom_mujoco_step_resampled/custom_mujoco_step_resampled_ant__cvae__specialization__s1
[gpu0] OK /mnt/data/INR/outputs/_archive/mujoco_suites/state_resampled_v1/runs/custom_mujoco_step_resampled/custom_mujoco_step_resampled_ant__cvae__single_shift__s0 (8.7s)
[gpu0] START /mnt/data/INR/outputs/_archive/mujoco_suites/state_resampled_v1/runs/custom_mujoco_step_resampled/custom_mujoco_step_resampled_ant__inr_diffusion_history_conditioned__conflation__s0
[gpu3] OK /mnt/data/INR/outputs/_archive/mujoco_suites/state_resampled_v1/runs/custom_mujoco_step_resampled/custom_mujoco_step_resampled_ant__cvae__single_shift__s1 (8.7s)
[gpu3] START /mnt/data/INR/outputs/_archive/mujoco_suites/state_resampled_v1/runs/custom_mujoco_step_resampled/custom_mujoco_step_resampled_ant__inr_diffusion_history_conditioned__conflation__s1
[gpu2] OK /mnt/data/INR/outputs/_archive/mujoco_suites/state_resampled_v1/runs/custom_mujoco_step_resampled/custom_mujoco_step_resampled_ant__cvae__specialization__s0 (8.2s)
[gpu2] START /mnt/data/INR/outputs/_archive/mujoco_suites/state_resampled_v1/runs/custom_mujoco_step_resampled/custom_mujoco_step_resampled_ant__inr_diffusion_history_conditioned__generalization__s0
[gpu1] OK /mnt/data/INR/outputs/_archive/mujoco_suites/state_resampled_v1/runs/custom_mujoco_step_resampled/custom_mujoco_step_resampled_ant__cvae__specialization__s1 (8.5s)
[gpu1] START /mnt/data/INR/outputs/_archive/mujoco_suites/state_resampled_v1/runs/custom_mujoco_step_resampled/custom_mujoco_step_resampled_ant__inr_diffusion_history_conditioned__generalization__s1
[gpu0] OK /mnt/data/INR/outputs/_archive/mujoco_suites/state_resampled_v1/runs/custom_mujoco_step_resampled/custom_mujoco_step_resampled_ant__inr_diffusion_history_conditioned__conflation__s0 (8.6s)
[gpu0] START /mnt/data/INR/outputs/_archive/mujoco_suites/state_resampled_v1/runs/custom_mujoco_step_resampled/custom_mujoco_step_resampled_ant__inr_diffusion_history_conditioned__new_policy__s0
[gpu3] OK /mnt/data/INR/outputs/_archive/mujoco_suites/state_resampled_v1/runs/custom_mujoco_step_resampled/custom_mujoco_step_resampled_ant__inr_diffusion_history_conditioned__conflation__s1 (8.6s)
[gpu3] START /mnt/data/INR/outputs/_archive/mujoco_suites/state_resampled_v1/runs/custom_mujoco_step_resampled/custom_mujoco_step_resampled_ant__inr_diffusion_history_conditioned__new_policy__s1
[gpu2] OK /mnt/data/INR/outputs/_archive/mujoco_suites/state_resampled_v1/runs/custom_mujoco_step_resampled/custom_mujoco_step_resampled_ant__inr_diffusion_history_conditioned__generalization__s0 (7.5s)
[gpu2] START /mnt/data/INR/outputs/_archive/mujoco_suites/state_resampled_v1/runs/custom_mujoco_step_resampled/custom_mujoco_step_resampled_ant__inr_diffusion_history_conditioned__no_shift__s0
[gpu1] OK /mnt/data/INR/outputs/_archive/mujoco_suites/state_resampled_v1/runs/custom_mujoco_step_resampled/custom_mujoco_step_resampled_ant__inr_diffusion_history_conditioned__generalization__s1 (8.1s)
[gpu1] START /mnt/data/INR/outputs/_archive/mujoco_suites/state_resampled_v1/runs/custom_mujoco_step_resampled/custom_mujoco_step_resampled_ant__inr_diffusion_history_conditioned__no_shift__s1
[gpu0] OK /mnt/data/INR/outputs/_archive/mujoco_suites/state_resampled_v1/runs/custom_mujoco_step_resampled/custom_mujoco_step_resampled_ant__inr_diffusion_history_conditioned__new_policy__s0 (8.1s)
[gpu0] START /mnt/data/INR/outputs/_archive/mujoco_suites/state_resampled_v1/runs/custom_mujoco_step_resampled/custom_mujoco_step_resampled_ant__inr_diffusion_history_conditioned__novel_generalization__s0
[gpu3] OK /mnt/data/INR/outputs/_archive/mujoco_suites/state_resampled_v1/runs/custom_mujoco_step_resampled/custom_mujoco_step_resampled_ant__inr_diffusion_history_conditioned__new_policy__s1 (8.1s)
[gpu3] START /mnt/data/INR/outputs/_archive/mujoco_suites/state_resampled_v1/runs/custom_mujoco_step_resampled/custom_mujoco_step_resampled_ant__inr_diffusion_history_conditioned__novel_generalization__s1
[gpu2] OK /mnt/data/INR/outputs/_archive/mujoco_suites/state_resampled_v1/runs/custom_mujoco_step_resampled/custom_mujoco_step_resampled_ant__inr_diffusion_history_conditioned__no_shift__s0 (7.6s)
[gpu2] START /mnt/data/INR/outputs/_archive/mujoco_suites/state_resampled_v1/runs/custom_mujoco_step_resampled/custom_mujoco_step_resampled_ant__inr_diffusion_history_conditioned__single_shift__s0
[gpu0] OK /mnt/data/INR/outputs/_archive/mujoco_suites/state_resampled_v1/runs/custom_mujoco_step_resampled/custom_mujoco_step_resampled_ant__inr_diffusion_history_conditioned__novel_generalization__s0 (8.0s)
[gpu0] START /mnt/data/INR/outputs/_archive/mujoco_suites/state_resampled_v1/runs/custom_mujoco_step_resampled/custom_mujoco_step_resampled_ant__inr_diffusion_history_conditioned__single_shift__s1
[gpu3] OK /mnt/data/INR/outputs/_archive/mujoco_suites/state_resampled_v1/runs/custom_mujoco_step_resampled/custom_mujoco_step_resampled_ant__inr_diffusion_history_conditioned__novel_generalization__s1 (8.0s)
[gpu3] START /mnt/data/INR/outputs/_archive/mujoco_suites/state_resampled_v1/runs/custom_mujoco_step_resampled/custom_mujoco_step_resampled_ant__inr_diffusion_history_conditioned__specialization__s0
[gpu1] OK /mnt/data/INR/outputs/_archive/mujoco_suites/state_resampled_v1/runs/custom_mujoco_step_resampled/custom_mujoco_step_resampled_ant__inr_diffusion_history_conditioned__no_shift__s1 (8.6s)
[gpu1] START /mnt/data/INR/outputs/_archive/mujoco_suites/state_resampled_v1/runs/custom_mujoco_step_resampled/custom_mujoco_step_resampled_ant__inr_diffusion_history_conditioned__specialization__s1
[gpu2] OK /mnt/data/INR/outputs/_archive/mujoco_suites/state_resampled_v1/runs/custom_mujoco_step_resampled/custom_mujoco_step_resampled_ant__inr_diffusion_history_conditioned__single_shift__s0 (7.5s)
[gpu2] START /mnt/data/INR/outputs/_archive/mujoco_suites/state_resampled_v1/runs/custom_mujoco_step_resampled/custom_mujoco_step_resampled_ant__inr_transformer_fitted_latent__conflation__s0
[gpu0] OK /mnt/data/INR/outputs/_archive/mujoco_suites/state_resampled_v1/runs/custom_mujoco_step_resampled/custom_mujoco_step_resampled_ant__inr_diffusion_history_conditioned__single_shift__s1 (7.8s)
[gpu0] START /mnt/data/INR/outputs/_archive/mujoco_suites/state_resampled_v1/runs/custom_mujoco_step_resampled/custom_mujoco_step_resampled_ant__inr_transformer_fitted_latent__conflation__s1
[gpu3] OK /mnt/data/INR/outputs/_archive/mujoco_suites/state_resampled_v1/runs/custom_mujoco_step_resampled/custom_mujoco_step_resampled_ant__inr_diffusion_history_conditioned__specialization__s0 (7.8s)
[gpu3] START /mnt/data/INR/outputs/_archive/mujoco_suites/state_resampled_v1/runs/custom_mujoco_step_resampled/custom_mujoco_step_resampled_ant__inr_transformer_fitted_latent__generalization__s0
[gpu1] OK /mnt/data/INR/outputs/_archive/mujoco_suites/state_resampled_v1/runs/custom_mujoco_step_resampled/custom_mujoco_step_resampled_ant__inr_diffusion_history_conditioned__specialization__s1 (8.3s)
[gpu1] START /mnt/data/INR/outputs/_archive/mujoco_suites/state_resampled_v1/runs/custom_mujoco_step_resampled/custom_mujoco_step_resampled_ant__inr_transformer_fitted_latent__generalization__s1
[gpu2] OK /mnt/data/INR/outputs/_archive/mujoco_suites/state_resampled_v1/runs/custom_mujoco_step_resampled/custom_mujoco_step_resampled_ant__inr_transformer_fitted_latent__conflation__s0 (10.1s)
[gpu2] START /mnt/data/INR/outputs/_archive/mujoco_suites/state_resampled_v1/runs/custom_mujoco_step_resampled/custom_mujoco_step_resampled_ant__inr_transformer_fitted_latent__new_policy__s0
[gpu3] OK /mnt/data/INR/outputs/_archive/mujoco_suites/state_resampled_v1/runs/custom_mujoco_step_resampled/custom_mujoco_step_resampled_ant__inr_transformer_fitted_latent__generalization__s0 (9.9s)
[gpu3] START /mnt/data/INR/outputs/_archive/mujoco_suites/state_resampled_v1/runs/custom_mujoco_step_resampled/custom_mujoco_step_resampled_ant__inr_transformer_fitted_latent__new_policy__s1
[gpu0] OK /mnt/data/INR/outputs/_archive/mujoco_suites/state_resampled_v1/runs/custom_mujoco_step_resampled/custom_mujoco_step_resampled_ant__inr_transformer_fitted_latent__conflation__s1 (10.5s)
[gpu0] START /mnt/data/INR/outputs/_archive/mujoco_suites/state_resampled_v1/runs/custom_mujoco_step_resampled/custom_mujoco_step_resampled_ant__inr_transformer_fitted_latent__no_shift__s0
[gpu1] OK /mnt/data/INR/outputs/_archive/mujoco_suites/state_resampled_v1/runs/custom_mujoco_step_resampled/custom_mujoco_step_resampled_ant__inr_transformer_fitted_latent__generalization__s1 (11.1s)
[gpu1] START /mnt/data/INR/outputs/_archive/mujoco_suites/state_resampled_v1/runs/custom_mujoco_step_resampled/custom_mujoco_step_resampled_ant__inr_transformer_fitted_latent__no_shift__s1
[gpu2] OK /mnt/data/INR/outputs/_archive/mujoco_suites/state_resampled_v1/runs/custom_mujoco_step_resampled/custom_mujoco_step_resampled_ant__inr_transformer_fitted_latent__new_policy__s0 (11.9s)
[gpu2] START /mnt/data/INR/outputs/_archive/mujoco_suites/state_resampled_v1/runs/custom_mujoco_step_resampled/custom_mujoco_step_resampled_ant__inr_transformer_fitted_latent__novel_generalization__s0
[gpu3] OK /mnt/data/INR/outputs/_archive/mujoco_suites/state_resampled_v1/runs/custom_mujoco_step_resampled/custom_mujoco_step_resampled_ant__inr_transformer_fitted_latent__new_policy__s1 (11.8s)
[gpu3] START /mnt/data/INR/outputs/_archive/mujoco_suites/state_resampled_v1/runs/custom_mujoco_step_resampled/custom_mujoco_step_resampled_ant__inr_transformer_fitted_latent__novel_generalization__s1
[gpu0] OK /mnt/data/INR/outputs/_archive/mujoco_suites/state_resampled_v1/runs/custom_mujoco_step_resampled/custom_mujoco_step_resampled_ant__inr_transformer_fitted_latent__no_shift__s0 (11.4s)
[gpu0] START /mnt/data/INR/outputs/_archive/mujoco_suites/state_resampled_v1/runs/custom_mujoco_step_resampled/custom_mujoco_step_resampled_ant__inr_transformer_fitted_latent__single_shift__s0
[gpu1] OK /mnt/data/INR/outputs/_archive/mujoco_suites/state_resampled_v1/runs/custom_mujoco_step_resampled/custom_mujoco_step_resampled_ant__inr_transformer_fitted_latent__no_shift__s1 (13.4s)
[gpu1] START /mnt/data/INR/outputs/_archive/mujoco_suites/state_resampled_v1/runs/custom_mujoco_step_resampled/custom_mujoco_step_resampled_ant__inr_transformer_fitted_latent__single_shift__s1
[gpu2] OK /mnt/data/INR/outputs/_archive/mujoco_suites/state_resampled_v1/runs/custom_mujoco_step_resampled/custom_mujoco_step_resampled_ant__inr_transformer_fitted_latent__novel_generalization__s0 (9.9s)
[gpu2] START /mnt/data/INR/outputs/_archive/mujoco_suites/state_resampled_v1/runs/custom_mujoco_step_resampled/custom_mujoco_step_resampled_ant__inr_transformer_fitted_latent__specialization__s0
[gpu3] OK /mnt/data/INR/outputs/_archive/mujoco_suites/state_resampled_v1/runs/custom_mujoco_step_resampled/custom_mujoco_step_resampled_ant__inr_transformer_fitted_latent__novel_generalization__s1 (9.0s)
[gpu3] START /mnt/data/INR/outputs/_archive/mujoco_suites/state_resampled_v1/runs/custom_mujoco_step_resampled/custom_mujoco_step_resampled_ant__inr_transformer_fitted_latent__specialization__s1
[gpu0] OK /mnt/data/INR/outputs/_archive/mujoco_suites/state_resampled_v1/runs/custom_mujoco_step_resampled/custom_mujoco_step_resampled_ant__inr_transformer_fitted_latent__single_shift__s0 (11.6s)
[gpu0] START /mnt/data/INR/outputs/_archive/mujoco_suites/state_resampled_v1/runs/custom_mujoco_step_resampled/custom_mujoco_step_resampled_ant__inr_transformer_history_conditioned__conflation__s0
[gpu1] OK /mnt/data/INR/outputs/_archive/mujoco_suites/state_resampled_v1/runs/custom_mujoco_step_resampled/custom_mujoco_step_resampled_ant__inr_transformer_fitted_latent__single_shift__s1 (13.3s)
[gpu1] START /mnt/data/INR/outputs/_archive/mujoco_suites/state_resampled_v1/runs/custom_mujoco_step_resampled/custom_mujoco_step_resampled_ant__inr_transformer_history_conditioned__conflation__s1
[gpu2] OK /mnt/data/INR/outputs/_archive/mujoco_suites/state_resampled_v1/runs/custom_mujoco_step_resampled/custom_mujoco_step_resampled_ant__inr_transformer_fitted_latent__specialization__s0 (11.1s)
[gpu2] START /mnt/data/INR/outputs/_archive/mujoco_suites/state_resampled_v1/runs/custom_mujoco_step_resampled/custom_mujoco_step_resampled_ant__inr_transformer_history_conditioned__generalization__s0
[gpu3] OK /mnt/data/INR/outputs/_archive/mujoco_suites/state_resampled_v1/runs/custom_mujoco_step_resampled/custom_mujoco_step_resampled_ant__inr_transformer_fitted_latent__specialization__s1 (9.0s)
[gpu3] START /mnt/data/INR/outputs/_archive/mujoco_suites/state_resampled_v1/runs/custom_mujoco_step_resampled/custom_mujoco_step_resampled_ant__inr_transformer_history_conditioned__generalization__s1
[gpu0] OK /mnt/data/INR/outputs/_archive/mujoco_suites/state_resampled_v1/runs/custom_mujoco_step_resampled/custom_mujoco_step_resampled_ant__inr_transformer_history_conditioned__conflation__s0 (8.0s)
[gpu0] START /mnt/data/INR/outputs/_archive/mujoco_suites/state_resampled_v1/runs/custom_mujoco_step_resampled/custom_mujoco_step_resampled_ant__inr_transformer_history_conditioned__new_policy__s0
[gpu1] OK /mnt/data/INR/outputs/_archive/mujoco_suites/state_resampled_v1/runs/custom_mujoco_step_resampled/custom_mujoco_step_resampled_ant__inr_transformer_history_conditioned__conflation__s1 (7.9s)
[gpu1] START /mnt/data/INR/outputs/_archive/mujoco_suites/state_resampled_v1/runs/custom_mujoco_step_resampled/custom_mujoco_step_resampled_ant__inr_transformer_history_conditioned__new_policy__s1
[gpu2] OK /mnt/data/INR/outputs/_archive/mujoco_suites/state_resampled_v1/runs/custom_mujoco_step_resampled/custom_mujoco_step_resampled_ant__inr_transformer_history_conditioned__generalization__s0 (7.5s)
[gpu2] START /mnt/data/INR/outputs/_archive/mujoco_suites/state_resampled_v1/runs/custom_mujoco_step_resampled/custom_mujoco_step_resampled_ant__inr_transformer_history_conditioned__no_shift__s0
[gpu3] OK /mnt/data/INR/outputs/_archive/mujoco_suites/state_resampled_v1/runs/custom_mujoco_step_resampled/custom_mujoco_step_resampled_ant__inr_transformer_history_conditioned__generalization__s1 (7.1s)
[gpu3] START /mnt/data/INR/outputs/_archive/mujoco_suites/state_resampled_v1/runs/custom_mujoco_step_resampled/custom_mujoco_step_resampled_ant__inr_transformer_history_conditioned__no_shift__s1
[gpu0] OK /mnt/data/INR/outputs/_archive/mujoco_suites/state_resampled_v1/runs/custom_mujoco_step_resampled/custom_mujoco_step_resampled_ant__inr_transformer_history_conditioned__new_policy__s0 (7.9s)
[gpu0] START /mnt/data/INR/outputs/_archive/mujoco_suites/state_resampled_v1/runs/custom_mujoco_step_resampled/custom_mujoco_step_resampled_ant__inr_transformer_history_conditioned__novel_generalization__s0
[gpu3] OK /mnt/data/INR/outputs/_archive/mujoco_suites/state_resampled_v1/runs/custom_mujoco_step_resampled/custom_mujoco_step_resampled_ant__inr_transformer_history_conditioned__no_shift__s1 (7.5s)
[gpu3] START /mnt/data/INR/outputs/_archive/mujoco_suites/state_resampled_v1/runs/custom_mujoco_step_resampled/custom_mujoco_step_resampled_ant__inr_transformer_history_conditioned__novel_generalization__s1
[gpu2] OK /mnt/data/INR/outputs/_archive/mujoco_suites/state_resampled_v1/runs/custom_mujoco_step_resampled/custom_mujoco_step_resampled_ant__inr_transformer_history_conditioned__no_shift__s0 (7.7s)
[gpu2] START /mnt/data/INR/outputs/_archive/mujoco_suites/state_resampled_v1/runs/custom_mujoco_step_resampled/custom_mujoco_step_resampled_ant__inr_transformer_history_conditioned__single_shift__s0
[gpu1] OK /mnt/data/INR/outputs/_archive/mujoco_suites/state_resampled_v1/runs/custom_mujoco_step_resampled/custom_mujoco_step_resampled_ant__inr_transformer_history_conditioned__new_policy__s1 (8.4s)
[gpu1] START /mnt/data/INR/outputs/_archive/mujoco_suites/state_resampled_v1/runs/custom_mujoco_step_resampled/custom_mujoco_step_resampled_ant__inr_transformer_history_conditioned__single_shift__s1
[gpu0] OK /mnt/data/INR/outputs/_archive/mujoco_suites/state_resampled_v1/runs/custom_mujoco_step_resampled/custom_mujoco_step_resampled_ant__inr_transformer_history_conditioned__novel_generalization__s0 (7.8s)
[gpu0] START /mnt/data/INR/outputs/_archive/mujoco_suites/state_resampled_v1/runs/custom_mujoco_step_resampled/custom_mujoco_step_resampled_ant__inr_transformer_history_conditioned__specialization__s0
[gpu3] OK /mnt/data/INR/outputs/_archive/mujoco_suites/state_resampled_v1/runs/custom_mujoco_step_resampled/custom_mujoco_step_resampled_ant__inr_transformer_history_conditioned__novel_generalization__s1 (7.3s)
[gpu3] START /mnt/data/INR/outputs/_archive/mujoco_suites/state_resampled_v1/runs/custom_mujoco_step_resampled/custom_mujoco_step_resampled_ant__inr_transformer_history_conditioned__specialization__s1
[gpu2] OK /mnt/data/INR/outputs/_archive/mujoco_suites/state_resampled_v1/runs/custom_mujoco_step_resampled/custom_mujoco_step_resampled_ant__inr_transformer_history_conditioned__single_shift__s0 (7.8s)
[gpu2] START /mnt/data/INR/outputs/_archive/mujoco_suites/state_resampled_v1/runs/custom_mujoco_step_resampled/custom_mujoco_step_resampled_halfcheetah__cvae__conflation__s0
[gpu1] OK /mnt/data/INR/outputs/_archive/mujoco_suites/state_resampled_v1/runs/custom_mujoco_step_resampled/custom_mujoco_step_resampled_ant__inr_transformer_history_conditioned__single_shift__s1 (7.8s)
[gpu1] START /mnt/data/INR/outputs/_archive/mujoco_suites/state_resampled_v1/runs/custom_mujoco_step_resampled/custom_mujoco_step_resampled_halfcheetah__cvae__conflation__s1
[gpu0] OK /mnt/data/INR/outputs/_archive/mujoco_suites/state_resampled_v1/runs/custom_mujoco_step_resampled/custom_mujoco_step_resampled_ant__inr_transformer_history_conditioned__specialization__s0 (7.8s)
[gpu0] START /mnt/data/INR/outputs/_archive/mujoco_suites/state_resampled_v1/runs/custom_mujoco_step_resampled/custom_mujoco_step_resampled_halfcheetah__cvae__generalization__s0
[gpu3] OK /mnt/data/INR/outputs/_archive/mujoco_suites/state_resampled_v1/runs/custom_mujoco_step_resampled/custom_mujoco_step_resampled_ant__inr_transformer_history_conditioned__specialization__s1 (7.4s)
[gpu3] START /mnt/data/INR/outputs/_archive/mujoco_suites/state_resampled_v1/runs/custom_mujoco_step_resampled/custom_mujoco_step_resampled_halfcheetah__cvae__generalization__s1
[gpu2] OK /mnt/data/INR/outputs/_archive/mujoco_suites/state_resampled_v1/runs/custom_mujoco_step_resampled/custom_mujoco_step_resampled_halfcheetah__cvae__conflation__s0 (12.8s)
[gpu2] START /mnt/data/INR/outputs/_archive/mujoco_suites/state_resampled_v1/runs/custom_mujoco_step_resampled/custom_mujoco_step_resampled_halfcheetah__cvae__new_policy__s0
[gpu1] OK /mnt/data/INR/outputs/_archive/mujoco_suites/state_resampled_v1/runs/custom_mujoco_step_resampled/custom_mujoco_step_resampled_halfcheetah__cvae__conflation__s1 (13.0s)
[gpu1] START /mnt/data/INR/outputs/_archive/mujoco_suites/state_resampled_v1/runs/custom_mujoco_step_resampled/custom_mujoco_step_resampled_halfcheetah__cvae__new_policy__s1
[gpu0] OK /mnt/data/INR/outputs/_archive/mujoco_suites/state_resampled_v1/runs/custom_mujoco_step_resampled/custom_mujoco_step_resampled_halfcheetah__cvae__generalization__s0 (12.7s)
[gpu0] START /mnt/data/INR/outputs/_archive/mujoco_suites/state_resampled_v1/runs/custom_mujoco_step_resampled/custom_mujoco_step_resampled_halfcheetah__cvae__no_shift__s0
[gpu3] OK /mnt/data/INR/outputs/_archive/mujoco_suites/state_resampled_v1/runs/custom_mujoco_step_resampled/custom_mujoco_step_resampled_halfcheetah__cvae__generalization__s1 (12.4s)
[gpu3] START /mnt/data/INR/outputs/_archive/mujoco_suites/state_resampled_v1/runs/custom_mujoco_step_resampled/custom_mujoco_step_resampled_halfcheetah__cvae__no_shift__s1
[gpu0] OK /mnt/data/INR/outputs/_archive/mujoco_suites/state_resampled_v1/runs/custom_mujoco_step_resampled/custom_mujoco_step_resampled_halfcheetah__cvae__no_shift__s0 (6.3s)
[gpu0] START /mnt/data/INR/outputs/_archive/mujoco_suites/state_resampled_v1/runs/custom_mujoco_step_resampled/custom_mujoco_step_resampled_halfcheetah__cvae__novel_generalization__s0
[gpu2] OK /mnt/data/INR/outputs/_archive/mujoco_suites/state_resampled_v1/runs/custom_mujoco_step_resampled/custom_mujoco_step_resampled_halfcheetah__cvae__new_policy__s0 (12.8s)
[gpu2] START /mnt/data/INR/outputs/_archive/mujoco_suites/state_resampled_v1/runs/custom_mujoco_step_resampled/custom_mujoco_step_resampled_halfcheetah__cvae__novel_generalization__s1
[gpu1] OK /mnt/data/INR/outputs/_archive/mujoco_suites/state_resampled_v1/runs/custom_mujoco_step_resampled/custom_mujoco_step_resampled_halfcheetah__cvae__new_policy__s1 (13.1s)
[gpu1] START /mnt/data/INR/outputs/_archive/mujoco_suites/state_resampled_v1/runs/custom_mujoco_step_resampled/custom_mujoco_step_resampled_halfcheetah__cvae__single_shift__s0
[gpu0] OK /mnt/data/INR/outputs/_archive/mujoco_suites/state_resampled_v1/runs/custom_mujoco_step_resampled/custom_mujoco_step_resampled_halfcheetah__cvae__novel_generalization__s0 (6.4s)
[gpu0] START /mnt/data/INR/outputs/_archive/mujoco_suites/state_resampled_v1/runs/custom_mujoco_step_resampled/custom_mujoco_step_resampled_halfcheetah__cvae__single_shift__s1
[gpu3] OK /mnt/data/INR/outputs/_archive/mujoco_suites/state_resampled_v1/runs/custom_mujoco_step_resampled/custom_mujoco_step_resampled_halfcheetah__cvae__no_shift__s1 (12.5s)
[gpu3] START /mnt/data/INR/outputs/_archive/mujoco_suites/state_resampled_v1/runs/custom_mujoco_step_resampled/custom_mujoco_step_resampled_halfcheetah__cvae__specialization__s0
[gpu1] OK /mnt/data/INR/outputs/_archive/mujoco_suites/state_resampled_v1/runs/custom_mujoco_step_resampled/custom_mujoco_step_resampled_halfcheetah__cvae__single_shift__s0 (6.3s)
[gpu1] START /mnt/data/INR/outputs/_archive/mujoco_suites/state_resampled_v1/runs/custom_mujoco_step_resampled/custom_mujoco_step_resampled_halfcheetah__cvae__specialization__s1
[gpu0] OK /mnt/data/INR/outputs/_archive/mujoco_suites/state_resampled_v1/runs/custom_mujoco_step_resampled/custom_mujoco_step_resampled_halfcheetah__cvae__single_shift__s1 (6.3s)
[gpu0] START /mnt/data/INR/outputs/_archive/mujoco_suites/state_resampled_v1/runs/custom_mujoco_step_resampled/custom_mujoco_step_resampled_halfcheetah__inr_diffusion_history_conditioned__conflation__s0
[gpu2] OK /mnt/data/INR/outputs/_archive/mujoco_suites/state_resampled_v1/runs/custom_mujoco_step_resampled/custom_mujoco_step_resampled_halfcheetah__cvae__novel_generalization__s1 (12.6s)
[gpu2] START /mnt/data/INR/outputs/_archive/mujoco_suites/state_resampled_v1/runs/custom_mujoco_step_resampled/custom_mujoco_step_resampled_halfcheetah__inr_diffusion_history_conditioned__conflation__s1
[gpu0] OK /mnt/data/INR/outputs/_archive/mujoco_suites/state_resampled_v1/runs/custom_mujoco_step_resampled/custom_mujoco_step_resampled_halfcheetah__inr_diffusion_history_conditioned__conflation__s0 (6.2s)
[gpu0] START /mnt/data/INR/outputs/_archive/mujoco_suites/state_resampled_v1/runs/custom_mujoco_step_resampled/custom_mujoco_step_resampled_halfcheetah__inr_diffusion_history_conditioned__generalization__s0
[gpu3] OK /mnt/data/INR/outputs/_archive/mujoco_suites/state_resampled_v1/runs/custom_mujoco_step_resampled/custom_mujoco_step_resampled_halfcheetah__cvae__specialization__s0 (12.5s)
[gpu3] START /mnt/data/INR/outputs/_archive/mujoco_suites/state_resampled_v1/runs/custom_mujoco_step_resampled/custom_mujoco_step_resampled_halfcheetah__inr_diffusion_history_conditioned__generalization__s1
[gpu1] OK /mnt/data/INR/outputs/_archive/mujoco_suites/state_resampled_v1/runs/custom_mujoco_step_resampled/custom_mujoco_step_resampled_halfcheetah__cvae__specialization__s1 (12.9s)
[gpu1] START /mnt/data/INR/outputs/_archive/mujoco_suites/state_resampled_v1/runs/custom_mujoco_step_resampled/custom_mujoco_step_resampled_halfcheetah__inr_diffusion_history_conditioned__new_policy__s0
[gpu0] OK /mnt/data/INR/outputs/_archive/mujoco_suites/state_resampled_v1/runs/custom_mujoco_step_resampled/custom_mujoco_step_resampled_halfcheetah__inr_diffusion_history_conditioned__generalization__s0 (6.0s)
[gpu0] START /mnt/data/INR/outputs/_archive/mujoco_suites/state_resampled_v1/runs/custom_mujoco_step_resampled/custom_mujoco_step_resampled_halfcheetah__inr_diffusion_history_conditioned__new_policy__s1
[gpu2] OK /mnt/data/INR/outputs/_archive/mujoco_suites/state_resampled_v1/runs/custom_mujoco_step_resampled/custom_mujoco_step_resampled_halfcheetah__inr_diffusion_history_conditioned__conflation__s1 (12.4s)
[gpu2] START /mnt/data/INR/outputs/_archive/mujoco_suites/state_resampled_v1/runs/custom_mujoco_step_resampled/custom_mujoco_step_resampled_halfcheetah__inr_diffusion_history_conditioned__no_shift__s0
[gpu1] OK /mnt/data/INR/outputs/_archive/mujoco_suites/state_resampled_v1/runs/custom_mujoco_step_resampled/custom_mujoco_step_resampled_halfcheetah__inr_diffusion_history_conditioned__new_policy__s0 (6.5s)
[gpu1] START /mnt/data/INR/outputs/_archive/mujoco_suites/state_resampled_v1/runs/custom_mujoco_step_resampled/custom_mujoco_step_resampled_halfcheetah__inr_diffusion_history_conditioned__no_shift__s1
[gpu0] OK /mnt/data/INR/outputs/_archive/mujoco_suites/state_resampled_v1/runs/custom_mujoco_step_resampled/custom_mujoco_step_resampled_halfcheetah__inr_diffusion_history_conditioned__new_policy__s1 (6.6s)
[gpu0] START /mnt/data/INR/outputs/_archive/mujoco_suites/state_resampled_v1/runs/custom_mujoco_step_resampled/custom_mujoco_step_resampled_halfcheetah__inr_diffusion_history_conditioned__novel_generalization__s0
[gpu3] OK /mnt/data/INR/outputs/_archive/mujoco_suites/state_resampled_v1/runs/custom_mujoco_step_resampled/custom_mujoco_step_resampled_halfcheetah__inr_diffusion_history_conditioned__generalization__s1 (12.4s)
[gpu3] START /mnt/data/INR/outputs/_archive/mujoco_suites/state_resampled_v1/runs/custom_mujoco_step_resampled/custom_mujoco_step_resampled_halfcheetah__inr_diffusion_history_conditioned__novel_generalization__s1
[gpu1] OK /mnt/data/INR/outputs/_archive/mujoco_suites/state_resampled_v1/runs/custom_mujoco_step_resampled/custom_mujoco_step_resampled_halfcheetah__inr_diffusion_history_conditioned__no_shift__s1 (6.4s)
[gpu1] START /mnt/data/INR/outputs/_archive/mujoco_suites/state_resampled_v1/runs/custom_mujoco_step_resampled/custom_mujoco_step_resampled_halfcheetah__inr_diffusion_history_conditioned__single_shift__s0
[gpu0] OK /mnt/data/INR/outputs/_archive/mujoco_suites/state_resampled_v1/runs/custom_mujoco_step_resampled/custom_mujoco_step_resampled_halfcheetah__inr_diffusion_history_conditioned__novel_generalization__s0 (6.2s)
[gpu0] START /mnt/data/INR/outputs/_archive/mujoco_suites/state_resampled_v1/runs/custom_mujoco_step_resampled/custom_mujoco_step_resampled_halfcheetah__inr_diffusion_history_conditioned__single_shift__s1
[gpu2] OK /mnt/data/INR/outputs/_archive/mujoco_suites/state_resampled_v1/runs/custom_mujoco_step_resampled/custom_mujoco_step_resampled_halfcheetah__inr_diffusion_history_conditioned__no_shift__s0 (12.6s)
[gpu2] START /mnt/data/INR/outputs/_archive/mujoco_suites/state_resampled_v1/runs/custom_mujoco_step_resampled/custom_mujoco_step_resampled_halfcheetah__inr_diffusion_history_conditioned__specialization__s0
[gpu1] OK /mnt/data/INR/outputs/_archive/mujoco_suites/state_resampled_v1/runs/custom_mujoco_step_resampled/custom_mujoco_step_resampled_halfcheetah__inr_diffusion_history_conditioned__single_shift__s0 (6.6s)
[gpu1] START /mnt/data/INR/outputs/_archive/mujoco_suites/state_resampled_v1/runs/custom_mujoco_step_resampled/custom_mujoco_step_resampled_halfcheetah__inr_diffusion_history_conditioned__specialization__s1
[gpu3] OK /mnt/data/INR/outputs/_archive/mujoco_suites/state_resampled_v1/runs/custom_mujoco_step_resampled/custom_mujoco_step_resampled_halfcheetah__inr_diffusion_history_conditioned__novel_generalization__s1 (12.5s)
[gpu3] START /mnt/data/INR/outputs/_archive/mujoco_suites/state_resampled_v1/runs/custom_mujoco_step_resampled/custom_mujoco_step_resampled_halfcheetah__inr_transformer_fitted_latent__conflation__s0
[gpu0] OK /mnt/data/INR/outputs/_archive/mujoco_suites/state_resampled_v1/runs/custom_mujoco_step_resampled/custom_mujoco_step_resampled_halfcheetah__inr_diffusion_history_conditioned__single_shift__s1 (13.2s)
[gpu0] START /mnt/data/INR/outputs/_archive/mujoco_suites/state_resampled_v1/runs/custom_mujoco_step_resampled/custom_mujoco_step_resampled_halfcheetah__inr_transformer_fitted_latent__conflation__s1
[gpu2] OK /mnt/data/INR/outputs/_archive/mujoco_suites/state_resampled_v1/runs/custom_mujoco_step_resampled/custom_mujoco_step_resampled_halfcheetah__inr_diffusion_history_conditioned__specialization__s0 (12.5s)
[gpu2] START /mnt/data/INR/outputs/_archive/mujoco_suites/state_resampled_v1/runs/custom_mujoco_step_resampled/custom_mujoco_step_resampled_halfcheetah__inr_transformer_fitted_latent__generalization__s0
[gpu1] OK /mnt/data/INR/outputs/_archive/mujoco_suites/state_resampled_v1/runs/custom_mujoco_step_resampled/custom_mujoco_step_resampled_halfcheetah__inr_diffusion_history_conditioned__specialization__s1 (13.1s)
[gpu1] START /mnt/data/INR/outputs/_archive/mujoco_suites/state_resampled_v1/runs/custom_mujoco_step_resampled/custom_mujoco_step_resampled_halfcheetah__inr_transformer_fitted_latent__generalization__s1
[gpu3] OK /mnt/data/INR/outputs/_archive/mujoco_suites/state_resampled_v1/runs/custom_mujoco_step_resampled/custom_mujoco_step_resampled_halfcheetah__inr_transformer_fitted_latent__conflation__s0 (13.7s)
[gpu3] START /mnt/data/INR/outputs/_archive/mujoco_suites/state_resampled_v1/runs/custom_mujoco_step_resampled/custom_mujoco_step_resampled_halfcheetah__inr_transformer_fitted_latent__new_policy__s0
[gpu0] OK /mnt/data/INR/outputs/_archive/mujoco_suites/state_resampled_v1/runs/custom_mujoco_step_resampled/custom_mujoco_step_resampled_halfcheetah__inr_transformer_fitted_latent__conflation__s1 (16.0s)
[gpu0] START /mnt/data/INR/outputs/_archive/mujoco_suites/state_resampled_v1/runs/custom_mujoco_step_resampled/custom_mujoco_step_resampled_halfcheetah__inr_transformer_fitted_latent__new_policy__s1
[gpu2] OK /mnt/data/INR/outputs/_archive/mujoco_suites/state_resampled_v1/runs/custom_mujoco_step_resampled/custom_mujoco_step_resampled_halfcheetah__inr_transformer_fitted_latent__generalization__s0 (13.7s)
[gpu2] START /mnt/data/INR/outputs/_archive/mujoco_suites/state_resampled_v1/runs/custom_mujoco_step_resampled/custom_mujoco_step_resampled_halfcheetah__inr_transformer_fitted_latent__no_shift__s0
[gpu1] OK /mnt/data/INR/outputs/_archive/mujoco_suites/state_resampled_v1/runs/custom_mujoco_step_resampled/custom_mujoco_step_resampled_halfcheetah__inr_transformer_fitted_latent__generalization__s1 (15.5s)
[gpu1] START /mnt/data/INR/outputs/_archive/mujoco_suites/state_resampled_v1/runs/custom_mujoco_step_resampled/custom_mujoco_step_resampled_halfcheetah__inr_transformer_fitted_latent__no_shift__s1
[gpu3] OK /mnt/data/INR/outputs/_archive/mujoco_suites/state_resampled_v1/runs/custom_mujoco_step_resampled/custom_mujoco_step_resampled_halfcheetah__inr_transformer_fitted_latent__new_policy__s0 (14.8s)
[gpu3] START /mnt/data/INR/outputs/_archive/mujoco_suites/state_resampled_v1/runs/custom_mujoco_step_resampled/custom_mujoco_step_resampled_halfcheetah__inr_transformer_fitted_latent__novel_generalization__s0
[gpu2] OK /mnt/data/INR/outputs/_archive/mujoco_suites/state_resampled_v1/runs/custom_mujoco_step_resampled/custom_mujoco_step_resampled_halfcheetah__inr_transformer_fitted_latent__no_shift__s0 (14.6s)
[gpu2] START /mnt/data/INR/outputs/_archive/mujoco_suites/state_resampled_v1/runs/custom_mujoco_step_resampled/custom_mujoco_step_resampled_halfcheetah__inr_transformer_fitted_latent__novel_generalization__s1
[gpu0] OK /mnt/data/INR/outputs/_archive/mujoco_suites/state_resampled_v1/runs/custom_mujoco_step_resampled/custom_mujoco_step_resampled_halfcheetah__inr_transformer_fitted_latent__new_policy__s1 (17.4s)
[gpu0] START /mnt/data/INR/outputs/_archive/mujoco_suites/state_resampled_v1/runs/custom_mujoco_step_resampled/custom_mujoco_step_resampled_halfcheetah__inr_transformer_fitted_latent__single_shift__s0
[gpu1] OK /mnt/data/INR/outputs/_archive/mujoco_suites/state_resampled_v1/runs/custom_mujoco_step_resampled/custom_mujoco_step_resampled_halfcheetah__inr_transformer_fitted_latent__no_shift__s1 (17.0s)
[gpu1] START /mnt/data/INR/outputs/_archive/mujoco_suites/state_resampled_v1/runs/custom_mujoco_step_resampled/custom_mujoco_step_resampled_halfcheetah__inr_transformer_fitted_latent__single_shift__s1
[gpu2] OK /mnt/data/INR/outputs/_archive/mujoco_suites/state_resampled_v1/runs/custom_mujoco_step_resampled/custom_mujoco_step_resampled_halfcheetah__inr_transformer_fitted_latent__novel_generalization__s1 (7.2s)
[gpu2] START /mnt/data/INR/outputs/_archive/mujoco_suites/state_resampled_v1/runs/custom_mujoco_step_resampled/custom_mujoco_step_resampled_halfcheetah__inr_transformer_fitted_latent__specialization__s0
[gpu3] OK /mnt/data/INR/outputs/_archive/mujoco_suites/state_resampled_v1/runs/custom_mujoco_step_resampled/custom_mujoco_step_resampled_halfcheetah__inr_transformer_fitted_latent__novel_generalization__s0 (13.7s)
[gpu3] START /mnt/data/INR/outputs/_archive/mujoco_suites/state_resampled_v1/runs/custom_mujoco_step_resampled/custom_mujoco_step_resampled_halfcheetah__inr_transformer_fitted_latent__specialization__s1
[gpu0] OK /mnt/data/INR/outputs/_archive/mujoco_suites/state_resampled_v1/runs/custom_mujoco_step_resampled/custom_mujoco_step_resampled_halfcheetah__inr_transformer_fitted_latent__single_shift__s0 (10.1s)
[gpu0] START /mnt/data/INR/outputs/_archive/mujoco_suites/state_resampled_v1/runs/custom_mujoco_step_resampled/custom_mujoco_step_resampled_halfcheetah__inr_transformer_history_conditioned__conflation__s0
[gpu2] OK /mnt/data/INR/outputs/_archive/mujoco_suites/state_resampled_v1/runs/custom_mujoco_step_resampled/custom_mujoco_step_resampled_halfcheetah__inr_transformer_fitted_latent__specialization__s0 (8.0s)
[gpu2] START /mnt/data/INR/outputs/_archive/mujoco_suites/state_resampled_v1/runs/custom_mujoco_step_resampled/custom_mujoco_step_resampled_halfcheetah__inr_transformer_history_conditioned__conflation__s1
[gpu3] OK /mnt/data/INR/outputs/_archive/mujoco_suites/state_resampled_v1/runs/custom_mujoco_step_resampled/custom_mujoco_step_resampled_halfcheetah__inr_transformer_fitted_latent__specialization__s1 (8.0s)
[gpu3] START /mnt/data/INR/outputs/_archive/mujoco_suites/state_resampled_v1/runs/custom_mujoco_step_resampled/custom_mujoco_step_resampled_halfcheetah__inr_transformer_history_conditioned__generalization__s0
[gpu1] OK /mnt/data/INR/outputs/_archive/mujoco_suites/state_resampled_v1/runs/custom_mujoco_step_resampled/custom_mujoco_step_resampled_halfcheetah__inr_transformer_fitted_latent__single_shift__s1 (10.3s)
[gpu1] START /mnt/data/INR/outputs/_archive/mujoco_suites/state_resampled_v1/runs/custom_mujoco_step_resampled/custom_mujoco_step_resampled_halfcheetah__inr_transformer_history_conditioned__generalization__s1
[gpu0] OK /mnt/data/INR/outputs/_archive/mujoco_suites/state_resampled_v1/runs/custom_mujoco_step_resampled/custom_mujoco_step_resampled_halfcheetah__inr_transformer_history_conditioned__conflation__s0 (6.8s)
[gpu0] START /mnt/data/INR/outputs/_archive/mujoco_suites/state_resampled_v1/runs/custom_mujoco_step_resampled/custom_mujoco_step_resampled_halfcheetah__inr_transformer_history_conditioned__new_policy__s0
[gpu3] OK /mnt/data/INR/outputs/_archive/mujoco_suites/state_resampled_v1/runs/custom_mujoco_step_resampled/custom_mujoco_step_resampled_halfcheetah__inr_transformer_history_conditioned__generalization__s0 (5.7s)
[gpu3] START /mnt/data/INR/outputs/_archive/mujoco_suites/state_resampled_v1/runs/custom_mujoco_step_resampled/custom_mujoco_step_resampled_halfcheetah__inr_transformer_history_conditioned__new_policy__s1
[gpu2] OK /mnt/data/INR/outputs/_archive/mujoco_suites/state_resampled_v1/runs/custom_mujoco_step_resampled/custom_mujoco_step_resampled_halfcheetah__inr_transformer_history_conditioned__conflation__s1 (5.9s)
[gpu2] START /mnt/data/INR/outputs/_archive/mujoco_suites/state_resampled_v1/runs/custom_mujoco_step_resampled/custom_mujoco_step_resampled_halfcheetah__inr_transformer_history_conditioned__no_shift__s0
[gpu1] OK /mnt/data/INR/outputs/_archive/mujoco_suites/state_resampled_v1/runs/custom_mujoco_step_resampled/custom_mujoco_step_resampled_halfcheetah__inr_transformer_history_conditioned__generalization__s1 (6.4s)
[gpu1] START /mnt/data/INR/outputs/_archive/mujoco_suites/state_resampled_v1/runs/custom_mujoco_step_resampled/custom_mujoco_step_resampled_halfcheetah__inr_transformer_history_conditioned__no_shift__s1
[gpu0] OK /mnt/data/INR/outputs/_archive/mujoco_suites/state_resampled_v1/runs/custom_mujoco_step_resampled/custom_mujoco_step_resampled_halfcheetah__inr_transformer_history_conditioned__new_policy__s0 (6.7s)
[gpu0] START /mnt/data/INR/outputs/_archive/mujoco_suites/state_resampled_v1/runs/custom_mujoco_step_resampled/custom_mujoco_step_resampled_halfcheetah__inr_transformer_history_conditioned__novel_generalization__s0
[gpu2] OK /mnt/data/INR/outputs/_archive/mujoco_suites/state_resampled_v1/runs/custom_mujoco_step_resampled/custom_mujoco_step_resampled_halfcheetah__inr_transformer_history_conditioned__no_shift__s0 (6.0s)
[gpu2] START /mnt/data/INR/outputs/_archive/mujoco_suites/state_resampled_v1/runs/custom_mujoco_step_resampled/custom_mujoco_step_resampled_halfcheetah__inr_transformer_history_conditioned__novel_generalization__s1
[gpu3] OK /mnt/data/INR/outputs/_archive/mujoco_suites/state_resampled_v1/runs/custom_mujoco_step_resampled/custom_mujoco_step_resampled_halfcheetah__inr_transformer_history_conditioned__new_policy__s1 (6.3s)
[gpu3] START /mnt/data/INR/outputs/_archive/mujoco_suites/state_resampled_v1/runs/custom_mujoco_step_resampled/custom_mujoco_step_resampled_halfcheetah__inr_transformer_history_conditioned__single_shift__s0
[gpu1] OK /mnt/data/INR/outputs/_archive/mujoco_suites/state_resampled_v1/runs/custom_mujoco_step_resampled/custom_mujoco_step_resampled_halfcheetah__inr_transformer_history_conditioned__no_shift__s1 (6.7s)
[gpu1] START /mnt/data/INR/outputs/_archive/mujoco_suites/state_resampled_v1/runs/custom_mujoco_step_resampled/custom_mujoco_step_resampled_halfcheetah__inr_transformer_history_conditioned__single_shift__s1
[gpu0] OK /mnt/data/INR/outputs/_archive/mujoco_suites/state_resampled_v1/runs/custom_mujoco_step_resampled/custom_mujoco_step_resampled_halfcheetah__inr_transformer_history_conditioned__novel_generalization__s0 (6.3s)
[gpu0] START /mnt/data/INR/outputs/_archive/mujoco_suites/state_resampled_v1/runs/custom_mujoco_step_resampled/custom_mujoco_step_resampled_halfcheetah__inr_transformer_history_conditioned__specialization__s0
[gpu2] OK /mnt/data/INR/outputs/_archive/mujoco_suites/state_resampled_v1/runs/custom_mujoco_step_resampled/custom_mujoco_step_resampled_halfcheetah__inr_transformer_history_conditioned__novel_generalization__s1 (5.8s)
[gpu2] START /mnt/data/INR/outputs/_archive/mujoco_suites/state_resampled_v1/runs/custom_mujoco_step_resampled/custom_mujoco_step_resampled_halfcheetah__inr_transformer_history_conditioned__specialization__s1
[gpu3] OK /mnt/data/INR/outputs/_archive/mujoco_suites/state_resampled_v1/runs/custom_mujoco_step_resampled/custom_mujoco_step_resampled_halfcheetah__inr_transformer_history_conditioned__single_shift__s0 (5.9s)
[gpu3] START /mnt/data/INR/outputs/_archive/mujoco_suites/state_resampled_v1/runs/custom_mujoco_step_resampled/custom_mujoco_step_resampled_hopper__cvae__conflation__s0
[gpu1] OK /mnt/data/INR/outputs/_archive/mujoco_suites/state_resampled_v1/runs/custom_mujoco_step_resampled/custom_mujoco_step_resampled_halfcheetah__inr_transformer_history_conditioned__single_shift__s1 (6.4s)
[gpu1] START /mnt/data/INR/outputs/_archive/mujoco_suites/state_resampled_v1/runs/custom_mujoco_step_resampled/custom_mujoco_step_resampled_hopper__cvae__conflation__s1
[gpu0] OK /mnt/data/INR/outputs/_archive/mujoco_suites/state_resampled_v1/runs/custom_mujoco_step_resampled/custom_mujoco_step_resampled_halfcheetah__inr_transformer_history_conditioned__specialization__s0 (6.5s)
[gpu0] START /mnt/data/INR/outputs/_archive/mujoco_suites/state_resampled_v1/runs/custom_mujoco_step_resampled/custom_mujoco_step_resampled_hopper__cvae__generalization__s0
[gpu2] OK /mnt/data/INR/outputs/_archive/mujoco_suites/state_resampled_v1/runs/custom_mujoco_step_resampled/custom_mujoco_step_resampled_halfcheetah__inr_transformer_history_conditioned__specialization__s1 (5.8s)
[gpu2] START /mnt/data/INR/outputs/_archive/mujoco_suites/state_resampled_v1/runs/custom_mujoco_step_resampled/custom_mujoco_step_resampled_hopper__cvae__generalization__s1
[gpu3] OK /mnt/data/INR/outputs/_archive/mujoco_suites/state_resampled_v1/runs/custom_mujoco_step_resampled/custom_mujoco_step_resampled_hopper__cvae__conflation__s0 (11.4s)
[gpu3] START /mnt/data/INR/outputs/_archive/mujoco_suites/state_resampled_v1/runs/custom_mujoco_step_resampled/custom_mujoco_step_resampled_hopper__cvae__new_policy__s0
[gpu1] OK /mnt/data/INR/outputs/_archive/mujoco_suites/state_resampled_v1/runs/custom_mujoco_step_resampled/custom_mujoco_step_resampled_hopper__cvae__conflation__s1 (11.2s)
[gpu1] START /mnt/data/INR/outputs/_archive/mujoco_suites/state_resampled_v1/runs/custom_mujoco_step_resampled/custom_mujoco_step_resampled_hopper__cvae__new_policy__s1
[gpu0] OK /mnt/data/INR/outputs/_archive/mujoco_suites/state_resampled_v1/runs/custom_mujoco_step_resampled/custom_mujoco_step_resampled_hopper__cvae__generalization__s0 (11.7s)
[gpu0] START /mnt/data/INR/outputs/_archive/mujoco_suites/state_resampled_v1/runs/custom_mujoco_step_resampled/custom_mujoco_step_resampled_hopper__cvae__no_shift__s0
[gpu2] OK /mnt/data/INR/outputs/_archive/mujoco_suites/state_resampled_v1/runs/custom_mujoco_step_resampled/custom_mujoco_step_resampled_hopper__cvae__generalization__s1 (11.5s)
[gpu2] START /mnt/data/INR/outputs/_archive/mujoco_suites/state_resampled_v1/runs/custom_mujoco_step_resampled/custom_mujoco_step_resampled_hopper__cvae__no_shift__s1
[gpu3] OK /mnt/data/INR/outputs/_archive/mujoco_suites/state_resampled_v1/runs/custom_mujoco_step_resampled/custom_mujoco_step_resampled_hopper__cvae__new_policy__s0 (5.6s)
[gpu3] START /mnt/data/INR/outputs/_archive/mujoco_suites/state_resampled_v1/runs/custom_mujoco_step_resampled/custom_mujoco_step_resampled_hopper__cvae__novel_generalization__s0
[gpu1] OK /mnt/data/INR/outputs/_archive/mujoco_suites/state_resampled_v1/runs/custom_mujoco_step_resampled/custom_mujoco_step_resampled_hopper__cvae__new_policy__s1 (6.0s)
[gpu1] START /mnt/data/INR/outputs/_archive/mujoco_suites/state_resampled_v1/runs/custom_mujoco_step_resampled/custom_mujoco_step_resampled_hopper__cvae__novel_generalization__s1
[gpu3] OK /mnt/data/INR/outputs/_archive/mujoco_suites/state_resampled_v1/runs/custom_mujoco_step_resampled/custom_mujoco_step_resampled_hopper__cvae__novel_generalization__s0 (6.1s)
[gpu3] START /mnt/data/INR/outputs/_archive/mujoco_suites/state_resampled_v1/runs/custom_mujoco_step_resampled/custom_mujoco_step_resampled_hopper__cvae__single_shift__s0
[gpu0] OK /mnt/data/INR/outputs/_archive/mujoco_suites/state_resampled_v1/runs/custom_mujoco_step_resampled/custom_mujoco_step_resampled_hopper__cvae__no_shift__s0 (6.6s)
[gpu0] START /mnt/data/INR/outputs/_archive/mujoco_suites/state_resampled_v1/runs/custom_mujoco_step_resampled/custom_mujoco_step_resampled_hopper__cvae__single_shift__s1
[gpu2] OK /mnt/data/INR/outputs/_archive/mujoco_suites/state_resampled_v1/runs/custom_mujoco_step_resampled/custom_mujoco_step_resampled_hopper__cvae__no_shift__s1 (6.6s)
[gpu2] START /mnt/data/INR/outputs/_archive/mujoco_suites/state_resampled_v1/runs/custom_mujoco_step_resampled/custom_mujoco_step_resampled_hopper__cvae__specialization__s0
[gpu1] OK /mnt/data/INR/outputs/_archive/mujoco_suites/state_resampled_v1/runs/custom_mujoco_step_resampled/custom_mujoco_step_resampled_hopper__cvae__novel_generalization__s1 (5.9s)
[gpu1] START /mnt/data/INR/outputs/_archive/mujoco_suites/state_resampled_v1/runs/custom_mujoco_step_resampled/custom_mujoco_step_resampled_hopper__cvae__specialization__s1
[gpu3] OK /mnt/data/INR/outputs/_archive/mujoco_suites/state_resampled_v1/runs/custom_mujoco_step_resampled/custom_mujoco_step_resampled_hopper__cvae__single_shift__s0 (5.5s)
[gpu3] START /mnt/data/INR/outputs/_archive/mujoco_suites/state_resampled_v1/runs/custom_mujoco_step_resampled/custom_mujoco_step_resampled_hopper__inr_diffusion_history_conditioned__conflation__s0
[gpu2] OK /mnt/data/INR/outputs/_archive/mujoco_suites/state_resampled_v1/runs/custom_mujoco_step_resampled/custom_mujoco_step_resampled_hopper__cvae__specialization__s0 (6.3s)
[gpu2] START /mnt/data/INR/outputs/_archive/mujoco_suites/state_resampled_v1/runs/custom_mujoco_step_resampled/custom_mujoco_step_resampled_hopper__inr_diffusion_history_conditioned__conflation__s1
[gpu0] OK /mnt/data/INR/outputs/_archive/mujoco_suites/state_resampled_v1/runs/custom_mujoco_step_resampled/custom_mujoco_step_resampled_hopper__cvae__single_shift__s1 (6.5s)
[gpu0] START /mnt/data/INR/outputs/_archive/mujoco_suites/state_resampled_v1/runs/custom_mujoco_step_resampled/custom_mujoco_step_resampled_hopper__inr_diffusion_history_conditioned__generalization__s0
[gpu1] OK /mnt/data/INR/outputs/_archive/mujoco_suites/state_resampled_v1/runs/custom_mujoco_step_resampled/custom_mujoco_step_resampled_hopper__cvae__specialization__s1 (6.1s)
[gpu1] START /mnt/data/INR/outputs/_archive/mujoco_suites/state_resampled_v1/runs/custom_mujoco_step_resampled/custom_mujoco_step_resampled_hopper__inr_diffusion_history_conditioned__generalization__s1
[gpu3] OK /mnt/data/INR/outputs/_archive/mujoco_suites/state_resampled_v1/runs/custom_mujoco_step_resampled/custom_mujoco_step_resampled_hopper__inr_diffusion_history_conditioned__conflation__s0 (5.8s)
[gpu3] START /mnt/data/INR/outputs/_archive/mujoco_suites/state_resampled_v1/runs/custom_mujoco_step_resampled/custom_mujoco_step_resampled_hopper__inr_diffusion_history_conditioned__new_policy__s0
[gpu0] OK /mnt/data/INR/outputs/_archive/mujoco_suites/state_resampled_v1/runs/custom_mujoco_step_resampled/custom_mujoco_step_resampled_hopper__inr_diffusion_history_conditioned__generalization__s0 (6.3s)
[gpu0] START /mnt/data/INR/outputs/_archive/mujoco_suites/state_resampled_v1/runs/custom_mujoco_step_resampled/custom_mujoco_step_resampled_hopper__inr_diffusion_history_conditioned__new_policy__s1
[gpu2] OK /mnt/data/INR/outputs/_archive/mujoco_suites/state_resampled_v1/runs/custom_mujoco_step_resampled/custom_mujoco_step_resampled_hopper__inr_diffusion_history_conditioned__conflation__s1 (6.5s)
[gpu2] START /mnt/data/INR/outputs/_archive/mujoco_suites/state_resampled_v1/runs/custom_mujoco_step_resampled/custom_mujoco_step_resampled_hopper__inr_diffusion_history_conditioned__no_shift__s0
[gpu1] OK /mnt/data/INR/outputs/_archive/mujoco_suites/state_resampled_v1/runs/custom_mujoco_step_resampled/custom_mujoco_step_resampled_hopper__inr_diffusion_history_conditioned__generalization__s1 (5.8s)
[gpu1] START /mnt/data/INR/outputs/_archive/mujoco_suites/state_resampled_v1/runs/custom_mujoco_step_resampled/custom_mujoco_step_resampled_hopper__inr_diffusion_history_conditioned__no_shift__s1
[gpu3] OK /mnt/data/INR/outputs/_archive/mujoco_suites/state_resampled_v1/runs/custom_mujoco_step_resampled/custom_mujoco_step_resampled_hopper__inr_diffusion_history_conditioned__new_policy__s0 (5.7s)
[gpu3] START /mnt/data/INR/outputs/_archive/mujoco_suites/state_resampled_v1/runs/custom_mujoco_step_resampled/custom_mujoco_step_resampled_hopper__inr_diffusion_history_conditioned__novel_generalization__s0
[gpu2] OK /mnt/data/INR/outputs/_archive/mujoco_suites/state_resampled_v1/runs/custom_mujoco_step_resampled/custom_mujoco_step_resampled_hopper__inr_diffusion_history_conditioned__no_shift__s0 (6.3s)
[gpu2] START /mnt/data/INR/outputs/_archive/mujoco_suites/state_resampled_v1/runs/custom_mujoco_step_resampled/custom_mujoco_step_resampled_hopper__inr_diffusion_history_conditioned__novel_generalization__s1
[gpu0] OK /mnt/data/INR/outputs/_archive/mujoco_suites/state_resampled_v1/runs/custom_mujoco_step_resampled/custom_mujoco_step_resampled_hopper__inr_diffusion_history_conditioned__new_policy__s1 (6.5s)
[gpu0] START /mnt/data/INR/outputs/_archive/mujoco_suites/state_resampled_v1/runs/custom_mujoco_step_resampled/custom_mujoco_step_resampled_hopper__inr_diffusion_history_conditioned__single_shift__s0
[gpu1] OK /mnt/data/INR/outputs/_archive/mujoco_suites/state_resampled_v1/runs/custom_mujoco_step_resampled/custom_mujoco_step_resampled_hopper__inr_diffusion_history_conditioned__no_shift__s1 (6.4s)
[gpu1] START /mnt/data/INR/outputs/_archive/mujoco_suites/state_resampled_v1/runs/custom_mujoco_step_resampled/custom_mujoco_step_resampled_hopper__inr_diffusion_history_conditioned__single_shift__s1
[gpu3] OK /mnt/data/INR/outputs/_archive/mujoco_suites/state_resampled_v1/runs/custom_mujoco_step_resampled/custom_mujoco_step_resampled_hopper__inr_diffusion_history_conditioned__novel_generalization__s0 (5.4s)
[gpu3] START /mnt/data/INR/outputs/_archive/mujoco_suites/state_resampled_v1/runs/custom_mujoco_step_resampled/custom_mujoco_step_resampled_hopper__inr_diffusion_history_conditioned__specialization__s0
[gpu2] OK /mnt/data/INR/outputs/_archive/mujoco_suites/state_resampled_v1/runs/custom_mujoco_step_resampled/custom_mujoco_step_resampled_hopper__inr_diffusion_history_conditioned__novel_generalization__s1 (6.0s)
[gpu2] START /mnt/data/INR/outputs/_archive/mujoco_suites/state_resampled_v1/runs/custom_mujoco_step_resampled/custom_mujoco_step_resampled_hopper__inr_diffusion_history_conditioned__specialization__s1
[gpu0] OK /mnt/data/INR/outputs/_archive/mujoco_suites/state_resampled_v1/runs/custom_mujoco_step_resampled/custom_mujoco_step_resampled_hopper__inr_diffusion_history_conditioned__single_shift__s0 (6.4s)
[gpu0] START /mnt/data/INR/outputs/_archive/mujoco_suites/state_resampled_v1/runs/custom_mujoco_step_resampled/custom_mujoco_step_resampled_hopper__inr_transformer_fitted_latent__conflation__s0
[gpu3] OK /mnt/data/INR/outputs/_archive/mujoco_suites/state_resampled_v1/runs/custom_mujoco_step_resampled/custom_mujoco_step_resampled_hopper__inr_diffusion_history_conditioned__specialization__s0 (5.5s)
[gpu3] START /mnt/data/INR/outputs/_archive/mujoco_suites/state_resampled_v1/runs/custom_mujoco_step_resampled/custom_mujoco_step_resampled_hopper__inr_transformer_fitted_latent__conflation__s1
[gpu1] OK /mnt/data/INR/outputs/_archive/mujoco_suites/state_resampled_v1/runs/custom_mujoco_step_resampled/custom_mujoco_step_resampled_hopper__inr_diffusion_history_conditioned__single_shift__s1 (6.3s)
[gpu1] START /mnt/data/INR/outputs/_archive/mujoco_suites/state_resampled_v1/runs/custom_mujoco_step_resampled/custom_mujoco_step_resampled_hopper__inr_transformer_fitted_latent__generalization__s0
[gpu2] OK /mnt/data/INR/outputs/_archive/mujoco_suites/state_resampled_v1/runs/custom_mujoco_step_resampled/custom_mujoco_step_resampled_hopper__inr_diffusion_history_conditioned__specialization__s1 (6.2s)
[gpu2] START /mnt/data/INR/outputs/_archive/mujoco_suites/state_resampled_v1/runs/custom_mujoco_step_resampled/custom_mujoco_step_resampled_hopper__inr_transformer_fitted_latent__generalization__s1
[gpu0] OK /mnt/data/INR/outputs/_archive/mujoco_suites/state_resampled_v1/runs/custom_mujoco_step_resampled/custom_mujoco_step_resampled_hopper__inr_transformer_fitted_latent__conflation__s0 (9.0s)
[gpu0] START /mnt/data/INR/outputs/_archive/mujoco_suites/state_resampled_v1/runs/custom_mujoco_step_resampled/custom_mujoco_step_resampled_hopper__inr_transformer_fitted_latent__new_policy__s0
[gpu3] OK /mnt/data/INR/outputs/_archive/mujoco_suites/state_resampled_v1/runs/custom_mujoco_step_resampled/custom_mujoco_step_resampled_hopper__inr_transformer_fitted_latent__conflation__s1 (7.2s)
[gpu3] START /mnt/data/INR/outputs/_archive/mujoco_suites/state_resampled_v1/runs/custom_mujoco_step_resampled/custom_mujoco_step_resampled_hopper__inr_transformer_fitted_latent__new_policy__s1
[gpu1] OK /mnt/data/INR/outputs/_archive/mujoco_suites/state_resampled_v1/runs/custom_mujoco_step_resampled/custom_mujoco_step_resampled_hopper__inr_transformer_fitted_latent__generalization__s0 (8.3s)
[gpu1] START /mnt/data/INR/outputs/_archive/mujoco_suites/state_resampled_v1/runs/custom_mujoco_step_resampled/custom_mujoco_step_resampled_hopper__inr_transformer_fitted_latent__no_shift__s0
[gpu2] OK /mnt/data/INR/outputs/_archive/mujoco_suites/state_resampled_v1/runs/custom_mujoco_step_resampled/custom_mujoco_step_resampled_hopper__inr_transformer_fitted_latent__generalization__s1 (8.2s)
[gpu2] START /mnt/data/INR/outputs/_archive/mujoco_suites/state_resampled_v1/runs/custom_mujoco_step_resampled/custom_mujoco_step_resampled_hopper__inr_transformer_fitted_latent__no_shift__s1
[gpu0] OK /mnt/data/INR/outputs/_archive/mujoco_suites/state_resampled_v1/runs/custom_mujoco_step_resampled/custom_mujoco_step_resampled_hopper__inr_transformer_fitted_latent__new_policy__s0 (10.5s)
[gpu0] START /mnt/data/INR/outputs/_archive/mujoco_suites/state_resampled_v1/runs/custom_mujoco_step_resampled/custom_mujoco_step_resampled_hopper__inr_transformer_fitted_latent__novel_generalization__s0
[gpu3] OK /mnt/data/INR/outputs/_archive/mujoco_suites/state_resampled_v1/runs/custom_mujoco_step_resampled/custom_mujoco_step_resampled_hopper__inr_transformer_fitted_latent__new_policy__s1 (10.5s)
[gpu3] START /mnt/data/INR/outputs/_archive/mujoco_suites/state_resampled_v1/runs/custom_mujoco_step_resampled/custom_mujoco_step_resampled_hopper__inr_transformer_fitted_latent__novel_generalization__s1
[gpu1] OK /mnt/data/INR/outputs/_archive/mujoco_suites/state_resampled_v1/runs/custom_mujoco_step_resampled/custom_mujoco_step_resampled_hopper__inr_transformer_fitted_latent__no_shift__s0 (9.8s)
[gpu1] START /mnt/data/INR/outputs/_archive/mujoco_suites/state_resampled_v1/runs/custom_mujoco_step_resampled/custom_mujoco_step_resampled_hopper__inr_transformer_fitted_latent__single_shift__s0
[gpu2] OK /mnt/data/INR/outputs/_archive/mujoco_suites/state_resampled_v1/runs/custom_mujoco_step_resampled/custom_mujoco_step_resampled_hopper__inr_transformer_fitted_latent__no_shift__s1 (9.6s)
[gpu2] START /mnt/data/INR/outputs/_archive/mujoco_suites/state_resampled_v1/runs/custom_mujoco_step_resampled/custom_mujoco_step_resampled_hopper__inr_transformer_fitted_latent__single_shift__s1
[gpu0] OK /mnt/data/INR/outputs/_archive/mujoco_suites/state_resampled_v1/runs/custom_mujoco_step_resampled/custom_mujoco_step_resampled_hopper__inr_transformer_fitted_latent__novel_generalization__s0 (8.9s)
[gpu0] START /mnt/data/INR/outputs/_archive/mujoco_suites/state_resampled_v1/runs/custom_mujoco_step_resampled/custom_mujoco_step_resampled_hopper__inr_transformer_fitted_latent__specialization__s0
[gpu3] OK /mnt/data/INR/outputs/_archive/mujoco_suites/state_resampled_v1/runs/custom_mujoco_step_resampled/custom_mujoco_step_resampled_hopper__inr_transformer_fitted_latent__novel_generalization__s1 (9.0s)
[gpu3] START /mnt/data/INR/outputs/_archive/mujoco_suites/state_resampled_v1/runs/custom_mujoco_step_resampled/custom_mujoco_step_resampled_hopper__inr_transformer_fitted_latent__specialization__s1
[gpu1] OK /mnt/data/INR/outputs/_archive/mujoco_suites/state_resampled_v1/runs/custom_mujoco_step_resampled/custom_mujoco_step_resampled_hopper__inr_transformer_fitted_latent__single_shift__s0 (9.9s)
[gpu1] START /mnt/data/INR/outputs/_archive/mujoco_suites/state_resampled_v1/runs/custom_mujoco_step_resampled/custom_mujoco_step_resampled_hopper__inr_transformer_history_conditioned__conflation__s0
[gpu2] OK /mnt/data/INR/outputs/_archive/mujoco_suites/state_resampled_v1/runs/custom_mujoco_step_resampled/custom_mujoco_step_resampled_hopper__inr_transformer_fitted_latent__single_shift__s1 (9.5s)
[gpu2] START /mnt/data/INR/outputs/_archive/mujoco_suites/state_resampled_v1/runs/custom_mujoco_step_resampled/custom_mujoco_step_resampled_hopper__inr_transformer_history_conditioned__conflation__s1
[gpu1] OK /mnt/data/INR/outputs/_archive/mujoco_suites/state_resampled_v1/runs/custom_mujoco_step_resampled/custom_mujoco_step_resampled_hopper__inr_transformer_history_conditioned__conflation__s0 (5.8s)
[gpu1] START /mnt/data/INR/outputs/_archive/mujoco_suites/state_resampled_v1/runs/custom_mujoco_step_resampled/custom_mujoco_step_resampled_hopper__inr_transformer_history_conditioned__generalization__s0
[gpu0] OK /mnt/data/INR/outputs/_archive/mujoco_suites/state_resampled_v1/runs/custom_mujoco_step_resampled/custom_mujoco_step_resampled_hopper__inr_transformer_fitted_latent__specialization__s0 (10.1s)
[gpu0] START /mnt/data/INR/outputs/_archive/mujoco_suites/state_resampled_v1/runs/custom_mujoco_step_resampled/custom_mujoco_step_resampled_hopper__inr_transformer_history_conditioned__generalization__s1
[gpu3] OK /mnt/data/INR/outputs/_archive/mujoco_suites/state_resampled_v1/runs/custom_mujoco_step_resampled/custom_mujoco_step_resampled_hopper__inr_transformer_fitted_latent__specialization__s1 (10.1s)
[gpu3] START /mnt/data/INR/outputs/_archive/mujoco_suites/state_resampled_v1/runs/custom_mujoco_step_resampled/custom_mujoco_step_resampled_hopper__inr_transformer_history_conditioned__new_policy__s0
[gpu2] OK /mnt/data/INR/outputs/_archive/mujoco_suites/state_resampled_v1/runs/custom_mujoco_step_resampled/custom_mujoco_step_resampled_hopper__inr_transformer_history_conditioned__conflation__s1 (5.8s)
[gpu2] START /mnt/data/INR/outputs/_archive/mujoco_suites/state_resampled_v1/runs/custom_mujoco_step_resampled/custom_mujoco_step_resampled_hopper__inr_transformer_history_conditioned__new_policy__s1
[gpu1] OK /mnt/data/INR/outputs/_archive/mujoco_suites/state_resampled_v1/runs/custom_mujoco_step_resampled/custom_mujoco_step_resampled_hopper__inr_transformer_history_conditioned__generalization__s0 (5.8s)
[gpu1] START /mnt/data/INR/outputs/_archive/mujoco_suites/state_resampled_v1/runs/custom_mujoco_step_resampled/custom_mujoco_step_resampled_hopper__inr_transformer_history_conditioned__no_shift__s0
[gpu0] OK /mnt/data/INR/outputs/_archive/mujoco_suites/state_resampled_v1/runs/custom_mujoco_step_resampled/custom_mujoco_step_resampled_hopper__inr_transformer_history_conditioned__generalization__s1 (6.3s)
[gpu0] START /mnt/data/INR/outputs/_archive/mujoco_suites/state_resampled_v1/runs/custom_mujoco_step_resampled/custom_mujoco_step_resampled_hopper__inr_transformer_history_conditioned__no_shift__s1
[gpu3] OK /mnt/data/INR/outputs/_archive/mujoco_suites/state_resampled_v1/runs/custom_mujoco_step_resampled/custom_mujoco_step_resampled_hopper__inr_transformer_history_conditioned__new_policy__s0 (6.4s)
[gpu3] START /mnt/data/INR/outputs/_archive/mujoco_suites/state_resampled_v1/runs/custom_mujoco_step_resampled/custom_mujoco_step_resampled_hopper__inr_transformer_history_conditioned__novel_generalization__s0
[gpu2] OK /mnt/data/INR/outputs/_archive/mujoco_suites/state_resampled_v1/runs/custom_mujoco_step_resampled/custom_mujoco_step_resampled_hopper__inr_transformer_history_conditioned__new_policy__s1 (6.5s)
[gpu2] START /mnt/data/INR/outputs/_archive/mujoco_suites/state_resampled_v1/runs/custom_mujoco_step_resampled/custom_mujoco_step_resampled_hopper__inr_transformer_history_conditioned__novel_generalization__s1
[gpu1] OK /mnt/data/INR/outputs/_archive/mujoco_suites/state_resampled_v1/runs/custom_mujoco_step_resampled/custom_mujoco_step_resampled_hopper__inr_transformer_history_conditioned__no_shift__s0 (6.1s)
[gpu1] START /mnt/data/INR/outputs/_archive/mujoco_suites/state_resampled_v1/runs/custom_mujoco_step_resampled/custom_mujoco_step_resampled_hopper__inr_transformer_history_conditioned__single_shift__s0
[gpu0] OK /mnt/data/INR/outputs/_archive/mujoco_suites/state_resampled_v1/runs/custom_mujoco_step_resampled/custom_mujoco_step_resampled_hopper__inr_transformer_history_conditioned__no_shift__s1 (6.1s)
[gpu0] START /mnt/data/INR/outputs/_archive/mujoco_suites/state_resampled_v1/runs/custom_mujoco_step_resampled/custom_mujoco_step_resampled_hopper__inr_transformer_history_conditioned__single_shift__s1
[gpu3] OK /mnt/data/INR/outputs/_archive/mujoco_suites/state_resampled_v1/runs/custom_mujoco_step_resampled/custom_mujoco_step_resampled_hopper__inr_transformer_history_conditioned__novel_generalization__s0 (6.1s)
[gpu3] START /mnt/data/INR/outputs/_archive/mujoco_suites/state_resampled_v1/runs/custom_mujoco_step_resampled/custom_mujoco_step_resampled_hopper__inr_transformer_history_conditioned__specialization__s0
[gpu2] OK /mnt/data/INR/outputs/_archive/mujoco_suites/state_resampled_v1/runs/custom_mujoco_step_resampled/custom_mujoco_step_resampled_hopper__inr_transformer_history_conditioned__novel_generalization__s1 (6.1s)
[gpu2] START /mnt/data/INR/outputs/_archive/mujoco_suites/state_resampled_v1/runs/custom_mujoco_step_resampled/custom_mujoco_step_resampled_hopper__inr_transformer_history_conditioned__specialization__s1
[gpu1] OK /mnt/data/INR/outputs/_archive/mujoco_suites/state_resampled_v1/runs/custom_mujoco_step_resampled/custom_mujoco_step_resampled_hopper__inr_transformer_history_conditioned__single_shift__s0 (6.1s)
[gpu1] START /mnt/data/INR/outputs/_archive/mujoco_suites/state_resampled_v1/runs/custom_mujoco_step_resampled/custom_mujoco_step_resampled_humanoid__cvae__conflation__s0
[gpu0] OK /mnt/data/INR/outputs/_archive/mujoco_suites/state_resampled_v1/runs/custom_mujoco_step_resampled/custom_mujoco_step_resampled_hopper__inr_transformer_history_conditioned__single_shift__s1 (6.1s)
[gpu0] START /mnt/data/INR/outputs/_archive/mujoco_suites/state_resampled_v1/runs/custom_mujoco_step_resampled/custom_mujoco_step_resampled_humanoid__cvae__conflation__s1
[gpu3] OK /mnt/data/INR/outputs/_archive/mujoco_suites/state_resampled_v1/runs/custom_mujoco_step_resampled/custom_mujoco_step_resampled_hopper__inr_transformer_history_conditioned__specialization__s0 (6.2s)
[gpu3] START /mnt/data/INR/outputs/_archive/mujoco_suites/state_resampled_v1/runs/custom_mujoco_step_resampled/custom_mujoco_step_resampled_humanoid__cvae__generalization__s0
[gpu2] OK /mnt/data/INR/outputs/_archive/mujoco_suites/state_resampled_v1/runs/custom_mujoco_step_resampled/custom_mujoco_step_resampled_hopper__inr_transformer_history_conditioned__specialization__s1 (6.2s)
[gpu2] START /mnt/data/INR/outputs/_archive/mujoco_suites/state_resampled_v1/runs/custom_mujoco_step_resampled/custom_mujoco_step_resampled_humanoid__cvae__generalization__s1
[gpu2] OK /mnt/data/INR/outputs/_archive/mujoco_suites/state_resampled_v1/runs/custom_mujoco_step_resampled/custom_mujoco_step_resampled_humanoid__cvae__generalization__s1 (50.6s)
[gpu2] START /mnt/data/INR/outputs/_archive/mujoco_suites/state_resampled_v1/runs/custom_mujoco_step_resampled/custom_mujoco_step_resampled_humanoid__cvae__new_policy__s0
[gpu3] OK /mnt/data/INR/outputs/_archive/mujoco_suites/state_resampled_v1/runs/custom_mujoco_step_resampled/custom_mujoco_step_resampled_humanoid__cvae__generalization__s0 (51.1s)
[gpu3] START /mnt/data/INR/outputs/_archive/mujoco_suites/state_resampled_v1/runs/custom_mujoco_step_resampled/custom_mujoco_step_resampled_humanoid__cvae__new_policy__s1
[gpu0] OK /mnt/data/INR/outputs/_archive/mujoco_suites/state_resampled_v1/runs/custom_mujoco_step_resampled/custom_mujoco_step_resampled_humanoid__cvae__conflation__s1 (51.6s)
[gpu0] START /mnt/data/INR/outputs/_archive/mujoco_suites/state_resampled_v1/runs/custom_mujoco_step_resampled/custom_mujoco_step_resampled_humanoid__cvae__no_shift__s0
[gpu1] OK /mnt/data/INR/outputs/_archive/mujoco_suites/state_resampled_v1/runs/custom_mujoco_step_resampled/custom_mujoco_step_resampled_humanoid__cvae__conflation__s0 (54.8s)
[gpu1] START /mnt/data/INR/outputs/_archive/mujoco_suites/state_resampled_v1/runs/custom_mujoco_step_resampled/custom_mujoco_step_resampled_humanoid__cvae__no_shift__s1
[gpu2] OK /mnt/data/INR/outputs/_archive/mujoco_suites/state_resampled_v1/runs/custom_mujoco_step_resampled/custom_mujoco_step_resampled_humanoid__cvae__new_policy__s0 (12.4s)
[gpu2] START /mnt/data/INR/outputs/_archive/mujoco_suites/state_resampled_v1/runs/custom_mujoco_step_resampled/custom_mujoco_step_resampled_humanoid__cvae__novel_generalization__s0
[gpu3] OK /mnt/data/INR/outputs/_archive/mujoco_suites/state_resampled_v1/runs/custom_mujoco_step_resampled/custom_mujoco_step_resampled_humanoid__cvae__new_policy__s1 (12.6s)
[gpu3] START /mnt/data/INR/outputs/_archive/mujoco_suites/state_resampled_v1/runs/custom_mujoco_step_resampled/custom_mujoco_step_resampled_humanoid__cvae__novel_generalization__s1
[gpu0] OK /mnt/data/INR/outputs/_archive/mujoco_suites/state_resampled_v1/runs/custom_mujoco_step_resampled/custom_mujoco_step_resampled_humanoid__cvae__no_shift__s0 (12.9s)
[gpu0] START /mnt/data/INR/outputs/_archive/mujoco_suites/state_resampled_v1/runs/custom_mujoco_step_resampled/custom_mujoco_step_resampled_humanoid__cvae__single_shift__s0
[gpu1] OK /mnt/data/INR/outputs/_archive/mujoco_suites/state_resampled_v1/runs/custom_mujoco_step_resampled/custom_mujoco_step_resampled_humanoid__cvae__no_shift__s1 (12.9s)
[gpu1] START /mnt/data/INR/outputs/_archive/mujoco_suites/state_resampled_v1/runs/custom_mujoco_step_resampled/custom_mujoco_step_resampled_humanoid__cvae__single_shift__s1
[gpu2] OK /mnt/data/INR/outputs/_archive/mujoco_suites/state_resampled_v1/runs/custom_mujoco_step_resampled/custom_mujoco_step_resampled_humanoid__cvae__novel_generalization__s0 (12.1s)
[gpu2] START /mnt/data/INR/outputs/_archive/mujoco_suites/state_resampled_v1/runs/custom_mujoco_step_resampled/custom_mujoco_step_resampled_humanoid__cvae__specialization__s0
[gpu3] OK /mnt/data/INR/outputs/_archive/mujoco_suites/state_resampled_v1/runs/custom_mujoco_step_resampled/custom_mujoco_step_resampled_humanoid__cvae__novel_generalization__s1 (12.2s)
[gpu3] START /mnt/data/INR/outputs/_archive/mujoco_suites/state_resampled_v1/runs/custom_mujoco_step_resampled/custom_mujoco_step_resampled_humanoid__cvae__specialization__s1
[gpu0] OK /mnt/data/INR/outputs/_archive/mujoco_suites/state_resampled_v1/runs/custom_mujoco_step_resampled/custom_mujoco_step_resampled_humanoid__cvae__single_shift__s0 (12.6s)
[gpu0] START /mnt/data/INR/outputs/_archive/mujoco_suites/state_resampled_v1/runs/custom_mujoco_step_resampled/custom_mujoco_step_resampled_humanoid__inr_diffusion_history_conditioned__conflation__s0
[gpu1] OK /mnt/data/INR/outputs/_archive/mujoco_suites/state_resampled_v1/runs/custom_mujoco_step_resampled/custom_mujoco_step_resampled_humanoid__cvae__single_shift__s1 (12.6s)
[gpu1] START /mnt/data/INR/outputs/_archive/mujoco_suites/state_resampled_v1/runs/custom_mujoco_step_resampled/custom_mujoco_step_resampled_humanoid__inr_diffusion_history_conditioned__conflation__s1
[gpu2] OK /mnt/data/INR/outputs/_archive/mujoco_suites/state_resampled_v1/runs/custom_mujoco_step_resampled/custom_mujoco_step_resampled_humanoid__cvae__specialization__s0 (12.1s)
[gpu2] START /mnt/data/INR/outputs/_archive/mujoco_suites/state_resampled_v1/runs/custom_mujoco_step_resampled/custom_mujoco_step_resampled_humanoid__inr_diffusion_history_conditioned__generalization__s0
[gpu3] OK /mnt/data/INR/outputs/_archive/mujoco_suites/state_resampled_v1/runs/custom_mujoco_step_resampled/custom_mujoco_step_resampled_humanoid__cvae__specialization__s1 (12.0s)
[gpu3] START /mnt/data/INR/outputs/_archive/mujoco_suites/state_resampled_v1/runs/custom_mujoco_step_resampled/custom_mujoco_step_resampled_humanoid__inr_diffusion_history_conditioned__generalization__s1
[gpu0] OK /mnt/data/INR/outputs/_archive/mujoco_suites/state_resampled_v1/runs/custom_mujoco_step_resampled/custom_mujoco_step_resampled_humanoid__inr_diffusion_history_conditioned__conflation__s0 (12.4s)
[gpu0] START /mnt/data/INR/outputs/_archive/mujoco_suites/state_resampled_v1/runs/custom_mujoco_step_resampled/custom_mujoco_step_resampled_humanoid__inr_diffusion_history_conditioned__new_policy__s0
[gpu1] OK /mnt/data/INR/outputs/_archive/mujoco_suites/state_resampled_v1/runs/custom_mujoco_step_resampled/custom_mujoco_step_resampled_humanoid__inr_diffusion_history_conditioned__conflation__s1 (12.4s)
[gpu1] START /mnt/data/INR/outputs/_archive/mujoco_suites/state_resampled_v1/runs/custom_mujoco_step_resampled/custom_mujoco_step_resampled_humanoid__inr_diffusion_history_conditioned__new_policy__s1
[gpu2] OK /mnt/data/INR/outputs/_archive/mujoco_suites/state_resampled_v1/runs/custom_mujoco_step_resampled/custom_mujoco_step_resampled_humanoid__inr_diffusion_history_conditioned__generalization__s0 (12.0s)
[gpu2] START /mnt/data/INR/outputs/_archive/mujoco_suites/state_resampled_v1/runs/custom_mujoco_step_resampled/custom_mujoco_step_resampled_humanoid__inr_diffusion_history_conditioned__no_shift__s0
[gpu3] OK /mnt/data/INR/outputs/_archive/mujoco_suites/state_resampled_v1/runs/custom_mujoco_step_resampled/custom_mujoco_step_resampled_humanoid__inr_diffusion_history_conditioned__generalization__s1 (11.9s)
[gpu3] START /mnt/data/INR/outputs/_archive/mujoco_suites/state_resampled_v1/runs/custom_mujoco_step_resampled/custom_mujoco_step_resampled_humanoid__inr_diffusion_history_conditioned__no_shift__s1
[gpu0] OK /mnt/data/INR/outputs/_archive/mujoco_suites/state_resampled_v1/runs/custom_mujoco_step_resampled/custom_mujoco_step_resampled_humanoid__inr_diffusion_history_conditioned__new_policy__s0 (12.3s)
[gpu0] START /mnt/data/INR/outputs/_archive/mujoco_suites/state_resampled_v1/runs/custom_mujoco_step_resampled/custom_mujoco_step_resampled_humanoid__inr_diffusion_history_conditioned__novel_generalization__s0
[gpu1] OK /mnt/data/INR/outputs/_archive/mujoco_suites/state_resampled_v1/runs/custom_mujoco_step_resampled/custom_mujoco_step_resampled_humanoid__inr_diffusion_history_conditioned__new_policy__s1 (12.6s)
[gpu1] START /mnt/data/INR/outputs/_archive/mujoco_suites/state_resampled_v1/runs/custom_mujoco_step_resampled/custom_mujoco_step_resampled_humanoid__inr_diffusion_history_conditioned__novel_generalization__s1
[gpu2] OK /mnt/data/INR/outputs/_archive/mujoco_suites/state_resampled_v1/runs/custom_mujoco_step_resampled/custom_mujoco_step_resampled_humanoid__inr_diffusion_history_conditioned__no_shift__s0 (12.0s)
[gpu2] START /mnt/data/INR/outputs/_archive/mujoco_suites/state_resampled_v1/runs/custom_mujoco_step_resampled/custom_mujoco_step_resampled_humanoid__inr_diffusion_history_conditioned__single_shift__s0
[gpu3] OK /mnt/data/INR/outputs/_archive/mujoco_suites/state_resampled_v1/runs/custom_mujoco_step_resampled/custom_mujoco_step_resampled_humanoid__inr_diffusion_history_conditioned__no_shift__s1 (12.2s)
[gpu3] START /mnt/data/INR/outputs/_archive/mujoco_suites/state_resampled_v1/runs/custom_mujoco_step_resampled/custom_mujoco_step_resampled_humanoid__inr_diffusion_history_conditioned__single_shift__s1
[gpu0] OK /mnt/data/INR/outputs/_archive/mujoco_suites/state_resampled_v1/runs/custom_mujoco_step_resampled/custom_mujoco_step_resampled_humanoid__inr_diffusion_history_conditioned__novel_generalization__s0 (12.2s)
[gpu0] START /mnt/data/INR/outputs/_archive/mujoco_suites/state_resampled_v1/runs/custom_mujoco_step_resampled/custom_mujoco_step_resampled_humanoid__inr_diffusion_history_conditioned__specialization__s0
[gpu1] OK /mnt/data/INR/outputs/_archive/mujoco_suites/state_resampled_v1/runs/custom_mujoco_step_resampled/custom_mujoco_step_resampled_humanoid__inr_diffusion_history_conditioned__novel_generalization__s1 (12.2s)
[gpu1] START /mnt/data/INR/outputs/_archive/mujoco_suites/state_resampled_v1/runs/custom_mujoco_step_resampled/custom_mujoco_step_resampled_humanoid__inr_diffusion_history_conditioned__specialization__s1
[gpu2] OK /mnt/data/INR/outputs/_archive/mujoco_suites/state_resampled_v1/runs/custom_mujoco_step_resampled/custom_mujoco_step_resampled_humanoid__inr_diffusion_history_conditioned__single_shift__s0 (12.0s)
[gpu2] START /mnt/data/INR/outputs/_archive/mujoco_suites/state_resampled_v1/runs/custom_mujoco_step_resampled/custom_mujoco_step_resampled_humanoid__inr_transformer_fitted_latent__conflation__s0
[gpu3] OK /mnt/data/INR/outputs/_archive/mujoco_suites/state_resampled_v1/runs/custom_mujoco_step_resampled/custom_mujoco_step_resampled_humanoid__inr_diffusion_history_conditioned__single_shift__s1 (12.0s)
[gpu3] START /mnt/data/INR/outputs/_archive/mujoco_suites/state_resampled_v1/runs/custom_mujoco_step_resampled/custom_mujoco_step_resampled_humanoid__inr_transformer_fitted_latent__conflation__s1
[gpu0] OK /mnt/data/INR/outputs/_archive/mujoco_suites/state_resampled_v1/runs/custom_mujoco_step_resampled/custom_mujoco_step_resampled_humanoid__inr_diffusion_history_conditioned__specialization__s0 (12.4s)
[gpu0] START /mnt/data/INR/outputs/_archive/mujoco_suites/state_resampled_v1/runs/custom_mujoco_step_resampled/custom_mujoco_step_resampled_humanoid__inr_transformer_fitted_latent__generalization__s0
[gpu1] OK /mnt/data/INR/outputs/_archive/mujoco_suites/state_resampled_v1/runs/custom_mujoco_step_resampled/custom_mujoco_step_resampled_humanoid__inr_diffusion_history_conditioned__specialization__s1 (12.4s)
[gpu1] START /mnt/data/INR/outputs/_archive/mujoco_suites/state_resampled_v1/runs/custom_mujoco_step_resampled/custom_mujoco_step_resampled_humanoid__inr_transformer_fitted_latent__generalization__s1
[gpu2] OK /mnt/data/INR/outputs/_archive/mujoco_suites/state_resampled_v1/runs/custom_mujoco_step_resampled/custom_mujoco_step_resampled_humanoid__inr_transformer_fitted_latent__conflation__s0 (15.0s)
[gpu2] START /mnt/data/INR/outputs/_archive/mujoco_suites/state_resampled_v1/runs/custom_mujoco_step_resampled/custom_mujoco_step_resampled_humanoid__inr_transformer_fitted_latent__new_policy__s0
[gpu3] OK /mnt/data/INR/outputs/_archive/mujoco_suites/state_resampled_v1/runs/custom_mujoco_step_resampled/custom_mujoco_step_resampled_humanoid__inr_transformer_fitted_latent__conflation__s1 (14.9s)
[gpu3] START /mnt/data/INR/outputs/_archive/mujoco_suites/state_resampled_v1/runs/custom_mujoco_step_resampled/custom_mujoco_step_resampled_humanoid__inr_transformer_fitted_latent__new_policy__s1
[gpu0] OK /mnt/data/INR/outputs/_archive/mujoco_suites/state_resampled_v1/runs/custom_mujoco_step_resampled/custom_mujoco_step_resampled_humanoid__inr_transformer_fitted_latent__generalization__s0 (14.3s)
[gpu0] START /mnt/data/INR/outputs/_archive/mujoco_suites/state_resampled_v1/runs/custom_mujoco_step_resampled/custom_mujoco_step_resampled_humanoid__inr_transformer_fitted_latent__no_shift__s0
[gpu1] OK /mnt/data/INR/outputs/_archive/mujoco_suites/state_resampled_v1/runs/custom_mujoco_step_resampled/custom_mujoco_step_resampled_humanoid__inr_transformer_fitted_latent__generalization__s1 (14.1s)
[gpu1] START /mnt/data/INR/outputs/_archive/mujoco_suites/state_resampled_v1/runs/custom_mujoco_step_resampled/custom_mujoco_step_resampled_humanoid__inr_transformer_fitted_latent__no_shift__s1
[gpu2] OK /mnt/data/INR/outputs/_archive/mujoco_suites/state_resampled_v1/runs/custom_mujoco_step_resampled/custom_mujoco_step_resampled_humanoid__inr_transformer_fitted_latent__new_policy__s0 (16.4s)
[gpu2] START /mnt/data/INR/outputs/_archive/mujoco_suites/state_resampled_v1/runs/custom_mujoco_step_resampled/custom_mujoco_step_resampled_humanoid__inr_transformer_fitted_latent__novel_generalization__s0
[gpu3] OK /mnt/data/INR/outputs/_archive/mujoco_suites/state_resampled_v1/runs/custom_mujoco_step_resampled/custom_mujoco_step_resampled_humanoid__inr_transformer_fitted_latent__new_policy__s1 (16.4s)
[gpu3] START /mnt/data/INR/outputs/_archive/mujoco_suites/state_resampled_v1/runs/custom_mujoco_step_resampled/custom_mujoco_step_resampled_humanoid__inr_transformer_fitted_latent__novel_generalization__s1
[gpu0] OK /mnt/data/INR/outputs/_archive/mujoco_suites/state_resampled_v1/runs/custom_mujoco_step_resampled/custom_mujoco_step_resampled_humanoid__inr_transformer_fitted_latent__no_shift__s0 (16.2s)
[gpu0] START /mnt/data/INR/outputs/_archive/mujoco_suites/state_resampled_v1/runs/custom_mujoco_step_resampled/custom_mujoco_step_resampled_humanoid__inr_transformer_fitted_latent__single_shift__s0
[gpu1] OK /mnt/data/INR/outputs/_archive/mujoco_suites/state_resampled_v1/runs/custom_mujoco_step_resampled/custom_mujoco_step_resampled_humanoid__inr_transformer_fitted_latent__no_shift__s1 (16.1s)
[gpu1] START /mnt/data/INR/outputs/_archive/mujoco_suites/state_resampled_v1/runs/custom_mujoco_step_resampled/custom_mujoco_step_resampled_humanoid__inr_transformer_fitted_latent__single_shift__s1
[gpu2] OK /mnt/data/INR/outputs/_archive/mujoco_suites/state_resampled_v1/runs/custom_mujoco_step_resampled/custom_mujoco_step_resampled_humanoid__inr_transformer_fitted_latent__novel_generalization__s0 (14.4s)
[gpu2] START /mnt/data/INR/outputs/_archive/mujoco_suites/state_resampled_v1/runs/custom_mujoco_step_resampled/custom_mujoco_step_resampled_humanoid__inr_transformer_fitted_latent__specialization__s0
[gpu3] OK /mnt/data/INR/outputs/_archive/mujoco_suites/state_resampled_v1/runs/custom_mujoco_step_resampled/custom_mujoco_step_resampled_humanoid__inr_transformer_fitted_latent__novel_generalization__s1 (14.7s)
[gpu3] START /mnt/data/INR/outputs/_archive/mujoco_suites/state_resampled_v1/runs/custom_mujoco_step_resampled/custom_mujoco_step_resampled_humanoid__inr_transformer_fitted_latent__specialization__s1
[gpu0] OK /mnt/data/INR/outputs/_archive/mujoco_suites/state_resampled_v1/runs/custom_mujoco_step_resampled/custom_mujoco_step_resampled_humanoid__inr_transformer_fitted_latent__single_shift__s0 (16.0s)
[gpu0] START /mnt/data/INR/outputs/_archive/mujoco_suites/state_resampled_v1/runs/custom_mujoco_step_resampled/custom_mujoco_step_resampled_humanoid__inr_transformer_history_conditioned__conflation__s0
[gpu1] OK /mnt/data/INR/outputs/_archive/mujoco_suites/state_resampled_v1/runs/custom_mujoco_step_resampled/custom_mujoco_step_resampled_humanoid__inr_transformer_fitted_latent__single_shift__s1 (15.9s)
[gpu1] START /mnt/data/INR/outputs/_archive/mujoco_suites/state_resampled_v1/runs/custom_mujoco_step_resampled/custom_mujoco_step_resampled_humanoid__inr_transformer_history_conditioned__conflation__s1
[gpu1] OK /mnt/data/INR/outputs/_archive/mujoco_suites/state_resampled_v1/runs/custom_mujoco_step_resampled/custom_mujoco_step_resampled_humanoid__inr_transformer_history_conditioned__conflation__s1 (11.8s)
[gpu1] START /mnt/data/INR/outputs/_archive/mujoco_suites/state_resampled_v1/runs/custom_mujoco_step_resampled/custom_mujoco_step_resampled_humanoid__inr_transformer_history_conditioned__generalization__s0
[gpu0] OK /mnt/data/INR/outputs/_archive/mujoco_suites/state_resampled_v1/runs/custom_mujoco_step_resampled/custom_mujoco_step_resampled_humanoid__inr_transformer_history_conditioned__conflation__s0 (12.0s)
[gpu0] START /mnt/data/INR/outputs/_archive/mujoco_suites/state_resampled_v1/runs/custom_mujoco_step_resampled/custom_mujoco_step_resampled_humanoid__inr_transformer_history_conditioned__generalization__s1
[gpu2] OK /mnt/data/INR/outputs/_archive/mujoco_suites/state_resampled_v1/runs/custom_mujoco_step_resampled/custom_mujoco_step_resampled_humanoid__inr_transformer_fitted_latent__specialization__s0 (15.7s)
[gpu2] START /mnt/data/INR/outputs/_archive/mujoco_suites/state_resampled_v1/runs/custom_mujoco_step_resampled/custom_mujoco_step_resampled_humanoid__inr_transformer_history_conditioned__new_policy__s0
[gpu3] OK /mnt/data/INR/outputs/_archive/mujoco_suites/state_resampled_v1/runs/custom_mujoco_step_resampled/custom_mujoco_step_resampled_humanoid__inr_transformer_fitted_latent__specialization__s1 (15.6s)
[gpu3] START /mnt/data/INR/outputs/_archive/mujoco_suites/state_resampled_v1/runs/custom_mujoco_step_resampled/custom_mujoco_step_resampled_humanoid__inr_transformer_history_conditioned__new_policy__s1
[gpu1] OK /mnt/data/INR/outputs/_archive/mujoco_suites/state_resampled_v1/runs/custom_mujoco_step_resampled/custom_mujoco_step_resampled_humanoid__inr_transformer_history_conditioned__generalization__s0 (12.1s)
[gpu1] START /mnt/data/INR/outputs/_archive/mujoco_suites/state_resampled_v1/runs/custom_mujoco_step_resampled/custom_mujoco_step_resampled_humanoid__inr_transformer_history_conditioned__no_shift__s0
[gpu0] OK /mnt/data/INR/outputs/_archive/mujoco_suites/state_resampled_v1/runs/custom_mujoco_step_resampled/custom_mujoco_step_resampled_humanoid__inr_transformer_history_conditioned__generalization__s1 (12.1s)
[gpu0] START /mnt/data/INR/outputs/_archive/mujoco_suites/state_resampled_v1/runs/custom_mujoco_step_resampled/custom_mujoco_step_resampled_humanoid__inr_transformer_history_conditioned__no_shift__s1
[gpu2] OK /mnt/data/INR/outputs/_archive/mujoco_suites/state_resampled_v1/runs/custom_mujoco_step_resampled/custom_mujoco_step_resampled_humanoid__inr_transformer_history_conditioned__new_policy__s0 (12.1s)
[gpu2] START /mnt/data/INR/outputs/_archive/mujoco_suites/state_resampled_v1/runs/custom_mujoco_step_resampled/custom_mujoco_step_resampled_humanoid__inr_transformer_history_conditioned__novel_generalization__s0
[gpu3] OK /mnt/data/INR/outputs/_archive/mujoco_suites/state_resampled_v1/runs/custom_mujoco_step_resampled/custom_mujoco_step_resampled_humanoid__inr_transformer_history_conditioned__new_policy__s1 (12.1s)
[gpu3] START /mnt/data/INR/outputs/_archive/mujoco_suites/state_resampled_v1/runs/custom_mujoco_step_resampled/custom_mujoco_step_resampled_humanoid__inr_transformer_history_conditioned__novel_generalization__s1
[gpu1] OK /mnt/data/INR/outputs/_archive/mujoco_suites/state_resampled_v1/runs/custom_mujoco_step_resampled/custom_mujoco_step_resampled_humanoid__inr_transformer_history_conditioned__no_shift__s0 (11.8s)
[gpu1] START /mnt/data/INR/outputs/_archive/mujoco_suites/state_resampled_v1/runs/custom_mujoco_step_resampled/custom_mujoco_step_resampled_humanoid__inr_transformer_history_conditioned__single_shift__s0
[gpu0] OK /mnt/data/INR/outputs/_archive/mujoco_suites/state_resampled_v1/runs/custom_mujoco_step_resampled/custom_mujoco_step_resampled_humanoid__inr_transformer_history_conditioned__no_shift__s1 (12.3s)
[gpu0] START /mnt/data/INR/outputs/_archive/mujoco_suites/state_resampled_v1/runs/custom_mujoco_step_resampled/custom_mujoco_step_resampled_humanoid__inr_transformer_history_conditioned__single_shift__s1
[gpu2] OK /mnt/data/INR/outputs/_archive/mujoco_suites/state_resampled_v1/runs/custom_mujoco_step_resampled/custom_mujoco_step_resampled_humanoid__inr_transformer_history_conditioned__novel_generalization__s0 (11.9s)
[gpu2] START /mnt/data/INR/outputs/_archive/mujoco_suites/state_resampled_v1/runs/custom_mujoco_step_resampled/custom_mujoco_step_resampled_humanoid__inr_transformer_history_conditioned__specialization__s0
[gpu3] OK /mnt/data/INR/outputs/_archive/mujoco_suites/state_resampled_v1/runs/custom_mujoco_step_resampled/custom_mujoco_step_resampled_humanoid__inr_transformer_history_conditioned__novel_generalization__s1 (12.0s)
[gpu3] START /mnt/data/INR/outputs/_archive/mujoco_suites/state_resampled_v1/runs/custom_mujoco_step_resampled/custom_mujoco_step_resampled_humanoid__inr_transformer_history_conditioned__specialization__s1
[gpu1] OK /mnt/data/INR/outputs/_archive/mujoco_suites/state_resampled_v1/runs/custom_mujoco_step_resampled/custom_mujoco_step_resampled_humanoid__inr_transformer_history_conditioned__single_shift__s0 (11.7s)
[gpu1] START /mnt/data/INR/outputs/_archive/mujoco_suites/state_resampled_v1/runs/custom_mujoco_step_resampled/custom_mujoco_step_resampled_walker2d__cvae__conflation__s0
[gpu0] OK /mnt/data/INR/outputs/_archive/mujoco_suites/state_resampled_v1/runs/custom_mujoco_step_resampled/custom_mujoco_step_resampled_humanoid__inr_transformer_history_conditioned__single_shift__s1 (12.2s)
[gpu0] START /mnt/data/INR/outputs/_archive/mujoco_suites/state_resampled_v1/runs/custom_mujoco_step_resampled/custom_mujoco_step_resampled_walker2d__cvae__conflation__s1
[gpu2] OK /mnt/data/INR/outputs/_archive/mujoco_suites/state_resampled_v1/runs/custom_mujoco_step_resampled/custom_mujoco_step_resampled_humanoid__inr_transformer_history_conditioned__specialization__s0 (12.2s)
[gpu2] START /mnt/data/INR/outputs/_archive/mujoco_suites/state_resampled_v1/runs/custom_mujoco_step_resampled/custom_mujoco_step_resampled_walker2d__cvae__generalization__s0
[gpu3] OK /mnt/data/INR/outputs/_archive/mujoco_suites/state_resampled_v1/runs/custom_mujoco_step_resampled/custom_mujoco_step_resampled_humanoid__inr_transformer_history_conditioned__specialization__s1 (12.3s)
[gpu3] START /mnt/data/INR/outputs/_archive/mujoco_suites/state_resampled_v1/runs/custom_mujoco_step_resampled/custom_mujoco_step_resampled_walker2d__cvae__generalization__s1
[gpu1] OK /mnt/data/INR/outputs/_archive/mujoco_suites/state_resampled_v1/runs/custom_mujoco_step_resampled/custom_mujoco_step_resampled_walker2d__cvae__conflation__s0 (12.5s)
[gpu1] START /mnt/data/INR/outputs/_archive/mujoco_suites/state_resampled_v1/runs/custom_mujoco_step_resampled/custom_mujoco_step_resampled_walker2d__cvae__new_policy__s0
[gpu0] OK /mnt/data/INR/outputs/_archive/mujoco_suites/state_resampled_v1/runs/custom_mujoco_step_resampled/custom_mujoco_step_resampled_walker2d__cvae__conflation__s1 (12.5s)
[gpu0] START /mnt/data/INR/outputs/_archive/mujoco_suites/state_resampled_v1/runs/custom_mujoco_step_resampled/custom_mujoco_step_resampled_walker2d__cvae__new_policy__s1
[gpu2] OK /mnt/data/INR/outputs/_archive/mujoco_suites/state_resampled_v1/runs/custom_mujoco_step_resampled/custom_mujoco_step_resampled_walker2d__cvae__generalization__s0 (12.6s)
[gpu2] START /mnt/data/INR/outputs/_archive/mujoco_suites/state_resampled_v1/runs/custom_mujoco_step_resampled/custom_mujoco_step_resampled_walker2d__cvae__no_shift__s0
[gpu3] OK /mnt/data/INR/outputs/_archive/mujoco_suites/state_resampled_v1/runs/custom_mujoco_step_resampled/custom_mujoco_step_resampled_walker2d__cvae__generalization__s1 (12.5s)
[gpu3] START /mnt/data/INR/outputs/_archive/mujoco_suites/state_resampled_v1/runs/custom_mujoco_step_resampled/custom_mujoco_step_resampled_walker2d__cvae__no_shift__s1
[gpu1] OK /mnt/data/INR/outputs/_archive/mujoco_suites/state_resampled_v1/runs/custom_mujoco_step_resampled/custom_mujoco_step_resampled_walker2d__cvae__new_policy__s0 (5.9s)
[gpu1] START /mnt/data/INR/outputs/_archive/mujoco_suites/state_resampled_v1/runs/custom_mujoco_step_resampled/custom_mujoco_step_resampled_walker2d__cvae__novel_generalization__s0
[gpu0] OK /mnt/data/INR/outputs/_archive/mujoco_suites/state_resampled_v1/runs/custom_mujoco_step_resampled/custom_mujoco_step_resampled_walker2d__cvae__new_policy__s1 (5.9s)
[gpu0] START /mnt/data/INR/outputs/_archive/mujoco_suites/state_resampled_v1/runs/custom_mujoco_step_resampled/custom_mujoco_step_resampled_walker2d__cvae__novel_generalization__s1
[gpu2] OK /mnt/data/INR/outputs/_archive/mujoco_suites/state_resampled_v1/runs/custom_mujoco_step_resampled/custom_mujoco_step_resampled_walker2d__cvae__no_shift__s0 (6.4s)
[gpu2] START /mnt/data/INR/outputs/_archive/mujoco_suites/state_resampled_v1/runs/custom_mujoco_step_resampled/custom_mujoco_step_resampled_walker2d__cvae__single_shift__s0
[gpu3] OK /mnt/data/INR/outputs/_archive/mujoco_suites/state_resampled_v1/runs/custom_mujoco_step_resampled/custom_mujoco_step_resampled_walker2d__cvae__no_shift__s1 (6.7s)
[gpu3] START /mnt/data/INR/outputs/_archive/mujoco_suites/state_resampled_v1/runs/custom_mujoco_step_resampled/custom_mujoco_step_resampled_walker2d__cvae__single_shift__s1
[gpu1] OK /mnt/data/INR/outputs/_archive/mujoco_suites/state_resampled_v1/runs/custom_mujoco_step_resampled/custom_mujoco_step_resampled_walker2d__cvae__novel_generalization__s0 (5.7s)
[gpu1] START /mnt/data/INR/outputs/_archive/mujoco_suites/state_resampled_v1/runs/custom_mujoco_step_resampled/custom_mujoco_step_resampled_walker2d__cvae__specialization__s0
[gpu0] OK /mnt/data/INR/outputs/_archive/mujoco_suites/state_resampled_v1/runs/custom_mujoco_step_resampled/custom_mujoco_step_resampled_walker2d__cvae__novel_generalization__s1 (5.8s)
[gpu0] START /mnt/data/INR/outputs/_archive/mujoco_suites/state_resampled_v1/runs/custom_mujoco_step_resampled/custom_mujoco_step_resampled_walker2d__cvae__specialization__s1
[gpu2] OK /mnt/data/INR/outputs/_archive/mujoco_suites/state_resampled_v1/runs/custom_mujoco_step_resampled/custom_mujoco_step_resampled_walker2d__cvae__single_shift__s0 (6.4s)
[gpu2] START /mnt/data/INR/outputs/_archive/mujoco_suites/state_resampled_v1/runs/custom_mujoco_step_resampled/custom_mujoco_step_resampled_walker2d__inr_diffusion_history_conditioned__conflation__s0
[gpu3] OK /mnt/data/INR/outputs/_archive/mujoco_suites/state_resampled_v1/runs/custom_mujoco_step_resampled/custom_mujoco_step_resampled_walker2d__cvae__single_shift__s1 (6.3s)
[gpu3] START /mnt/data/INR/outputs/_archive/mujoco_suites/state_resampled_v1/runs/custom_mujoco_step_resampled/custom_mujoco_step_resampled_walker2d__inr_diffusion_history_conditioned__conflation__s1
[gpu1] OK /mnt/data/INR/outputs/_archive/mujoco_suites/state_resampled_v1/runs/custom_mujoco_step_resampled/custom_mujoco_step_resampled_walker2d__cvae__specialization__s0 (5.7s)
[gpu1] START /mnt/data/INR/outputs/_archive/mujoco_suites/state_resampled_v1/runs/custom_mujoco_step_resampled/custom_mujoco_step_resampled_walker2d__inr_diffusion_history_conditioned__generalization__s0
[gpu0] OK /mnt/data/INR/outputs/_archive/mujoco_suites/state_resampled_v1/runs/custom_mujoco_step_resampled/custom_mujoco_step_resampled_walker2d__cvae__specialization__s1 (5.8s)
[gpu0] START /mnt/data/INR/outputs/_archive/mujoco_suites/state_resampled_v1/runs/custom_mujoco_step_resampled/custom_mujoco_step_resampled_walker2d__inr_diffusion_history_conditioned__generalization__s1
[gpu2] OK /mnt/data/INR/outputs/_archive/mujoco_suites/state_resampled_v1/runs/custom_mujoco_step_resampled/custom_mujoco_step_resampled_walker2d__inr_diffusion_history_conditioned__conflation__s0 (6.7s)
[gpu2] START /mnt/data/INR/outputs/_archive/mujoco_suites/state_resampled_v1/runs/custom_mujoco_step_resampled/custom_mujoco_step_resampled_walker2d__inr_diffusion_history_conditioned__new_policy__s0
[gpu3] OK /mnt/data/INR/outputs/_archive/mujoco_suites/state_resampled_v1/runs/custom_mujoco_step_resampled/custom_mujoco_step_resampled_walker2d__inr_diffusion_history_conditioned__conflation__s1 (6.3s)
[gpu3] START /mnt/data/INR/outputs/_archive/mujoco_suites/state_resampled_v1/runs/custom_mujoco_step_resampled/custom_mujoco_step_resampled_walker2d__inr_diffusion_history_conditioned__new_policy__s1
[gpu1] OK /mnt/data/INR/outputs/_archive/mujoco_suites/state_resampled_v1/runs/custom_mujoco_step_resampled/custom_mujoco_step_resampled_walker2d__inr_diffusion_history_conditioned__generalization__s0 (5.8s)
[gpu1] START /mnt/data/INR/outputs/_archive/mujoco_suites/state_resampled_v1/runs/custom_mujoco_step_resampled/custom_mujoco_step_resampled_walker2d__inr_diffusion_history_conditioned__no_shift__s0
[gpu0] OK /mnt/data/INR/outputs/_archive/mujoco_suites/state_resampled_v1/runs/custom_mujoco_step_resampled/custom_mujoco_step_resampled_walker2d__inr_diffusion_history_conditioned__generalization__s1 (5.7s)
[gpu0] START /mnt/data/INR/outputs/_archive/mujoco_suites/state_resampled_v1/runs/custom_mujoco_step_resampled/custom_mujoco_step_resampled_walker2d__inr_diffusion_history_conditioned__no_shift__s1
[gpu2] OK /mnt/data/INR/outputs/_archive/mujoco_suites/state_resampled_v1/runs/custom_mujoco_step_resampled/custom_mujoco_step_resampled_walker2d__inr_diffusion_history_conditioned__new_policy__s0 (6.6s)
[gpu2] START /mnt/data/INR/outputs/_archive/mujoco_suites/state_resampled_v1/runs/custom_mujoco_step_resampled/custom_mujoco_step_resampled_walker2d__inr_diffusion_history_conditioned__novel_generalization__s0
[gpu3] OK /mnt/data/INR/outputs/_archive/mujoco_suites/state_resampled_v1/runs/custom_mujoco_step_resampled/custom_mujoco_step_resampled_walker2d__inr_diffusion_history_conditioned__new_policy__s1 (6.5s)
[gpu3] START /mnt/data/INR/outputs/_archive/mujoco_suites/state_resampled_v1/runs/custom_mujoco_step_resampled/custom_mujoco_step_resampled_walker2d__inr_diffusion_history_conditioned__novel_generalization__s1
[gpu1] OK /mnt/data/INR/outputs/_archive/mujoco_suites/state_resampled_v1/runs/custom_mujoco_step_resampled/custom_mujoco_step_resampled_walker2d__inr_diffusion_history_conditioned__no_shift__s0 (6.1s)
[gpu1] START /mnt/data/INR/outputs/_archive/mujoco_suites/state_resampled_v1/runs/custom_mujoco_step_resampled/custom_mujoco_step_resampled_walker2d__inr_diffusion_history_conditioned__single_shift__s0
[gpu0] OK /mnt/data/INR/outputs/_archive/mujoco_suites/state_resampled_v1/runs/custom_mujoco_step_resampled/custom_mujoco_step_resampled_walker2d__inr_diffusion_history_conditioned__no_shift__s1 (5.8s)
[gpu0] START /mnt/data/INR/outputs/_archive/mujoco_suites/state_resampled_v1/runs/custom_mujoco_step_resampled/custom_mujoco_step_resampled_walker2d__inr_diffusion_history_conditioned__single_shift__s1
[gpu2] OK /mnt/data/INR/outputs/_archive/mujoco_suites/state_resampled_v1/runs/custom_mujoco_step_resampled/custom_mujoco_step_resampled_walker2d__inr_diffusion_history_conditioned__novel_generalization__s0 (6.4s)
[gpu2] START /mnt/data/INR/outputs/_archive/mujoco_suites/state_resampled_v1/runs/custom_mujoco_step_resampled/custom_mujoco_step_resampled_walker2d__inr_diffusion_history_conditioned__specialization__s0
[gpu3] OK /mnt/data/INR/outputs/_archive/mujoco_suites/state_resampled_v1/runs/custom_mujoco_step_resampled/custom_mujoco_step_resampled_walker2d__inr_diffusion_history_conditioned__novel_generalization__s1 (6.3s)
[gpu3] START /mnt/data/INR/outputs/_archive/mujoco_suites/state_resampled_v1/runs/custom_mujoco_step_resampled/custom_mujoco_step_resampled_walker2d__inr_diffusion_history_conditioned__specialization__s1
[gpu1] OK /mnt/data/INR/outputs/_archive/mujoco_suites/state_resampled_v1/runs/custom_mujoco_step_resampled/custom_mujoco_step_resampled_walker2d__inr_diffusion_history_conditioned__single_shift__s0 (5.9s)
[gpu1] START /mnt/data/INR/outputs/_archive/mujoco_suites/state_resampled_v1/runs/custom_mujoco_step_resampled/custom_mujoco_step_resampled_walker2d__inr_transformer_fitted_latent__conflation__s0
[gpu0] OK /mnt/data/INR/outputs/_archive/mujoco_suites/state_resampled_v1/runs/custom_mujoco_step_resampled/custom_mujoco_step_resampled_walker2d__inr_diffusion_history_conditioned__single_shift__s1 (6.0s)
[gpu0] START /mnt/data/INR/outputs/_archive/mujoco_suites/state_resampled_v1/runs/custom_mujoco_step_resampled/custom_mujoco_step_resampled_walker2d__inr_transformer_fitted_latent__conflation__s1
[gpu2] OK /mnt/data/INR/outputs/_archive/mujoco_suites/state_resampled_v1/runs/custom_mujoco_step_resampled/custom_mujoco_step_resampled_walker2d__inr_diffusion_history_conditioned__specialization__s0 (6.5s)
[gpu2] START /mnt/data/INR/outputs/_archive/mujoco_suites/state_resampled_v1/runs/custom_mujoco_step_resampled/custom_mujoco_step_resampled_walker2d__inr_transformer_fitted_latent__generalization__s0
[gpu3] OK /mnt/data/INR/outputs/_archive/mujoco_suites/state_resampled_v1/runs/custom_mujoco_step_resampled/custom_mujoco_step_resampled_walker2d__inr_diffusion_history_conditioned__specialization__s1 (6.6s)
[gpu3] START /mnt/data/INR/outputs/_archive/mujoco_suites/state_resampled_v1/runs/custom_mujoco_step_resampled/custom_mujoco_step_resampled_walker2d__inr_transformer_fitted_latent__generalization__s1
[gpu1] OK /mnt/data/INR/outputs/_archive/mujoco_suites/state_resampled_v1/runs/custom_mujoco_step_resampled/custom_mujoco_step_resampled_walker2d__inr_transformer_fitted_latent__conflation__s0 (7.4s)
[gpu1] START /mnt/data/INR/outputs/_archive/mujoco_suites/state_resampled_v1/runs/custom_mujoco_step_resampled/custom_mujoco_step_resampled_walker2d__inr_transformer_fitted_latent__new_policy__s0
[gpu0] OK /mnt/data/INR/outputs/_archive/mujoco_suites/state_resampled_v1/runs/custom_mujoco_step_resampled/custom_mujoco_step_resampled_walker2d__inr_transformer_fitted_latent__conflation__s1 (7.7s)
[gpu0] START /mnt/data/INR/outputs/_archive/mujoco_suites/state_resampled_v1/runs/custom_mujoco_step_resampled/custom_mujoco_step_resampled_walker2d__inr_transformer_fitted_latent__new_policy__s1
[gpu2] OK /mnt/data/INR/outputs/_archive/mujoco_suites/state_resampled_v1/runs/custom_mujoco_step_resampled/custom_mujoco_step_resampled_walker2d__inr_transformer_fitted_latent__generalization__s0 (8.8s)
[gpu2] START /mnt/data/INR/outputs/_archive/mujoco_suites/state_resampled_v1/runs/custom_mujoco_step_resampled/custom_mujoco_step_resampled_walker2d__inr_transformer_fitted_latent__no_shift__s0
[gpu3] OK /mnt/data/INR/outputs/_archive/mujoco_suites/state_resampled_v1/runs/custom_mujoco_step_resampled/custom_mujoco_step_resampled_walker2d__inr_transformer_fitted_latent__generalization__s1 (8.5s)
[gpu3] START /mnt/data/INR/outputs/_archive/mujoco_suites/state_resampled_v1/runs/custom_mujoco_step_resampled/custom_mujoco_step_resampled_walker2d__inr_transformer_fitted_latent__no_shift__s1
[gpu1] OK /mnt/data/INR/outputs/_archive/mujoco_suites/state_resampled_v1/runs/custom_mujoco_step_resampled/custom_mujoco_step_resampled_walker2d__inr_transformer_fitted_latent__new_policy__s0 (8.1s)
[gpu1] START /mnt/data/INR/outputs/_archive/mujoco_suites/state_resampled_v1/runs/custom_mujoco_step_resampled/custom_mujoco_step_resampled_walker2d__inr_transformer_fitted_latent__novel_generalization__s0
[gpu0] OK /mnt/data/INR/outputs/_archive/mujoco_suites/state_resampled_v1/runs/custom_mujoco_step_resampled/custom_mujoco_step_resampled_walker2d__inr_transformer_fitted_latent__new_policy__s1 (8.0s)
[gpu0] START /mnt/data/INR/outputs/_archive/mujoco_suites/state_resampled_v1/runs/custom_mujoco_step_resampled/custom_mujoco_step_resampled_walker2d__inr_transformer_fitted_latent__novel_generalization__s1
[gpu1] OK /mnt/data/INR/outputs/_archive/mujoco_suites/state_resampled_v1/runs/custom_mujoco_step_resampled/custom_mujoco_step_resampled_walker2d__inr_transformer_fitted_latent__novel_generalization__s0 (7.2s)
[gpu1] START /mnt/data/INR/outputs/_archive/mujoco_suites/state_resampled_v1/runs/custom_mujoco_step_resampled/custom_mujoco_step_resampled_walker2d__inr_transformer_fitted_latent__single_shift__s0
[gpu0] OK /mnt/data/INR/outputs/_archive/mujoco_suites/state_resampled_v1/runs/custom_mujoco_step_resampled/custom_mujoco_step_resampled_walker2d__inr_transformer_fitted_latent__novel_generalization__s1 (7.0s)
[gpu0] START /mnt/data/INR/outputs/_archive/mujoco_suites/state_resampled_v1/runs/custom_mujoco_step_resampled/custom_mujoco_step_resampled_walker2d__inr_transformer_fitted_latent__single_shift__s1
[gpu2] OK /mnt/data/INR/outputs/_archive/mujoco_suites/state_resampled_v1/runs/custom_mujoco_step_resampled/custom_mujoco_step_resampled_walker2d__inr_transformer_fitted_latent__no_shift__s0 (10.7s)
[gpu2] START /mnt/data/INR/outputs/_archive/mujoco_suites/state_resampled_v1/runs/custom_mujoco_step_resampled/custom_mujoco_step_resampled_walker2d__inr_transformer_fitted_latent__specialization__s0
[gpu3] OK /mnt/data/INR/outputs/_archive/mujoco_suites/state_resampled_v1/runs/custom_mujoco_step_resampled/custom_mujoco_step_resampled_walker2d__inr_transformer_fitted_latent__no_shift__s1 (10.6s)
[gpu3] START /mnt/data/INR/outputs/_archive/mujoco_suites/state_resampled_v1/runs/custom_mujoco_step_resampled/custom_mujoco_step_resampled_walker2d__inr_transformer_fitted_latent__specialization__s1
[gpu1] OK /mnt/data/INR/outputs/_archive/mujoco_suites/state_resampled_v1/runs/custom_mujoco_step_resampled/custom_mujoco_step_resampled_walker2d__inr_transformer_fitted_latent__single_shift__s0 (7.7s)
[gpu1] START /mnt/data/INR/outputs/_archive/mujoco_suites/state_resampled_v1/runs/custom_mujoco_step_resampled/custom_mujoco_step_resampled_walker2d__inr_transformer_history_conditioned__conflation__s0
[gpu0] OK /mnt/data/INR/outputs/_archive/mujoco_suites/state_resampled_v1/runs/custom_mujoco_step_resampled/custom_mujoco_step_resampled_walker2d__inr_transformer_fitted_latent__single_shift__s1 (8.0s)
[gpu0] START /mnt/data/INR/outputs/_archive/mujoco_suites/state_resampled_v1/runs/custom_mujoco_step_resampled/custom_mujoco_step_resampled_walker2d__inr_transformer_history_conditioned__conflation__s1
[gpu2] OK /mnt/data/INR/outputs/_archive/mujoco_suites/state_resampled_v1/runs/custom_mujoco_step_resampled/custom_mujoco_step_resampled_walker2d__inr_transformer_fitted_latent__specialization__s0 (10.2s)
[gpu2] START /mnt/data/INR/outputs/_archive/mujoco_suites/state_resampled_v1/runs/custom_mujoco_step_resampled/custom_mujoco_step_resampled_walker2d__inr_transformer_history_conditioned__generalization__s0
[gpu3] OK /mnt/data/INR/outputs/_archive/mujoco_suites/state_resampled_v1/runs/custom_mujoco_step_resampled/custom_mujoco_step_resampled_walker2d__inr_transformer_fitted_latent__specialization__s1 (10.3s)
[gpu3] START /mnt/data/INR/outputs/_archive/mujoco_suites/state_resampled_v1/runs/custom_mujoco_step_resampled/custom_mujoco_step_resampled_walker2d__inr_transformer_history_conditioned__generalization__s1
[gpu1] OK /mnt/data/INR/outputs/_archive/mujoco_suites/state_resampled_v1/runs/custom_mujoco_step_resampled/custom_mujoco_step_resampled_walker2d__inr_transformer_history_conditioned__conflation__s0 (5.8s)
[gpu1] START /mnt/data/INR/outputs/_archive/mujoco_suites/state_resampled_v1/runs/custom_mujoco_step_resampled/custom_mujoco_step_resampled_walker2d__inr_transformer_history_conditioned__new_policy__s0
[gpu0] OK /mnt/data/INR/outputs/_archive/mujoco_suites/state_resampled_v1/runs/custom_mujoco_step_resampled/custom_mujoco_step_resampled_walker2d__inr_transformer_history_conditioned__conflation__s1 (5.9s)
[gpu0] START /mnt/data/INR/outputs/_archive/mujoco_suites/state_resampled_v1/runs/custom_mujoco_step_resampled/custom_mujoco_step_resampled_walker2d__inr_transformer_history_conditioned__new_policy__s1
[gpu2] OK /mnt/data/INR/outputs/_archive/mujoco_suites/state_resampled_v1/runs/custom_mujoco_step_resampled/custom_mujoco_step_resampled_walker2d__inr_transformer_history_conditioned__generalization__s0 (6.1s)
[gpu2] START /mnt/data/INR/outputs/_archive/mujoco_suites/state_resampled_v1/runs/custom_mujoco_step_resampled/custom_mujoco_step_resampled_walker2d__inr_transformer_history_conditioned__no_shift__s0
[gpu3] OK /mnt/data/INR/outputs/_archive/mujoco_suites/state_resampled_v1/runs/custom_mujoco_step_resampled/custom_mujoco_step_resampled_walker2d__inr_transformer_history_conditioned__generalization__s1 (6.4s)
[gpu3] START /mnt/data/INR/outputs/_archive/mujoco_suites/state_resampled_v1/runs/custom_mujoco_step_resampled/custom_mujoco_step_resampled_walker2d__inr_transformer_history_conditioned__no_shift__s1
[gpu1] OK /mnt/data/INR/outputs/_archive/mujoco_suites/state_resampled_v1/runs/custom_mujoco_step_resampled/custom_mujoco_step_resampled_walker2d__inr_transformer_history_conditioned__new_policy__s0 (5.9s)
[gpu1] START /mnt/data/INR/outputs/_archive/mujoco_suites/state_resampled_v1/runs/custom_mujoco_step_resampled/custom_mujoco_step_resampled_walker2d__inr_transformer_history_conditioned__novel_generalization__s0
[gpu0] OK /mnt/data/INR/outputs/_archive/mujoco_suites/state_resampled_v1/runs/custom_mujoco_step_resampled/custom_mujoco_step_resampled_walker2d__inr_transformer_history_conditioned__new_policy__s1 (6.0s)
[gpu0] START /mnt/data/INR/outputs/_archive/mujoco_suites/state_resampled_v1/runs/custom_mujoco_step_resampled/custom_mujoco_step_resampled_walker2d__inr_transformer_history_conditioned__novel_generalization__s1
[gpu2] OK /mnt/data/INR/outputs/_archive/mujoco_suites/state_resampled_v1/runs/custom_mujoco_step_resampled/custom_mujoco_step_resampled_walker2d__inr_transformer_history_conditioned__no_shift__s0 (6.4s)
[gpu2] START /mnt/data/INR/outputs/_archive/mujoco_suites/state_resampled_v1/runs/custom_mujoco_step_resampled/custom_mujoco_step_resampled_walker2d__inr_transformer_history_conditioned__single_shift__s0
[gpu3] OK /mnt/data/INR/outputs/_archive/mujoco_suites/state_resampled_v1/runs/custom_mujoco_step_resampled/custom_mujoco_step_resampled_walker2d__inr_transformer_history_conditioned__no_shift__s1 (6.4s)
[gpu3] START /mnt/data/INR/outputs/_archive/mujoco_suites/state_resampled_v1/runs/custom_mujoco_step_resampled/custom_mujoco_step_resampled_walker2d__inr_transformer_history_conditioned__single_shift__s1
[gpu1] OK /mnt/data/INR/outputs/_archive/mujoco_suites/state_resampled_v1/runs/custom_mujoco_step_resampled/custom_mujoco_step_resampled_walker2d__inr_transformer_history_conditioned__novel_generalization__s0 (5.8s)
[gpu1] START /mnt/data/INR/outputs/_archive/mujoco_suites/state_resampled_v1/runs/custom_mujoco_step_resampled/custom_mujoco_step_resampled_walker2d__inr_transformer_history_conditioned__specialization__s0
[gpu0] OK /mnt/data/INR/outputs/_archive/mujoco_suites/state_resampled_v1/runs/custom_mujoco_step_resampled/custom_mujoco_step_resampled_walker2d__inr_transformer_history_conditioned__novel_generalization__s1 (5.9s)
[gpu0] START /mnt/data/INR/outputs/_archive/mujoco_suites/state_resampled_v1/runs/custom_mujoco_step_resampled/custom_mujoco_step_resampled_walker2d__inr_transformer_history_conditioned__specialization__s1
[gpu2] OK /mnt/data/INR/outputs/_archive/mujoco_suites/state_resampled_v1/runs/custom_mujoco_step_resampled/custom_mujoco_step_resampled_walker2d__inr_transformer_history_conditioned__single_shift__s0 (6.5s)
[gpu2] START /mnt/data/INR/outputs/_archive/mujoco_suites/state_resampled_v1/runs/synthetic/synthetic_grf__cvae__conflation__s0
[gpu1] OK /mnt/data/INR/outputs/_archive/mujoco_suites/state_resampled_v1/runs/custom_mujoco_step_resampled/custom_mujoco_step_resampled_walker2d__inr_transformer_history_conditioned__specialization__s0 (6.2s)
[gpu1] START /mnt/data/INR/outputs/_archive/mujoco_suites/state_resampled_v1/runs/synthetic/synthetic_grf__cvae__conflation__s1
[gpu3] OK /mnt/data/INR/outputs/_archive/mujoco_suites/state_resampled_v1/runs/custom_mujoco_step_resampled/custom_mujoco_step_resampled_walker2d__inr_transformer_history_conditioned__single_shift__s1 (6.7s)
[gpu3] START /mnt/data/INR/outputs/_archive/mujoco_suites/state_resampled_v1/runs/synthetic/synthetic_grf__cvae__generalization__s0
[gpu0] OK /mnt/data/INR/outputs/_archive/mujoco_suites/state_resampled_v1/runs/custom_mujoco_step_resampled/custom_mujoco_step_resampled_walker2d__inr_transformer_history_conditioned__specialization__s1 (5.9s)
[gpu0] START /mnt/data/INR/outputs/_archive/mujoco_suites/state_resampled_v1/runs/synthetic/synthetic_grf__cvae__generalization__s1
[gpu1] OK /mnt/data/INR/outputs/_archive/mujoco_suites/state_resampled_v1/runs/synthetic/synthetic_grf__cvae__conflation__s1 (6.1s)
[gpu1] START /mnt/data/INR/outputs/_archive/mujoco_suites/state_resampled_v1/runs/synthetic/synthetic_grf__cvae__new_policy__s0
[gpu2] OK /mnt/data/INR/outputs/_archive/mujoco_suites/state_resampled_v1/runs/synthetic/synthetic_grf__cvae__conflation__s0 (6.7s)
[gpu2] START /mnt/data/INR/outputs/_archive/mujoco_suites/state_resampled_v1/runs/synthetic/synthetic_grf__cvae__new_policy__s1
[gpu3] OK /mnt/data/INR/outputs/_archive/mujoco_suites/state_resampled_v1/runs/synthetic/synthetic_grf__cvae__generalization__s0 (6.5s)
[gpu3] START /mnt/data/INR/outputs/_archive/mujoco_suites/state_resampled_v1/runs/synthetic/synthetic_grf__cvae__no_shift__s0
[gpu0] OK /mnt/data/INR/outputs/_archive/mujoco_suites/state_resampled_v1/runs/synthetic/synthetic_grf__cvae__generalization__s1 (6.0s)
[gpu0] START /mnt/data/INR/outputs/_archive/mujoco_suites/state_resampled_v1/runs/synthetic/synthetic_grf__cvae__no_shift__s1
[gpu1] OK /mnt/data/INR/outputs/_archive/mujoco_suites/state_resampled_v1/runs/synthetic/synthetic_grf__cvae__new_policy__s0 (5.9s)
[gpu1] START /mnt/data/INR/outputs/_archive/mujoco_suites/state_resampled_v1/runs/synthetic/synthetic_grf__cvae__novel_generalization__s0
[gpu2] OK /mnt/data/INR/outputs/_archive/mujoco_suites/state_resampled_v1/runs/synthetic/synthetic_grf__cvae__new_policy__s1 (6.8s)
[gpu2] START /mnt/data/INR/outputs/_archive/mujoco_suites/state_resampled_v1/runs/synthetic/synthetic_grf__cvae__novel_generalization__s1
[gpu0] OK /mnt/data/INR/outputs/_archive/mujoco_suites/state_resampled_v1/runs/synthetic/synthetic_grf__cvae__no_shift__s1 (6.1s)
[gpu0] START /mnt/data/INR/outputs/_archive/mujoco_suites/state_resampled_v1/runs/synthetic/synthetic_grf__cvae__single_shift__s0
[gpu3] OK /mnt/data/INR/outputs/_archive/mujoco_suites/state_resampled_v1/runs/synthetic/synthetic_grf__cvae__no_shift__s0 (6.7s)
[gpu3] START /mnt/data/INR/outputs/_archive/mujoco_suites/state_resampled_v1/runs/synthetic/synthetic_grf__cvae__single_shift__s1
[gpu1] OK /mnt/data/INR/outputs/_archive/mujoco_suites/state_resampled_v1/runs/synthetic/synthetic_grf__cvae__novel_generalization__s0 (6.2s)
[gpu1] START /mnt/data/INR/outputs/_archive/mujoco_suites/state_resampled_v1/runs/synthetic/synthetic_grf__cvae__specialization__s0
[gpu2] OK /mnt/data/INR/outputs/_archive/mujoco_suites/state_resampled_v1/runs/synthetic/synthetic_grf__cvae__novel_generalization__s1 (6.6s)
[gpu2] START /mnt/data/INR/outputs/_archive/mujoco_suites/state_resampled_v1/runs/synthetic/synthetic_grf__cvae__specialization__s1
[gpu0] OK /mnt/data/INR/outputs/_archive/mujoco_suites/state_resampled_v1/runs/synthetic/synthetic_grf__cvae__single_shift__s0 (6.4s)
[gpu0] START /mnt/data/INR/outputs/_archive/mujoco_suites/state_resampled_v1/runs/synthetic/synthetic_grf__inr_diffusion_history_conditioned__conflation__s0
[gpu3] OK /mnt/data/INR/outputs/_archive/mujoco_suites/state_resampled_v1/runs/synthetic/synthetic_grf__cvae__single_shift__s1 (6.7s)
[gpu3] START /mnt/data/INR/outputs/_archive/mujoco_suites/state_resampled_v1/runs/synthetic/synthetic_grf__inr_diffusion_history_conditioned__conflation__s1
[gpu1] OK /mnt/data/INR/outputs/_archive/mujoco_suites/state_resampled_v1/runs/synthetic/synthetic_grf__cvae__specialization__s0 (6.2s)
[gpu1] START /mnt/data/INR/outputs/_archive/mujoco_suites/state_resampled_v1/runs/synthetic/synthetic_grf__inr_diffusion_history_conditioned__generalization__s0
[gpu0] OK /mnt/data/INR/outputs/_archive/mujoco_suites/state_resampled_v1/runs/synthetic/synthetic_grf__inr_diffusion_history_conditioned__conflation__s0 (6.3s)
[gpu0] START /mnt/data/INR/outputs/_archive/mujoco_suites/state_resampled_v1/runs/synthetic/synthetic_grf__inr_diffusion_history_conditioned__generalization__s1
[gpu2] OK /mnt/data/INR/outputs/_archive/mujoco_suites/state_resampled_v1/runs/synthetic/synthetic_grf__cvae__specialization__s1 (6.7s)
[gpu2] START /mnt/data/INR/outputs/_archive/mujoco_suites/state_resampled_v1/runs/synthetic/synthetic_grf__inr_diffusion_history_conditioned__new_policy__s0
[gpu3] OK /mnt/data/INR/outputs/_archive/mujoco_suites/state_resampled_v1/runs/synthetic/synthetic_grf__inr_diffusion_history_conditioned__conflation__s1 (6.7s)
[gpu3] START /mnt/data/INR/outputs/_archive/mujoco_suites/state_resampled_v1/runs/synthetic/synthetic_grf__inr_diffusion_history_conditioned__new_policy__s1
[gpu1] OK /mnt/data/INR/outputs/_archive/mujoco_suites/state_resampled_v1/runs/synthetic/synthetic_grf__inr_diffusion_history_conditioned__generalization__s0 (6.0s)
[gpu1] START /mnt/data/INR/outputs/_archive/mujoco_suites/state_resampled_v1/runs/synthetic/synthetic_grf__inr_diffusion_history_conditioned__no_shift__s0
[gpu0] OK /mnt/data/INR/outputs/_archive/mujoco_suites/state_resampled_v1/runs/synthetic/synthetic_grf__inr_diffusion_history_conditioned__generalization__s1 (6.1s)
[gpu0] START /mnt/data/INR/outputs/_archive/mujoco_suites/state_resampled_v1/runs/synthetic/synthetic_grf__inr_diffusion_history_conditioned__no_shift__s1
[gpu2] OK /mnt/data/INR/outputs/_archive/mujoco_suites/state_resampled_v1/runs/synthetic/synthetic_grf__inr_diffusion_history_conditioned__new_policy__s0 (6.6s)
[gpu2] START /mnt/data/INR/outputs/_archive/mujoco_suites/state_resampled_v1/runs/synthetic/synthetic_grf__inr_diffusion_history_conditioned__novel_generalization__s0
[gpu3] OK /mnt/data/INR/outputs/_archive/mujoco_suites/state_resampled_v1/runs/synthetic/synthetic_grf__inr_diffusion_history_conditioned__new_policy__s1 (6.5s)
[gpu3] START /mnt/data/INR/outputs/_archive/mujoco_suites/state_resampled_v1/runs/synthetic/synthetic_grf__inr_diffusion_history_conditioned__novel_generalization__s1
[gpu1] OK /mnt/data/INR/outputs/_archive/mujoco_suites/state_resampled_v1/runs/synthetic/synthetic_grf__inr_diffusion_history_conditioned__no_shift__s0 (6.2s)
[gpu1] START /mnt/data/INR/outputs/_archive/mujoco_suites/state_resampled_v1/runs/synthetic/synthetic_grf__inr_diffusion_history_conditioned__single_shift__s0
[gpu0] OK /mnt/data/INR/outputs/_archive/mujoco_suites/state_resampled_v1/runs/synthetic/synthetic_grf__inr_diffusion_history_conditioned__no_shift__s1 (6.2s)
[gpu0] START /mnt/data/INR/outputs/_archive/mujoco_suites/state_resampled_v1/runs/synthetic/synthetic_grf__inr_diffusion_history_conditioned__single_shift__s1
[gpu2] OK /mnt/data/INR/outputs/_archive/mujoco_suites/state_resampled_v1/runs/synthetic/synthetic_grf__inr_diffusion_history_conditioned__novel_generalization__s0 (6.5s)
[gpu2] START /mnt/data/INR/outputs/_archive/mujoco_suites/state_resampled_v1/runs/synthetic/synthetic_grf__inr_diffusion_history_conditioned__specialization__s0
[gpu3] OK /mnt/data/INR/outputs/_archive/mujoco_suites/state_resampled_v1/runs/synthetic/synthetic_grf__inr_diffusion_history_conditioned__novel_generalization__s1 (6.6s)
[gpu3] START /mnt/data/INR/outputs/_archive/mujoco_suites/state_resampled_v1/runs/synthetic/synthetic_grf__inr_diffusion_history_conditioned__specialization__s1
[gpu1] OK /mnt/data/INR/outputs/_archive/mujoco_suites/state_resampled_v1/runs/synthetic/synthetic_grf__inr_diffusion_history_conditioned__single_shift__s0 (6.0s)
[gpu1] START /mnt/data/INR/outputs/_archive/mujoco_suites/state_resampled_v1/runs/synthetic/synthetic_grf__inr_transformer_fitted_latent__conflation__s0
[gpu0] OK /mnt/data/INR/outputs/_archive/mujoco_suites/state_resampled_v1/runs/synthetic/synthetic_grf__inr_diffusion_history_conditioned__single_shift__s1 (6.1s)
[gpu0] START /mnt/data/INR/outputs/_archive/mujoco_suites/state_resampled_v1/runs/synthetic/synthetic_grf__inr_transformer_fitted_latent__conflation__s1
[gpu2] OK /mnt/data/INR/outputs/_archive/mujoco_suites/state_resampled_v1/runs/synthetic/synthetic_grf__inr_diffusion_history_conditioned__specialization__s0 (6.5s)
[gpu2] START /mnt/data/INR/outputs/_archive/mujoco_suites/state_resampled_v1/runs/synthetic/synthetic_grf__inr_transformer_fitted_latent__generalization__s0
[gpu3] OK /mnt/data/INR/outputs/_archive/mujoco_suites/state_resampled_v1/runs/synthetic/synthetic_grf__inr_diffusion_history_conditioned__specialization__s1 (6.5s)
[gpu3] START /mnt/data/INR/outputs/_archive/mujoco_suites/state_resampled_v1/runs/synthetic/synthetic_grf__inr_transformer_fitted_latent__generalization__s1
[gpu1] OK /mnt/data/INR/outputs/_archive/mujoco_suites/state_resampled_v1/runs/synthetic/synthetic_grf__inr_transformer_fitted_latent__conflation__s0 (6.3s)
[gpu1] START /mnt/data/INR/outputs/_archive/mujoco_suites/state_resampled_v1/runs/synthetic/synthetic_grf__inr_transformer_fitted_latent__new_policy__s0
[gpu0] OK /mnt/data/INR/outputs/_archive/mujoco_suites/state_resampled_v1/runs/synthetic/synthetic_grf__inr_transformer_fitted_latent__conflation__s1 (6.5s)
[gpu0] START /mnt/data/INR/outputs/_archive/mujoco_suites/state_resampled_v1/runs/synthetic/synthetic_grf__inr_transformer_fitted_latent__new_policy__s1
[gpu2] OK /mnt/data/INR/outputs/_archive/mujoco_suites/state_resampled_v1/runs/synthetic/synthetic_grf__inr_transformer_fitted_latent__generalization__s0 (7.3s)
[gpu2] START /mnt/data/INR/outputs/_archive/mujoco_suites/state_resampled_v1/runs/synthetic/synthetic_grf__inr_transformer_fitted_latent__no_shift__s0
[gpu3] OK /mnt/data/INR/outputs/_archive/mujoco_suites/state_resampled_v1/runs/synthetic/synthetic_grf__inr_transformer_fitted_latent__generalization__s1 (7.2s)
[gpu3] START /mnt/data/INR/outputs/_archive/mujoco_suites/state_resampled_v1/runs/synthetic/synthetic_grf__inr_transformer_fitted_latent__no_shift__s1
[gpu1] OK /mnt/data/INR/outputs/_archive/mujoco_suites/state_resampled_v1/runs/synthetic/synthetic_grf__inr_transformer_fitted_latent__new_policy__s0 (6.8s)
[gpu1] START /mnt/data/INR/outputs/_archive/mujoco_suites/state_resampled_v1/runs/synthetic/synthetic_grf__inr_transformer_fitted_latent__novel_generalization__s0
[gpu0] OK /mnt/data/INR/outputs/_archive/mujoco_suites/state_resampled_v1/runs/synthetic/synthetic_grf__inr_transformer_fitted_latent__new_policy__s1 (6.6s)
[gpu0] START /mnt/data/INR/outputs/_archive/mujoco_suites/state_resampled_v1/runs/synthetic/synthetic_grf__inr_transformer_fitted_latent__novel_generalization__s1
[gpu2] OK /mnt/data/INR/outputs/_archive/mujoco_suites/state_resampled_v1/runs/synthetic/synthetic_grf__inr_transformer_fitted_latent__no_shift__s0 (7.1s)
[gpu2] START /mnt/data/INR/outputs/_archive/mujoco_suites/state_resampled_v1/runs/synthetic/synthetic_grf__inr_transformer_fitted_latent__single_shift__s0
[gpu3] OK /mnt/data/INR/outputs/_archive/mujoco_suites/state_resampled_v1/runs/synthetic/synthetic_grf__inr_transformer_fitted_latent__no_shift__s1 (7.2s)
[gpu3] START /mnt/data/INR/outputs/_archive/mujoco_suites/state_resampled_v1/runs/synthetic/synthetic_grf__inr_transformer_fitted_latent__single_shift__s1
[gpu1] OK /mnt/data/INR/outputs/_archive/mujoco_suites/state_resampled_v1/runs/synthetic/synthetic_grf__inr_transformer_fitted_latent__novel_generalization__s0 (7.0s)
[gpu1] START /mnt/data/INR/outputs/_archive/mujoco_suites/state_resampled_v1/runs/synthetic/synthetic_grf__inr_transformer_fitted_latent__specialization__s0
[gpu0] OK /mnt/data/INR/outputs/_archive/mujoco_suites/state_resampled_v1/runs/synthetic/synthetic_grf__inr_transformer_fitted_latent__novel_generalization__s1 (6.3s)
[gpu0] START /mnt/data/INR/outputs/_archive/mujoco_suites/state_resampled_v1/runs/synthetic/synthetic_grf__inr_transformer_fitted_latent__specialization__s1
[gpu2] OK /mnt/data/INR/outputs/_archive/mujoco_suites/state_resampled_v1/runs/synthetic/synthetic_grf__inr_transformer_fitted_latent__single_shift__s0 (7.1s)
[gpu2] START /mnt/data/INR/outputs/_archive/mujoco_suites/state_resampled_v1/runs/synthetic/synthetic_grf__inr_transformer_history_conditioned__conflation__s0
[gpu3] OK /mnt/data/INR/outputs/_archive/mujoco_suites/state_resampled_v1/runs/synthetic/synthetic_grf__inr_transformer_fitted_latent__single_shift__s1 (7.0s)
[gpu3] START /mnt/data/INR/outputs/_archive/mujoco_suites/state_resampled_v1/runs/synthetic/synthetic_grf__inr_transformer_history_conditioned__conflation__s1
[gpu1] OK /mnt/data/INR/outputs/_archive/mujoco_suites/state_resampled_v1/runs/synthetic/synthetic_grf__inr_transformer_fitted_latent__specialization__s0 (7.1s)
[gpu1] START /mnt/data/INR/outputs/_archive/mujoco_suites/state_resampled_v1/runs/synthetic/synthetic_grf__inr_transformer_history_conditioned__generalization__s0
[gpu0] OK /mnt/data/INR/outputs/_archive/mujoco_suites/state_resampled_v1/runs/synthetic/synthetic_grf__inr_transformer_fitted_latent__specialization__s1 (6.3s)
[gpu0] START /mnt/data/INR/outputs/_archive/mujoco_suites/state_resampled_v1/runs/synthetic/synthetic_grf__inr_transformer_history_conditioned__generalization__s1
[gpu2] OK /mnt/data/INR/outputs/_archive/mujoco_suites/state_resampled_v1/runs/synthetic/synthetic_grf__inr_transformer_history_conditioned__conflation__s0 (5.9s)
[gpu2] START /mnt/data/INR/outputs/_archive/mujoco_suites/state_resampled_v1/runs/synthetic/synthetic_grf__inr_transformer_history_conditioned__new_policy__s0
[gpu3] OK /mnt/data/INR/outputs/_archive/mujoco_suites/state_resampled_v1/runs/synthetic/synthetic_grf__inr_transformer_history_conditioned__conflation__s1 (6.3s)
[gpu3] START /mnt/data/INR/outputs/_archive/mujoco_suites/state_resampled_v1/runs/synthetic/synthetic_grf__inr_transformer_history_conditioned__new_policy__s1
[gpu0] OK /mnt/data/INR/outputs/_archive/mujoco_suites/state_resampled_v1/runs/synthetic/synthetic_grf__inr_transformer_history_conditioned__generalization__s1 (5.9s)
[gpu0] START /mnt/data/INR/outputs/_archive/mujoco_suites/state_resampled_v1/runs/synthetic/synthetic_grf__inr_transformer_history_conditioned__no_shift__s0
[gpu1] OK /mnt/data/INR/outputs/_archive/mujoco_suites/state_resampled_v1/runs/synthetic/synthetic_grf__inr_transformer_history_conditioned__generalization__s0 (6.7s)
[gpu1] START /mnt/data/INR/outputs/_archive/mujoco_suites/state_resampled_v1/runs/synthetic/synthetic_grf__inr_transformer_history_conditioned__no_shift__s1
[gpu2] OK /mnt/data/INR/outputs/_archive/mujoco_suites/state_resampled_v1/runs/synthetic/synthetic_grf__inr_transformer_history_conditioned__new_policy__s0 (5.9s)
[gpu2] START /mnt/data/INR/outputs/_archive/mujoco_suites/state_resampled_v1/runs/synthetic/synthetic_grf__inr_transformer_history_conditioned__novel_generalization__s0
[gpu3] OK /mnt/data/INR/outputs/_archive/mujoco_suites/state_resampled_v1/runs/synthetic/synthetic_grf__inr_transformer_history_conditioned__new_policy__s1 (6.5s)
[gpu3] START /mnt/data/INR/outputs/_archive/mujoco_suites/state_resampled_v1/runs/synthetic/synthetic_grf__inr_transformer_history_conditioned__novel_generalization__s1
[gpu0] OK /mnt/data/INR/outputs/_archive/mujoco_suites/state_resampled_v1/runs/synthetic/synthetic_grf__inr_transformer_history_conditioned__no_shift__s0 (6.3s)
[gpu0] START /mnt/data/INR/outputs/_archive/mujoco_suites/state_resampled_v1/runs/synthetic/synthetic_grf__inr_transformer_history_conditioned__single_shift__s0
[gpu1] OK /mnt/data/INR/outputs/_archive/mujoco_suites/state_resampled_v1/runs/synthetic/synthetic_grf__inr_transformer_history_conditioned__no_shift__s1 (6.6s)
[gpu1] START /mnt/data/INR/outputs/_archive/mujoco_suites/state_resampled_v1/runs/synthetic/synthetic_grf__inr_transformer_history_conditioned__single_shift__s1
[gpu2] OK /mnt/data/INR/outputs/_archive/mujoco_suites/state_resampled_v1/runs/synthetic/synthetic_grf__inr_transformer_history_conditioned__novel_generalization__s0 (6.0s)
[gpu2] START /mnt/data/INR/outputs/_archive/mujoco_suites/state_resampled_v1/runs/synthetic/synthetic_grf__inr_transformer_history_conditioned__specialization__s0
[gpu3] OK /mnt/data/INR/outputs/_archive/mujoco_suites/state_resampled_v1/runs/synthetic/synthetic_grf__inr_transformer_history_conditioned__novel_generalization__s1 (6.6s)
[gpu3] START /mnt/data/INR/outputs/_archive/mujoco_suites/state_resampled_v1/runs/synthetic/synthetic_grf__inr_transformer_history_conditioned__specialization__s1
[gpu0] OK /mnt/data/INR/outputs/_archive/mujoco_suites/state_resampled_v1/runs/synthetic/synthetic_grf__inr_transformer_history_conditioned__single_shift__s0 (6.4s)
[gpu1] OK /mnt/data/INR/outputs/_archive/mujoco_suites/state_resampled_v1/runs/synthetic/synthetic_grf__inr_transformer_history_conditioned__single_shift__s1 (6.4s)
[gpu2] OK /mnt/data/INR/outputs/_archive/mujoco_suites/state_resampled_v1/runs/synthetic/synthetic_grf__inr_transformer_history_conditioned__specialization__s0 (6.0s)
[gpu3] OK /mnt/data/INR/outputs/_archive/mujoco_suites/state_resampled_v1/runs/synthetic/synthetic_grf__inr_transformer_history_conditioned__specialization__s1 (6.1s)
[launcher] done. log at /mnt/data/INR/outputs/_archive/mujoco_suites/state_resampled_v1/reevaluate_probe_database.log
[2026-05-07T02:10:52+00:00] REEVAL_END /mnt/data/INR/outputs/_archive/mujoco_suites/state_resampled_v1 status=0
[2026-05-07T02:10:52+00:00] REEVAL_START /mnt/data/INR/outputs/mujoco/suites/action_resampled_v4_hopper10x
[launcher] 64 runs across 4 GPUs
[gpu3] START /mnt/data/INR/outputs/mujoco/suites/action_resampled_v4_hopper10x/runs/custom_mujoco_action_resampled_v5/custom_mujoco_action_resampled_v5_halfcheetah__cvae__conflation__s1
[gpu0] START /mnt/data/INR/outputs/mujoco/suites/action_resampled_v4_hopper10x/runs/custom_mujoco_action_resampled_v5/custom_mujoco_action_resampled_v5_halfcheetah__cvae__conflation__s0
[gpu2] START /mnt/data/INR/outputs/mujoco/suites/action_resampled_v4_hopper10x/runs/custom_mujoco_action_resampled_v5/custom_mujoco_action_resampled_v5_halfcheetah__cvae__new_policy__s0
[gpu1] START /mnt/data/INR/outputs/mujoco/suites/action_resampled_v4_hopper10x/runs/custom_mujoco_action_resampled_v5/custom_mujoco_action_resampled_v5_halfcheetah__cvae__new_policy__s1
[gpu0] OK /mnt/data/INR/outputs/mujoco/suites/action_resampled_v4_hopper10x/runs/custom_mujoco_action_resampled_v5/custom_mujoco_action_resampled_v5_halfcheetah__cvae__conflation__s0 (14.7s)
[gpu0] START /mnt/data/INR/outputs/mujoco/suites/action_resampled_v4_hopper10x/runs/custom_mujoco_action_resampled_v5/custom_mujoco_action_resampled_v5_halfcheetah__cvae__no_shift__s0
[gpu3] OK /mnt/data/INR/outputs/mujoco/suites/action_resampled_v4_hopper10x/runs/custom_mujoco_action_resampled_v5/custom_mujoco_action_resampled_v5_halfcheetah__cvae__conflation__s1 (15.3s)
[gpu3] START /mnt/data/INR/outputs/mujoco/suites/action_resampled_v4_hopper10x/runs/custom_mujoco_action_resampled_v5/custom_mujoco_action_resampled_v5_halfcheetah__cvae__no_shift__s1
[gpu2] OK /mnt/data/INR/outputs/mujoco/suites/action_resampled_v4_hopper10x/runs/custom_mujoco_action_resampled_v5/custom_mujoco_action_resampled_v5_halfcheetah__cvae__new_policy__s0 (15.4s)
[gpu2] START /mnt/data/INR/outputs/mujoco/suites/action_resampled_v4_hopper10x/runs/custom_mujoco_action_resampled_v5/custom_mujoco_action_resampled_v5_halfcheetah__cvae__single_shift__s0
[gpu1] OK /mnt/data/INR/outputs/mujoco/suites/action_resampled_v4_hopper10x/runs/custom_mujoco_action_resampled_v5/custom_mujoco_action_resampled_v5_halfcheetah__cvae__new_policy__s1 (15.7s)
[gpu1] START /mnt/data/INR/outputs/mujoco/suites/action_resampled_v4_hopper10x/runs/custom_mujoco_action_resampled_v5/custom_mujoco_action_resampled_v5_halfcheetah__cvae__single_shift__s1
[gpu0] OK /mnt/data/INR/outputs/mujoco/suites/action_resampled_v4_hopper10x/runs/custom_mujoco_action_resampled_v5/custom_mujoco_action_resampled_v5_halfcheetah__cvae__no_shift__s0 (6.8s)
[gpu0] START /mnt/data/INR/outputs/mujoco/suites/action_resampled_v4_hopper10x/runs/custom_mujoco_action_resampled_v5/custom_mujoco_action_resampled_v5_hopper__cvae__conflation__s0
[gpu2] OK /mnt/data/INR/outputs/mujoco/suites/action_resampled_v4_hopper10x/runs/custom_mujoco_action_resampled_v5/custom_mujoco_action_resampled_v5_halfcheetah__cvae__single_shift__s0 (7.1s)
[gpu2] START /mnt/data/INR/outputs/mujoco/suites/action_resampled_v4_hopper10x/runs/custom_mujoco_action_resampled_v5/custom_mujoco_action_resampled_v5_hopper__cvae__conflation__s1
[gpu3] OK /mnt/data/INR/outputs/mujoco/suites/action_resampled_v4_hopper10x/runs/custom_mujoco_action_resampled_v5/custom_mujoco_action_resampled_v5_halfcheetah__cvae__no_shift__s1 (7.5s)
[gpu3] START /mnt/data/INR/outputs/mujoco/suites/action_resampled_v4_hopper10x/runs/custom_mujoco_action_resampled_v5/custom_mujoco_action_resampled_v5_hopper__cvae__generalization__s0
[gpu1] OK /mnt/data/INR/outputs/mujoco/suites/action_resampled_v4_hopper10x/runs/custom_mujoco_action_resampled_v5/custom_mujoco_action_resampled_v5_halfcheetah__cvae__single_shift__s1 (7.4s)
[gpu1] START /mnt/data/INR/outputs/mujoco/suites/action_resampled_v4_hopper10x/runs/custom_mujoco_action_resampled_v5/custom_mujoco_action_resampled_v5_hopper__cvae__generalization__s1
[gpu0] OK /mnt/data/INR/outputs/mujoco/suites/action_resampled_v4_hopper10x/runs/custom_mujoco_action_resampled_v5/custom_mujoco_action_resampled_v5_hopper__cvae__conflation__s0 (10.6s)
[gpu0] START /mnt/data/INR/outputs/mujoco/suites/action_resampled_v4_hopper10x/runs/custom_mujoco_action_resampled_v5/custom_mujoco_action_resampled_v5_hopper__cvae__new_policy__s0
[gpu2] OK /mnt/data/INR/outputs/mujoco/suites/action_resampled_v4_hopper10x/runs/custom_mujoco_action_resampled_v5/custom_mujoco_action_resampled_v5_hopper__cvae__conflation__s1 (10.5s)
[gpu2] START /mnt/data/INR/outputs/mujoco/suites/action_resampled_v4_hopper10x/runs/custom_mujoco_action_resampled_v5/custom_mujoco_action_resampled_v5_hopper__cvae__new_policy__s1
[gpu3] OK /mnt/data/INR/outputs/mujoco/suites/action_resampled_v4_hopper10x/runs/custom_mujoco_action_resampled_v5/custom_mujoco_action_resampled_v5_hopper__cvae__generalization__s0 (10.9s)
[gpu3] START /mnt/data/INR/outputs/mujoco/suites/action_resampled_v4_hopper10x/runs/custom_mujoco_action_resampled_v5/custom_mujoco_action_resampled_v5_hopper__cvae__no_shift__s0
[gpu1] OK /mnt/data/INR/outputs/mujoco/suites/action_resampled_v4_hopper10x/runs/custom_mujoco_action_resampled_v5/custom_mujoco_action_resampled_v5_hopper__cvae__generalization__s1 (11.0s)
[gpu1] START /mnt/data/INR/outputs/mujoco/suites/action_resampled_v4_hopper10x/runs/custom_mujoco_action_resampled_v5/custom_mujoco_action_resampled_v5_hopper__cvae__no_shift__s1
[gpu0] OK /mnt/data/INR/outputs/mujoco/suites/action_resampled_v4_hopper10x/runs/custom_mujoco_action_resampled_v5/custom_mujoco_action_resampled_v5_hopper__cvae__new_policy__s0 (6.4s)
[gpu0] START /mnt/data/INR/outputs/mujoco/suites/action_resampled_v4_hopper10x/runs/custom_mujoco_action_resampled_v5/custom_mujoco_action_resampled_v5_hopper__cvae__novel_generalization__s0
[gpu2] OK /mnt/data/INR/outputs/mujoco/suites/action_resampled_v4_hopper10x/runs/custom_mujoco_action_resampled_v5/custom_mujoco_action_resampled_v5_hopper__cvae__new_policy__s1 (6.2s)
[gpu2] START /mnt/data/INR/outputs/mujoco/suites/action_resampled_v4_hopper10x/runs/custom_mujoco_action_resampled_v5/custom_mujoco_action_resampled_v5_hopper__cvae__novel_generalization__s1
[gpu3] OK /mnt/data/INR/outputs/mujoco/suites/action_resampled_v4_hopper10x/runs/custom_mujoco_action_resampled_v5/custom_mujoco_action_resampled_v5_hopper__cvae__no_shift__s0 (6.9s)
[gpu3] START /mnt/data/INR/outputs/mujoco/suites/action_resampled_v4_hopper10x/runs/custom_mujoco_action_resampled_v5/custom_mujoco_action_resampled_v5_hopper__cvae__single_shift__s0
[gpu1] OK /mnt/data/INR/outputs/mujoco/suites/action_resampled_v4_hopper10x/runs/custom_mujoco_action_resampled_v5/custom_mujoco_action_resampled_v5_hopper__cvae__no_shift__s1 (6.9s)
[gpu1] START /mnt/data/INR/outputs/mujoco/suites/action_resampled_v4_hopper10x/runs/custom_mujoco_action_resampled_v5/custom_mujoco_action_resampled_v5_hopper__cvae__single_shift__s1
[gpu0] OK /mnt/data/INR/outputs/mujoco/suites/action_resampled_v4_hopper10x/runs/custom_mujoco_action_resampled_v5/custom_mujoco_action_resampled_v5_hopper__cvae__novel_generalization__s0 (6.2s)
[gpu0] START /mnt/data/INR/outputs/mujoco/suites/action_resampled_v4_hopper10x/runs/custom_mujoco_action_resampled_v5/custom_mujoco_action_resampled_v5_hopper__cvae__specialization__s0
[gpu2] OK /mnt/data/INR/outputs/mujoco/suites/action_resampled_v4_hopper10x/runs/custom_mujoco_action_resampled_v5/custom_mujoco_action_resampled_v5_hopper__cvae__novel_generalization__s1 (6.1s)
[gpu2] START /mnt/data/INR/outputs/mujoco/suites/action_resampled_v4_hopper10x/runs/custom_mujoco_action_resampled_v5/custom_mujoco_action_resampled_v5_hopper__cvae__specialization__s1
[gpu3] OK /mnt/data/INR/outputs/mujoco/suites/action_resampled_v4_hopper10x/runs/custom_mujoco_action_resampled_v5/custom_mujoco_action_resampled_v5_hopper__cvae__single_shift__s0 (7.1s)
[gpu3] START /mnt/data/INR/outputs/mujoco/suites/action_resampled_v4_hopper10x/runs/custom_mujoco_action_resampled_v5/custom_mujoco_action_resampled_v5_hopper__inr_diffusion_history_conditioned__conflation__s0
[gpu1] OK /mnt/data/INR/outputs/mujoco/suites/action_resampled_v4_hopper10x/runs/custom_mujoco_action_resampled_v5/custom_mujoco_action_resampled_v5_hopper__cvae__single_shift__s1 (6.9s)
[gpu1] START /mnt/data/INR/outputs/mujoco/suites/action_resampled_v4_hopper10x/runs/custom_mujoco_action_resampled_v5/custom_mujoco_action_resampled_v5_hopper__inr_diffusion_history_conditioned__conflation__s1
[gpu0] OK /mnt/data/INR/outputs/mujoco/suites/action_resampled_v4_hopper10x/runs/custom_mujoco_action_resampled_v5/custom_mujoco_action_resampled_v5_hopper__cvae__specialization__s0 (6.1s)
[gpu0] START /mnt/data/INR/outputs/mujoco/suites/action_resampled_v4_hopper10x/runs/custom_mujoco_action_resampled_v5/custom_mujoco_action_resampled_v5_hopper__inr_diffusion_history_conditioned__generalization__s0
[gpu2] OK /mnt/data/INR/outputs/mujoco/suites/action_resampled_v4_hopper10x/runs/custom_mujoco_action_resampled_v5/custom_mujoco_action_resampled_v5_hopper__cvae__specialization__s1 (6.0s)
[gpu2] START /mnt/data/INR/outputs/mujoco/suites/action_resampled_v4_hopper10x/runs/custom_mujoco_action_resampled_v5/custom_mujoco_action_resampled_v5_hopper__inr_diffusion_history_conditioned__generalization__s1
[gpu3] OK /mnt/data/INR/outputs/mujoco/suites/action_resampled_v4_hopper10x/runs/custom_mujoco_action_resampled_v5/custom_mujoco_action_resampled_v5_hopper__inr_diffusion_history_conditioned__conflation__s0 (6.8s)
[gpu3] START /mnt/data/INR/outputs/mujoco/suites/action_resampled_v4_hopper10x/runs/custom_mujoco_action_resampled_v5/custom_mujoco_action_resampled_v5_hopper__inr_diffusion_history_conditioned__new_policy__s0
[gpu1] OK /mnt/data/INR/outputs/mujoco/suites/action_resampled_v4_hopper10x/runs/custom_mujoco_action_resampled_v5/custom_mujoco_action_resampled_v5_hopper__inr_diffusion_history_conditioned__conflation__s1 (6.8s)
[gpu1] START /mnt/data/INR/outputs/mujoco/suites/action_resampled_v4_hopper10x/runs/custom_mujoco_action_resampled_v5/custom_mujoco_action_resampled_v5_hopper__inr_diffusion_history_conditioned__new_policy__s1
[gpu2] OK /mnt/data/INR/outputs/mujoco/suites/action_resampled_v4_hopper10x/runs/custom_mujoco_action_resampled_v5/custom_mujoco_action_resampled_v5_hopper__inr_diffusion_history_conditioned__generalization__s1 (5.8s)
[gpu2] START /mnt/data/INR/outputs/mujoco/suites/action_resampled_v4_hopper10x/runs/custom_mujoco_action_resampled_v5/custom_mujoco_action_resampled_v5_hopper__inr_diffusion_history_conditioned__no_shift__s0
[gpu0] OK /mnt/data/INR/outputs/mujoco/suites/action_resampled_v4_hopper10x/runs/custom_mujoco_action_resampled_v5/custom_mujoco_action_resampled_v5_hopper__inr_diffusion_history_conditioned__generalization__s0 (6.6s)
[gpu0] START /mnt/data/INR/outputs/mujoco/suites/action_resampled_v4_hopper10x/runs/custom_mujoco_action_resampled_v5/custom_mujoco_action_resampled_v5_hopper__inr_diffusion_history_conditioned__no_shift__s1
[gpu3] OK /mnt/data/INR/outputs/mujoco/suites/action_resampled_v4_hopper10x/runs/custom_mujoco_action_resampled_v5/custom_mujoco_action_resampled_v5_hopper__inr_diffusion_history_conditioned__new_policy__s0 (6.9s)
[gpu3] START /mnt/data/INR/outputs/mujoco/suites/action_resampled_v4_hopper10x/runs/custom_mujoco_action_resampled_v5/custom_mujoco_action_resampled_v5_hopper__inr_diffusion_history_conditioned__novel_generalization__s0
[gpu1] OK /mnt/data/INR/outputs/mujoco/suites/action_resampled_v4_hopper10x/runs/custom_mujoco_action_resampled_v5/custom_mujoco_action_resampled_v5_hopper__inr_diffusion_history_conditioned__new_policy__s1 (6.9s)
[gpu1] START /mnt/data/INR/outputs/mujoco/suites/action_resampled_v4_hopper10x/runs/custom_mujoco_action_resampled_v5/custom_mujoco_action_resampled_v5_hopper__inr_diffusion_history_conditioned__novel_generalization__s1
[gpu2] OK /mnt/data/INR/outputs/mujoco/suites/action_resampled_v4_hopper10x/runs/custom_mujoco_action_resampled_v5/custom_mujoco_action_resampled_v5_hopper__inr_diffusion_history_conditioned__no_shift__s0 (6.3s)
[gpu2] START /mnt/data/INR/outputs/mujoco/suites/action_resampled_v4_hopper10x/runs/custom_mujoco_action_resampled_v5/custom_mujoco_action_resampled_v5_hopper__inr_diffusion_history_conditioned__single_shift__s0
[gpu0] OK /mnt/data/INR/outputs/mujoco/suites/action_resampled_v4_hopper10x/runs/custom_mujoco_action_resampled_v5/custom_mujoco_action_resampled_v5_hopper__inr_diffusion_history_conditioned__no_shift__s1 (7.0s)
[gpu0] START /mnt/data/INR/outputs/mujoco/suites/action_resampled_v4_hopper10x/runs/custom_mujoco_action_resampled_v5/custom_mujoco_action_resampled_v5_hopper__inr_diffusion_history_conditioned__single_shift__s1
[gpu3] OK /mnt/data/INR/outputs/mujoco/suites/action_resampled_v4_hopper10x/runs/custom_mujoco_action_resampled_v5/custom_mujoco_action_resampled_v5_hopper__inr_diffusion_history_conditioned__novel_generalization__s0 (6.6s)
[gpu3] START /mnt/data/INR/outputs/mujoco/suites/action_resampled_v4_hopper10x/runs/custom_mujoco_action_resampled_v5/custom_mujoco_action_resampled_v5_hopper__inr_diffusion_history_conditioned__specialization__s0
[gpu1] OK /mnt/data/INR/outputs/mujoco/suites/action_resampled_v4_hopper10x/runs/custom_mujoco_action_resampled_v5/custom_mujoco_action_resampled_v5_hopper__inr_diffusion_history_conditioned__novel_generalization__s1 (6.6s)
[gpu1] START /mnt/data/INR/outputs/mujoco/suites/action_resampled_v4_hopper10x/runs/custom_mujoco_action_resampled_v5/custom_mujoco_action_resampled_v5_hopper__inr_diffusion_history_conditioned__specialization__s1
[gpu2] OK /mnt/data/INR/outputs/mujoco/suites/action_resampled_v4_hopper10x/runs/custom_mujoco_action_resampled_v5/custom_mujoco_action_resampled_v5_hopper__inr_diffusion_history_conditioned__single_shift__s0 (6.2s)
[gpu2] START /mnt/data/INR/outputs/mujoco/suites/action_resampled_v4_hopper10x/runs/custom_mujoco_action_resampled_v5/custom_mujoco_action_resampled_v5_hopper__inr_transformer_fitted_latent__conflation__s0
[gpu0] OK /mnt/data/INR/outputs/mujoco/suites/action_resampled_v4_hopper10x/runs/custom_mujoco_action_resampled_v5/custom_mujoco_action_resampled_v5_hopper__inr_diffusion_history_conditioned__single_shift__s1 (6.8s)
[gpu0] START /mnt/data/INR/outputs/mujoco/suites/action_resampled_v4_hopper10x/runs/custom_mujoco_action_resampled_v5/custom_mujoco_action_resampled_v5_hopper__inr_transformer_fitted_latent__conflation__s1
[gpu3] OK /mnt/data/INR/outputs/mujoco/suites/action_resampled_v4_hopper10x/runs/custom_mujoco_action_resampled_v5/custom_mujoco_action_resampled_v5_hopper__inr_diffusion_history_conditioned__specialization__s0 (6.9s)
[gpu3] START /mnt/data/INR/outputs/mujoco/suites/action_resampled_v4_hopper10x/runs/custom_mujoco_action_resampled_v5/custom_mujoco_action_resampled_v5_hopper__inr_transformer_fitted_latent__generalization__s0
[gpu1] OK /mnt/data/INR/outputs/mujoco/suites/action_resampled_v4_hopper10x/runs/custom_mujoco_action_resampled_v5/custom_mujoco_action_resampled_v5_hopper__inr_diffusion_history_conditioned__specialization__s1 (6.7s)
[gpu1] START /mnt/data/INR/outputs/mujoco/suites/action_resampled_v4_hopper10x/runs/custom_mujoco_action_resampled_v5/custom_mujoco_action_resampled_v5_hopper__inr_transformer_fitted_latent__generalization__s1
[gpu2] OK /mnt/data/INR/outputs/mujoco/suites/action_resampled_v4_hopper10x/runs/custom_mujoco_action_resampled_v5/custom_mujoco_action_resampled_v5_hopper__inr_transformer_fitted_latent__conflation__s0 (19.2s)
[gpu2] START /mnt/data/INR/outputs/mujoco/suites/action_resampled_v4_hopper10x/runs/custom_mujoco_action_resampled_v5/custom_mujoco_action_resampled_v5_hopper__inr_transformer_fitted_latent__new_policy__s0
[gpu3] OK /mnt/data/INR/outputs/mujoco/suites/action_resampled_v4_hopper10x/runs/custom_mujoco_action_resampled_v5/custom_mujoco_action_resampled_v5_hopper__inr_transformer_fitted_latent__generalization__s0 (29.1s)
[gpu3] START /mnt/data/INR/outputs/mujoco/suites/action_resampled_v4_hopper10x/runs/custom_mujoco_action_resampled_v5/custom_mujoco_action_resampled_v5_hopper__inr_transformer_fitted_latent__new_policy__s1
[gpu1] OK /mnt/data/INR/outputs/mujoco/suites/action_resampled_v4_hopper10x/runs/custom_mujoco_action_resampled_v5/custom_mujoco_action_resampled_v5_hopper__inr_transformer_fitted_latent__generalization__s1 (29.3s)
[gpu1] START /mnt/data/INR/outputs/mujoco/suites/action_resampled_v4_hopper10x/runs/custom_mujoco_action_resampled_v5/custom_mujoco_action_resampled_v5_hopper__inr_transformer_fitted_latent__no_shift__s0
[gpu0] OK /mnt/data/INR/outputs/mujoco/suites/action_resampled_v4_hopper10x/runs/custom_mujoco_action_resampled_v5/custom_mujoco_action_resampled_v5_hopper__inr_transformer_fitted_latent__conflation__s1 (34.5s)
[gpu0] START /mnt/data/INR/outputs/mujoco/suites/action_resampled_v4_hopper10x/runs/custom_mujoco_action_resampled_v5/custom_mujoco_action_resampled_v5_hopper__inr_transformer_fitted_latent__no_shift__s1
[gpu2] OK /mnt/data/INR/outputs/mujoco/suites/action_resampled_v4_hopper10x/runs/custom_mujoco_action_resampled_v5/custom_mujoco_action_resampled_v5_hopper__inr_transformer_fitted_latent__new_policy__s0 (25.5s)
[gpu2] START /mnt/data/INR/outputs/mujoco/suites/action_resampled_v4_hopper10x/runs/custom_mujoco_action_resampled_v5/custom_mujoco_action_resampled_v5_hopper__inr_transformer_fitted_latent__novel_generalization__s0
[gpu2] OK /mnt/data/INR/outputs/mujoco/suites/action_resampled_v4_hopper10x/runs/custom_mujoco_action_resampled_v5/custom_mujoco_action_resampled_v5_hopper__inr_transformer_fitted_latent__novel_generalization__s0 (20.5s)
[gpu2] START /mnt/data/INR/outputs/mujoco/suites/action_resampled_v4_hopper10x/runs/custom_mujoco_action_resampled_v5/custom_mujoco_action_resampled_v5_hopper__inr_transformer_fitted_latent__novel_generalization__s1
[gpu1] OK /mnt/data/INR/outputs/mujoco/suites/action_resampled_v4_hopper10x/runs/custom_mujoco_action_resampled_v5/custom_mujoco_action_resampled_v5_hopper__inr_transformer_fitted_latent__no_shift__s0 (44.4s)
[gpu1] START /mnt/data/INR/outputs/mujoco/suites/action_resampled_v4_hopper10x/runs/custom_mujoco_action_resampled_v5/custom_mujoco_action_resampled_v5_hopper__inr_transformer_fitted_latent__single_shift__s0
[gpu0] OK /mnt/data/INR/outputs/mujoco/suites/action_resampled_v4_hopper10x/runs/custom_mujoco_action_resampled_v5/custom_mujoco_action_resampled_v5_hopper__inr_transformer_fitted_latent__no_shift__s1 (44.3s)
[gpu0] START /mnt/data/INR/outputs/mujoco/suites/action_resampled_v4_hopper10x/runs/custom_mujoco_action_resampled_v5/custom_mujoco_action_resampled_v5_hopper__inr_transformer_fitted_latent__single_shift__s1
[gpu3] OK /mnt/data/INR/outputs/mujoco/suites/action_resampled_v4_hopper10x/runs/custom_mujoco_action_resampled_v5/custom_mujoco_action_resampled_v5_hopper__inr_transformer_fitted_latent__new_policy__s1 (47.5s)
[gpu3] START /mnt/data/INR/outputs/mujoco/suites/action_resampled_v4_hopper10x/runs/custom_mujoco_action_resampled_v5/custom_mujoco_action_resampled_v5_hopper__inr_transformer_fitted_latent__specialization__s0
[gpu2] OK /mnt/data/INR/outputs/mujoco/suites/action_resampled_v4_hopper10x/runs/custom_mujoco_action_resampled_v5/custom_mujoco_action_resampled_v5_hopper__inr_transformer_fitted_latent__novel_generalization__s1 (32.0s)
[gpu2] START /mnt/data/INR/outputs/mujoco/suites/action_resampled_v4_hopper10x/runs/custom_mujoco_action_resampled_v5/custom_mujoco_action_resampled_v5_hopper__inr_transformer_fitted_latent__specialization__s1
[gpu1] OK /mnt/data/INR/outputs/mujoco/suites/action_resampled_v4_hopper10x/runs/custom_mujoco_action_resampled_v5/custom_mujoco_action_resampled_v5_hopper__inr_transformer_fitted_latent__single_shift__s0 (42.4s)
[gpu1] START /mnt/data/INR/outputs/mujoco/suites/action_resampled_v4_hopper10x/runs/custom_mujoco_action_resampled_v5/custom_mujoco_action_resampled_v5_hopper__inr_transformer_history_conditioned__conflation__s0
[gpu3] OK /mnt/data/INR/outputs/mujoco/suites/action_resampled_v4_hopper10x/runs/custom_mujoco_action_resampled_v5/custom_mujoco_action_resampled_v5_hopper__inr_transformer_fitted_latent__specialization__s0 (40.2s)
[gpu3] START /mnt/data/INR/outputs/mujoco/suites/action_resampled_v4_hopper10x/runs/custom_mujoco_action_resampled_v5/custom_mujoco_action_resampled_v5_hopper__inr_transformer_history_conditioned__conflation__s1
[gpu0] OK /mnt/data/INR/outputs/mujoco/suites/action_resampled_v4_hopper10x/runs/custom_mujoco_action_resampled_v5/custom_mujoco_action_resampled_v5_hopper__inr_transformer_fitted_latent__single_shift__s1 (42.3s)
[gpu0] START /mnt/data/INR/outputs/mujoco/suites/action_resampled_v4_hopper10x/runs/custom_mujoco_action_resampled_v5/custom_mujoco_action_resampled_v5_hopper__inr_transformer_history_conditioned__generalization__s0
[gpu1] OK /mnt/data/INR/outputs/mujoco/suites/action_resampled_v4_hopper10x/runs/custom_mujoco_action_resampled_v5/custom_mujoco_action_resampled_v5_hopper__inr_transformer_history_conditioned__conflation__s0 (6.3s)
[gpu1] START /mnt/data/INR/outputs/mujoco/suites/action_resampled_v4_hopper10x/runs/custom_mujoco_action_resampled_v5/custom_mujoco_action_resampled_v5_hopper__inr_transformer_history_conditioned__generalization__s1
[gpu3] OK /mnt/data/INR/outputs/mujoco/suites/action_resampled_v4_hopper10x/runs/custom_mujoco_action_resampled_v5/custom_mujoco_action_resampled_v5_hopper__inr_transformer_history_conditioned__conflation__s1 (6.4s)
[gpu3] START /mnt/data/INR/outputs/mujoco/suites/action_resampled_v4_hopper10x/runs/custom_mujoco_action_resampled_v5/custom_mujoco_action_resampled_v5_hopper__inr_transformer_history_conditioned__new_policy__s0
[gpu0] OK /mnt/data/INR/outputs/mujoco/suites/action_resampled_v4_hopper10x/runs/custom_mujoco_action_resampled_v5/custom_mujoco_action_resampled_v5_hopper__inr_transformer_history_conditioned__generalization__s0 (6.3s)
[gpu0] START /mnt/data/INR/outputs/mujoco/suites/action_resampled_v4_hopper10x/runs/custom_mujoco_action_resampled_v5/custom_mujoco_action_resampled_v5_hopper__inr_transformer_history_conditioned__new_policy__s1
[gpu1] OK /mnt/data/INR/outputs/mujoco/suites/action_resampled_v4_hopper10x/runs/custom_mujoco_action_resampled_v5/custom_mujoco_action_resampled_v5_hopper__inr_transformer_history_conditioned__generalization__s1 (6.2s)
[gpu1] START /mnt/data/INR/outputs/mujoco/suites/action_resampled_v4_hopper10x/runs/custom_mujoco_action_resampled_v5/custom_mujoco_action_resampled_v5_hopper__inr_transformer_history_conditioned__no_shift__s0
[gpu3] OK /mnt/data/INR/outputs/mujoco/suites/action_resampled_v4_hopper10x/runs/custom_mujoco_action_resampled_v5/custom_mujoco_action_resampled_v5_hopper__inr_transformer_history_conditioned__new_policy__s0 (6.7s)
[gpu3] START /mnt/data/INR/outputs/mujoco/suites/action_resampled_v4_hopper10x/runs/custom_mujoco_action_resampled_v5/custom_mujoco_action_resampled_v5_hopper__inr_transformer_history_conditioned__no_shift__s1
[gpu0] OK /mnt/data/INR/outputs/mujoco/suites/action_resampled_v4_hopper10x/runs/custom_mujoco_action_resampled_v5/custom_mujoco_action_resampled_v5_hopper__inr_transformer_history_conditioned__new_policy__s1 (6.6s)
[gpu0] START /mnt/data/INR/outputs/mujoco/suites/action_resampled_v4_hopper10x/runs/custom_mujoco_action_resampled_v5/custom_mujoco_action_resampled_v5_hopper__inr_transformer_history_conditioned__novel_generalization__s0
[gpu2] OK /mnt/data/INR/outputs/mujoco/suites/action_resampled_v4_hopper10x/runs/custom_mujoco_action_resampled_v5/custom_mujoco_action_resampled_v5_hopper__inr_transformer_fitted_latent__specialization__s1 (40.2s)
[gpu2] START /mnt/data/INR/outputs/mujoco/suites/action_resampled_v4_hopper10x/runs/custom_mujoco_action_resampled_v5/custom_mujoco_action_resampled_v5_hopper__inr_transformer_history_conditioned__novel_generalization__s1
[gpu1] OK /mnt/data/INR/outputs/mujoco/suites/action_resampled_v4_hopper10x/runs/custom_mujoco_action_resampled_v5/custom_mujoco_action_resampled_v5_hopper__inr_transformer_history_conditioned__no_shift__s0 (6.7s)
[gpu1] START /mnt/data/INR/outputs/mujoco/suites/action_resampled_v4_hopper10x/runs/custom_mujoco_action_resampled_v5/custom_mujoco_action_resampled_v5_hopper__inr_transformer_history_conditioned__single_shift__s0
[gpu3] OK /mnt/data/INR/outputs/mujoco/suites/action_resampled_v4_hopper10x/runs/custom_mujoco_action_resampled_v5/custom_mujoco_action_resampled_v5_hopper__inr_transformer_history_conditioned__no_shift__s1 (6.6s)
[gpu3] START /mnt/data/INR/outputs/mujoco/suites/action_resampled_v4_hopper10x/runs/custom_mujoco_action_resampled_v5/custom_mujoco_action_resampled_v5_hopper__inr_transformer_history_conditioned__single_shift__s1
[gpu0] OK /mnt/data/INR/outputs/mujoco/suites/action_resampled_v4_hopper10x/runs/custom_mujoco_action_resampled_v5/custom_mujoco_action_resampled_v5_hopper__inr_transformer_history_conditioned__novel_generalization__s0 (6.6s)
[gpu0] START /mnt/data/INR/outputs/mujoco/suites/action_resampled_v4_hopper10x/runs/custom_mujoco_action_resampled_v5/custom_mujoco_action_resampled_v5_hopper__inr_transformer_history_conditioned__specialization__s0
[gpu2] OK /mnt/data/INR/outputs/mujoco/suites/action_resampled_v4_hopper10x/runs/custom_mujoco_action_resampled_v5/custom_mujoco_action_resampled_v5_hopper__inr_transformer_history_conditioned__novel_generalization__s1 (6.5s)
[gpu2] START /mnt/data/INR/outputs/mujoco/suites/action_resampled_v4_hopper10x/runs/custom_mujoco_action_resampled_v5/custom_mujoco_action_resampled_v5_hopper__inr_transformer_history_conditioned__specialization__s1
[gpu1] OK /mnt/data/INR/outputs/mujoco/suites/action_resampled_v4_hopper10x/runs/custom_mujoco_action_resampled_v5/custom_mujoco_action_resampled_v5_hopper__inr_transformer_history_conditioned__single_shift__s0 (6.5s)
[gpu3] OK /mnt/data/INR/outputs/mujoco/suites/action_resampled_v4_hopper10x/runs/custom_mujoco_action_resampled_v5/custom_mujoco_action_resampled_v5_hopper__inr_transformer_history_conditioned__single_shift__s1 (6.7s)
[gpu0] OK /mnt/data/INR/outputs/mujoco/suites/action_resampled_v4_hopper10x/runs/custom_mujoco_action_resampled_v5/custom_mujoco_action_resampled_v5_hopper__inr_transformer_history_conditioned__specialization__s0 (6.6s)
[gpu2] OK /mnt/data/INR/outputs/mujoco/suites/action_resampled_v4_hopper10x/runs/custom_mujoco_action_resampled_v5/custom_mujoco_action_resampled_v5_hopper__inr_transformer_history_conditioned__specialization__s1 (6.6s)
[launcher] done. log at /mnt/data/INR/outputs/mujoco/suites/action_resampled_v4_hopper10x/reevaluate_probe_database.log
[2026-05-07T02:14:36+00:00] REEVAL_END /mnt/data/INR/outputs/mujoco/suites/action_resampled_v4_hopper10x status=0
[2026-05-07T02:14:36+00:00] REEVAL_START /mnt/data/INR/outputs/mujoco/suites/state_resampled_v2
[launcher] 280 runs across 4 GPUs
[gpu0] START /mnt/data/INR/outputs/mujoco/suites/state_resampled_v2/runs/custom_mujoco_state_resampled_v2/custom_mujoco_state_resampled_v2_ant__cvae__conflation__s0
[gpu1] START /mnt/data/INR/outputs/mujoco/suites/state_resampled_v2/runs/custom_mujoco_state_resampled_v2/custom_mujoco_state_resampled_v2_ant__cvae__conflation__s1
[gpu2] START /mnt/data/INR/outputs/mujoco/suites/state_resampled_v2/runs/custom_mujoco_state_resampled_v2/custom_mujoco_state_resampled_v2_ant__cvae__generalization__s0
[gpu3] START /mnt/data/INR/outputs/mujoco/suites/state_resampled_v2/runs/custom_mujoco_state_resampled_v2/custom_mujoco_state_resampled_v2_ant__cvae__generalization__s1
[gpu3] OK /mnt/data/INR/outputs/mujoco/suites/state_resampled_v2/runs/custom_mujoco_state_resampled_v2/custom_mujoco_state_resampled_v2_ant__cvae__generalization__s1 (16.0s)
[gpu3] START /mnt/data/INR/outputs/mujoco/suites/state_resampled_v2/runs/custom_mujoco_state_resampled_v2/custom_mujoco_state_resampled_v2_ant__cvae__new_policy__s0
[gpu0] OK /mnt/data/INR/outputs/mujoco/suites/state_resampled_v2/runs/custom_mujoco_state_resampled_v2/custom_mujoco_state_resampled_v2_ant__cvae__conflation__s0 (16.1s)
[gpu0] START /mnt/data/INR/outputs/mujoco/suites/state_resampled_v2/runs/custom_mujoco_state_resampled_v2/custom_mujoco_state_resampled_v2_ant__cvae__new_policy__s1
[gpu1] OK /mnt/data/INR/outputs/mujoco/suites/state_resampled_v2/runs/custom_mujoco_state_resampled_v2/custom_mujoco_state_resampled_v2_ant__cvae__conflation__s1 (16.3s)
[gpu1] START /mnt/data/INR/outputs/mujoco/suites/state_resampled_v2/runs/custom_mujoco_state_resampled_v2/custom_mujoco_state_resampled_v2_ant__cvae__no_shift__s0
[gpu2] OK /mnt/data/INR/outputs/mujoco/suites/state_resampled_v2/runs/custom_mujoco_state_resampled_v2/custom_mujoco_state_resampled_v2_ant__cvae__generalization__s0 (16.3s)
[gpu2] START /mnt/data/INR/outputs/mujoco/suites/state_resampled_v2/runs/custom_mujoco_state_resampled_v2/custom_mujoco_state_resampled_v2_ant__cvae__no_shift__s1
[gpu3] OK /mnt/data/INR/outputs/mujoco/suites/state_resampled_v2/runs/custom_mujoco_state_resampled_v2/custom_mujoco_state_resampled_v2_ant__cvae__new_policy__s0 (7.8s)
[gpu3] START /mnt/data/INR/outputs/mujoco/suites/state_resampled_v2/runs/custom_mujoco_state_resampled_v2/custom_mujoco_state_resampled_v2_ant__cvae__novel_generalization__s0
[gpu0] OK /mnt/data/INR/outputs/mujoco/suites/state_resampled_v2/runs/custom_mujoco_state_resampled_v2/custom_mujoco_state_resampled_v2_ant__cvae__new_policy__s1 (8.1s)
[gpu0] START /mnt/data/INR/outputs/mujoco/suites/state_resampled_v2/runs/custom_mujoco_state_resampled_v2/custom_mujoco_state_resampled_v2_ant__cvae__novel_generalization__s1
[gpu2] OK /mnt/data/INR/outputs/mujoco/suites/state_resampled_v2/runs/custom_mujoco_state_resampled_v2/custom_mujoco_state_resampled_v2_ant__cvae__no_shift__s1 (8.2s)
[gpu2] START /mnt/data/INR/outputs/mujoco/suites/state_resampled_v2/runs/custom_mujoco_state_resampled_v2/custom_mujoco_state_resampled_v2_ant__cvae__single_shift__s0
[gpu1] OK /mnt/data/INR/outputs/mujoco/suites/state_resampled_v2/runs/custom_mujoco_state_resampled_v2/custom_mujoco_state_resampled_v2_ant__cvae__no_shift__s0 (8.3s)
[gpu1] START /mnt/data/INR/outputs/mujoco/suites/state_resampled_v2/runs/custom_mujoco_state_resampled_v2/custom_mujoco_state_resampled_v2_ant__cvae__single_shift__s1
[gpu3] OK /mnt/data/INR/outputs/mujoco/suites/state_resampled_v2/runs/custom_mujoco_state_resampled_v2/custom_mujoco_state_resampled_v2_ant__cvae__novel_generalization__s0 (7.4s)
[gpu3] START /mnt/data/INR/outputs/mujoco/suites/state_resampled_v2/runs/custom_mujoco_state_resampled_v2/custom_mujoco_state_resampled_v2_ant__cvae__specialization__s0
[gpu0] OK /mnt/data/INR/outputs/mujoco/suites/state_resampled_v2/runs/custom_mujoco_state_resampled_v2/custom_mujoco_state_resampled_v2_ant__cvae__novel_generalization__s1 (7.7s)
[gpu0] START /mnt/data/INR/outputs/mujoco/suites/state_resampled_v2/runs/custom_mujoco_state_resampled_v2/custom_mujoco_state_resampled_v2_ant__cvae__specialization__s1
[gpu2] OK /mnt/data/INR/outputs/mujoco/suites/state_resampled_v2/runs/custom_mujoco_state_resampled_v2/custom_mujoco_state_resampled_v2_ant__cvae__single_shift__s0 (7.9s)
[gpu2] START /mnt/data/INR/outputs/mujoco/suites/state_resampled_v2/runs/custom_mujoco_state_resampled_v2/custom_mujoco_state_resampled_v2_ant__inr_diffusion_history_conditioned__conflation__s0
[gpu1] OK /mnt/data/INR/outputs/mujoco/suites/state_resampled_v2/runs/custom_mujoco_state_resampled_v2/custom_mujoco_state_resampled_v2_ant__cvae__single_shift__s1 (7.9s)
[gpu1] START /mnt/data/INR/outputs/mujoco/suites/state_resampled_v2/runs/custom_mujoco_state_resampled_v2/custom_mujoco_state_resampled_v2_ant__inr_diffusion_history_conditioned__conflation__s1
[gpu3] OK /mnt/data/INR/outputs/mujoco/suites/state_resampled_v2/runs/custom_mujoco_state_resampled_v2/custom_mujoco_state_resampled_v2_ant__cvae__specialization__s0 (7.4s)
[gpu3] START /mnt/data/INR/outputs/mujoco/suites/state_resampled_v2/runs/custom_mujoco_state_resampled_v2/custom_mujoco_state_resampled_v2_ant__inr_diffusion_history_conditioned__generalization__s0
[gpu0] OK /mnt/data/INR/outputs/mujoco/suites/state_resampled_v2/runs/custom_mujoco_state_resampled_v2/custom_mujoco_state_resampled_v2_ant__cvae__specialization__s1 (7.4s)
[gpu0] START /mnt/data/INR/outputs/mujoco/suites/state_resampled_v2/runs/custom_mujoco_state_resampled_v2/custom_mujoco_state_resampled_v2_ant__inr_diffusion_history_conditioned__generalization__s1
[gpu2] OK /mnt/data/INR/outputs/mujoco/suites/state_resampled_v2/runs/custom_mujoco_state_resampled_v2/custom_mujoco_state_resampled_v2_ant__inr_diffusion_history_conditioned__conflation__s0 (7.7s)
[gpu2] START /mnt/data/INR/outputs/mujoco/suites/state_resampled_v2/runs/custom_mujoco_state_resampled_v2/custom_mujoco_state_resampled_v2_ant__inr_diffusion_history_conditioned__new_policy__s0
[gpu1] OK /mnt/data/INR/outputs/mujoco/suites/state_resampled_v2/runs/custom_mujoco_state_resampled_v2/custom_mujoco_state_resampled_v2_ant__inr_diffusion_history_conditioned__conflation__s1 (7.7s)
[gpu1] START /mnt/data/INR/outputs/mujoco/suites/state_resampled_v2/runs/custom_mujoco_state_resampled_v2/custom_mujoco_state_resampled_v2_ant__inr_diffusion_history_conditioned__new_policy__s1
[gpu3] OK /mnt/data/INR/outputs/mujoco/suites/state_resampled_v2/runs/custom_mujoco_state_resampled_v2/custom_mujoco_state_resampled_v2_ant__inr_diffusion_history_conditioned__generalization__s0 (7.1s)
[gpu3] START /mnt/data/INR/outputs/mujoco/suites/state_resampled_v2/runs/custom_mujoco_state_resampled_v2/custom_mujoco_state_resampled_v2_ant__inr_diffusion_history_conditioned__no_shift__s0
[gpu0] OK /mnt/data/INR/outputs/mujoco/suites/state_resampled_v2/runs/custom_mujoco_state_resampled_v2/custom_mujoco_state_resampled_v2_ant__inr_diffusion_history_conditioned__generalization__s1 (7.6s)
[gpu0] START /mnt/data/INR/outputs/mujoco/suites/state_resampled_v2/runs/custom_mujoco_state_resampled_v2/custom_mujoco_state_resampled_v2_ant__inr_diffusion_history_conditioned__no_shift__s1
[gpu2] OK /mnt/data/INR/outputs/mujoco/suites/state_resampled_v2/runs/custom_mujoco_state_resampled_v2/custom_mujoco_state_resampled_v2_ant__inr_diffusion_history_conditioned__new_policy__s0 (7.8s)
[gpu2] START /mnt/data/INR/outputs/mujoco/suites/state_resampled_v2/runs/custom_mujoco_state_resampled_v2/custom_mujoco_state_resampled_v2_ant__inr_diffusion_history_conditioned__novel_generalization__s0
[gpu1] OK /mnt/data/INR/outputs/mujoco/suites/state_resampled_v2/runs/custom_mujoco_state_resampled_v2/custom_mujoco_state_resampled_v2_ant__inr_diffusion_history_conditioned__new_policy__s1 (8.0s)
[gpu1] START /mnt/data/INR/outputs/mujoco/suites/state_resampled_v2/runs/custom_mujoco_state_resampled_v2/custom_mujoco_state_resampled_v2_ant__inr_diffusion_history_conditioned__novel_generalization__s1
[gpu3] OK /mnt/data/INR/outputs/mujoco/suites/state_resampled_v2/runs/custom_mujoco_state_resampled_v2/custom_mujoco_state_resampled_v2_ant__inr_diffusion_history_conditioned__no_shift__s0 (7.0s)
[gpu3] START /mnt/data/INR/outputs/mujoco/suites/state_resampled_v2/runs/custom_mujoco_state_resampled_v2/custom_mujoco_state_resampled_v2_ant__inr_diffusion_history_conditioned__single_shift__s0
[gpu0] OK /mnt/data/INR/outputs/mujoco/suites/state_resampled_v2/runs/custom_mujoco_state_resampled_v2/custom_mujoco_state_resampled_v2_ant__inr_diffusion_history_conditioned__no_shift__s1 (7.7s)
[gpu0] START /mnt/data/INR/outputs/mujoco/suites/state_resampled_v2/runs/custom_mujoco_state_resampled_v2/custom_mujoco_state_resampled_v2_ant__inr_diffusion_history_conditioned__single_shift__s1
[gpu2] OK /mnt/data/INR/outputs/mujoco/suites/state_resampled_v2/runs/custom_mujoco_state_resampled_v2/custom_mujoco_state_resampled_v2_ant__inr_diffusion_history_conditioned__novel_generalization__s0 (7.6s)
[gpu2] START /mnt/data/INR/outputs/mujoco/suites/state_resampled_v2/runs/custom_mujoco_state_resampled_v2/custom_mujoco_state_resampled_v2_ant__inr_diffusion_history_conditioned__specialization__s0
[gpu1] OK /mnt/data/INR/outputs/mujoco/suites/state_resampled_v2/runs/custom_mujoco_state_resampled_v2/custom_mujoco_state_resampled_v2_ant__inr_diffusion_history_conditioned__novel_generalization__s1 (7.6s)
[gpu1] START /mnt/data/INR/outputs/mujoco/suites/state_resampled_v2/runs/custom_mujoco_state_resampled_v2/custom_mujoco_state_resampled_v2_ant__inr_diffusion_history_conditioned__specialization__s1
[gpu3] OK /mnt/data/INR/outputs/mujoco/suites/state_resampled_v2/runs/custom_mujoco_state_resampled_v2/custom_mujoco_state_resampled_v2_ant__inr_diffusion_history_conditioned__single_shift__s0 (7.1s)
[gpu3] START /mnt/data/INR/outputs/mujoco/suites/state_resampled_v2/runs/custom_mujoco_state_resampled_v2/custom_mujoco_state_resampled_v2_ant__inr_transformer_fitted_latent__conflation__s0
[gpu0] OK /mnt/data/INR/outputs/mujoco/suites/state_resampled_v2/runs/custom_mujoco_state_resampled_v2/custom_mujoco_state_resampled_v2_ant__inr_diffusion_history_conditioned__single_shift__s1 (7.6s)
[gpu0] START /mnt/data/INR/outputs/mujoco/suites/state_resampled_v2/runs/custom_mujoco_state_resampled_v2/custom_mujoco_state_resampled_v2_ant__inr_transformer_fitted_latent__conflation__s1
[gpu2] OK /mnt/data/INR/outputs/mujoco/suites/state_resampled_v2/runs/custom_mujoco_state_resampled_v2/custom_mujoco_state_resampled_v2_ant__inr_diffusion_history_conditioned__specialization__s0 (7.5s)
[gpu2] START /mnt/data/INR/outputs/mujoco/suites/state_resampled_v2/runs/custom_mujoco_state_resampled_v2/custom_mujoco_state_resampled_v2_ant__inr_transformer_fitted_latent__generalization__s0
[gpu1] OK /mnt/data/INR/outputs/mujoco/suites/state_resampled_v2/runs/custom_mujoco_state_resampled_v2/custom_mujoco_state_resampled_v2_ant__inr_diffusion_history_conditioned__specialization__s1 (7.8s)
[gpu1] START /mnt/data/INR/outputs/mujoco/suites/state_resampled_v2/runs/custom_mujoco_state_resampled_v2/custom_mujoco_state_resampled_v2_ant__inr_transformer_fitted_latent__generalization__s1
[gpu3] OK /mnt/data/INR/outputs/mujoco/suites/state_resampled_v2/runs/custom_mujoco_state_resampled_v2/custom_mujoco_state_resampled_v2_ant__inr_transformer_fitted_latent__conflation__s0 (8.7s)
[gpu3] START /mnt/data/INR/outputs/mujoco/suites/state_resampled_v2/runs/custom_mujoco_state_resampled_v2/custom_mujoco_state_resampled_v2_ant__inr_transformer_fitted_latent__new_policy__s0
[gpu0] OK /mnt/data/INR/outputs/mujoco/suites/state_resampled_v2/runs/custom_mujoco_state_resampled_v2/custom_mujoco_state_resampled_v2_ant__inr_transformer_fitted_latent__conflation__s1 (10.3s)
[gpu0] START /mnt/data/INR/outputs/mujoco/suites/state_resampled_v2/runs/custom_mujoco_state_resampled_v2/custom_mujoco_state_resampled_v2_ant__inr_transformer_fitted_latent__new_policy__s1
[gpu2] OK /mnt/data/INR/outputs/mujoco/suites/state_resampled_v2/runs/custom_mujoco_state_resampled_v2/custom_mujoco_state_resampled_v2_ant__inr_transformer_fitted_latent__generalization__s0 (9.8s)
[gpu2] START /mnt/data/INR/outputs/mujoco/suites/state_resampled_v2/runs/custom_mujoco_state_resampled_v2/custom_mujoco_state_resampled_v2_ant__inr_transformer_fitted_latent__no_shift__s0
[gpu1] OK /mnt/data/INR/outputs/mujoco/suites/state_resampled_v2/runs/custom_mujoco_state_resampled_v2/custom_mujoco_state_resampled_v2_ant__inr_transformer_fitted_latent__generalization__s1 (9.7s)
[gpu1] START /mnt/data/INR/outputs/mujoco/suites/state_resampled_v2/runs/custom_mujoco_state_resampled_v2/custom_mujoco_state_resampled_v2_ant__inr_transformer_fitted_latent__no_shift__s1
[gpu3] OK /mnt/data/INR/outputs/mujoco/suites/state_resampled_v2/runs/custom_mujoco_state_resampled_v2/custom_mujoco_state_resampled_v2_ant__inr_transformer_fitted_latent__new_policy__s0 (9.3s)
[gpu3] START /mnt/data/INR/outputs/mujoco/suites/state_resampled_v2/runs/custom_mujoco_state_resampled_v2/custom_mujoco_state_resampled_v2_ant__inr_transformer_fitted_latent__novel_generalization__s0
[gpu2] OK /mnt/data/INR/outputs/mujoco/suites/state_resampled_v2/runs/custom_mujoco_state_resampled_v2/custom_mujoco_state_resampled_v2_ant__inr_transformer_fitted_latent__no_shift__s0 (11.7s)
[gpu2] START /mnt/data/INR/outputs/mujoco/suites/state_resampled_v2/runs/custom_mujoco_state_resampled_v2/custom_mujoco_state_resampled_v2_ant__inr_transformer_fitted_latent__novel_generalization__s1
[gpu0] OK /mnt/data/INR/outputs/mujoco/suites/state_resampled_v2/runs/custom_mujoco_state_resampled_v2/custom_mujoco_state_resampled_v2_ant__inr_transformer_fitted_latent__new_policy__s1 (12.2s)
[gpu0] START /mnt/data/INR/outputs/mujoco/suites/state_resampled_v2/runs/custom_mujoco_state_resampled_v2/custom_mujoco_state_resampled_v2_ant__inr_transformer_fitted_latent__single_shift__s0
[gpu1] OK /mnt/data/INR/outputs/mujoco/suites/state_resampled_v2/runs/custom_mujoco_state_resampled_v2/custom_mujoco_state_resampled_v2_ant__inr_transformer_fitted_latent__no_shift__s1 (11.6s)
[gpu1] START /mnt/data/INR/outputs/mujoco/suites/state_resampled_v2/runs/custom_mujoco_state_resampled_v2/custom_mujoco_state_resampled_v2_ant__inr_transformer_fitted_latent__single_shift__s1
[gpu3] OK /mnt/data/INR/outputs/mujoco/suites/state_resampled_v2/runs/custom_mujoco_state_resampled_v2/custom_mujoco_state_resampled_v2_ant__inr_transformer_fitted_latent__novel_generalization__s0 (8.1s)
[gpu3] START /mnt/data/INR/outputs/mujoco/suites/state_resampled_v2/runs/custom_mujoco_state_resampled_v2/custom_mujoco_state_resampled_v2_ant__inr_transformer_fitted_latent__specialization__s0
[gpu3] OK /mnt/data/INR/outputs/mujoco/suites/state_resampled_v2/runs/custom_mujoco_state_resampled_v2/custom_mujoco_state_resampled_v2_ant__inr_transformer_fitted_latent__specialization__s0 (9.0s)
[gpu3] START /mnt/data/INR/outputs/mujoco/suites/state_resampled_v2/runs/custom_mujoco_state_resampled_v2/custom_mujoco_state_resampled_v2_ant__inr_transformer_fitted_latent__specialization__s1
[gpu2] OK /mnt/data/INR/outputs/mujoco/suites/state_resampled_v2/runs/custom_mujoco_state_resampled_v2/custom_mujoco_state_resampled_v2_ant__inr_transformer_fitted_latent__novel_generalization__s1 (10.6s)
[gpu2] START /mnt/data/INR/outputs/mujoco/suites/state_resampled_v2/runs/custom_mujoco_state_resampled_v2/custom_mujoco_state_resampled_v2_ant__inr_transformer_history_conditioned__conflation__s0
[gpu0] OK /mnt/data/INR/outputs/mujoco/suites/state_resampled_v2/runs/custom_mujoco_state_resampled_v2/custom_mujoco_state_resampled_v2_ant__inr_transformer_fitted_latent__single_shift__s0 (12.0s)
[gpu0] START /mnt/data/INR/outputs/mujoco/suites/state_resampled_v2/runs/custom_mujoco_state_resampled_v2/custom_mujoco_state_resampled_v2_ant__inr_transformer_history_conditioned__conflation__s1
[gpu1] OK /mnt/data/INR/outputs/mujoco/suites/state_resampled_v2/runs/custom_mujoco_state_resampled_v2/custom_mujoco_state_resampled_v2_ant__inr_transformer_fitted_latent__single_shift__s1 (11.9s)
[gpu1] START /mnt/data/INR/outputs/mujoco/suites/state_resampled_v2/runs/custom_mujoco_state_resampled_v2/custom_mujoco_state_resampled_v2_ant__inr_transformer_history_conditioned__generalization__s0
[gpu2] OK /mnt/data/INR/outputs/mujoco/suites/state_resampled_v2/runs/custom_mujoco_state_resampled_v2/custom_mujoco_state_resampled_v2_ant__inr_transformer_history_conditioned__conflation__s0 (7.6s)
[gpu2] START /mnt/data/INR/outputs/mujoco/suites/state_resampled_v2/runs/custom_mujoco_state_resampled_v2/custom_mujoco_state_resampled_v2_ant__inr_transformer_history_conditioned__generalization__s1
[gpu3] OK /mnt/data/INR/outputs/mujoco/suites/state_resampled_v2/runs/custom_mujoco_state_resampled_v2/custom_mujoco_state_resampled_v2_ant__inr_transformer_fitted_latent__specialization__s1 (9.3s)
[gpu3] START /mnt/data/INR/outputs/mujoco/suites/state_resampled_v2/runs/custom_mujoco_state_resampled_v2/custom_mujoco_state_resampled_v2_ant__inr_transformer_history_conditioned__new_policy__s0
[gpu1] OK /mnt/data/INR/outputs/mujoco/suites/state_resampled_v2/runs/custom_mujoco_state_resampled_v2/custom_mujoco_state_resampled_v2_ant__inr_transformer_history_conditioned__generalization__s0 (7.7s)
[gpu1] START /mnt/data/INR/outputs/mujoco/suites/state_resampled_v2/runs/custom_mujoco_state_resampled_v2/custom_mujoco_state_resampled_v2_ant__inr_transformer_history_conditioned__new_policy__s1
[gpu0] OK /mnt/data/INR/outputs/mujoco/suites/state_resampled_v2/runs/custom_mujoco_state_resampled_v2/custom_mujoco_state_resampled_v2_ant__inr_transformer_history_conditioned__conflation__s1 (7.9s)
[gpu0] START /mnt/data/INR/outputs/mujoco/suites/state_resampled_v2/runs/custom_mujoco_state_resampled_v2/custom_mujoco_state_resampled_v2_ant__inr_transformer_history_conditioned__no_shift__s0
[gpu2] OK /mnt/data/INR/outputs/mujoco/suites/state_resampled_v2/runs/custom_mujoco_state_resampled_v2/custom_mujoco_state_resampled_v2_ant__inr_transformer_history_conditioned__generalization__s1 (7.4s)
[gpu2] START /mnt/data/INR/outputs/mujoco/suites/state_resampled_v2/runs/custom_mujoco_state_resampled_v2/custom_mujoco_state_resampled_v2_ant__inr_transformer_history_conditioned__no_shift__s1
[gpu3] OK /mnt/data/INR/outputs/mujoco/suites/state_resampled_v2/runs/custom_mujoco_state_resampled_v2/custom_mujoco_state_resampled_v2_ant__inr_transformer_history_conditioned__new_policy__s0 (7.8s)
[gpu3] START /mnt/data/INR/outputs/mujoco/suites/state_resampled_v2/runs/custom_mujoco_state_resampled_v2/custom_mujoco_state_resampled_v2_ant__inr_transformer_history_conditioned__novel_generalization__s0
[gpu1] OK /mnt/data/INR/outputs/mujoco/suites/state_resampled_v2/runs/custom_mujoco_state_resampled_v2/custom_mujoco_state_resampled_v2_ant__inr_transformer_history_conditioned__new_policy__s1 (8.1s)
[gpu1] START /mnt/data/INR/outputs/mujoco/suites/state_resampled_v2/runs/custom_mujoco_state_resampled_v2/custom_mujoco_state_resampled_v2_ant__inr_transformer_history_conditioned__novel_generalization__s1
[gpu0] OK /mnt/data/INR/outputs/mujoco/suites/state_resampled_v2/runs/custom_mujoco_state_resampled_v2/custom_mujoco_state_resampled_v2_ant__inr_transformer_history_conditioned__no_shift__s0 (8.1s)
[gpu0] START /mnt/data/INR/outputs/mujoco/suites/state_resampled_v2/runs/custom_mujoco_state_resampled_v2/custom_mujoco_state_resampled_v2_ant__inr_transformer_history_conditioned__single_shift__s0
[gpu2] OK /mnt/data/INR/outputs/mujoco/suites/state_resampled_v2/runs/custom_mujoco_state_resampled_v2/custom_mujoco_state_resampled_v2_ant__inr_transformer_history_conditioned__no_shift__s1 (7.7s)
[gpu2] START /mnt/data/INR/outputs/mujoco/suites/state_resampled_v2/runs/custom_mujoco_state_resampled_v2/custom_mujoco_state_resampled_v2_ant__inr_transformer_history_conditioned__single_shift__s1
[gpu3] OK /mnt/data/INR/outputs/mujoco/suites/state_resampled_v2/runs/custom_mujoco_state_resampled_v2/custom_mujoco_state_resampled_v2_ant__inr_transformer_history_conditioned__novel_generalization__s0 (7.2s)
[gpu3] START /mnt/data/INR/outputs/mujoco/suites/state_resampled_v2/runs/custom_mujoco_state_resampled_v2/custom_mujoco_state_resampled_v2_ant__inr_transformer_history_conditioned__specialization__s0
[gpu1] OK /mnt/data/INR/outputs/mujoco/suites/state_resampled_v2/runs/custom_mujoco_state_resampled_v2/custom_mujoco_state_resampled_v2_ant__inr_transformer_history_conditioned__novel_generalization__s1 (7.7s)
[gpu1] START /mnt/data/INR/outputs/mujoco/suites/state_resampled_v2/runs/custom_mujoco_state_resampled_v2/custom_mujoco_state_resampled_v2_ant__inr_transformer_history_conditioned__specialization__s1
[gpu0] OK /mnt/data/INR/outputs/mujoco/suites/state_resampled_v2/runs/custom_mujoco_state_resampled_v2/custom_mujoco_state_resampled_v2_ant__inr_transformer_history_conditioned__single_shift__s0 (7.7s)
[gpu0] START /mnt/data/INR/outputs/mujoco/suites/state_resampled_v2/runs/custom_mujoco_state_resampled_v2/custom_mujoco_state_resampled_v2_halfcheetah__cvae__conflation__s0
[gpu2] OK /mnt/data/INR/outputs/mujoco/suites/state_resampled_v2/runs/custom_mujoco_state_resampled_v2/custom_mujoco_state_resampled_v2_ant__inr_transformer_history_conditioned__single_shift__s1 (7.5s)
[gpu2] START /mnt/data/INR/outputs/mujoco/suites/state_resampled_v2/runs/custom_mujoco_state_resampled_v2/custom_mujoco_state_resampled_v2_halfcheetah__cvae__conflation__s1
[gpu3] OK /mnt/data/INR/outputs/mujoco/suites/state_resampled_v2/runs/custom_mujoco_state_resampled_v2/custom_mujoco_state_resampled_v2_ant__inr_transformer_history_conditioned__specialization__s0 (6.9s)
[gpu3] START /mnt/data/INR/outputs/mujoco/suites/state_resampled_v2/runs/custom_mujoco_state_resampled_v2/custom_mujoco_state_resampled_v2_halfcheetah__cvae__generalization__s0
[gpu1] OK /mnt/data/INR/outputs/mujoco/suites/state_resampled_v2/runs/custom_mujoco_state_resampled_v2/custom_mujoco_state_resampled_v2_ant__inr_transformer_history_conditioned__specialization__s1 (7.4s)
[gpu1] START /mnt/data/INR/outputs/mujoco/suites/state_resampled_v2/runs/custom_mujoco_state_resampled_v2/custom_mujoco_state_resampled_v2_halfcheetah__cvae__generalization__s1
[gpu0] OK /mnt/data/INR/outputs/mujoco/suites/state_resampled_v2/runs/custom_mujoco_state_resampled_v2/custom_mujoco_state_resampled_v2_halfcheetah__cvae__conflation__s0 (11.0s)
[gpu0] START /mnt/data/INR/outputs/mujoco/suites/state_resampled_v2/runs/custom_mujoco_state_resampled_v2/custom_mujoco_state_resampled_v2_halfcheetah__cvae__new_policy__s0
[gpu3] OK /mnt/data/INR/outputs/mujoco/suites/state_resampled_v2/runs/custom_mujoco_state_resampled_v2/custom_mujoco_state_resampled_v2_halfcheetah__cvae__generalization__s0 (5.5s)
[gpu3] START /mnt/data/INR/outputs/mujoco/suites/state_resampled_v2/runs/custom_mujoco_state_resampled_v2/custom_mujoco_state_resampled_v2_halfcheetah__cvae__new_policy__s1
[gpu1] OK /mnt/data/INR/outputs/mujoco/suites/state_resampled_v2/runs/custom_mujoco_state_resampled_v2/custom_mujoco_state_resampled_v2_halfcheetah__cvae__generalization__s1 (5.9s)
[gpu1] START /mnt/data/INR/outputs/mujoco/suites/state_resampled_v2/runs/custom_mujoco_state_resampled_v2/custom_mujoco_state_resampled_v2_halfcheetah__cvae__no_shift__s0
[gpu2] OK /mnt/data/INR/outputs/mujoco/suites/state_resampled_v2/runs/custom_mujoco_state_resampled_v2/custom_mujoco_state_resampled_v2_halfcheetah__cvae__conflation__s1 (10.9s)
[gpu2] START /mnt/data/INR/outputs/mujoco/suites/state_resampled_v2/runs/custom_mujoco_state_resampled_v2/custom_mujoco_state_resampled_v2_halfcheetah__cvae__no_shift__s1
[gpu0] OK /mnt/data/INR/outputs/mujoco/suites/state_resampled_v2/runs/custom_mujoco_state_resampled_v2/custom_mujoco_state_resampled_v2_halfcheetah__cvae__new_policy__s0 (6.2s)
[gpu0] START /mnt/data/INR/outputs/mujoco/suites/state_resampled_v2/runs/custom_mujoco_state_resampled_v2/custom_mujoco_state_resampled_v2_halfcheetah__cvae__novel_generalization__s0
[gpu3] OK /mnt/data/INR/outputs/mujoco/suites/state_resampled_v2/runs/custom_mujoco_state_resampled_v2/custom_mujoco_state_resampled_v2_halfcheetah__cvae__new_policy__s1 (6.0s)
[gpu3] START /mnt/data/INR/outputs/mujoco/suites/state_resampled_v2/runs/custom_mujoco_state_resampled_v2/custom_mujoco_state_resampled_v2_halfcheetah__cvae__novel_generalization__s1
[gpu1] OK /mnt/data/INR/outputs/mujoco/suites/state_resampled_v2/runs/custom_mujoco_state_resampled_v2/custom_mujoco_state_resampled_v2_halfcheetah__cvae__no_shift__s0 (6.2s)
[gpu1] START /mnt/data/INR/outputs/mujoco/suites/state_resampled_v2/runs/custom_mujoco_state_resampled_v2/custom_mujoco_state_resampled_v2_halfcheetah__cvae__single_shift__s0
[gpu2] OK /mnt/data/INR/outputs/mujoco/suites/state_resampled_v2/runs/custom_mujoco_state_resampled_v2/custom_mujoco_state_resampled_v2_halfcheetah__cvae__no_shift__s1 (6.1s)
[gpu2] START /mnt/data/INR/outputs/mujoco/suites/state_resampled_v2/runs/custom_mujoco_state_resampled_v2/custom_mujoco_state_resampled_v2_halfcheetah__cvae__single_shift__s1
[gpu3] OK /mnt/data/INR/outputs/mujoco/suites/state_resampled_v2/runs/custom_mujoco_state_resampled_v2/custom_mujoco_state_resampled_v2_halfcheetah__cvae__novel_generalization__s1 (6.0s)
[gpu3] START /mnt/data/INR/outputs/mujoco/suites/state_resampled_v2/runs/custom_mujoco_state_resampled_v2/custom_mujoco_state_resampled_v2_halfcheetah__cvae__specialization__s0
[gpu0] OK /mnt/data/INR/outputs/mujoco/suites/state_resampled_v2/runs/custom_mujoco_state_resampled_v2/custom_mujoco_state_resampled_v2_halfcheetah__cvae__novel_generalization__s0 (6.4s)
[gpu0] START /mnt/data/INR/outputs/mujoco/suites/state_resampled_v2/runs/custom_mujoco_state_resampled_v2/custom_mujoco_state_resampled_v2_halfcheetah__cvae__specialization__s1
[gpu1] OK /mnt/data/INR/outputs/mujoco/suites/state_resampled_v2/runs/custom_mujoco_state_resampled_v2/custom_mujoco_state_resampled_v2_halfcheetah__cvae__single_shift__s0 (6.2s)
[gpu1] START /mnt/data/INR/outputs/mujoco/suites/state_resampled_v2/runs/custom_mujoco_state_resampled_v2/custom_mujoco_state_resampled_v2_halfcheetah__inr_diffusion_history_conditioned__conflation__s0
[gpu2] OK /mnt/data/INR/outputs/mujoco/suites/state_resampled_v2/runs/custom_mujoco_state_resampled_v2/custom_mujoco_state_resampled_v2_halfcheetah__cvae__single_shift__s1 (6.1s)
[gpu2] START /mnt/data/INR/outputs/mujoco/suites/state_resampled_v2/runs/custom_mujoco_state_resampled_v2/custom_mujoco_state_resampled_v2_halfcheetah__inr_diffusion_history_conditioned__conflation__s1
[gpu3] OK /mnt/data/INR/outputs/mujoco/suites/state_resampled_v2/runs/custom_mujoco_state_resampled_v2/custom_mujoco_state_resampled_v2_halfcheetah__cvae__specialization__s0 (5.5s)
[gpu3] START /mnt/data/INR/outputs/mujoco/suites/state_resampled_v2/runs/custom_mujoco_state_resampled_v2/custom_mujoco_state_resampled_v2_halfcheetah__inr_diffusion_history_conditioned__generalization__s0
[gpu0] OK /mnt/data/INR/outputs/mujoco/suites/state_resampled_v2/runs/custom_mujoco_state_resampled_v2/custom_mujoco_state_resampled_v2_halfcheetah__cvae__specialization__s1 (6.2s)
[gpu0] START /mnt/data/INR/outputs/mujoco/suites/state_resampled_v2/runs/custom_mujoco_state_resampled_v2/custom_mujoco_state_resampled_v2_halfcheetah__inr_diffusion_history_conditioned__generalization__s1
[gpu1] OK /mnt/data/INR/outputs/mujoco/suites/state_resampled_v2/runs/custom_mujoco_state_resampled_v2/custom_mujoco_state_resampled_v2_halfcheetah__inr_diffusion_history_conditioned__conflation__s0 (6.3s)
[gpu1] START /mnt/data/INR/outputs/mujoco/suites/state_resampled_v2/runs/custom_mujoco_state_resampled_v2/custom_mujoco_state_resampled_v2_halfcheetah__inr_diffusion_history_conditioned__new_policy__s0
[gpu2] OK /mnt/data/INR/outputs/mujoco/suites/state_resampled_v2/runs/custom_mujoco_state_resampled_v2/custom_mujoco_state_resampled_v2_halfcheetah__inr_diffusion_history_conditioned__conflation__s1 (6.1s)
[gpu2] START /mnt/data/INR/outputs/mujoco/suites/state_resampled_v2/runs/custom_mujoco_state_resampled_v2/custom_mujoco_state_resampled_v2_halfcheetah__inr_diffusion_history_conditioned__new_policy__s1
[gpu3] OK /mnt/data/INR/outputs/mujoco/suites/state_resampled_v2/runs/custom_mujoco_state_resampled_v2/custom_mujoco_state_resampled_v2_halfcheetah__inr_diffusion_history_conditioned__generalization__s0 (5.5s)
[gpu3] START /mnt/data/INR/outputs/mujoco/suites/state_resampled_v2/runs/custom_mujoco_state_resampled_v2/custom_mujoco_state_resampled_v2_halfcheetah__inr_diffusion_history_conditioned__no_shift__s0
[gpu0] OK /mnt/data/INR/outputs/mujoco/suites/state_resampled_v2/runs/custom_mujoco_state_resampled_v2/custom_mujoco_state_resampled_v2_halfcheetah__inr_diffusion_history_conditioned__generalization__s1 (6.3s)
[gpu0] START /mnt/data/INR/outputs/mujoco/suites/state_resampled_v2/runs/custom_mujoco_state_resampled_v2/custom_mujoco_state_resampled_v2_halfcheetah__inr_diffusion_history_conditioned__no_shift__s1
[gpu1] OK /mnt/data/INR/outputs/mujoco/suites/state_resampled_v2/runs/custom_mujoco_state_resampled_v2/custom_mujoco_state_resampled_v2_halfcheetah__inr_diffusion_history_conditioned__new_policy__s0 (6.6s)
[gpu1] START /mnt/data/INR/outputs/mujoco/suites/state_resampled_v2/runs/custom_mujoco_state_resampled_v2/custom_mujoco_state_resampled_v2_halfcheetah__inr_diffusion_history_conditioned__novel_generalization__s0
[gpu3] OK /mnt/data/INR/outputs/mujoco/suites/state_resampled_v2/runs/custom_mujoco_state_resampled_v2/custom_mujoco_state_resampled_v2_halfcheetah__inr_diffusion_history_conditioned__no_shift__s0 (6.0s)
[gpu3] START /mnt/data/INR/outputs/mujoco/suites/state_resampled_v2/runs/custom_mujoco_state_resampled_v2/custom_mujoco_state_resampled_v2_halfcheetah__inr_diffusion_history_conditioned__novel_generalization__s1
[gpu2] OK /mnt/data/INR/outputs/mujoco/suites/state_resampled_v2/runs/custom_mujoco_state_resampled_v2/custom_mujoco_state_resampled_v2_halfcheetah__inr_diffusion_history_conditioned__new_policy__s1 (6.7s)
[gpu2] START /mnt/data/INR/outputs/mujoco/suites/state_resampled_v2/runs/custom_mujoco_state_resampled_v2/custom_mujoco_state_resampled_v2_halfcheetah__inr_diffusion_history_conditioned__single_shift__s0
[gpu0] OK /mnt/data/INR/outputs/mujoco/suites/state_resampled_v2/runs/custom_mujoco_state_resampled_v2/custom_mujoco_state_resampled_v2_halfcheetah__inr_diffusion_history_conditioned__no_shift__s1 (6.3s)
[gpu0] START /mnt/data/INR/outputs/mujoco/suites/state_resampled_v2/runs/custom_mujoco_state_resampled_v2/custom_mujoco_state_resampled_v2_halfcheetah__inr_diffusion_history_conditioned__single_shift__s1
[gpu1] OK /mnt/data/INR/outputs/mujoco/suites/state_resampled_v2/runs/custom_mujoco_state_resampled_v2/custom_mujoco_state_resampled_v2_halfcheetah__inr_diffusion_history_conditioned__novel_generalization__s0 (6.2s)
[gpu1] START /mnt/data/INR/outputs/mujoco/suites/state_resampled_v2/runs/custom_mujoco_state_resampled_v2/custom_mujoco_state_resampled_v2_halfcheetah__inr_diffusion_history_conditioned__specialization__s0
[gpu3] OK /mnt/data/INR/outputs/mujoco/suites/state_resampled_v2/runs/custom_mujoco_state_resampled_v2/custom_mujoco_state_resampled_v2_halfcheetah__inr_diffusion_history_conditioned__novel_generalization__s1 (5.7s)
[gpu3] START /mnt/data/INR/outputs/mujoco/suites/state_resampled_v2/runs/custom_mujoco_state_resampled_v2/custom_mujoco_state_resampled_v2_halfcheetah__inr_diffusion_history_conditioned__specialization__s1
[gpu2] OK /mnt/data/INR/outputs/mujoco/suites/state_resampled_v2/runs/custom_mujoco_state_resampled_v2/custom_mujoco_state_resampled_v2_halfcheetah__inr_diffusion_history_conditioned__single_shift__s0 (6.3s)
[gpu2] START /mnt/data/INR/outputs/mujoco/suites/state_resampled_v2/runs/custom_mujoco_state_resampled_v2/custom_mujoco_state_resampled_v2_halfcheetah__inr_transformer_fitted_latent__conflation__s0
[gpu0] OK /mnt/data/INR/outputs/mujoco/suites/state_resampled_v2/runs/custom_mujoco_state_resampled_v2/custom_mujoco_state_resampled_v2_halfcheetah__inr_diffusion_history_conditioned__single_shift__s1 (6.1s)
[gpu0] START /mnt/data/INR/outputs/mujoco/suites/state_resampled_v2/runs/custom_mujoco_state_resampled_v2/custom_mujoco_state_resampled_v2_halfcheetah__inr_transformer_fitted_latent__conflation__s1
[gpu1] OK /mnt/data/INR/outputs/mujoco/suites/state_resampled_v2/runs/custom_mujoco_state_resampled_v2/custom_mujoco_state_resampled_v2_halfcheetah__inr_diffusion_history_conditioned__specialization__s0 (6.3s)
[gpu1] START /mnt/data/INR/outputs/mujoco/suites/state_resampled_v2/runs/custom_mujoco_state_resampled_v2/custom_mujoco_state_resampled_v2_halfcheetah__inr_transformer_fitted_latent__generalization__s0
[gpu3] OK /mnt/data/INR/outputs/mujoco/suites/state_resampled_v2/runs/custom_mujoco_state_resampled_v2/custom_mujoco_state_resampled_v2_halfcheetah__inr_diffusion_history_conditioned__specialization__s1 (5.6s)
[gpu3] START /mnt/data/INR/outputs/mujoco/suites/state_resampled_v2/runs/custom_mujoco_state_resampled_v2/custom_mujoco_state_resampled_v2_halfcheetah__inr_transformer_fitted_latent__generalization__s1
[gpu2] OK /mnt/data/INR/outputs/mujoco/suites/state_resampled_v2/runs/custom_mujoco_state_resampled_v2/custom_mujoco_state_resampled_v2_halfcheetah__inr_transformer_fitted_latent__conflation__s0 (9.2s)
[gpu2] START /mnt/data/INR/outputs/mujoco/suites/state_resampled_v2/runs/custom_mujoco_state_resampled_v2/custom_mujoco_state_resampled_v2_halfcheetah__inr_transformer_fitted_latent__new_policy__s0
[gpu0] OK /mnt/data/INR/outputs/mujoco/suites/state_resampled_v2/runs/custom_mujoco_state_resampled_v2/custom_mujoco_state_resampled_v2_halfcheetah__inr_transformer_fitted_latent__conflation__s1 (9.0s)
[gpu0] START /mnt/data/INR/outputs/mujoco/suites/state_resampled_v2/runs/custom_mujoco_state_resampled_v2/custom_mujoco_state_resampled_v2_halfcheetah__inr_transformer_fitted_latent__new_policy__s1
[gpu3] OK /mnt/data/INR/outputs/mujoco/suites/state_resampled_v2/runs/custom_mujoco_state_resampled_v2/custom_mujoco_state_resampled_v2_halfcheetah__inr_transformer_fitted_latent__generalization__s1 (6.6s)
[gpu3] START /mnt/data/INR/outputs/mujoco/suites/state_resampled_v2/runs/custom_mujoco_state_resampled_v2/custom_mujoco_state_resampled_v2_halfcheetah__inr_transformer_fitted_latent__no_shift__s0
[gpu1] OK /mnt/data/INR/outputs/mujoco/suites/state_resampled_v2/runs/custom_mujoco_state_resampled_v2/custom_mujoco_state_resampled_v2_halfcheetah__inr_transformer_fitted_latent__generalization__s0 (8.2s)
[gpu1] START /mnt/data/INR/outputs/mujoco/suites/state_resampled_v2/runs/custom_mujoco_state_resampled_v2/custom_mujoco_state_resampled_v2_halfcheetah__inr_transformer_fitted_latent__no_shift__s1
[gpu3] OK /mnt/data/INR/outputs/mujoco/suites/state_resampled_v2/runs/custom_mujoco_state_resampled_v2/custom_mujoco_state_resampled_v2_halfcheetah__inr_transformer_fitted_latent__no_shift__s0 (7.7s)
[gpu3] START /mnt/data/INR/outputs/mujoco/suites/state_resampled_v2/runs/custom_mujoco_state_resampled_v2/custom_mujoco_state_resampled_v2_halfcheetah__inr_transformer_fitted_latent__novel_generalization__s0
[gpu2] OK /mnt/data/INR/outputs/mujoco/suites/state_resampled_v2/runs/custom_mujoco_state_resampled_v2/custom_mujoco_state_resampled_v2_halfcheetah__inr_transformer_fitted_latent__new_policy__s0 (10.5s)
[gpu2] START /mnt/data/INR/outputs/mujoco/suites/state_resampled_v2/runs/custom_mujoco_state_resampled_v2/custom_mujoco_state_resampled_v2_halfcheetah__inr_transformer_fitted_latent__novel_generalization__s1
[gpu0] OK /mnt/data/INR/outputs/mujoco/suites/state_resampled_v2/runs/custom_mujoco_state_resampled_v2/custom_mujoco_state_resampled_v2_halfcheetah__inr_transformer_fitted_latent__new_policy__s1 (10.6s)
[gpu0] START /mnt/data/INR/outputs/mujoco/suites/state_resampled_v2/runs/custom_mujoco_state_resampled_v2/custom_mujoco_state_resampled_v2_halfcheetah__inr_transformer_fitted_latent__single_shift__s0
[gpu1] OK /mnt/data/INR/outputs/mujoco/suites/state_resampled_v2/runs/custom_mujoco_state_resampled_v2/custom_mujoco_state_resampled_v2_halfcheetah__inr_transformer_fitted_latent__no_shift__s1 (10.1s)
[gpu1] START /mnt/data/INR/outputs/mujoco/suites/state_resampled_v2/runs/custom_mujoco_state_resampled_v2/custom_mujoco_state_resampled_v2_halfcheetah__inr_transformer_fitted_latent__single_shift__s1
[gpu3] OK /mnt/data/INR/outputs/mujoco/suites/state_resampled_v2/runs/custom_mujoco_state_resampled_v2/custom_mujoco_state_resampled_v2_halfcheetah__inr_transformer_fitted_latent__novel_generalization__s0 (6.9s)
[gpu3] START /mnt/data/INR/outputs/mujoco/suites/state_resampled_v2/runs/custom_mujoco_state_resampled_v2/custom_mujoco_state_resampled_v2_halfcheetah__inr_transformer_fitted_latent__specialization__s0
[gpu2] OK /mnt/data/INR/outputs/mujoco/suites/state_resampled_v2/runs/custom_mujoco_state_resampled_v2/custom_mujoco_state_resampled_v2_halfcheetah__inr_transformer_fitted_latent__novel_generalization__s1 (8.7s)
[gpu2] START /mnt/data/INR/outputs/mujoco/suites/state_resampled_v2/runs/custom_mujoco_state_resampled_v2/custom_mujoco_state_resampled_v2_halfcheetah__inr_transformer_fitted_latent__specialization__s1
[gpu0] OK /mnt/data/INR/outputs/mujoco/suites/state_resampled_v2/runs/custom_mujoco_state_resampled_v2/custom_mujoco_state_resampled_v2_halfcheetah__inr_transformer_fitted_latent__single_shift__s0 (10.1s)
[gpu0] START /mnt/data/INR/outputs/mujoco/suites/state_resampled_v2/runs/custom_mujoco_state_resampled_v2/custom_mujoco_state_resampled_v2_halfcheetah__inr_transformer_history_conditioned__conflation__s0
[gpu1] OK /mnt/data/INR/outputs/mujoco/suites/state_resampled_v2/runs/custom_mujoco_state_resampled_v2/custom_mujoco_state_resampled_v2_halfcheetah__inr_transformer_fitted_latent__single_shift__s1 (9.9s)
[gpu1] START /mnt/data/INR/outputs/mujoco/suites/state_resampled_v2/runs/custom_mujoco_state_resampled_v2/custom_mujoco_state_resampled_v2_halfcheetah__inr_transformer_history_conditioned__conflation__s1
[gpu3] OK /mnt/data/INR/outputs/mujoco/suites/state_resampled_v2/runs/custom_mujoco_state_resampled_v2/custom_mujoco_state_resampled_v2_halfcheetah__inr_transformer_fitted_latent__specialization__s0 (7.4s)
[gpu3] START /mnt/data/INR/outputs/mujoco/suites/state_resampled_v2/runs/custom_mujoco_state_resampled_v2/custom_mujoco_state_resampled_v2_halfcheetah__inr_transformer_history_conditioned__generalization__s0
[gpu0] OK /mnt/data/INR/outputs/mujoco/suites/state_resampled_v2/runs/custom_mujoco_state_resampled_v2/custom_mujoco_state_resampled_v2_halfcheetah__inr_transformer_history_conditioned__conflation__s0 (5.9s)
[gpu0] START /mnt/data/INR/outputs/mujoco/suites/state_resampled_v2/runs/custom_mujoco_state_resampled_v2/custom_mujoco_state_resampled_v2_halfcheetah__inr_transformer_history_conditioned__generalization__s1
[gpu2] OK /mnt/data/INR/outputs/mujoco/suites/state_resampled_v2/runs/custom_mujoco_state_resampled_v2/custom_mujoco_state_resampled_v2_halfcheetah__inr_transformer_fitted_latent__specialization__s1 (9.7s)
[gpu2] START /mnt/data/INR/outputs/mujoco/suites/state_resampled_v2/runs/custom_mujoco_state_resampled_v2/custom_mujoco_state_resampled_v2_halfcheetah__inr_transformer_history_conditioned__new_policy__s0
[gpu1] OK /mnt/data/INR/outputs/mujoco/suites/state_resampled_v2/runs/custom_mujoco_state_resampled_v2/custom_mujoco_state_resampled_v2_halfcheetah__inr_transformer_history_conditioned__conflation__s1 (6.0s)
[gpu1] START /mnt/data/INR/outputs/mujoco/suites/state_resampled_v2/runs/custom_mujoco_state_resampled_v2/custom_mujoco_state_resampled_v2_halfcheetah__inr_transformer_history_conditioned__new_policy__s1
[gpu3] OK /mnt/data/INR/outputs/mujoco/suites/state_resampled_v2/runs/custom_mujoco_state_resampled_v2/custom_mujoco_state_resampled_v2_halfcheetah__inr_transformer_history_conditioned__generalization__s0 (5.5s)
[gpu3] START /mnt/data/INR/outputs/mujoco/suites/state_resampled_v2/runs/custom_mujoco_state_resampled_v2/custom_mujoco_state_resampled_v2_halfcheetah__inr_transformer_history_conditioned__no_shift__s0
[gpu0] OK /mnt/data/INR/outputs/mujoco/suites/state_resampled_v2/runs/custom_mujoco_state_resampled_v2/custom_mujoco_state_resampled_v2_halfcheetah__inr_transformer_history_conditioned__generalization__s1 (6.1s)
[gpu0] START /mnt/data/INR/outputs/mujoco/suites/state_resampled_v2/runs/custom_mujoco_state_resampled_v2/custom_mujoco_state_resampled_v2_halfcheetah__inr_transformer_history_conditioned__no_shift__s1
[gpu2] OK /mnt/data/INR/outputs/mujoco/suites/state_resampled_v2/runs/custom_mujoco_state_resampled_v2/custom_mujoco_state_resampled_v2_halfcheetah__inr_transformer_history_conditioned__new_policy__s0 (6.7s)
[gpu2] START /mnt/data/INR/outputs/mujoco/suites/state_resampled_v2/runs/custom_mujoco_state_resampled_v2/custom_mujoco_state_resampled_v2_halfcheetah__inr_transformer_history_conditioned__novel_generalization__s0
[gpu3] OK /mnt/data/INR/outputs/mujoco/suites/state_resampled_v2/runs/custom_mujoco_state_resampled_v2/custom_mujoco_state_resampled_v2_halfcheetah__inr_transformer_history_conditioned__no_shift__s0 (6.2s)
[gpu3] START /mnt/data/INR/outputs/mujoco/suites/state_resampled_v2/runs/custom_mujoco_state_resampled_v2/custom_mujoco_state_resampled_v2_halfcheetah__inr_transformer_history_conditioned__novel_generalization__s1
[gpu1] OK /mnt/data/INR/outputs/mujoco/suites/state_resampled_v2/runs/custom_mujoco_state_resampled_v2/custom_mujoco_state_resampled_v2_halfcheetah__inr_transformer_history_conditioned__new_policy__s1 (7.0s)
[gpu1] START /mnt/data/INR/outputs/mujoco/suites/state_resampled_v2/runs/custom_mujoco_state_resampled_v2/custom_mujoco_state_resampled_v2_halfcheetah__inr_transformer_history_conditioned__single_shift__s0
[gpu0] OK /mnt/data/INR/outputs/mujoco/suites/state_resampled_v2/runs/custom_mujoco_state_resampled_v2/custom_mujoco_state_resampled_v2_halfcheetah__inr_transformer_history_conditioned__no_shift__s1 (6.2s)
[gpu0] START /mnt/data/INR/outputs/mujoco/suites/state_resampled_v2/runs/custom_mujoco_state_resampled_v2/custom_mujoco_state_resampled_v2_halfcheetah__inr_transformer_history_conditioned__single_shift__s1
[gpu3] OK /mnt/data/INR/outputs/mujoco/suites/state_resampled_v2/runs/custom_mujoco_state_resampled_v2/custom_mujoco_state_resampled_v2_halfcheetah__inr_transformer_history_conditioned__novel_generalization__s1 (6.2s)
[gpu3] START /mnt/data/INR/outputs/mujoco/suites/state_resampled_v2/runs/custom_mujoco_state_resampled_v2/custom_mujoco_state_resampled_v2_halfcheetah__inr_transformer_history_conditioned__specialization__s0
[gpu2] OK /mnt/data/INR/outputs/mujoco/suites/state_resampled_v2/runs/custom_mujoco_state_resampled_v2/custom_mujoco_state_resampled_v2_halfcheetah__inr_transformer_history_conditioned__novel_generalization__s0 (6.4s)
[gpu2] START /mnt/data/INR/outputs/mujoco/suites/state_resampled_v2/runs/custom_mujoco_state_resampled_v2/custom_mujoco_state_resampled_v2_halfcheetah__inr_transformer_history_conditioned__specialization__s1
[gpu1] OK /mnt/data/INR/outputs/mujoco/suites/state_resampled_v2/runs/custom_mujoco_state_resampled_v2/custom_mujoco_state_resampled_v2_halfcheetah__inr_transformer_history_conditioned__single_shift__s0 (6.5s)
[gpu1] START /mnt/data/INR/outputs/mujoco/suites/state_resampled_v2/runs/custom_mujoco_state_resampled_v2/custom_mujoco_state_resampled_v2_hopper__cvae__conflation__s0
[gpu0] OK /mnt/data/INR/outputs/mujoco/suites/state_resampled_v2/runs/custom_mujoco_state_resampled_v2/custom_mujoco_state_resampled_v2_halfcheetah__inr_transformer_history_conditioned__single_shift__s1 (6.0s)
[gpu0] START /mnt/data/INR/outputs/mujoco/suites/state_resampled_v2/runs/custom_mujoco_state_resampled_v2/custom_mujoco_state_resampled_v2_hopper__cvae__conflation__s1
[gpu3] OK /mnt/data/INR/outputs/mujoco/suites/state_resampled_v2/runs/custom_mujoco_state_resampled_v2/custom_mujoco_state_resampled_v2_halfcheetah__inr_transformer_history_conditioned__specialization__s0 (6.0s)
[gpu3] START /mnt/data/INR/outputs/mujoco/suites/state_resampled_v2/runs/custom_mujoco_state_resampled_v2/custom_mujoco_state_resampled_v2_hopper__cvae__generalization__s0
[gpu2] OK /mnt/data/INR/outputs/mujoco/suites/state_resampled_v2/runs/custom_mujoco_state_resampled_v2/custom_mujoco_state_resampled_v2_halfcheetah__inr_transformer_history_conditioned__specialization__s1 (6.4s)
[gpu2] START /mnt/data/INR/outputs/mujoco/suites/state_resampled_v2/runs/custom_mujoco_state_resampled_v2/custom_mujoco_state_resampled_v2_hopper__cvae__generalization__s1
[gpu1] OK /mnt/data/INR/outputs/mujoco/suites/state_resampled_v2/runs/custom_mujoco_state_resampled_v2/custom_mujoco_state_resampled_v2_hopper__cvae__conflation__s0 (10.2s)
[gpu1] START /mnt/data/INR/outputs/mujoco/suites/state_resampled_v2/runs/custom_mujoco_state_resampled_v2/custom_mujoco_state_resampled_v2_hopper__cvae__new_policy__s0
[gpu3] OK /mnt/data/INR/outputs/mujoco/suites/state_resampled_v2/runs/custom_mujoco_state_resampled_v2/custom_mujoco_state_resampled_v2_hopper__cvae__generalization__s0 (5.3s)
[gpu3] START /mnt/data/INR/outputs/mujoco/suites/state_resampled_v2/runs/custom_mujoco_state_resampled_v2/custom_mujoco_state_resampled_v2_hopper__cvae__new_policy__s1
[gpu2] OK /mnt/data/INR/outputs/mujoco/suites/state_resampled_v2/runs/custom_mujoco_state_resampled_v2/custom_mujoco_state_resampled_v2_hopper__cvae__generalization__s1 (5.9s)
[gpu2] START /mnt/data/INR/outputs/mujoco/suites/state_resampled_v2/runs/custom_mujoco_state_resampled_v2/custom_mujoco_state_resampled_v2_hopper__cvae__no_shift__s0
[gpu0] OK /mnt/data/INR/outputs/mujoco/suites/state_resampled_v2/runs/custom_mujoco_state_resampled_v2/custom_mujoco_state_resampled_v2_hopper__cvae__conflation__s1 (10.0s)
[gpu0] START /mnt/data/INR/outputs/mujoco/suites/state_resampled_v2/runs/custom_mujoco_state_resampled_v2/custom_mujoco_state_resampled_v2_hopper__cvae__no_shift__s1
[gpu3] OK /mnt/data/INR/outputs/mujoco/suites/state_resampled_v2/runs/custom_mujoco_state_resampled_v2/custom_mujoco_state_resampled_v2_hopper__cvae__new_policy__s1 (5.6s)
[gpu3] START /mnt/data/INR/outputs/mujoco/suites/state_resampled_v2/runs/custom_mujoco_state_resampled_v2/custom_mujoco_state_resampled_v2_hopper__cvae__novel_generalization__s0
[gpu1] OK /mnt/data/INR/outputs/mujoco/suites/state_resampled_v2/runs/custom_mujoco_state_resampled_v2/custom_mujoco_state_resampled_v2_hopper__cvae__new_policy__s0 (6.2s)
[gpu1] START /mnt/data/INR/outputs/mujoco/suites/state_resampled_v2/runs/custom_mujoco_state_resampled_v2/custom_mujoco_state_resampled_v2_hopper__cvae__novel_generalization__s1
[gpu2] OK /mnt/data/INR/outputs/mujoco/suites/state_resampled_v2/runs/custom_mujoco_state_resampled_v2/custom_mujoco_state_resampled_v2_hopper__cvae__no_shift__s0 (6.1s)
[gpu2] START /mnt/data/INR/outputs/mujoco/suites/state_resampled_v2/runs/custom_mujoco_state_resampled_v2/custom_mujoco_state_resampled_v2_hopper__cvae__single_shift__s0
[gpu0] OK /mnt/data/INR/outputs/mujoco/suites/state_resampled_v2/runs/custom_mujoco_state_resampled_v2/custom_mujoco_state_resampled_v2_hopper__cvae__no_shift__s1 (6.1s)
[gpu0] START /mnt/data/INR/outputs/mujoco/suites/state_resampled_v2/runs/custom_mujoco_state_resampled_v2/custom_mujoco_state_resampled_v2_hopper__cvae__single_shift__s1
[gpu3] OK /mnt/data/INR/outputs/mujoco/suites/state_resampled_v2/runs/custom_mujoco_state_resampled_v2/custom_mujoco_state_resampled_v2_hopper__cvae__novel_generalization__s0 (5.4s)
[gpu3] START /mnt/data/INR/outputs/mujoco/suites/state_resampled_v2/runs/custom_mujoco_state_resampled_v2/custom_mujoco_state_resampled_v2_hopper__cvae__specialization__s0
[gpu1] OK /mnt/data/INR/outputs/mujoco/suites/state_resampled_v2/runs/custom_mujoco_state_resampled_v2/custom_mujoco_state_resampled_v2_hopper__cvae__novel_generalization__s1 (5.9s)
[gpu1] START /mnt/data/INR/outputs/mujoco/suites/state_resampled_v2/runs/custom_mujoco_state_resampled_v2/custom_mujoco_state_resampled_v2_hopper__cvae__specialization__s1
[gpu2] OK /mnt/data/INR/outputs/mujoco/suites/state_resampled_v2/runs/custom_mujoco_state_resampled_v2/custom_mujoco_state_resampled_v2_hopper__cvae__single_shift__s0 (6.1s)
[gpu2] START /mnt/data/INR/outputs/mujoco/suites/state_resampled_v2/runs/custom_mujoco_state_resampled_v2/custom_mujoco_state_resampled_v2_hopper__inr_diffusion_history_conditioned__conflation__s0
[gpu0] OK /mnt/data/INR/outputs/mujoco/suites/state_resampled_v2/runs/custom_mujoco_state_resampled_v2/custom_mujoco_state_resampled_v2_hopper__cvae__single_shift__s1 (6.0s)
[gpu0] START /mnt/data/INR/outputs/mujoco/suites/state_resampled_v2/runs/custom_mujoco_state_resampled_v2/custom_mujoco_state_resampled_v2_hopper__inr_diffusion_history_conditioned__conflation__s1
[gpu3] OK /mnt/data/INR/outputs/mujoco/suites/state_resampled_v2/runs/custom_mujoco_state_resampled_v2/custom_mujoco_state_resampled_v2_hopper__cvae__specialization__s0 (5.6s)
[gpu3] START /mnt/data/INR/outputs/mujoco/suites/state_resampled_v2/runs/custom_mujoco_state_resampled_v2/custom_mujoco_state_resampled_v2_hopper__inr_diffusion_history_conditioned__generalization__s0
[gpu1] OK /mnt/data/INR/outputs/mujoco/suites/state_resampled_v2/runs/custom_mujoco_state_resampled_v2/custom_mujoco_state_resampled_v2_hopper__cvae__specialization__s1 (5.9s)
[gpu1] START /mnt/data/INR/outputs/mujoco/suites/state_resampled_v2/runs/custom_mujoco_state_resampled_v2/custom_mujoco_state_resampled_v2_hopper__inr_diffusion_history_conditioned__generalization__s1
[gpu2] OK /mnt/data/INR/outputs/mujoco/suites/state_resampled_v2/runs/custom_mujoco_state_resampled_v2/custom_mujoco_state_resampled_v2_hopper__inr_diffusion_history_conditioned__conflation__s0 (6.1s)
[gpu2] START /mnt/data/INR/outputs/mujoco/suites/state_resampled_v2/runs/custom_mujoco_state_resampled_v2/custom_mujoco_state_resampled_v2_hopper__inr_diffusion_history_conditioned__new_policy__s0
[gpu0] OK /mnt/data/INR/outputs/mujoco/suites/state_resampled_v2/runs/custom_mujoco_state_resampled_v2/custom_mujoco_state_resampled_v2_hopper__inr_diffusion_history_conditioned__conflation__s1 (6.2s)
[gpu0] START /mnt/data/INR/outputs/mujoco/suites/state_resampled_v2/runs/custom_mujoco_state_resampled_v2/custom_mujoco_state_resampled_v2_hopper__inr_diffusion_history_conditioned__new_policy__s1
[gpu3] OK /mnt/data/INR/outputs/mujoco/suites/state_resampled_v2/runs/custom_mujoco_state_resampled_v2/custom_mujoco_state_resampled_v2_hopper__inr_diffusion_history_conditioned__generalization__s0 (5.2s)
[gpu3] START /mnt/data/INR/outputs/mujoco/suites/state_resampled_v2/runs/custom_mujoco_state_resampled_v2/custom_mujoco_state_resampled_v2_hopper__inr_diffusion_history_conditioned__no_shift__s0
[gpu1] OK /mnt/data/INR/outputs/mujoco/suites/state_resampled_v2/runs/custom_mujoco_state_resampled_v2/custom_mujoco_state_resampled_v2_hopper__inr_diffusion_history_conditioned__generalization__s1 (6.1s)
[gpu1] START /mnt/data/INR/outputs/mujoco/suites/state_resampled_v2/runs/custom_mujoco_state_resampled_v2/custom_mujoco_state_resampled_v2_hopper__inr_diffusion_history_conditioned__no_shift__s1
[gpu2] OK /mnt/data/INR/outputs/mujoco/suites/state_resampled_v2/runs/custom_mujoco_state_resampled_v2/custom_mujoco_state_resampled_v2_hopper__inr_diffusion_history_conditioned__new_policy__s0 (6.2s)
[gpu2] START /mnt/data/INR/outputs/mujoco/suites/state_resampled_v2/runs/custom_mujoco_state_resampled_v2/custom_mujoco_state_resampled_v2_hopper__inr_diffusion_history_conditioned__novel_generalization__s0
[gpu0] OK /mnt/data/INR/outputs/mujoco/suites/state_resampled_v2/runs/custom_mujoco_state_resampled_v2/custom_mujoco_state_resampled_v2_hopper__inr_diffusion_history_conditioned__new_policy__s1 (6.1s)
[gpu0] START /mnt/data/INR/outputs/mujoco/suites/state_resampled_v2/runs/custom_mujoco_state_resampled_v2/custom_mujoco_state_resampled_v2_hopper__inr_diffusion_history_conditioned__novel_generalization__s1
[gpu3] OK /mnt/data/INR/outputs/mujoco/suites/state_resampled_v2/runs/custom_mujoco_state_resampled_v2/custom_mujoco_state_resampled_v2_hopper__inr_diffusion_history_conditioned__no_shift__s0 (5.7s)
[gpu3] START /mnt/data/INR/outputs/mujoco/suites/state_resampled_v2/runs/custom_mujoco_state_resampled_v2/custom_mujoco_state_resampled_v2_hopper__inr_diffusion_history_conditioned__single_shift__s0
[gpu1] OK /mnt/data/INR/outputs/mujoco/suites/state_resampled_v2/runs/custom_mujoco_state_resampled_v2/custom_mujoco_state_resampled_v2_hopper__inr_diffusion_history_conditioned__no_shift__s1 (6.1s)
[gpu1] START /mnt/data/INR/outputs/mujoco/suites/state_resampled_v2/runs/custom_mujoco_state_resampled_v2/custom_mujoco_state_resampled_v2_hopper__inr_diffusion_history_conditioned__single_shift__s1
[gpu2] OK /mnt/data/INR/outputs/mujoco/suites/state_resampled_v2/runs/custom_mujoco_state_resampled_v2/custom_mujoco_state_resampled_v2_hopper__inr_diffusion_history_conditioned__novel_generalization__s0 (6.0s)
[gpu2] START /mnt/data/INR/outputs/mujoco/suites/state_resampled_v2/runs/custom_mujoco_state_resampled_v2/custom_mujoco_state_resampled_v2_hopper__inr_diffusion_history_conditioned__specialization__s0
[gpu0] OK /mnt/data/INR/outputs/mujoco/suites/state_resampled_v2/runs/custom_mujoco_state_resampled_v2/custom_mujoco_state_resampled_v2_hopper__inr_diffusion_history_conditioned__novel_generalization__s1 (6.4s)
[gpu0] START /mnt/data/INR/outputs/mujoco/suites/state_resampled_v2/runs/custom_mujoco_state_resampled_v2/custom_mujoco_state_resampled_v2_hopper__inr_diffusion_history_conditioned__specialization__s1
[gpu3] OK /mnt/data/INR/outputs/mujoco/suites/state_resampled_v2/runs/custom_mujoco_state_resampled_v2/custom_mujoco_state_resampled_v2_hopper__inr_diffusion_history_conditioned__single_shift__s0 (6.6s)
[gpu3] START /mnt/data/INR/outputs/mujoco/suites/state_resampled_v2/runs/custom_mujoco_state_resampled_v2/custom_mujoco_state_resampled_v2_hopper__inr_transformer_fitted_latent__conflation__s0
[gpu1] OK /mnt/data/INR/outputs/mujoco/suites/state_resampled_v2/runs/custom_mujoco_state_resampled_v2/custom_mujoco_state_resampled_v2_hopper__inr_diffusion_history_conditioned__single_shift__s1 (6.1s)
[gpu1] START /mnt/data/INR/outputs/mujoco/suites/state_resampled_v2/runs/custom_mujoco_state_resampled_v2/custom_mujoco_state_resampled_v2_hopper__inr_transformer_fitted_latent__conflation__s1
[gpu2] OK /mnt/data/INR/outputs/mujoco/suites/state_resampled_v2/runs/custom_mujoco_state_resampled_v2/custom_mujoco_state_resampled_v2_hopper__inr_diffusion_history_conditioned__specialization__s0 (6.0s)
[gpu2] START /mnt/data/INR/outputs/mujoco/suites/state_resampled_v2/runs/custom_mujoco_state_resampled_v2/custom_mujoco_state_resampled_v2_hopper__inr_transformer_fitted_latent__generalization__s0
[gpu0] OK /mnt/data/INR/outputs/mujoco/suites/state_resampled_v2/runs/custom_mujoco_state_resampled_v2/custom_mujoco_state_resampled_v2_hopper__inr_diffusion_history_conditioned__specialization__s1 (6.2s)
[gpu0] START /mnt/data/INR/outputs/mujoco/suites/state_resampled_v2/runs/custom_mujoco_state_resampled_v2/custom_mujoco_state_resampled_v2_hopper__inr_transformer_fitted_latent__generalization__s1
[gpu3] OK /mnt/data/INR/outputs/mujoco/suites/state_resampled_v2/runs/custom_mujoco_state_resampled_v2/custom_mujoco_state_resampled_v2_hopper__inr_transformer_fitted_latent__conflation__s0 (8.9s)
[gpu3] START /mnt/data/INR/outputs/mujoco/suites/state_resampled_v2/runs/custom_mujoco_state_resampled_v2/custom_mujoco_state_resampled_v2_hopper__inr_transformer_fitted_latent__new_policy__s0
[gpu1] OK /mnt/data/INR/outputs/mujoco/suites/state_resampled_v2/runs/custom_mujoco_state_resampled_v2/custom_mujoco_state_resampled_v2_hopper__inr_transformer_fitted_latent__conflation__s1 (8.7s)
[gpu1] START /mnt/data/INR/outputs/mujoco/suites/state_resampled_v2/runs/custom_mujoco_state_resampled_v2/custom_mujoco_state_resampled_v2_hopper__inr_transformer_fitted_latent__new_policy__s1
[gpu2] OK /mnt/data/INR/outputs/mujoco/suites/state_resampled_v2/runs/custom_mujoco_state_resampled_v2/custom_mujoco_state_resampled_v2_hopper__inr_transformer_fitted_latent__generalization__s0 (8.0s)
[gpu2] START /mnt/data/INR/outputs/mujoco/suites/state_resampled_v2/runs/custom_mujoco_state_resampled_v2/custom_mujoco_state_resampled_v2_hopper__inr_transformer_fitted_latent__no_shift__s0
[gpu0] OK /mnt/data/INR/outputs/mujoco/suites/state_resampled_v2/runs/custom_mujoco_state_resampled_v2/custom_mujoco_state_resampled_v2_hopper__inr_transformer_fitted_latent__generalization__s1 (8.0s)
[gpu0] START /mnt/data/INR/outputs/mujoco/suites/state_resampled_v2/runs/custom_mujoco_state_resampled_v2/custom_mujoco_state_resampled_v2_hopper__inr_transformer_fitted_latent__no_shift__s1
[gpu3] OK /mnt/data/INR/outputs/mujoco/suites/state_resampled_v2/runs/custom_mujoco_state_resampled_v2/custom_mujoco_state_resampled_v2_hopper__inr_transformer_fitted_latent__new_policy__s0 (10.1s)
[gpu3] START /mnt/data/INR/outputs/mujoco/suites/state_resampled_v2/runs/custom_mujoco_state_resampled_v2/custom_mujoco_state_resampled_v2_hopper__inr_transformer_fitted_latent__novel_generalization__s0
[gpu1] OK /mnt/data/INR/outputs/mujoco/suites/state_resampled_v2/runs/custom_mujoco_state_resampled_v2/custom_mujoco_state_resampled_v2_hopper__inr_transformer_fitted_latent__new_policy__s1 (10.2s)
[gpu1] START /mnt/data/INR/outputs/mujoco/suites/state_resampled_v2/runs/custom_mujoco_state_resampled_v2/custom_mujoco_state_resampled_v2_hopper__inr_transformer_fitted_latent__novel_generalization__s1
[gpu2] OK /mnt/data/INR/outputs/mujoco/suites/state_resampled_v2/runs/custom_mujoco_state_resampled_v2/custom_mujoco_state_resampled_v2_hopper__inr_transformer_fitted_latent__no_shift__s0 (9.7s)
[gpu2] START /mnt/data/INR/outputs/mujoco/suites/state_resampled_v2/runs/custom_mujoco_state_resampled_v2/custom_mujoco_state_resampled_v2_hopper__inr_transformer_fitted_latent__single_shift__s0
[gpu0] OK /mnt/data/INR/outputs/mujoco/suites/state_resampled_v2/runs/custom_mujoco_state_resampled_v2/custom_mujoco_state_resampled_v2_hopper__inr_transformer_fitted_latent__no_shift__s1 (9.6s)
[gpu0] START /mnt/data/INR/outputs/mujoco/suites/state_resampled_v2/runs/custom_mujoco_state_resampled_v2/custom_mujoco_state_resampled_v2_hopper__inr_transformer_fitted_latent__single_shift__s1
[gpu3] OK /mnt/data/INR/outputs/mujoco/suites/state_resampled_v2/runs/custom_mujoco_state_resampled_v2/custom_mujoco_state_resampled_v2_hopper__inr_transformer_fitted_latent__novel_generalization__s0 (8.4s)
[gpu3] START /mnt/data/INR/outputs/mujoco/suites/state_resampled_v2/runs/custom_mujoco_state_resampled_v2/custom_mujoco_state_resampled_v2_hopper__inr_transformer_fitted_latent__specialization__s0
[gpu1] OK /mnt/data/INR/outputs/mujoco/suites/state_resampled_v2/runs/custom_mujoco_state_resampled_v2/custom_mujoco_state_resampled_v2_hopper__inr_transformer_fitted_latent__novel_generalization__s1 (8.5s)
[gpu1] START /mnt/data/INR/outputs/mujoco/suites/state_resampled_v2/runs/custom_mujoco_state_resampled_v2/custom_mujoco_state_resampled_v2_hopper__inr_transformer_fitted_latent__specialization__s1
[gpu2] OK /mnt/data/INR/outputs/mujoco/suites/state_resampled_v2/runs/custom_mujoco_state_resampled_v2/custom_mujoco_state_resampled_v2_hopper__inr_transformer_fitted_latent__single_shift__s0 (9.5s)
[gpu2] START /mnt/data/INR/outputs/mujoco/suites/state_resampled_v2/runs/custom_mujoco_state_resampled_v2/custom_mujoco_state_resampled_v2_hopper__inr_transformer_history_conditioned__conflation__s0
[gpu0] OK /mnt/data/INR/outputs/mujoco/suites/state_resampled_v2/runs/custom_mujoco_state_resampled_v2/custom_mujoco_state_resampled_v2_hopper__inr_transformer_fitted_latent__single_shift__s1 (9.6s)
[gpu0] START /mnt/data/INR/outputs/mujoco/suites/state_resampled_v2/runs/custom_mujoco_state_resampled_v2/custom_mujoco_state_resampled_v2_hopper__inr_transformer_history_conditioned__conflation__s1
[gpu2] OK /mnt/data/INR/outputs/mujoco/suites/state_resampled_v2/runs/custom_mujoco_state_resampled_v2/custom_mujoco_state_resampled_v2_hopper__inr_transformer_history_conditioned__conflation__s0 (5.7s)
[gpu2] START /mnt/data/INR/outputs/mujoco/suites/state_resampled_v2/runs/custom_mujoco_state_resampled_v2/custom_mujoco_state_resampled_v2_hopper__inr_transformer_history_conditioned__generalization__s0
[gpu3] OK /mnt/data/INR/outputs/mujoco/suites/state_resampled_v2/runs/custom_mujoco_state_resampled_v2/custom_mujoco_state_resampled_v2_hopper__inr_transformer_fitted_latent__specialization__s0 (9.4s)
[gpu3] START /mnt/data/INR/outputs/mujoco/suites/state_resampled_v2/runs/custom_mujoco_state_resampled_v2/custom_mujoco_state_resampled_v2_hopper__inr_transformer_history_conditioned__generalization__s1
[gpu1] OK /mnt/data/INR/outputs/mujoco/suites/state_resampled_v2/runs/custom_mujoco_state_resampled_v2/custom_mujoco_state_resampled_v2_hopper__inr_transformer_fitted_latent__specialization__s1 (9.6s)
[gpu1] START /mnt/data/INR/outputs/mujoco/suites/state_resampled_v2/runs/custom_mujoco_state_resampled_v2/custom_mujoco_state_resampled_v2_hopper__inr_transformer_history_conditioned__new_policy__s0
[gpu0] OK /mnt/data/INR/outputs/mujoco/suites/state_resampled_v2/runs/custom_mujoco_state_resampled_v2/custom_mujoco_state_resampled_v2_hopper__inr_transformer_history_conditioned__conflation__s1 (5.7s)
[gpu0] START /mnt/data/INR/outputs/mujoco/suites/state_resampled_v2/runs/custom_mujoco_state_resampled_v2/custom_mujoco_state_resampled_v2_hopper__inr_transformer_history_conditioned__new_policy__s1
[gpu2] OK /mnt/data/INR/outputs/mujoco/suites/state_resampled_v2/runs/custom_mujoco_state_resampled_v2/custom_mujoco_state_resampled_v2_hopper__inr_transformer_history_conditioned__generalization__s0 (5.8s)
[gpu2] START /mnt/data/INR/outputs/mujoco/suites/state_resampled_v2/runs/custom_mujoco_state_resampled_v2/custom_mujoco_state_resampled_v2_hopper__inr_transformer_history_conditioned__no_shift__s0
[gpu3] OK /mnt/data/INR/outputs/mujoco/suites/state_resampled_v2/runs/custom_mujoco_state_resampled_v2/custom_mujoco_state_resampled_v2_hopper__inr_transformer_history_conditioned__generalization__s1 (5.8s)
[gpu3] START /mnt/data/INR/outputs/mujoco/suites/state_resampled_v2/runs/custom_mujoco_state_resampled_v2/custom_mujoco_state_resampled_v2_hopper__inr_transformer_history_conditioned__no_shift__s1
[gpu1] OK /mnt/data/INR/outputs/mujoco/suites/state_resampled_v2/runs/custom_mujoco_state_resampled_v2/custom_mujoco_state_resampled_v2_hopper__inr_transformer_history_conditioned__new_policy__s0 (6.2s)
[gpu1] START /mnt/data/INR/outputs/mujoco/suites/state_resampled_v2/runs/custom_mujoco_state_resampled_v2/custom_mujoco_state_resampled_v2_hopper__inr_transformer_history_conditioned__novel_generalization__s0
[gpu0] OK /mnt/data/INR/outputs/mujoco/suites/state_resampled_v2/runs/custom_mujoco_state_resampled_v2/custom_mujoco_state_resampled_v2_hopper__inr_transformer_history_conditioned__new_policy__s1 (6.1s)
[gpu0] START /mnt/data/INR/outputs/mujoco/suites/state_resampled_v2/runs/custom_mujoco_state_resampled_v2/custom_mujoco_state_resampled_v2_hopper__inr_transformer_history_conditioned__novel_generalization__s1
[gpu2] OK /mnt/data/INR/outputs/mujoco/suites/state_resampled_v2/runs/custom_mujoco_state_resampled_v2/custom_mujoco_state_resampled_v2_hopper__inr_transformer_history_conditioned__no_shift__s0 (6.0s)
[gpu2] START /mnt/data/INR/outputs/mujoco/suites/state_resampled_v2/runs/custom_mujoco_state_resampled_v2/custom_mujoco_state_resampled_v2_hopper__inr_transformer_history_conditioned__single_shift__s0
[gpu3] OK /mnt/data/INR/outputs/mujoco/suites/state_resampled_v2/runs/custom_mujoco_state_resampled_v2/custom_mujoco_state_resampled_v2_hopper__inr_transformer_history_conditioned__no_shift__s1 (6.0s)
[gpu3] START /mnt/data/INR/outputs/mujoco/suites/state_resampled_v2/runs/custom_mujoco_state_resampled_v2/custom_mujoco_state_resampled_v2_hopper__inr_transformer_history_conditioned__single_shift__s1
[gpu1] OK /mnt/data/INR/outputs/mujoco/suites/state_resampled_v2/runs/custom_mujoco_state_resampled_v2/custom_mujoco_state_resampled_v2_hopper__inr_transformer_history_conditioned__novel_generalization__s0 (5.9s)
[gpu1] START /mnt/data/INR/outputs/mujoco/suites/state_resampled_v2/runs/custom_mujoco_state_resampled_v2/custom_mujoco_state_resampled_v2_hopper__inr_transformer_history_conditioned__specialization__s0
[gpu0] OK /mnt/data/INR/outputs/mujoco/suites/state_resampled_v2/runs/custom_mujoco_state_resampled_v2/custom_mujoco_state_resampled_v2_hopper__inr_transformer_history_conditioned__novel_generalization__s1 (5.9s)
[gpu0] START /mnt/data/INR/outputs/mujoco/suites/state_resampled_v2/runs/custom_mujoco_state_resampled_v2/custom_mujoco_state_resampled_v2_hopper__inr_transformer_history_conditioned__specialization__s1
[gpu2] OK /mnt/data/INR/outputs/mujoco/suites/state_resampled_v2/runs/custom_mujoco_state_resampled_v2/custom_mujoco_state_resampled_v2_hopper__inr_transformer_history_conditioned__single_shift__s0 (6.0s)
[gpu2] START /mnt/data/INR/outputs/mujoco/suites/state_resampled_v2/runs/custom_mujoco_state_resampled_v2/custom_mujoco_state_resampled_v2_humanoid__cvae__conflation__s0
[gpu3] OK /mnt/data/INR/outputs/mujoco/suites/state_resampled_v2/runs/custom_mujoco_state_resampled_v2/custom_mujoco_state_resampled_v2_hopper__inr_transformer_history_conditioned__single_shift__s1 (5.9s)
[gpu3] START /mnt/data/INR/outputs/mujoco/suites/state_resampled_v2/runs/custom_mujoco_state_resampled_v2/custom_mujoco_state_resampled_v2_humanoid__cvae__conflation__s1
[gpu1] OK /mnt/data/INR/outputs/mujoco/suites/state_resampled_v2/runs/custom_mujoco_state_resampled_v2/custom_mujoco_state_resampled_v2_hopper__inr_transformer_history_conditioned__specialization__s0 (6.0s)
[gpu1] START /mnt/data/INR/outputs/mujoco/suites/state_resampled_v2/runs/custom_mujoco_state_resampled_v2/custom_mujoco_state_resampled_v2_humanoid__cvae__generalization__s0
[gpu0] OK /mnt/data/INR/outputs/mujoco/suites/state_resampled_v2/runs/custom_mujoco_state_resampled_v2/custom_mujoco_state_resampled_v2_hopper__inr_transformer_history_conditioned__specialization__s1 (6.1s)
[gpu0] START /mnt/data/INR/outputs/mujoco/suites/state_resampled_v2/runs/custom_mujoco_state_resampled_v2/custom_mujoco_state_resampled_v2_humanoid__cvae__generalization__s1
[gpu1] OK /mnt/data/INR/outputs/mujoco/suites/state_resampled_v2/runs/custom_mujoco_state_resampled_v2/custom_mujoco_state_resampled_v2_humanoid__cvae__generalization__s0 (50.5s)
[gpu1] START /mnt/data/INR/outputs/mujoco/suites/state_resampled_v2/runs/custom_mujoco_state_resampled_v2/custom_mujoco_state_resampled_v2_humanoid__cvae__new_policy__s0
[gpu0] OK /mnt/data/INR/outputs/mujoco/suites/state_resampled_v2/runs/custom_mujoco_state_resampled_v2/custom_mujoco_state_resampled_v2_humanoid__cvae__generalization__s1 (50.2s)
[gpu0] START /mnt/data/INR/outputs/mujoco/suites/state_resampled_v2/runs/custom_mujoco_state_resampled_v2/custom_mujoco_state_resampled_v2_humanoid__cvae__new_policy__s1
[gpu2] OK /mnt/data/INR/outputs/mujoco/suites/state_resampled_v2/runs/custom_mujoco_state_resampled_v2/custom_mujoco_state_resampled_v2_humanoid__cvae__conflation__s0 (53.2s)
[gpu2] START /mnt/data/INR/outputs/mujoco/suites/state_resampled_v2/runs/custom_mujoco_state_resampled_v2/custom_mujoco_state_resampled_v2_humanoid__cvae__no_shift__s0
[gpu3] OK /mnt/data/INR/outputs/mujoco/suites/state_resampled_v2/runs/custom_mujoco_state_resampled_v2/custom_mujoco_state_resampled_v2_humanoid__cvae__conflation__s1 (53.0s)
[gpu3] START /mnt/data/INR/outputs/mujoco/suites/state_resampled_v2/runs/custom_mujoco_state_resampled_v2/custom_mujoco_state_resampled_v2_humanoid__cvae__no_shift__s1
[gpu1] OK /mnt/data/INR/outputs/mujoco/suites/state_resampled_v2/runs/custom_mujoco_state_resampled_v2/custom_mujoco_state_resampled_v2_humanoid__cvae__new_policy__s0 (12.1s)
[gpu1] START /mnt/data/INR/outputs/mujoco/suites/state_resampled_v2/runs/custom_mujoco_state_resampled_v2/custom_mujoco_state_resampled_v2_humanoid__cvae__novel_generalization__s0
[gpu2] OK /mnt/data/INR/outputs/mujoco/suites/state_resampled_v2/runs/custom_mujoco_state_resampled_v2/custom_mujoco_state_resampled_v2_humanoid__cvae__no_shift__s0 (12.5s)
[gpu2] START /mnt/data/INR/outputs/mujoco/suites/state_resampled_v2/runs/custom_mujoco_state_resampled_v2/custom_mujoco_state_resampled_v2_humanoid__cvae__novel_generalization__s1
[gpu0] OK /mnt/data/INR/outputs/mujoco/suites/state_resampled_v2/runs/custom_mujoco_state_resampled_v2/custom_mujoco_state_resampled_v2_humanoid__cvae__new_policy__s1 (12.7s)
[gpu0] START /mnt/data/INR/outputs/mujoco/suites/state_resampled_v2/runs/custom_mujoco_state_resampled_v2/custom_mujoco_state_resampled_v2_humanoid__cvae__single_shift__s0
[gpu3] OK /mnt/data/INR/outputs/mujoco/suites/state_resampled_v2/runs/custom_mujoco_state_resampled_v2/custom_mujoco_state_resampled_v2_humanoid__cvae__no_shift__s1 (12.6s)
[gpu3] START /mnt/data/INR/outputs/mujoco/suites/state_resampled_v2/runs/custom_mujoco_state_resampled_v2/custom_mujoco_state_resampled_v2_humanoid__cvae__single_shift__s1
[gpu1] OK /mnt/data/INR/outputs/mujoco/suites/state_resampled_v2/runs/custom_mujoco_state_resampled_v2/custom_mujoco_state_resampled_v2_humanoid__cvae__novel_generalization__s0 (11.7s)
[gpu1] START /mnt/data/INR/outputs/mujoco/suites/state_resampled_v2/runs/custom_mujoco_state_resampled_v2/custom_mujoco_state_resampled_v2_humanoid__cvae__specialization__s0
[gpu2] OK /mnt/data/INR/outputs/mujoco/suites/state_resampled_v2/runs/custom_mujoco_state_resampled_v2/custom_mujoco_state_resampled_v2_humanoid__cvae__novel_generalization__s1 (12.1s)
[gpu2] START /mnt/data/INR/outputs/mujoco/suites/state_resampled_v2/runs/custom_mujoco_state_resampled_v2/custom_mujoco_state_resampled_v2_humanoid__cvae__specialization__s1
[gpu3] OK /mnt/data/INR/outputs/mujoco/suites/state_resampled_v2/runs/custom_mujoco_state_resampled_v2/custom_mujoco_state_resampled_v2_humanoid__cvae__single_shift__s1 (12.4s)
[gpu3] START /mnt/data/INR/outputs/mujoco/suites/state_resampled_v2/runs/custom_mujoco_state_resampled_v2/custom_mujoco_state_resampled_v2_humanoid__inr_diffusion_history_conditioned__conflation__s0
[gpu0] OK /mnt/data/INR/outputs/mujoco/suites/state_resampled_v2/runs/custom_mujoco_state_resampled_v2/custom_mujoco_state_resampled_v2_humanoid__cvae__single_shift__s0 (12.6s)
[gpu0] START /mnt/data/INR/outputs/mujoco/suites/state_resampled_v2/runs/custom_mujoco_state_resampled_v2/custom_mujoco_state_resampled_v2_humanoid__inr_diffusion_history_conditioned__conflation__s1
[gpu1] OK /mnt/data/INR/outputs/mujoco/suites/state_resampled_v2/runs/custom_mujoco_state_resampled_v2/custom_mujoco_state_resampled_v2_humanoid__cvae__specialization__s0 (11.4s)
[gpu1] START /mnt/data/INR/outputs/mujoco/suites/state_resampled_v2/runs/custom_mujoco_state_resampled_v2/custom_mujoco_state_resampled_v2_humanoid__inr_diffusion_history_conditioned__generalization__s0
[gpu2] OK /mnt/data/INR/outputs/mujoco/suites/state_resampled_v2/runs/custom_mujoco_state_resampled_v2/custom_mujoco_state_resampled_v2_humanoid__cvae__specialization__s1 (11.9s)
[gpu2] START /mnt/data/INR/outputs/mujoco/suites/state_resampled_v2/runs/custom_mujoco_state_resampled_v2/custom_mujoco_state_resampled_v2_humanoid__inr_diffusion_history_conditioned__generalization__s1
[gpu3] OK /mnt/data/INR/outputs/mujoco/suites/state_resampled_v2/runs/custom_mujoco_state_resampled_v2/custom_mujoco_state_resampled_v2_humanoid__inr_diffusion_history_conditioned__conflation__s0 (12.3s)
[gpu3] START /mnt/data/INR/outputs/mujoco/suites/state_resampled_v2/runs/custom_mujoco_state_resampled_v2/custom_mujoco_state_resampled_v2_humanoid__inr_diffusion_history_conditioned__new_policy__s0
[gpu0] OK /mnt/data/INR/outputs/mujoco/suites/state_resampled_v2/runs/custom_mujoco_state_resampled_v2/custom_mujoco_state_resampled_v2_humanoid__inr_diffusion_history_conditioned__conflation__s1 (12.3s)
[gpu0] START /mnt/data/INR/outputs/mujoco/suites/state_resampled_v2/runs/custom_mujoco_state_resampled_v2/custom_mujoco_state_resampled_v2_humanoid__inr_diffusion_history_conditioned__new_policy__s1
[gpu1] OK /mnt/data/INR/outputs/mujoco/suites/state_resampled_v2/runs/custom_mujoco_state_resampled_v2/custom_mujoco_state_resampled_v2_humanoid__inr_diffusion_history_conditioned__generalization__s0 (11.6s)
[gpu1] START /mnt/data/INR/outputs/mujoco/suites/state_resampled_v2/runs/custom_mujoco_state_resampled_v2/custom_mujoco_state_resampled_v2_humanoid__inr_diffusion_history_conditioned__no_shift__s0
[gpu2] OK /mnt/data/INR/outputs/mujoco/suites/state_resampled_v2/runs/custom_mujoco_state_resampled_v2/custom_mujoco_state_resampled_v2_humanoid__inr_diffusion_history_conditioned__generalization__s1 (11.7s)
[gpu2] START /mnt/data/INR/outputs/mujoco/suites/state_resampled_v2/runs/custom_mujoco_state_resampled_v2/custom_mujoco_state_resampled_v2_humanoid__inr_diffusion_history_conditioned__no_shift__s1
[gpu3] OK /mnt/data/INR/outputs/mujoco/suites/state_resampled_v2/runs/custom_mujoco_state_resampled_v2/custom_mujoco_state_resampled_v2_humanoid__inr_diffusion_history_conditioned__new_policy__s0 (12.1s)
[gpu3] START /mnt/data/INR/outputs/mujoco/suites/state_resampled_v2/runs/custom_mujoco_state_resampled_v2/custom_mujoco_state_resampled_v2_humanoid__inr_diffusion_history_conditioned__novel_generalization__s0
[gpu0] OK /mnt/data/INR/outputs/mujoco/suites/state_resampled_v2/runs/custom_mujoco_state_resampled_v2/custom_mujoco_state_resampled_v2_humanoid__inr_diffusion_history_conditioned__new_policy__s1 (12.1s)
[gpu0] START /mnt/data/INR/outputs/mujoco/suites/state_resampled_v2/runs/custom_mujoco_state_resampled_v2/custom_mujoco_state_resampled_v2_humanoid__inr_diffusion_history_conditioned__novel_generalization__s1
[gpu1] OK /mnt/data/INR/outputs/mujoco/suites/state_resampled_v2/runs/custom_mujoco_state_resampled_v2/custom_mujoco_state_resampled_v2_humanoid__inr_diffusion_history_conditioned__no_shift__s0 (11.9s)
[gpu1] START /mnt/data/INR/outputs/mujoco/suites/state_resampled_v2/runs/custom_mujoco_state_resampled_v2/custom_mujoco_state_resampled_v2_humanoid__inr_diffusion_history_conditioned__single_shift__s0
[gpu2] OK /mnt/data/INR/outputs/mujoco/suites/state_resampled_v2/runs/custom_mujoco_state_resampled_v2/custom_mujoco_state_resampled_v2_humanoid__inr_diffusion_history_conditioned__no_shift__s1 (11.8s)
[gpu2] START /mnt/data/INR/outputs/mujoco/suites/state_resampled_v2/runs/custom_mujoco_state_resampled_v2/custom_mujoco_state_resampled_v2_humanoid__inr_diffusion_history_conditioned__single_shift__s1
[gpu3] OK /mnt/data/INR/outputs/mujoco/suites/state_resampled_v2/runs/custom_mujoco_state_resampled_v2/custom_mujoco_state_resampled_v2_humanoid__inr_diffusion_history_conditioned__novel_generalization__s0 (12.0s)
[gpu3] START /mnt/data/INR/outputs/mujoco/suites/state_resampled_v2/runs/custom_mujoco_state_resampled_v2/custom_mujoco_state_resampled_v2_humanoid__inr_diffusion_history_conditioned__specialization__s0
[gpu0] OK /mnt/data/INR/outputs/mujoco/suites/state_resampled_v2/runs/custom_mujoco_state_resampled_v2/custom_mujoco_state_resampled_v2_humanoid__inr_diffusion_history_conditioned__novel_generalization__s1 (12.2s)
[gpu0] START /mnt/data/INR/outputs/mujoco/suites/state_resampled_v2/runs/custom_mujoco_state_resampled_v2/custom_mujoco_state_resampled_v2_humanoid__inr_diffusion_history_conditioned__specialization__s1
[gpu1] OK /mnt/data/INR/outputs/mujoco/suites/state_resampled_v2/runs/custom_mujoco_state_resampled_v2/custom_mujoco_state_resampled_v2_humanoid__inr_diffusion_history_conditioned__single_shift__s0 (12.0s)
[gpu1] START /mnt/data/INR/outputs/mujoco/suites/state_resampled_v2/runs/custom_mujoco_state_resampled_v2/custom_mujoco_state_resampled_v2_humanoid__inr_transformer_fitted_latent__conflation__s0
[gpu2] OK /mnt/data/INR/outputs/mujoco/suites/state_resampled_v2/runs/custom_mujoco_state_resampled_v2/custom_mujoco_state_resampled_v2_humanoid__inr_diffusion_history_conditioned__single_shift__s1 (11.6s)
[gpu2] START /mnt/data/INR/outputs/mujoco/suites/state_resampled_v2/runs/custom_mujoco_state_resampled_v2/custom_mujoco_state_resampled_v2_humanoid__inr_transformer_fitted_latent__conflation__s1
[gpu3] OK /mnt/data/INR/outputs/mujoco/suites/state_resampled_v2/runs/custom_mujoco_state_resampled_v2/custom_mujoco_state_resampled_v2_humanoid__inr_diffusion_history_conditioned__specialization__s0 (12.0s)
[gpu3] START /mnt/data/INR/outputs/mujoco/suites/state_resampled_v2/runs/custom_mujoco_state_resampled_v2/custom_mujoco_state_resampled_v2_humanoid__inr_transformer_fitted_latent__generalization__s0
[gpu0] OK /mnt/data/INR/outputs/mujoco/suites/state_resampled_v2/runs/custom_mujoco_state_resampled_v2/custom_mujoco_state_resampled_v2_humanoid__inr_diffusion_history_conditioned__specialization__s1 (12.2s)
[gpu0] START /mnt/data/INR/outputs/mujoco/suites/state_resampled_v2/runs/custom_mujoco_state_resampled_v2/custom_mujoco_state_resampled_v2_humanoid__inr_transformer_fitted_latent__generalization__s1
[gpu2] OK /mnt/data/INR/outputs/mujoco/suites/state_resampled_v2/runs/custom_mujoco_state_resampled_v2/custom_mujoco_state_resampled_v2_humanoid__inr_transformer_fitted_latent__conflation__s1 (13.0s)
[gpu2] START /mnt/data/INR/outputs/mujoco/suites/state_resampled_v2/runs/custom_mujoco_state_resampled_v2/custom_mujoco_state_resampled_v2_humanoid__inr_transformer_fitted_latent__new_policy__s0
[gpu1] OK /mnt/data/INR/outputs/mujoco/suites/state_resampled_v2/runs/custom_mujoco_state_resampled_v2/custom_mujoco_state_resampled_v2_humanoid__inr_transformer_fitted_latent__conflation__s0 (14.9s)
[gpu1] START /mnt/data/INR/outputs/mujoco/suites/state_resampled_v2/runs/custom_mujoco_state_resampled_v2/custom_mujoco_state_resampled_v2_humanoid__inr_transformer_fitted_latent__new_policy__s1
[gpu3] OK /mnt/data/INR/outputs/mujoco/suites/state_resampled_v2/runs/custom_mujoco_state_resampled_v2/custom_mujoco_state_resampled_v2_humanoid__inr_transformer_fitted_latent__generalization__s0 (14.3s)
[gpu3] START /mnt/data/INR/outputs/mujoco/suites/state_resampled_v2/runs/custom_mujoco_state_resampled_v2/custom_mujoco_state_resampled_v2_humanoid__inr_transformer_fitted_latent__no_shift__s0
[gpu0] OK /mnt/data/INR/outputs/mujoco/suites/state_resampled_v2/runs/custom_mujoco_state_resampled_v2/custom_mujoco_state_resampled_v2_humanoid__inr_transformer_fitted_latent__generalization__s1 (14.2s)
[gpu0] START /mnt/data/INR/outputs/mujoco/suites/state_resampled_v2/runs/custom_mujoco_state_resampled_v2/custom_mujoco_state_resampled_v2_humanoid__inr_transformer_fitted_latent__no_shift__s1
[gpu2] OK /mnt/data/INR/outputs/mujoco/suites/state_resampled_v2/runs/custom_mujoco_state_resampled_v2/custom_mujoco_state_resampled_v2_humanoid__inr_transformer_fitted_latent__new_policy__s0 (14.0s)
[gpu2] START /mnt/data/INR/outputs/mujoco/suites/state_resampled_v2/runs/custom_mujoco_state_resampled_v2/custom_mujoco_state_resampled_v2_humanoid__inr_transformer_fitted_latent__novel_generalization__s0
[gpu1] OK /mnt/data/INR/outputs/mujoco/suites/state_resampled_v2/runs/custom_mujoco_state_resampled_v2/custom_mujoco_state_resampled_v2_humanoid__inr_transformer_fitted_latent__new_policy__s1 (16.3s)
[gpu1] START /mnt/data/INR/outputs/mujoco/suites/state_resampled_v2/runs/custom_mujoco_state_resampled_v2/custom_mujoco_state_resampled_v2_humanoid__inr_transformer_fitted_latent__novel_generalization__s1
[gpu3] OK /mnt/data/INR/outputs/mujoco/suites/state_resampled_v2/runs/custom_mujoco_state_resampled_v2/custom_mujoco_state_resampled_v2_humanoid__inr_transformer_fitted_latent__no_shift__s0 (16.3s)
[gpu3] START /mnt/data/INR/outputs/mujoco/suites/state_resampled_v2/runs/custom_mujoco_state_resampled_v2/custom_mujoco_state_resampled_v2_humanoid__inr_transformer_fitted_latent__single_shift__s0
[gpu0] OK /mnt/data/INR/outputs/mujoco/suites/state_resampled_v2/runs/custom_mujoco_state_resampled_v2/custom_mujoco_state_resampled_v2_humanoid__inr_transformer_fitted_latent__no_shift__s1 (16.4s)
[gpu0] START /mnt/data/INR/outputs/mujoco/suites/state_resampled_v2/runs/custom_mujoco_state_resampled_v2/custom_mujoco_state_resampled_v2_humanoid__inr_transformer_fitted_latent__single_shift__s1
[gpu2] OK /mnt/data/INR/outputs/mujoco/suites/state_resampled_v2/runs/custom_mujoco_state_resampled_v2/custom_mujoco_state_resampled_v2_humanoid__inr_transformer_fitted_latent__novel_generalization__s0 (13.0s)
[gpu2] START /mnt/data/INR/outputs/mujoco/suites/state_resampled_v2/runs/custom_mujoco_state_resampled_v2/custom_mujoco_state_resampled_v2_humanoid__inr_transformer_fitted_latent__specialization__s0
[gpu1] OK /mnt/data/INR/outputs/mujoco/suites/state_resampled_v2/runs/custom_mujoco_state_resampled_v2/custom_mujoco_state_resampled_v2_humanoid__inr_transformer_fitted_latent__novel_generalization__s1 (14.8s)
[gpu1] START /mnt/data/INR/outputs/mujoco/suites/state_resampled_v2/runs/custom_mujoco_state_resampled_v2/custom_mujoco_state_resampled_v2_humanoid__inr_transformer_fitted_latent__specialization__s1
[gpu3] OK /mnt/data/INR/outputs/mujoco/suites/state_resampled_v2/runs/custom_mujoco_state_resampled_v2/custom_mujoco_state_resampled_v2_humanoid__inr_transformer_fitted_latent__single_shift__s0 (16.0s)
[gpu3] START /mnt/data/INR/outputs/mujoco/suites/state_resampled_v2/runs/custom_mujoco_state_resampled_v2/custom_mujoco_state_resampled_v2_humanoid__inr_transformer_history_conditioned__conflation__s0
[gpu0] OK /mnt/data/INR/outputs/mujoco/suites/state_resampled_v2/runs/custom_mujoco_state_resampled_v2/custom_mujoco_state_resampled_v2_humanoid__inr_transformer_fitted_latent__single_shift__s1 (16.0s)
[gpu0] START /mnt/data/INR/outputs/mujoco/suites/state_resampled_v2/runs/custom_mujoco_state_resampled_v2/custom_mujoco_state_resampled_v2_humanoid__inr_transformer_history_conditioned__conflation__s1
[gpu2] OK /mnt/data/INR/outputs/mujoco/suites/state_resampled_v2/runs/custom_mujoco_state_resampled_v2/custom_mujoco_state_resampled_v2_humanoid__inr_transformer_fitted_latent__specialization__s0 (13.6s)
[gpu2] START /mnt/data/INR/outputs/mujoco/suites/state_resampled_v2/runs/custom_mujoco_state_resampled_v2/custom_mujoco_state_resampled_v2_humanoid__inr_transformer_history_conditioned__generalization__s0
[gpu1] OK /mnt/data/INR/outputs/mujoco/suites/state_resampled_v2/runs/custom_mujoco_state_resampled_v2/custom_mujoco_state_resampled_v2_humanoid__inr_transformer_fitted_latent__specialization__s1 (15.4s)
[gpu1] START /mnt/data/INR/outputs/mujoco/suites/state_resampled_v2/runs/custom_mujoco_state_resampled_v2/custom_mujoco_state_resampled_v2_humanoid__inr_transformer_history_conditioned__generalization__s1
[gpu3] OK /mnt/data/INR/outputs/mujoco/suites/state_resampled_v2/runs/custom_mujoco_state_resampled_v2/custom_mujoco_state_resampled_v2_humanoid__inr_transformer_history_conditioned__conflation__s0 (12.1s)
[gpu3] START /mnt/data/INR/outputs/mujoco/suites/state_resampled_v2/runs/custom_mujoco_state_resampled_v2/custom_mujoco_state_resampled_v2_humanoid__inr_transformer_history_conditioned__new_policy__s0
[gpu0] OK /mnt/data/INR/outputs/mujoco/suites/state_resampled_v2/runs/custom_mujoco_state_resampled_v2/custom_mujoco_state_resampled_v2_humanoid__inr_transformer_history_conditioned__conflation__s1 (11.9s)
[gpu0] START /mnt/data/INR/outputs/mujoco/suites/state_resampled_v2/runs/custom_mujoco_state_resampled_v2/custom_mujoco_state_resampled_v2_humanoid__inr_transformer_history_conditioned__new_policy__s1
[gpu2] OK /mnt/data/INR/outputs/mujoco/suites/state_resampled_v2/runs/custom_mujoco_state_resampled_v2/custom_mujoco_state_resampled_v2_humanoid__inr_transformer_history_conditioned__generalization__s0 (11.6s)
[gpu2] START /mnt/data/INR/outputs/mujoco/suites/state_resampled_v2/runs/custom_mujoco_state_resampled_v2/custom_mujoco_state_resampled_v2_humanoid__inr_transformer_history_conditioned__no_shift__s0
[gpu1] OK /mnt/data/INR/outputs/mujoco/suites/state_resampled_v2/runs/custom_mujoco_state_resampled_v2/custom_mujoco_state_resampled_v2_humanoid__inr_transformer_history_conditioned__generalization__s1 (12.0s)
[gpu1] START /mnt/data/INR/outputs/mujoco/suites/state_resampled_v2/runs/custom_mujoco_state_resampled_v2/custom_mujoco_state_resampled_v2_humanoid__inr_transformer_history_conditioned__no_shift__s1
[gpu3] OK /mnt/data/INR/outputs/mujoco/suites/state_resampled_v2/runs/custom_mujoco_state_resampled_v2/custom_mujoco_state_resampled_v2_humanoid__inr_transformer_history_conditioned__new_policy__s0 (12.7s)
[gpu3] START /mnt/data/INR/outputs/mujoco/suites/state_resampled_v2/runs/custom_mujoco_state_resampled_v2/custom_mujoco_state_resampled_v2_humanoid__inr_transformer_history_conditioned__novel_generalization__s0
[gpu0] OK /mnt/data/INR/outputs/mujoco/suites/state_resampled_v2/runs/custom_mujoco_state_resampled_v2/custom_mujoco_state_resampled_v2_humanoid__inr_transformer_history_conditioned__new_policy__s1 (12.6s)
[gpu0] START /mnt/data/INR/outputs/mujoco/suites/state_resampled_v2/runs/custom_mujoco_state_resampled_v2/custom_mujoco_state_resampled_v2_humanoid__inr_transformer_history_conditioned__novel_generalization__s1
[gpu2] OK /mnt/data/INR/outputs/mujoco/suites/state_resampled_v2/runs/custom_mujoco_state_resampled_v2/custom_mujoco_state_resampled_v2_humanoid__inr_transformer_history_conditioned__no_shift__s0 (11.8s)
[gpu2] START /mnt/data/INR/outputs/mujoco/suites/state_resampled_v2/runs/custom_mujoco_state_resampled_v2/custom_mujoco_state_resampled_v2_humanoid__inr_transformer_history_conditioned__single_shift__s0
[gpu1] OK /mnt/data/INR/outputs/mujoco/suites/state_resampled_v2/runs/custom_mujoco_state_resampled_v2/custom_mujoco_state_resampled_v2_humanoid__inr_transformer_history_conditioned__no_shift__s1 (11.9s)
[gpu1] START /mnt/data/INR/outputs/mujoco/suites/state_resampled_v2/runs/custom_mujoco_state_resampled_v2/custom_mujoco_state_resampled_v2_humanoid__inr_transformer_history_conditioned__single_shift__s1
[gpu0] OK /mnt/data/INR/outputs/mujoco/suites/state_resampled_v2/runs/custom_mujoco_state_resampled_v2/custom_mujoco_state_resampled_v2_humanoid__inr_transformer_history_conditioned__novel_generalization__s1 (12.2s)
[gpu0] START /mnt/data/INR/outputs/mujoco/suites/state_resampled_v2/runs/custom_mujoco_state_resampled_v2/custom_mujoco_state_resampled_v2_humanoid__inr_transformer_history_conditioned__specialization__s0
[gpu3] OK /mnt/data/INR/outputs/mujoco/suites/state_resampled_v2/runs/custom_mujoco_state_resampled_v2/custom_mujoco_state_resampled_v2_humanoid__inr_transformer_history_conditioned__novel_generalization__s0 (12.4s)
[gpu3] START /mnt/data/INR/outputs/mujoco/suites/state_resampled_v2/runs/custom_mujoco_state_resampled_v2/custom_mujoco_state_resampled_v2_humanoid__inr_transformer_history_conditioned__specialization__s1
[gpu2] OK /mnt/data/INR/outputs/mujoco/suites/state_resampled_v2/runs/custom_mujoco_state_resampled_v2/custom_mujoco_state_resampled_v2_humanoid__inr_transformer_history_conditioned__single_shift__s0 (11.8s)
[gpu2] START /mnt/data/INR/outputs/mujoco/suites/state_resampled_v2/runs/custom_mujoco_state_resampled_v2/custom_mujoco_state_resampled_v2_walker2d__cvae__conflation__s0
[gpu1] OK /mnt/data/INR/outputs/mujoco/suites/state_resampled_v2/runs/custom_mujoco_state_resampled_v2/custom_mujoco_state_resampled_v2_humanoid__inr_transformer_history_conditioned__single_shift__s1 (12.1s)
[gpu1] START /mnt/data/INR/outputs/mujoco/suites/state_resampled_v2/runs/custom_mujoco_state_resampled_v2/custom_mujoco_state_resampled_v2_walker2d__cvae__conflation__s1
[gpu3] OK /mnt/data/INR/outputs/mujoco/suites/state_resampled_v2/runs/custom_mujoco_state_resampled_v2/custom_mujoco_state_resampled_v2_humanoid__inr_transformer_history_conditioned__specialization__s1 (12.2s)
[gpu3] START /mnt/data/INR/outputs/mujoco/suites/state_resampled_v2/runs/custom_mujoco_state_resampled_v2/custom_mujoco_state_resampled_v2_walker2d__cvae__generalization__s0
[gpu0] OK /mnt/data/INR/outputs/mujoco/suites/state_resampled_v2/runs/custom_mujoco_state_resampled_v2/custom_mujoco_state_resampled_v2_humanoid__inr_transformer_history_conditioned__specialization__s0 (12.5s)
[gpu0] START /mnt/data/INR/outputs/mujoco/suites/state_resampled_v2/runs/custom_mujoco_state_resampled_v2/custom_mujoco_state_resampled_v2_walker2d__cvae__generalization__s1
[gpu2] OK /mnt/data/INR/outputs/mujoco/suites/state_resampled_v2/runs/custom_mujoco_state_resampled_v2/custom_mujoco_state_resampled_v2_walker2d__cvae__conflation__s0 (10.6s)
[gpu2] START /mnt/data/INR/outputs/mujoco/suites/state_resampled_v2/runs/custom_mujoco_state_resampled_v2/custom_mujoco_state_resampled_v2_walker2d__cvae__new_policy__s0
[gpu1] OK /mnt/data/INR/outputs/mujoco/suites/state_resampled_v2/runs/custom_mujoco_state_resampled_v2/custom_mujoco_state_resampled_v2_walker2d__cvae__conflation__s1 (6.0s)
[gpu1] START /mnt/data/INR/outputs/mujoco/suites/state_resampled_v2/runs/custom_mujoco_state_resampled_v2/custom_mujoco_state_resampled_v2_walker2d__cvae__new_policy__s1
[gpu3] OK /mnt/data/INR/outputs/mujoco/suites/state_resampled_v2/runs/custom_mujoco_state_resampled_v2/custom_mujoco_state_resampled_v2_walker2d__cvae__generalization__s0 (6.3s)
[gpu3] START /mnt/data/INR/outputs/mujoco/suites/state_resampled_v2/runs/custom_mujoco_state_resampled_v2/custom_mujoco_state_resampled_v2_walker2d__cvae__no_shift__s0
[gpu0] OK /mnt/data/INR/outputs/mujoco/suites/state_resampled_v2/runs/custom_mujoco_state_resampled_v2/custom_mujoco_state_resampled_v2_walker2d__cvae__generalization__s1 (6.3s)
[gpu0] START /mnt/data/INR/outputs/mujoco/suites/state_resampled_v2/runs/custom_mujoco_state_resampled_v2/custom_mujoco_state_resampled_v2_walker2d__cvae__no_shift__s1
[gpu2] OK /mnt/data/INR/outputs/mujoco/suites/state_resampled_v2/runs/custom_mujoco_state_resampled_v2/custom_mujoco_state_resampled_v2_walker2d__cvae__new_policy__s0 (5.6s)
[gpu2] START /mnt/data/INR/outputs/mujoco/suites/state_resampled_v2/runs/custom_mujoco_state_resampled_v2/custom_mujoco_state_resampled_v2_walker2d__cvae__novel_generalization__s0
[gpu1] OK /mnt/data/INR/outputs/mujoco/suites/state_resampled_v2/runs/custom_mujoco_state_resampled_v2/custom_mujoco_state_resampled_v2_walker2d__cvae__new_policy__s1 (5.9s)
[gpu1] START /mnt/data/INR/outputs/mujoco/suites/state_resampled_v2/runs/custom_mujoco_state_resampled_v2/custom_mujoco_state_resampled_v2_walker2d__cvae__novel_generalization__s1
[gpu3] OK /mnt/data/INR/outputs/mujoco/suites/state_resampled_v2/runs/custom_mujoco_state_resampled_v2/custom_mujoco_state_resampled_v2_walker2d__cvae__no_shift__s0 (6.5s)
[gpu3] START /mnt/data/INR/outputs/mujoco/suites/state_resampled_v2/runs/custom_mujoco_state_resampled_v2/custom_mujoco_state_resampled_v2_walker2d__cvae__single_shift__s0
[gpu2] OK /mnt/data/INR/outputs/mujoco/suites/state_resampled_v2/runs/custom_mujoco_state_resampled_v2/custom_mujoco_state_resampled_v2_walker2d__cvae__novel_generalization__s0 (6.0s)
[gpu2] START /mnt/data/INR/outputs/mujoco/suites/state_resampled_v2/runs/custom_mujoco_state_resampled_v2/custom_mujoco_state_resampled_v2_walker2d__cvae__single_shift__s1
[gpu0] OK /mnt/data/INR/outputs/mujoco/suites/state_resampled_v2/runs/custom_mujoco_state_resampled_v2/custom_mujoco_state_resampled_v2_walker2d__cvae__no_shift__s1 (6.5s)
[gpu0] START /mnt/data/INR/outputs/mujoco/suites/state_resampled_v2/runs/custom_mujoco_state_resampled_v2/custom_mujoco_state_resampled_v2_walker2d__cvae__specialization__s0
[gpu1] OK /mnt/data/INR/outputs/mujoco/suites/state_resampled_v2/runs/custom_mujoco_state_resampled_v2/custom_mujoco_state_resampled_v2_walker2d__cvae__novel_generalization__s1 (5.8s)
[gpu1] START /mnt/data/INR/outputs/mujoco/suites/state_resampled_v2/runs/custom_mujoco_state_resampled_v2/custom_mujoco_state_resampled_v2_walker2d__cvae__specialization__s1
[gpu2] OK /mnt/data/INR/outputs/mujoco/suites/state_resampled_v2/runs/custom_mujoco_state_resampled_v2/custom_mujoco_state_resampled_v2_walker2d__cvae__single_shift__s1 (6.0s)
[gpu2] START /mnt/data/INR/outputs/mujoco/suites/state_resampled_v2/runs/custom_mujoco_state_resampled_v2/custom_mujoco_state_resampled_v2_walker2d__inr_diffusion_history_conditioned__conflation__s0
[gpu3] OK /mnt/data/INR/outputs/mujoco/suites/state_resampled_v2/runs/custom_mujoco_state_resampled_v2/custom_mujoco_state_resampled_v2_walker2d__cvae__single_shift__s0 (6.4s)
[gpu3] START /mnt/data/INR/outputs/mujoco/suites/state_resampled_v2/runs/custom_mujoco_state_resampled_v2/custom_mujoco_state_resampled_v2_walker2d__inr_diffusion_history_conditioned__conflation__s1
[gpu0] OK /mnt/data/INR/outputs/mujoco/suites/state_resampled_v2/runs/custom_mujoco_state_resampled_v2/custom_mujoco_state_resampled_v2_walker2d__cvae__specialization__s0 (6.3s)
[gpu0] START /mnt/data/INR/outputs/mujoco/suites/state_resampled_v2/runs/custom_mujoco_state_resampled_v2/custom_mujoco_state_resampled_v2_walker2d__inr_diffusion_history_conditioned__generalization__s0
[gpu1] OK /mnt/data/INR/outputs/mujoco/suites/state_resampled_v2/runs/custom_mujoco_state_resampled_v2/custom_mujoco_state_resampled_v2_walker2d__cvae__specialization__s1 (6.0s)
[gpu1] START /mnt/data/INR/outputs/mujoco/suites/state_resampled_v2/runs/custom_mujoco_state_resampled_v2/custom_mujoco_state_resampled_v2_walker2d__inr_diffusion_history_conditioned__generalization__s1
[gpu2] OK /mnt/data/INR/outputs/mujoco/suites/state_resampled_v2/runs/custom_mujoco_state_resampled_v2/custom_mujoco_state_resampled_v2_walker2d__inr_diffusion_history_conditioned__conflation__s0 (5.6s)
[gpu2] START /mnt/data/INR/outputs/mujoco/suites/state_resampled_v2/runs/custom_mujoco_state_resampled_v2/custom_mujoco_state_resampled_v2_walker2d__inr_diffusion_history_conditioned__new_policy__s0
[gpu0] OK /mnt/data/INR/outputs/mujoco/suites/state_resampled_v2/runs/custom_mujoco_state_resampled_v2/custom_mujoco_state_resampled_v2_walker2d__inr_diffusion_history_conditioned__generalization__s0 (6.4s)
[gpu0] START /mnt/data/INR/outputs/mujoco/suites/state_resampled_v2/runs/custom_mujoco_state_resampled_v2/custom_mujoco_state_resampled_v2_walker2d__inr_diffusion_history_conditioned__new_policy__s1
[gpu3] OK /mnt/data/INR/outputs/mujoco/suites/state_resampled_v2/runs/custom_mujoco_state_resampled_v2/custom_mujoco_state_resampled_v2_walker2d__inr_diffusion_history_conditioned__conflation__s1 (6.6s)
[gpu3] START /mnt/data/INR/outputs/mujoco/suites/state_resampled_v2/runs/custom_mujoco_state_resampled_v2/custom_mujoco_state_resampled_v2_walker2d__inr_diffusion_history_conditioned__no_shift__s0
[gpu1] OK /mnt/data/INR/outputs/mujoco/suites/state_resampled_v2/runs/custom_mujoco_state_resampled_v2/custom_mujoco_state_resampled_v2_walker2d__inr_diffusion_history_conditioned__generalization__s1 (5.9s)
[gpu1] START /mnt/data/INR/outputs/mujoco/suites/state_resampled_v2/runs/custom_mujoco_state_resampled_v2/custom_mujoco_state_resampled_v2_walker2d__inr_diffusion_history_conditioned__no_shift__s1
[gpu2] OK /mnt/data/INR/outputs/mujoco/suites/state_resampled_v2/runs/custom_mujoco_state_resampled_v2/custom_mujoco_state_resampled_v2_walker2d__inr_diffusion_history_conditioned__new_policy__s0 (5.9s)
[gpu2] START /mnt/data/INR/outputs/mujoco/suites/state_resampled_v2/runs/custom_mujoco_state_resampled_v2/custom_mujoco_state_resampled_v2_walker2d__inr_diffusion_history_conditioned__novel_generalization__s0
[gpu0] OK /mnt/data/INR/outputs/mujoco/suites/state_resampled_v2/runs/custom_mujoco_state_resampled_v2/custom_mujoco_state_resampled_v2_walker2d__inr_diffusion_history_conditioned__new_policy__s1 (6.0s)
[gpu0] START /mnt/data/INR/outputs/mujoco/suites/state_resampled_v2/runs/custom_mujoco_state_resampled_v2/custom_mujoco_state_resampled_v2_walker2d__inr_diffusion_history_conditioned__novel_generalization__s1
[gpu3] OK /mnt/data/INR/outputs/mujoco/suites/state_resampled_v2/runs/custom_mujoco_state_resampled_v2/custom_mujoco_state_resampled_v2_walker2d__inr_diffusion_history_conditioned__no_shift__s0 (6.5s)
[gpu3] START /mnt/data/INR/outputs/mujoco/suites/state_resampled_v2/runs/custom_mujoco_state_resampled_v2/custom_mujoco_state_resampled_v2_walker2d__inr_diffusion_history_conditioned__single_shift__s0
[gpu1] OK /mnt/data/INR/outputs/mujoco/suites/state_resampled_v2/runs/custom_mujoco_state_resampled_v2/custom_mujoco_state_resampled_v2_walker2d__inr_diffusion_history_conditioned__no_shift__s1 (6.1s)
[gpu1] START /mnt/data/INR/outputs/mujoco/suites/state_resampled_v2/runs/custom_mujoco_state_resampled_v2/custom_mujoco_state_resampled_v2_walker2d__inr_diffusion_history_conditioned__single_shift__s1
[gpu2] OK /mnt/data/INR/outputs/mujoco/suites/state_resampled_v2/runs/custom_mujoco_state_resampled_v2/custom_mujoco_state_resampled_v2_walker2d__inr_diffusion_history_conditioned__novel_generalization__s0 (5.7s)
[gpu2] START /mnt/data/INR/outputs/mujoco/suites/state_resampled_v2/runs/custom_mujoco_state_resampled_v2/custom_mujoco_state_resampled_v2_walker2d__inr_diffusion_history_conditioned__specialization__s0
[gpu0] OK /mnt/data/INR/outputs/mujoco/suites/state_resampled_v2/runs/custom_mujoco_state_resampled_v2/custom_mujoco_state_resampled_v2_walker2d__inr_diffusion_history_conditioned__novel_generalization__s1 (5.7s)
[gpu0] START /mnt/data/INR/outputs/mujoco/suites/state_resampled_v2/runs/custom_mujoco_state_resampled_v2/custom_mujoco_state_resampled_v2_walker2d__inr_diffusion_history_conditioned__specialization__s1
[gpu3] OK /mnt/data/INR/outputs/mujoco/suites/state_resampled_v2/runs/custom_mujoco_state_resampled_v2/custom_mujoco_state_resampled_v2_walker2d__inr_diffusion_history_conditioned__single_shift__s0 (6.3s)
[gpu3] START /mnt/data/INR/outputs/mujoco/suites/state_resampled_v2/runs/custom_mujoco_state_resampled_v2/custom_mujoco_state_resampled_v2_walker2d__inr_transformer_fitted_latent__conflation__s0
[gpu1] OK /mnt/data/INR/outputs/mujoco/suites/state_resampled_v2/runs/custom_mujoco_state_resampled_v2/custom_mujoco_state_resampled_v2_walker2d__inr_diffusion_history_conditioned__single_shift__s1 (6.5s)
[gpu1] START /mnt/data/INR/outputs/mujoco/suites/state_resampled_v2/runs/custom_mujoco_state_resampled_v2/custom_mujoco_state_resampled_v2_walker2d__inr_transformer_fitted_latent__conflation__s1
[gpu2] OK /mnt/data/INR/outputs/mujoco/suites/state_resampled_v2/runs/custom_mujoco_state_resampled_v2/custom_mujoco_state_resampled_v2_walker2d__inr_diffusion_history_conditioned__specialization__s0 (6.4s)
[gpu2] START /mnt/data/INR/outputs/mujoco/suites/state_resampled_v2/runs/custom_mujoco_state_resampled_v2/custom_mujoco_state_resampled_v2_walker2d__inr_transformer_fitted_latent__generalization__s0
[gpu0] OK /mnt/data/INR/outputs/mujoco/suites/state_resampled_v2/runs/custom_mujoco_state_resampled_v2/custom_mujoco_state_resampled_v2_walker2d__inr_diffusion_history_conditioned__specialization__s1 (5.6s)
[gpu0] START /mnt/data/INR/outputs/mujoco/suites/state_resampled_v2/runs/custom_mujoco_state_resampled_v2/custom_mujoco_state_resampled_v2_walker2d__inr_transformer_fitted_latent__generalization__s1
[gpu3] OK /mnt/data/INR/outputs/mujoco/suites/state_resampled_v2/runs/custom_mujoco_state_resampled_v2/custom_mujoco_state_resampled_v2_walker2d__inr_transformer_fitted_latent__conflation__s0 (9.0s)
[gpu3] START /mnt/data/INR/outputs/mujoco/suites/state_resampled_v2/runs/custom_mujoco_state_resampled_v2/custom_mujoco_state_resampled_v2_walker2d__inr_transformer_fitted_latent__new_policy__s0
[gpu1] OK /mnt/data/INR/outputs/mujoco/suites/state_resampled_v2/runs/custom_mujoco_state_resampled_v2/custom_mujoco_state_resampled_v2_walker2d__inr_transformer_fitted_latent__conflation__s1 (8.7s)
[gpu1] START /mnt/data/INR/outputs/mujoco/suites/state_resampled_v2/runs/custom_mujoco_state_resampled_v2/custom_mujoco_state_resampled_v2_walker2d__inr_transformer_fitted_latent__new_policy__s1
[gpu0] OK /mnt/data/INR/outputs/mujoco/suites/state_resampled_v2/runs/custom_mujoco_state_resampled_v2/custom_mujoco_state_resampled_v2_walker2d__inr_transformer_fitted_latent__generalization__s1 (6.7s)
[gpu0] START /mnt/data/INR/outputs/mujoco/suites/state_resampled_v2/runs/custom_mujoco_state_resampled_v2/custom_mujoco_state_resampled_v2_walker2d__inr_transformer_fitted_latent__no_shift__s0
[gpu2] OK /mnt/data/INR/outputs/mujoco/suites/state_resampled_v2/runs/custom_mujoco_state_resampled_v2/custom_mujoco_state_resampled_v2_walker2d__inr_transformer_fitted_latent__generalization__s0 (8.2s)
[gpu2] START /mnt/data/INR/outputs/mujoco/suites/state_resampled_v2/runs/custom_mujoco_state_resampled_v2/custom_mujoco_state_resampled_v2_walker2d__inr_transformer_fitted_latent__no_shift__s1
[gpu0] OK /mnt/data/INR/outputs/mujoco/suites/state_resampled_v2/runs/custom_mujoco_state_resampled_v2/custom_mujoco_state_resampled_v2_walker2d__inr_transformer_fitted_latent__no_shift__s0 (7.9s)
[gpu0] START /mnt/data/INR/outputs/mujoco/suites/state_resampled_v2/runs/custom_mujoco_state_resampled_v2/custom_mujoco_state_resampled_v2_walker2d__inr_transformer_fitted_latent__novel_generalization__s0
[gpu3] OK /mnt/data/INR/outputs/mujoco/suites/state_resampled_v2/runs/custom_mujoco_state_resampled_v2/custom_mujoco_state_resampled_v2_walker2d__inr_transformer_fitted_latent__new_policy__s0 (10.4s)
[gpu3] START /mnt/data/INR/outputs/mujoco/suites/state_resampled_v2/runs/custom_mujoco_state_resampled_v2/custom_mujoco_state_resampled_v2_walker2d__inr_transformer_fitted_latent__novel_generalization__s1
[gpu1] OK /mnt/data/INR/outputs/mujoco/suites/state_resampled_v2/runs/custom_mujoco_state_resampled_v2/custom_mujoco_state_resampled_v2_walker2d__inr_transformer_fitted_latent__new_policy__s1 (10.4s)
[gpu1] START /mnt/data/INR/outputs/mujoco/suites/state_resampled_v2/runs/custom_mujoco_state_resampled_v2/custom_mujoco_state_resampled_v2_walker2d__inr_transformer_fitted_latent__single_shift__s0
[gpu2] OK /mnt/data/INR/outputs/mujoco/suites/state_resampled_v2/runs/custom_mujoco_state_resampled_v2/custom_mujoco_state_resampled_v2_walker2d__inr_transformer_fitted_latent__no_shift__s1 (10.0s)
[gpu2] START /mnt/data/INR/outputs/mujoco/suites/state_resampled_v2/runs/custom_mujoco_state_resampled_v2/custom_mujoco_state_resampled_v2_walker2d__inr_transformer_fitted_latent__single_shift__s1
[gpu0] OK /mnt/data/INR/outputs/mujoco/suites/state_resampled_v2/runs/custom_mujoco_state_resampled_v2/custom_mujoco_state_resampled_v2_walker2d__inr_transformer_fitted_latent__novel_generalization__s0 (6.8s)
[gpu0] START /mnt/data/INR/outputs/mujoco/suites/state_resampled_v2/runs/custom_mujoco_state_resampled_v2/custom_mujoco_state_resampled_v2_walker2d__inr_transformer_fitted_latent__specialization__s0
[gpu3] OK /mnt/data/INR/outputs/mujoco/suites/state_resampled_v2/runs/custom_mujoco_state_resampled_v2/custom_mujoco_state_resampled_v2_walker2d__inr_transformer_fitted_latent__novel_generalization__s1 (8.7s)
[gpu3] START /mnt/data/INR/outputs/mujoco/suites/state_resampled_v2/runs/custom_mujoco_state_resampled_v2/custom_mujoco_state_resampled_v2_walker2d__inr_transformer_fitted_latent__specialization__s1
[gpu1] OK /mnt/data/INR/outputs/mujoco/suites/state_resampled_v2/runs/custom_mujoco_state_resampled_v2/custom_mujoco_state_resampled_v2_walker2d__inr_transformer_fitted_latent__single_shift__s0 (9.6s)
[gpu1] START /mnt/data/INR/outputs/mujoco/suites/state_resampled_v2/runs/custom_mujoco_state_resampled_v2/custom_mujoco_state_resampled_v2_walker2d__inr_transformer_history_conditioned__conflation__s0
[gpu2] OK /mnt/data/INR/outputs/mujoco/suites/state_resampled_v2/runs/custom_mujoco_state_resampled_v2/custom_mujoco_state_resampled_v2_walker2d__inr_transformer_fitted_latent__single_shift__s1 (9.7s)
[gpu2] START /mnt/data/INR/outputs/mujoco/suites/state_resampled_v2/runs/custom_mujoco_state_resampled_v2/custom_mujoco_state_resampled_v2_walker2d__inr_transformer_history_conditioned__conflation__s1
[gpu0] OK /mnt/data/INR/outputs/mujoco/suites/state_resampled_v2/runs/custom_mujoco_state_resampled_v2/custom_mujoco_state_resampled_v2_walker2d__inr_transformer_fitted_latent__specialization__s0 (7.4s)
[gpu0] START /mnt/data/INR/outputs/mujoco/suites/state_resampled_v2/runs/custom_mujoco_state_resampled_v2/custom_mujoco_state_resampled_v2_walker2d__inr_transformer_history_conditioned__generalization__s0
[gpu1] OK /mnt/data/INR/outputs/mujoco/suites/state_resampled_v2/runs/custom_mujoco_state_resampled_v2/custom_mujoco_state_resampled_v2_walker2d__inr_transformer_history_conditioned__conflation__s0 (6.1s)
[gpu1] START /mnt/data/INR/outputs/mujoco/suites/state_resampled_v2/runs/custom_mujoco_state_resampled_v2/custom_mujoco_state_resampled_v2_walker2d__inr_transformer_history_conditioned__generalization__s1
[gpu3] OK /mnt/data/INR/outputs/mujoco/suites/state_resampled_v2/runs/custom_mujoco_state_resampled_v2/custom_mujoco_state_resampled_v2_walker2d__inr_transformer_fitted_latent__specialization__s1 (9.6s)
[gpu3] START /mnt/data/INR/outputs/mujoco/suites/state_resampled_v2/runs/custom_mujoco_state_resampled_v2/custom_mujoco_state_resampled_v2_walker2d__inr_transformer_history_conditioned__new_policy__s0
[gpu2] OK /mnt/data/INR/outputs/mujoco/suites/state_resampled_v2/runs/custom_mujoco_state_resampled_v2/custom_mujoco_state_resampled_v2_walker2d__inr_transformer_history_conditioned__conflation__s1 (6.1s)
[gpu2] START /mnt/data/INR/outputs/mujoco/suites/state_resampled_v2/runs/custom_mujoco_state_resampled_v2/custom_mujoco_state_resampled_v2_walker2d__inr_transformer_history_conditioned__new_policy__s1
[gpu0] OK /mnt/data/INR/outputs/mujoco/suites/state_resampled_v2/runs/custom_mujoco_state_resampled_v2/custom_mujoco_state_resampled_v2_walker2d__inr_transformer_history_conditioned__generalization__s0 (5.6s)
[gpu0] START /mnt/data/INR/outputs/mujoco/suites/state_resampled_v2/runs/custom_mujoco_state_resampled_v2/custom_mujoco_state_resampled_v2_walker2d__inr_transformer_history_conditioned__no_shift__s0
[gpu1] OK /mnt/data/INR/outputs/mujoco/suites/state_resampled_v2/runs/custom_mujoco_state_resampled_v2/custom_mujoco_state_resampled_v2_walker2d__inr_transformer_history_conditioned__generalization__s1 (6.0s)
[gpu1] START /mnt/data/INR/outputs/mujoco/suites/state_resampled_v2/runs/custom_mujoco_state_resampled_v2/custom_mujoco_state_resampled_v2_walker2d__inr_transformer_history_conditioned__no_shift__s1
[gpu3] OK /mnt/data/INR/outputs/mujoco/suites/state_resampled_v2/runs/custom_mujoco_state_resampled_v2/custom_mujoco_state_resampled_v2_walker2d__inr_transformer_history_conditioned__new_policy__s0 (6.4s)
[gpu3] START /mnt/data/INR/outputs/mujoco/suites/state_resampled_v2/runs/custom_mujoco_state_resampled_v2/custom_mujoco_state_resampled_v2_walker2d__inr_transformer_history_conditioned__novel_generalization__s0
[gpu2] OK /mnt/data/INR/outputs/mujoco/suites/state_resampled_v2/runs/custom_mujoco_state_resampled_v2/custom_mujoco_state_resampled_v2_walker2d__inr_transformer_history_conditioned__new_policy__s1 (6.7s)
[gpu2] START /mnt/data/INR/outputs/mujoco/suites/state_resampled_v2/runs/custom_mujoco_state_resampled_v2/custom_mujoco_state_resampled_v2_walker2d__inr_transformer_history_conditioned__novel_generalization__s1
[gpu0] OK /mnt/data/INR/outputs/mujoco/suites/state_resampled_v2/runs/custom_mujoco_state_resampled_v2/custom_mujoco_state_resampled_v2_walker2d__inr_transformer_history_conditioned__no_shift__s0 (5.8s)
[gpu0] START /mnt/data/INR/outputs/mujoco/suites/state_resampled_v2/runs/custom_mujoco_state_resampled_v2/custom_mujoco_state_resampled_v2_walker2d__inr_transformer_history_conditioned__single_shift__s0
[gpu1] OK /mnt/data/INR/outputs/mujoco/suites/state_resampled_v2/runs/custom_mujoco_state_resampled_v2/custom_mujoco_state_resampled_v2_walker2d__inr_transformer_history_conditioned__no_shift__s1 (6.1s)
[gpu1] START /mnt/data/INR/outputs/mujoco/suites/state_resampled_v2/runs/custom_mujoco_state_resampled_v2/custom_mujoco_state_resampled_v2_walker2d__inr_transformer_history_conditioned__single_shift__s1
[gpu3] OK /mnt/data/INR/outputs/mujoco/suites/state_resampled_v2/runs/custom_mujoco_state_resampled_v2/custom_mujoco_state_resampled_v2_walker2d__inr_transformer_history_conditioned__novel_generalization__s0 (6.3s)
[gpu3] START /mnt/data/INR/outputs/mujoco/suites/state_resampled_v2/runs/custom_mujoco_state_resampled_v2/custom_mujoco_state_resampled_v2_walker2d__inr_transformer_history_conditioned__specialization__s0
[gpu0] OK /mnt/data/INR/outputs/mujoco/suites/state_resampled_v2/runs/custom_mujoco_state_resampled_v2/custom_mujoco_state_resampled_v2_walker2d__inr_transformer_history_conditioned__single_shift__s0 (6.2s)
[gpu0] START /mnt/data/INR/outputs/mujoco/suites/state_resampled_v2/runs/custom_mujoco_state_resampled_v2/custom_mujoco_state_resampled_v2_walker2d__inr_transformer_history_conditioned__specialization__s1
[gpu2] OK /mnt/data/INR/outputs/mujoco/suites/state_resampled_v2/runs/custom_mujoco_state_resampled_v2/custom_mujoco_state_resampled_v2_walker2d__inr_transformer_history_conditioned__novel_generalization__s1 (6.5s)
[gpu1] OK /mnt/data/INR/outputs/mujoco/suites/state_resampled_v2/runs/custom_mujoco_state_resampled_v2/custom_mujoco_state_resampled_v2_walker2d__inr_transformer_history_conditioned__single_shift__s1 (5.9s)
[gpu0] OK /mnt/data/INR/outputs/mujoco/suites/state_resampled_v2/runs/custom_mujoco_state_resampled_v2/custom_mujoco_state_resampled_v2_walker2d__inr_transformer_history_conditioned__specialization__s1 (5.8s)
[gpu3] OK /mnt/data/INR/outputs/mujoco/suites/state_resampled_v2/runs/custom_mujoco_state_resampled_v2/custom_mujoco_state_resampled_v2_walker2d__inr_transformer_history_conditioned__specialization__s0 (6.4s)
[launcher] done. log at /mnt/data/INR/outputs/mujoco/suites/state_resampled_v2/reevaluate_probe_database.log
[2026-05-07T02:25:16+00:00] REEVAL_END /mnt/data/INR/outputs/mujoco/suites/state_resampled_v2 status=0
[2026-05-07T02:25:16+00:00] REEVAL_START /mnt/data/INR/outputs/mujoco/suites/action_resampled_v4_hopper20x
[launcher] 56 runs across 4 GPUs
[gpu0] START /mnt/data/INR/outputs/mujoco/suites/action_resampled_v4_hopper20x/runs/custom_mujoco_action_resampled_v4_hopper20x/custom_mujoco_action_resampled_v4_hopper20x__cvae__conflation__s0
[gpu1] START /mnt/data/INR/outputs/mujoco/suites/action_resampled_v4_hopper20x/runs/custom_mujoco_action_resampled_v4_hopper20x/custom_mujoco_action_resampled_v4_hopper20x__cvae__conflation__s1
[gpu3] START /mnt/data/INR/outputs/mujoco/suites/action_resampled_v4_hopper20x/runs/custom_mujoco_action_resampled_v4_hopper20x/custom_mujoco_action_resampled_v4_hopper20x__cvae__generalization__s0
[gpu2] START /mnt/data/INR/outputs/mujoco/suites/action_resampled_v4_hopper20x/runs/custom_mujoco_action_resampled_v4_hopper20x/custom_mujoco_action_resampled_v4_hopper20x__cvae__generalization__s1
[gpu0] OK /mnt/data/INR/outputs/mujoco/suites/action_resampled_v4_hopper20x/runs/custom_mujoco_action_resampled_v4_hopper20x/custom_mujoco_action_resampled_v4_hopper20x__cvae__conflation__s0 (7.2s)
[gpu0] START /mnt/data/INR/outputs/mujoco/suites/action_resampled_v4_hopper20x/runs/custom_mujoco_action_resampled_v4_hopper20x/custom_mujoco_action_resampled_v4_hopper20x__cvae__new_policy__s0
[gpu2] OK /mnt/data/INR/outputs/mujoco/suites/action_resampled_v4_hopper20x/runs/custom_mujoco_action_resampled_v4_hopper20x/custom_mujoco_action_resampled_v4_hopper20x__cvae__generalization__s1 (7.6s)
[gpu2] START /mnt/data/INR/outputs/mujoco/suites/action_resampled_v4_hopper20x/runs/custom_mujoco_action_resampled_v4_hopper20x/custom_mujoco_action_resampled_v4_hopper20x__cvae__new_policy__s1
[gpu1] OK /mnt/data/INR/outputs/mujoco/suites/action_resampled_v4_hopper20x/runs/custom_mujoco_action_resampled_v4_hopper20x/custom_mujoco_action_resampled_v4_hopper20x__cvae__conflation__s1 (7.7s)
[gpu1] START /mnt/data/INR/outputs/mujoco/suites/action_resampled_v4_hopper20x/runs/custom_mujoco_action_resampled_v4_hopper20x/custom_mujoco_action_resampled_v4_hopper20x__cvae__no_shift__s0
[gpu3] OK /mnt/data/INR/outputs/mujoco/suites/action_resampled_v4_hopper20x/runs/custom_mujoco_action_resampled_v4_hopper20x/custom_mujoco_action_resampled_v4_hopper20x__cvae__generalization__s0 (7.8s)
[gpu3] START /mnt/data/INR/outputs/mujoco/suites/action_resampled_v4_hopper20x/runs/custom_mujoco_action_resampled_v4_hopper20x/custom_mujoco_action_resampled_v4_hopper20x__cvae__no_shift__s1
[gpu0] OK /mnt/data/INR/outputs/mujoco/suites/action_resampled_v4_hopper20x/runs/custom_mujoco_action_resampled_v4_hopper20x/custom_mujoco_action_resampled_v4_hopper20x__cvae__new_policy__s0 (6.4s)
[gpu0] START /mnt/data/INR/outputs/mujoco/suites/action_resampled_v4_hopper20x/runs/custom_mujoco_action_resampled_v4_hopper20x/custom_mujoco_action_resampled_v4_hopper20x__cvae__novel_generalization__s0
[gpu2] OK /mnt/data/INR/outputs/mujoco/suites/action_resampled_v4_hopper20x/runs/custom_mujoco_action_resampled_v4_hopper20x/custom_mujoco_action_resampled_v4_hopper20x__cvae__new_policy__s1 (7.3s)
[gpu2] START /mnt/data/INR/outputs/mujoco/suites/action_resampled_v4_hopper20x/runs/custom_mujoco_action_resampled_v4_hopper20x/custom_mujoco_action_resampled_v4_hopper20x__cvae__novel_generalization__s1
[gpu1] OK /mnt/data/INR/outputs/mujoco/suites/action_resampled_v4_hopper20x/runs/custom_mujoco_action_resampled_v4_hopper20x/custom_mujoco_action_resampled_v4_hopper20x__cvae__no_shift__s0 (7.6s)
[gpu1] START /mnt/data/INR/outputs/mujoco/suites/action_resampled_v4_hopper20x/runs/custom_mujoco_action_resampled_v4_hopper20x/custom_mujoco_action_resampled_v4_hopper20x__cvae__single_shift__s0
[gpu3] OK /mnt/data/INR/outputs/mujoco/suites/action_resampled_v4_hopper20x/runs/custom_mujoco_action_resampled_v4_hopper20x/custom_mujoco_action_resampled_v4_hopper20x__cvae__no_shift__s1 (7.6s)
[gpu3] START /mnt/data/INR/outputs/mujoco/suites/action_resampled_v4_hopper20x/runs/custom_mujoco_action_resampled_v4_hopper20x/custom_mujoco_action_resampled_v4_hopper20x__cvae__single_shift__s1
[gpu0] OK /mnt/data/INR/outputs/mujoco/suites/action_resampled_v4_hopper20x/runs/custom_mujoco_action_resampled_v4_hopper20x/custom_mujoco_action_resampled_v4_hopper20x__cvae__novel_generalization__s0 (6.5s)
[gpu0] START /mnt/data/INR/outputs/mujoco/suites/action_resampled_v4_hopper20x/runs/custom_mujoco_action_resampled_v4_hopper20x/custom_mujoco_action_resampled_v4_hopper20x__cvae__specialization__s0
[gpu2] OK /mnt/data/INR/outputs/mujoco/suites/action_resampled_v4_hopper20x/runs/custom_mujoco_action_resampled_v4_hopper20x/custom_mujoco_action_resampled_v4_hopper20x__cvae__novel_generalization__s1 (7.3s)
[gpu2] START /mnt/data/INR/outputs/mujoco/suites/action_resampled_v4_hopper20x/runs/custom_mujoco_action_resampled_v4_hopper20x/custom_mujoco_action_resampled_v4_hopper20x__cvae__specialization__s1
[gpu1] OK /mnt/data/INR/outputs/mujoco/suites/action_resampled_v4_hopper20x/runs/custom_mujoco_action_resampled_v4_hopper20x/custom_mujoco_action_resampled_v4_hopper20x__cvae__single_shift__s0 (7.4s)
[gpu1] START /mnt/data/INR/outputs/mujoco/suites/action_resampled_v4_hopper20x/runs/custom_mujoco_action_resampled_v4_hopper20x/custom_mujoco_action_resampled_v4_hopper20x__inr_diffusion_history_conditioned__conflation__s0
[gpu3] OK /mnt/data/INR/outputs/mujoco/suites/action_resampled_v4_hopper20x/runs/custom_mujoco_action_resampled_v4_hopper20x/custom_mujoco_action_resampled_v4_hopper20x__cvae__single_shift__s1 (7.4s)
[gpu3] START /mnt/data/INR/outputs/mujoco/suites/action_resampled_v4_hopper20x/runs/custom_mujoco_action_resampled_v4_hopper20x/custom_mujoco_action_resampled_v4_hopper20x__inr_diffusion_history_conditioned__conflation__s1
[gpu0] OK /mnt/data/INR/outputs/mujoco/suites/action_resampled_v4_hopper20x/runs/custom_mujoco_action_resampled_v4_hopper20x/custom_mujoco_action_resampled_v4_hopper20x__cvae__specialization__s0 (6.3s)
[gpu0] START /mnt/data/INR/outputs/mujoco/suites/action_resampled_v4_hopper20x/runs/custom_mujoco_action_resampled_v4_hopper20x/custom_mujoco_action_resampled_v4_hopper20x__inr_diffusion_history_conditioned__generalization__s0
[gpu2] OK /mnt/data/INR/outputs/mujoco/suites/action_resampled_v4_hopper20x/runs/custom_mujoco_action_resampled_v4_hopper20x/custom_mujoco_action_resampled_v4_hopper20x__cvae__specialization__s1 (6.9s)
[gpu2] START /mnt/data/INR/outputs/mujoco/suites/action_resampled_v4_hopper20x/runs/custom_mujoco_action_resampled_v4_hopper20x/custom_mujoco_action_resampled_v4_hopper20x__inr_diffusion_history_conditioned__generalization__s1
[gpu1] OK /mnt/data/INR/outputs/mujoco/suites/action_resampled_v4_hopper20x/runs/custom_mujoco_action_resampled_v4_hopper20x/custom_mujoco_action_resampled_v4_hopper20x__inr_diffusion_history_conditioned__conflation__s0 (7.3s)
[gpu1] START /mnt/data/INR/outputs/mujoco/suites/action_resampled_v4_hopper20x/runs/custom_mujoco_action_resampled_v4_hopper20x/custom_mujoco_action_resampled_v4_hopper20x__inr_diffusion_history_conditioned__new_policy__s0
[gpu3] OK /mnt/data/INR/outputs/mujoco/suites/action_resampled_v4_hopper20x/runs/custom_mujoco_action_resampled_v4_hopper20x/custom_mujoco_action_resampled_v4_hopper20x__inr_diffusion_history_conditioned__conflation__s1 (7.4s)
[gpu3] START /mnt/data/INR/outputs/mujoco/suites/action_resampled_v4_hopper20x/runs/custom_mujoco_action_resampled_v4_hopper20x/custom_mujoco_action_resampled_v4_hopper20x__inr_diffusion_history_conditioned__new_policy__s1
[gpu0] OK /mnt/data/INR/outputs/mujoco/suites/action_resampled_v4_hopper20x/runs/custom_mujoco_action_resampled_v4_hopper20x/custom_mujoco_action_resampled_v4_hopper20x__inr_diffusion_history_conditioned__generalization__s0 (6.4s)
[gpu0] START /mnt/data/INR/outputs/mujoco/suites/action_resampled_v4_hopper20x/runs/custom_mujoco_action_resampled_v4_hopper20x/custom_mujoco_action_resampled_v4_hopper20x__inr_diffusion_history_conditioned__no_shift__s0
[gpu2] OK /mnt/data/INR/outputs/mujoco/suites/action_resampled_v4_hopper20x/runs/custom_mujoco_action_resampled_v4_hopper20x/custom_mujoco_action_resampled_v4_hopper20x__inr_diffusion_history_conditioned__generalization__s1 (7.2s)
[gpu2] START /mnt/data/INR/outputs/mujoco/suites/action_resampled_v4_hopper20x/runs/custom_mujoco_action_resampled_v4_hopper20x/custom_mujoco_action_resampled_v4_hopper20x__inr_diffusion_history_conditioned__no_shift__s1
[gpu1] OK /mnt/data/INR/outputs/mujoco/suites/action_resampled_v4_hopper20x/runs/custom_mujoco_action_resampled_v4_hopper20x/custom_mujoco_action_resampled_v4_hopper20x__inr_diffusion_history_conditioned__new_policy__s0 (7.3s)
[gpu1] START /mnt/data/INR/outputs/mujoco/suites/action_resampled_v4_hopper20x/runs/custom_mujoco_action_resampled_v4_hopper20x/custom_mujoco_action_resampled_v4_hopper20x__inr_diffusion_history_conditioned__novel_generalization__s0
[gpu3] OK /mnt/data/INR/outputs/mujoco/suites/action_resampled_v4_hopper20x/runs/custom_mujoco_action_resampled_v4_hopper20x/custom_mujoco_action_resampled_v4_hopper20x__inr_diffusion_history_conditioned__new_policy__s1 (7.5s)
[gpu3] START /mnt/data/INR/outputs/mujoco/suites/action_resampled_v4_hopper20x/runs/custom_mujoco_action_resampled_v4_hopper20x/custom_mujoco_action_resampled_v4_hopper20x__inr_diffusion_history_conditioned__novel_generalization__s1
[gpu0] OK /mnt/data/INR/outputs/mujoco/suites/action_resampled_v4_hopper20x/runs/custom_mujoco_action_resampled_v4_hopper20x/custom_mujoco_action_resampled_v4_hopper20x__inr_diffusion_history_conditioned__no_shift__s0 (6.5s)
[gpu0] START /mnt/data/INR/outputs/mujoco/suites/action_resampled_v4_hopper20x/runs/custom_mujoco_action_resampled_v4_hopper20x/custom_mujoco_action_resampled_v4_hopper20x__inr_diffusion_history_conditioned__single_shift__s0
[gpu2] OK /mnt/data/INR/outputs/mujoco/suites/action_resampled_v4_hopper20x/runs/custom_mujoco_action_resampled_v4_hopper20x/custom_mujoco_action_resampled_v4_hopper20x__inr_diffusion_history_conditioned__no_shift__s1 (7.1s)
[gpu2] START /mnt/data/INR/outputs/mujoco/suites/action_resampled_v4_hopper20x/runs/custom_mujoco_action_resampled_v4_hopper20x/custom_mujoco_action_resampled_v4_hopper20x__inr_diffusion_history_conditioned__single_shift__s1
[gpu1] OK /mnt/data/INR/outputs/mujoco/suites/action_resampled_v4_hopper20x/runs/custom_mujoco_action_resampled_v4_hopper20x/custom_mujoco_action_resampled_v4_hopper20x__inr_diffusion_history_conditioned__novel_generalization__s0 (7.1s)
[gpu1] START /mnt/data/INR/outputs/mujoco/suites/action_resampled_v4_hopper20x/runs/custom_mujoco_action_resampled_v4_hopper20x/custom_mujoco_action_resampled_v4_hopper20x__inr_diffusion_history_conditioned__specialization__s0
[gpu3] OK /mnt/data/INR/outputs/mujoco/suites/action_resampled_v4_hopper20x/runs/custom_mujoco_action_resampled_v4_hopper20x/custom_mujoco_action_resampled_v4_hopper20x__inr_diffusion_history_conditioned__novel_generalization__s1 (7.2s)
[gpu3] START /mnt/data/INR/outputs/mujoco/suites/action_resampled_v4_hopper20x/runs/custom_mujoco_action_resampled_v4_hopper20x/custom_mujoco_action_resampled_v4_hopper20x__inr_diffusion_history_conditioned__specialization__s1
[gpu0] OK /mnt/data/INR/outputs/mujoco/suites/action_resampled_v4_hopper20x/runs/custom_mujoco_action_resampled_v4_hopper20x/custom_mujoco_action_resampled_v4_hopper20x__inr_diffusion_history_conditioned__single_shift__s0 (6.4s)
[gpu0] START /mnt/data/INR/outputs/mujoco/suites/action_resampled_v4_hopper20x/runs/custom_mujoco_action_resampled_v4_hopper20x/custom_mujoco_action_resampled_v4_hopper20x__inr_transformer_fitted_latent__conflation__s0
[gpu2] OK /mnt/data/INR/outputs/mujoco/suites/action_resampled_v4_hopper20x/runs/custom_mujoco_action_resampled_v4_hopper20x/custom_mujoco_action_resampled_v4_hopper20x__inr_diffusion_history_conditioned__single_shift__s1 (7.1s)
[gpu2] START /mnt/data/INR/outputs/mujoco/suites/action_resampled_v4_hopper20x/runs/custom_mujoco_action_resampled_v4_hopper20x/custom_mujoco_action_resampled_v4_hopper20x__inr_transformer_fitted_latent__conflation__s1
[gpu1] OK /mnt/data/INR/outputs/mujoco/suites/action_resampled_v4_hopper20x/runs/custom_mujoco_action_resampled_v4_hopper20x/custom_mujoco_action_resampled_v4_hopper20x__inr_diffusion_history_conditioned__specialization__s0 (6.9s)
[gpu1] START /mnt/data/INR/outputs/mujoco/suites/action_resampled_v4_hopper20x/runs/custom_mujoco_action_resampled_v4_hopper20x/custom_mujoco_action_resampled_v4_hopper20x__inr_transformer_fitted_latent__generalization__s0
[gpu3] OK /mnt/data/INR/outputs/mujoco/suites/action_resampled_v4_hopper20x/runs/custom_mujoco_action_resampled_v4_hopper20x/custom_mujoco_action_resampled_v4_hopper20x__inr_diffusion_history_conditioned__specialization__s1 (7.1s)
[gpu3] START /mnt/data/INR/outputs/mujoco/suites/action_resampled_v4_hopper20x/runs/custom_mujoco_action_resampled_v4_hopper20x/custom_mujoco_action_resampled_v4_hopper20x__inr_transformer_fitted_latent__generalization__s1
[gpu0] OK /mnt/data/INR/outputs/mujoco/suites/action_resampled_v4_hopper20x/runs/custom_mujoco_action_resampled_v4_hopper20x/custom_mujoco_action_resampled_v4_hopper20x__inr_transformer_fitted_latent__conflation__s0 (33.0s)
[gpu0] START /mnt/data/INR/outputs/mujoco/suites/action_resampled_v4_hopper20x/runs/custom_mujoco_action_resampled_v4_hopper20x/custom_mujoco_action_resampled_v4_hopper20x__inr_transformer_fitted_latent__new_policy__s0
[gpu1] OK /mnt/data/INR/outputs/mujoco/suites/action_resampled_v4_hopper20x/runs/custom_mujoco_action_resampled_v4_hopper20x/custom_mujoco_action_resampled_v4_hopper20x__inr_transformer_fitted_latent__generalization__s0 (49.7s)
[gpu1] START /mnt/data/INR/outputs/mujoco/suites/action_resampled_v4_hopper20x/runs/custom_mujoco_action_resampled_v4_hopper20x/custom_mujoco_action_resampled_v4_hopper20x__inr_transformer_fitted_latent__new_policy__s1
[gpu3] OK /mnt/data/INR/outputs/mujoco/suites/action_resampled_v4_hopper20x/runs/custom_mujoco_action_resampled_v4_hopper20x/custom_mujoco_action_resampled_v4_hopper20x__inr_transformer_fitted_latent__generalization__s1 (51.4s)
[gpu3] START /mnt/data/INR/outputs/mujoco/suites/action_resampled_v4_hopper20x/runs/custom_mujoco_action_resampled_v4_hopper20x/custom_mujoco_action_resampled_v4_hopper20x__inr_transformer_fitted_latent__no_shift__s0
[gpu2] OK /mnt/data/INR/outputs/mujoco/suites/action_resampled_v4_hopper20x/runs/custom_mujoco_action_resampled_v4_hopper20x/custom_mujoco_action_resampled_v4_hopper20x__inr_transformer_fitted_latent__conflation__s1 (62.0s)
[gpu2] START /mnt/data/INR/outputs/mujoco/suites/action_resampled_v4_hopper20x/runs/custom_mujoco_action_resampled_v4_hopper20x/custom_mujoco_action_resampled_v4_hopper20x__inr_transformer_fitted_latent__no_shift__s1
[gpu0] OK /mnt/data/INR/outputs/mujoco/suites/action_resampled_v4_hopper20x/runs/custom_mujoco_action_resampled_v4_hopper20x/custom_mujoco_action_resampled_v4_hopper20x__inr_transformer_fitted_latent__new_policy__s0 (45.2s)
[gpu0] START /mnt/data/INR/outputs/mujoco/suites/action_resampled_v4_hopper20x/runs/custom_mujoco_action_resampled_v4_hopper20x/custom_mujoco_action_resampled_v4_hopper20x__inr_transformer_fitted_latent__novel_generalization__s0
[gpu0] OK /mnt/data/INR/outputs/mujoco/suites/action_resampled_v4_hopper20x/runs/custom_mujoco_action_resampled_v4_hopper20x/custom_mujoco_action_resampled_v4_hopper20x__inr_transformer_fitted_latent__novel_generalization__s0 (49.0s)
[gpu0] START /mnt/data/INR/outputs/mujoco/suites/action_resampled_v4_hopper20x/runs/custom_mujoco_action_resampled_v4_hopper20x/custom_mujoco_action_resampled_v4_hopper20x__inr_transformer_fitted_latent__novel_generalization__s1
[gpu3] OK /mnt/data/INR/outputs/mujoco/suites/action_resampled_v4_hopper20x/runs/custom_mujoco_action_resampled_v4_hopper20x/custom_mujoco_action_resampled_v4_hopper20x__inr_transformer_fitted_latent__no_shift__s0 (80.9s)
[gpu3] START /mnt/data/INR/outputs/mujoco/suites/action_resampled_v4_hopper20x/runs/custom_mujoco_action_resampled_v4_hopper20x/custom_mujoco_action_resampled_v4_hopper20x__inr_transformer_fitted_latent__single_shift__s0
[gpu1] OK /mnt/data/INR/outputs/mujoco/suites/action_resampled_v4_hopper20x/runs/custom_mujoco_action_resampled_v4_hopper20x/custom_mujoco_action_resampled_v4_hopper20x__inr_transformer_fitted_latent__new_policy__s1 (85.2s)
[gpu1] START /mnt/data/INR/outputs/mujoco/suites/action_resampled_v4_hopper20x/runs/custom_mujoco_action_resampled_v4_hopper20x/custom_mujoco_action_resampled_v4_hopper20x__inr_transformer_fitted_latent__single_shift__s1
[gpu2] OK /mnt/data/INR/outputs/mujoco/suites/action_resampled_v4_hopper20x/runs/custom_mujoco_action_resampled_v4_hopper20x/custom_mujoco_action_resampled_v4_hopper20x__inr_transformer_fitted_latent__no_shift__s1 (80.9s)
[gpu2] START /mnt/data/INR/outputs/mujoco/suites/action_resampled_v4_hopper20x/runs/custom_mujoco_action_resampled_v4_hopper20x/custom_mujoco_action_resampled_v4_hopper20x__inr_transformer_fitted_latent__specialization__s0
[gpu0] OK /mnt/data/INR/outputs/mujoco/suites/action_resampled_v4_hopper20x/runs/custom_mujoco_action_resampled_v4_hopper20x/custom_mujoco_action_resampled_v4_hopper20x__inr_transformer_fitted_latent__novel_generalization__s1 (58.8s)
[gpu0] START /mnt/data/INR/outputs/mujoco/suites/action_resampled_v4_hopper20x/runs/custom_mujoco_action_resampled_v4_hopper20x/custom_mujoco_action_resampled_v4_hopper20x__inr_transformer_fitted_latent__specialization__s1
[gpu1] OK /mnt/data/INR/outputs/mujoco/suites/action_resampled_v4_hopper20x/runs/custom_mujoco_action_resampled_v4_hopper20x/custom_mujoco_action_resampled_v4_hopper20x__inr_transformer_fitted_latent__single_shift__s1 (75.3s)
[gpu1] START /mnt/data/INR/outputs/mujoco/suites/action_resampled_v4_hopper20x/runs/custom_mujoco_action_resampled_v4_hopper20x/custom_mujoco_action_resampled_v4_hopper20x__inr_transformer_history_conditioned__conflation__s0
[gpu3] OK /mnt/data/INR/outputs/mujoco/suites/action_resampled_v4_hopper20x/runs/custom_mujoco_action_resampled_v4_hopper20x/custom_mujoco_action_resampled_v4_hopper20x__inr_transformer_fitted_latent__single_shift__s0 (77.4s)
[gpu3] START /mnt/data/INR/outputs/mujoco/suites/action_resampled_v4_hopper20x/runs/custom_mujoco_action_resampled_v4_hopper20x/custom_mujoco_action_resampled_v4_hopper20x__inr_transformer_history_conditioned__conflation__s1
[gpu2] OK /mnt/data/INR/outputs/mujoco/suites/action_resampled_v4_hopper20x/runs/custom_mujoco_action_resampled_v4_hopper20x/custom_mujoco_action_resampled_v4_hopper20x__inr_transformer_fitted_latent__specialization__s0 (74.0s)
[gpu2] START /mnt/data/INR/outputs/mujoco/suites/action_resampled_v4_hopper20x/runs/custom_mujoco_action_resampled_v4_hopper20x/custom_mujoco_action_resampled_v4_hopper20x__inr_transformer_history_conditioned__generalization__s0
[gpu1] OK /mnt/data/INR/outputs/mujoco/suites/action_resampled_v4_hopper20x/runs/custom_mujoco_action_resampled_v4_hopper20x/custom_mujoco_action_resampled_v4_hopper20x__inr_transformer_history_conditioned__conflation__s0 (6.9s)
[gpu1] START /mnt/data/INR/outputs/mujoco/suites/action_resampled_v4_hopper20x/runs/custom_mujoco_action_resampled_v4_hopper20x/custom_mujoco_action_resampled_v4_hopper20x__inr_transformer_history_conditioned__generalization__s1
[gpu3] OK /mnt/data/INR/outputs/mujoco/suites/action_resampled_v4_hopper20x/runs/custom_mujoco_action_resampled_v4_hopper20x/custom_mujoco_action_resampled_v4_hopper20x__inr_transformer_history_conditioned__conflation__s1 (6.9s)
[gpu3] START /mnt/data/INR/outputs/mujoco/suites/action_resampled_v4_hopper20x/runs/custom_mujoco_action_resampled_v4_hopper20x/custom_mujoco_action_resampled_v4_hopper20x__inr_transformer_history_conditioned__new_policy__s0
[gpu2] OK /mnt/data/INR/outputs/mujoco/suites/action_resampled_v4_hopper20x/runs/custom_mujoco_action_resampled_v4_hopper20x/custom_mujoco_action_resampled_v4_hopper20x__inr_transformer_history_conditioned__generalization__s0 (7.1s)
[gpu2] START /mnt/data/INR/outputs/mujoco/suites/action_resampled_v4_hopper20x/runs/custom_mujoco_action_resampled_v4_hopper20x/custom_mujoco_action_resampled_v4_hopper20x__inr_transformer_history_conditioned__new_policy__s1
[gpu1] OK /mnt/data/INR/outputs/mujoco/suites/action_resampled_v4_hopper20x/runs/custom_mujoco_action_resampled_v4_hopper20x/custom_mujoco_action_resampled_v4_hopper20x__inr_transformer_history_conditioned__generalization__s1 (6.5s)
[gpu1] START /mnt/data/INR/outputs/mujoco/suites/action_resampled_v4_hopper20x/runs/custom_mujoco_action_resampled_v4_hopper20x/custom_mujoco_action_resampled_v4_hopper20x__inr_transformer_history_conditioned__no_shift__s0
[gpu3] OK /mnt/data/INR/outputs/mujoco/suites/action_resampled_v4_hopper20x/runs/custom_mujoco_action_resampled_v4_hopper20x/custom_mujoco_action_resampled_v4_hopper20x__inr_transformer_history_conditioned__new_policy__s0 (7.3s)
[gpu3] START /mnt/data/INR/outputs/mujoco/suites/action_resampled_v4_hopper20x/runs/custom_mujoco_action_resampled_v4_hopper20x/custom_mujoco_action_resampled_v4_hopper20x__inr_transformer_history_conditioned__no_shift__s1
[gpu2] OK /mnt/data/INR/outputs/mujoco/suites/action_resampled_v4_hopper20x/runs/custom_mujoco_action_resampled_v4_hopper20x/custom_mujoco_action_resampled_v4_hopper20x__inr_transformer_history_conditioned__new_policy__s1 (7.1s)
[gpu2] START /mnt/data/INR/outputs/mujoco/suites/action_resampled_v4_hopper20x/runs/custom_mujoco_action_resampled_v4_hopper20x/custom_mujoco_action_resampled_v4_hopper20x__inr_transformer_history_conditioned__novel_generalization__s0
[gpu1] OK /mnt/data/INR/outputs/mujoco/suites/action_resampled_v4_hopper20x/runs/custom_mujoco_action_resampled_v4_hopper20x/custom_mujoco_action_resampled_v4_hopper20x__inr_transformer_history_conditioned__no_shift__s0 (7.1s)
[gpu1] START /mnt/data/INR/outputs/mujoco/suites/action_resampled_v4_hopper20x/runs/custom_mujoco_action_resampled_v4_hopper20x/custom_mujoco_action_resampled_v4_hopper20x__inr_transformer_history_conditioned__novel_generalization__s1
[gpu3] OK /mnt/data/INR/outputs/mujoco/suites/action_resampled_v4_hopper20x/runs/custom_mujoco_action_resampled_v4_hopper20x/custom_mujoco_action_resampled_v4_hopper20x__inr_transformer_history_conditioned__no_shift__s1 (7.0s)
[gpu3] START /mnt/data/INR/outputs/mujoco/suites/action_resampled_v4_hopper20x/runs/custom_mujoco_action_resampled_v4_hopper20x/custom_mujoco_action_resampled_v4_hopper20x__inr_transformer_history_conditioned__single_shift__s0
[gpu2] OK /mnt/data/INR/outputs/mujoco/suites/action_resampled_v4_hopper20x/runs/custom_mujoco_action_resampled_v4_hopper20x/custom_mujoco_action_resampled_v4_hopper20x__inr_transformer_history_conditioned__novel_generalization__s0 (7.2s)
[gpu2] START /mnt/data/INR/outputs/mujoco/suites/action_resampled_v4_hopper20x/runs/custom_mujoco_action_resampled_v4_hopper20x/custom_mujoco_action_resampled_v4_hopper20x__inr_transformer_history_conditioned__single_shift__s1
[gpu1] OK /mnt/data/INR/outputs/mujoco/suites/action_resampled_v4_hopper20x/runs/custom_mujoco_action_resampled_v4_hopper20x/custom_mujoco_action_resampled_v4_hopper20x__inr_transformer_history_conditioned__novel_generalization__s1 (7.2s)
[gpu1] START /mnt/data/INR/outputs/mujoco/suites/action_resampled_v4_hopper20x/runs/custom_mujoco_action_resampled_v4_hopper20x/custom_mujoco_action_resampled_v4_hopper20x__inr_transformer_history_conditioned__specialization__s0
[gpu3] OK /mnt/data/INR/outputs/mujoco/suites/action_resampled_v4_hopper20x/runs/custom_mujoco_action_resampled_v4_hopper20x/custom_mujoco_action_resampled_v4_hopper20x__inr_transformer_history_conditioned__single_shift__s0 (7.0s)
[gpu3] START /mnt/data/INR/outputs/mujoco/suites/action_resampled_v4_hopper20x/runs/custom_mujoco_action_resampled_v4_hopper20x/custom_mujoco_action_resampled_v4_hopper20x__inr_transformer_history_conditioned__specialization__s1
[gpu2] OK /mnt/data/INR/outputs/mujoco/suites/action_resampled_v4_hopper20x/runs/custom_mujoco_action_resampled_v4_hopper20x/custom_mujoco_action_resampled_v4_hopper20x__inr_transformer_history_conditioned__single_shift__s1 (7.1s)
[gpu1] OK /mnt/data/INR/outputs/mujoco/suites/action_resampled_v4_hopper20x/runs/custom_mujoco_action_resampled_v4_hopper20x/custom_mujoco_action_resampled_v4_hopper20x__inr_transformer_history_conditioned__specialization__s0 (7.1s)
[gpu3] OK /mnt/data/INR/outputs/mujoco/suites/action_resampled_v4_hopper20x/runs/custom_mujoco_action_resampled_v4_hopper20x/custom_mujoco_action_resampled_v4_hopper20x__inr_transformer_history_conditioned__specialization__s1 (6.9s)
[gpu0] OK /mnt/data/INR/outputs/mujoco/suites/action_resampled_v4_hopper20x/runs/custom_mujoco_action_resampled_v4_hopper20x/custom_mujoco_action_resampled_v4_hopper20x__inr_transformer_fitted_latent__specialization__s1 (74.8s)
[launcher] done. log at /mnt/data/INR/outputs/mujoco/suites/action_resampled_v4_hopper20x/reevaluate_probe_database.log
[2026-05-07T02:30:27+00:00] REEVAL_END /mnt/data/INR/outputs/mujoco/suites/action_resampled_v4_hopper20x status=0
[2026-05-07T02:30:27+00:00] REEVAL_START /mnt/data/INR/outputs/droid/balanced_min300_remove_hk300
[launcher] 64 runs across 4 GPUs
[gpu0] START /mnt/data/INR/outputs/droid/balanced_min300_remove_hk300/droid_lowdim_full_balanced_min300_remove__cvae__conflation__s0
[gpu2] START /mnt/data/INR/outputs/droid/balanced_min300_remove_hk300/droid_lowdim_full_balanced_min300_remove__cvae__generalization__s0
[gpu1] START /mnt/data/INR/outputs/droid/balanced_min300_remove_hk300/droid_lowdim_full_balanced_min300_remove__cvae__conflation__s1
[gpu3] START /mnt/data/INR/outputs/droid/balanced_min300_remove_hk300/droid_lowdim_full_balanced_min300_remove__cvae__generalization__s1
[gpu3] OK /mnt/data/INR/outputs/droid/balanced_min300_remove_hk300/droid_lowdim_full_balanced_min300_remove__cvae__generalization__s1 (8.4s)
[gpu3] START /mnt/data/INR/outputs/droid/balanced_min300_remove_hk300/droid_lowdim_full_balanced_min300_remove__cvae__new_policy__s0
[gpu2] OK /mnt/data/INR/outputs/droid/balanced_min300_remove_hk300/droid_lowdim_full_balanced_min300_remove__cvae__generalization__s0 (8.6s)
[gpu2] START /mnt/data/INR/outputs/droid/balanced_min300_remove_hk300/droid_lowdim_full_balanced_min300_remove__cvae__new_policy__s1
[gpu0] OK /mnt/data/INR/outputs/droid/balanced_min300_remove_hk300/droid_lowdim_full_balanced_min300_remove__cvae__conflation__s0 (13.1s)
[gpu0] START /mnt/data/INR/outputs/droid/balanced_min300_remove_hk300/droid_lowdim_full_balanced_min300_remove__cvae__no_shift__s0
[gpu1] OK /mnt/data/INR/outputs/droid/balanced_min300_remove_hk300/droid_lowdim_full_balanced_min300_remove__cvae__conflation__s1 (13.1s)
[gpu1] START /mnt/data/INR/outputs/droid/balanced_min300_remove_hk300/droid_lowdim_full_balanced_min300_remove__cvae__no_shift__s1
[gpu3] OK /mnt/data/INR/outputs/droid/balanced_min300_remove_hk300/droid_lowdim_full_balanced_min300_remove__cvae__new_policy__s0 (21.6s)
[gpu3] START /mnt/data/INR/outputs/droid/balanced_min300_remove_hk300/droid_lowdim_full_balanced_min300_remove__cvae__novel_generalization__s0
[gpu2] OK /mnt/data/INR/outputs/droid/balanced_min300_remove_hk300/droid_lowdim_full_balanced_min300_remove__cvae__new_policy__s1 (21.8s)
[gpu2] START /mnt/data/INR/outputs/droid/balanced_min300_remove_hk300/droid_lowdim_full_balanced_min300_remove__cvae__novel_generalization__s1
[gpu0] OK /mnt/data/INR/outputs/droid/balanced_min300_remove_hk300/droid_lowdim_full_balanced_min300_remove__cvae__no_shift__s0 (20.8s)
[gpu0] START /mnt/data/INR/outputs/droid/balanced_min300_remove_hk300/droid_lowdim_full_balanced_min300_remove__cvae__single_shift__s0
[gpu1] OK /mnt/data/INR/outputs/droid/balanced_min300_remove_hk300/droid_lowdim_full_balanced_min300_remove__cvae__no_shift__s1 (21.0s)
[gpu1] START /mnt/data/INR/outputs/droid/balanced_min300_remove_hk300/droid_lowdim_full_balanced_min300_remove__cvae__single_shift__s1
[gpu2] OK /mnt/data/INR/outputs/droid/balanced_min300_remove_hk300/droid_lowdim_full_balanced_min300_remove__cvae__novel_generalization__s1 (9.3s)
[gpu2] START /mnt/data/INR/outputs/droid/balanced_min300_remove_hk300/droid_lowdim_full_balanced_min300_remove__cvae__specialization__s0
[gpu3] OK /mnt/data/INR/outputs/droid/balanced_min300_remove_hk300/droid_lowdim_full_balanced_min300_remove__cvae__novel_generalization__s0 (9.9s)
[gpu3] START /mnt/data/INR/outputs/droid/balanced_min300_remove_hk300/droid_lowdim_full_balanced_min300_remove__cvae__specialization__s1
[gpu0] OK /mnt/data/INR/outputs/droid/balanced_min300_remove_hk300/droid_lowdim_full_balanced_min300_remove__cvae__single_shift__s0 (19.9s)
[gpu0] START /mnt/data/INR/outputs/droid/balanced_min300_remove_hk300/droid_lowdim_full_balanced_min300_remove__inr_diffusion_history_conditioned__conflation__s0
[gpu1] OK /mnt/data/INR/outputs/droid/balanced_min300_remove_hk300/droid_lowdim_full_balanced_min300_remove__cvae__single_shift__s1 (20.3s)
[gpu1] START /mnt/data/INR/outputs/droid/balanced_min300_remove_hk300/droid_lowdim_full_balanced_min300_remove__inr_diffusion_history_conditioned__conflation__s1
[gpu2] OK /mnt/data/INR/outputs/droid/balanced_min300_remove_hk300/droid_lowdim_full_balanced_min300_remove__cvae__specialization__s0 (19.6s)
[gpu2] START /mnt/data/INR/outputs/droid/balanced_min300_remove_hk300/droid_lowdim_full_balanced_min300_remove__inr_diffusion_history_conditioned__generalization__s0
[gpu3] OK /mnt/data/INR/outputs/droid/balanced_min300_remove_hk300/droid_lowdim_full_balanced_min300_remove__cvae__specialization__s1 (20.1s)
[gpu3] START /mnt/data/INR/outputs/droid/balanced_min300_remove_hk300/droid_lowdim_full_balanced_min300_remove__inr_diffusion_history_conditioned__generalization__s1
[gpu0] OK /mnt/data/INR/outputs/droid/balanced_min300_remove_hk300/droid_lowdim_full_balanced_min300_remove__inr_diffusion_history_conditioned__conflation__s0 (12.4s)
[gpu0] START /mnt/data/INR/outputs/droid/balanced_min300_remove_hk300/droid_lowdim_full_balanced_min300_remove__inr_diffusion_history_conditioned__new_policy__s0
[gpu1] OK /mnt/data/INR/outputs/droid/balanced_min300_remove_hk300/droid_lowdim_full_balanced_min300_remove__inr_diffusion_history_conditioned__conflation__s1 (12.2s)
[gpu1] START /mnt/data/INR/outputs/droid/balanced_min300_remove_hk300/droid_lowdim_full_balanced_min300_remove__inr_diffusion_history_conditioned__new_policy__s1
[gpu2] OK /mnt/data/INR/outputs/droid/balanced_min300_remove_hk300/droid_lowdim_full_balanced_min300_remove__inr_diffusion_history_conditioned__generalization__s0 (9.0s)
[gpu2] START /mnt/data/INR/outputs/droid/balanced_min300_remove_hk300/droid_lowdim_full_balanced_min300_remove__inr_diffusion_history_conditioned__no_shift__s0
[gpu3] OK /mnt/data/INR/outputs/droid/balanced_min300_remove_hk300/droid_lowdim_full_balanced_min300_remove__inr_diffusion_history_conditioned__generalization__s1 (8.7s)
[gpu3] START /mnt/data/INR/outputs/droid/balanced_min300_remove_hk300/droid_lowdim_full_balanced_min300_remove__inr_diffusion_history_conditioned__no_shift__s1
[gpu0] OK /mnt/data/INR/outputs/droid/balanced_min300_remove_hk300/droid_lowdim_full_balanced_min300_remove__inr_diffusion_history_conditioned__new_policy__s0 (20.7s)
[gpu0] START /mnt/data/INR/outputs/droid/balanced_min300_remove_hk300/droid_lowdim_full_balanced_min300_remove__inr_diffusion_history_conditioned__novel_generalization__s0
[gpu1] OK /mnt/data/INR/outputs/droid/balanced_min300_remove_hk300/droid_lowdim_full_balanced_min300_remove__inr_diffusion_history_conditioned__new_policy__s1 (20.5s)
[gpu1] START /mnt/data/INR/outputs/droid/balanced_min300_remove_hk300/droid_lowdim_full_balanced_min300_remove__inr_diffusion_history_conditioned__novel_generalization__s1
[gpu2] OK /mnt/data/INR/outputs/droid/balanced_min300_remove_hk300/droid_lowdim_full_balanced_min300_remove__inr_diffusion_history_conditioned__no_shift__s0 (20.2s)
[gpu2] START /mnt/data/INR/outputs/droid/balanced_min300_remove_hk300/droid_lowdim_full_balanced_min300_remove__inr_diffusion_history_conditioned__single_shift__s0
[gpu3] OK /mnt/data/INR/outputs/droid/balanced_min300_remove_hk300/droid_lowdim_full_balanced_min300_remove__inr_diffusion_history_conditioned__no_shift__s1 (20.4s)
[gpu3] START /mnt/data/INR/outputs/droid/balanced_min300_remove_hk300/droid_lowdim_full_balanced_min300_remove__inr_diffusion_history_conditioned__single_shift__s1
[gpu1] OK /mnt/data/INR/outputs/droid/balanced_min300_remove_hk300/droid_lowdim_full_balanced_min300_remove__inr_diffusion_history_conditioned__novel_generalization__s1 (9.3s)
[gpu1] START /mnt/data/INR/outputs/droid/balanced_min300_remove_hk300/droid_lowdim_full_balanced_min300_remove__inr_diffusion_history_conditioned__specialization__s0
[gpu0] OK /mnt/data/INR/outputs/droid/balanced_min300_remove_hk300/droid_lowdim_full_balanced_min300_remove__inr_diffusion_history_conditioned__novel_generalization__s0 (9.9s)
[gpu0] START /mnt/data/INR/outputs/droid/balanced_min300_remove_hk300/droid_lowdim_full_balanced_min300_remove__inr_diffusion_history_conditioned__specialization__s1
[gpu2] OK /mnt/data/INR/outputs/droid/balanced_min300_remove_hk300/droid_lowdim_full_balanced_min300_remove__inr_diffusion_history_conditioned__single_shift__s0 (19.2s)
[gpu2] START /mnt/data/INR/outputs/droid/balanced_min300_remove_hk300/droid_lowdim_full_balanced_min300_remove__inr_transformer_fitted_latent__conflation__s0
[gpu3] OK /mnt/data/INR/outputs/droid/balanced_min300_remove_hk300/droid_lowdim_full_balanced_min300_remove__inr_diffusion_history_conditioned__single_shift__s1 (18.9s)
[gpu3] START /mnt/data/INR/outputs/droid/balanced_min300_remove_hk300/droid_lowdim_full_balanced_min300_remove__inr_transformer_fitted_latent__conflation__s1
[gpu1] OK /mnt/data/INR/outputs/droid/balanced_min300_remove_hk300/droid_lowdim_full_balanced_min300_remove__inr_diffusion_history_conditioned__specialization__s0 (18.8s)
[gpu1] START /mnt/data/INR/outputs/droid/balanced_min300_remove_hk300/droid_lowdim_full_balanced_min300_remove__inr_transformer_fitted_latent__generalization__s0
[gpu0] OK /mnt/data/INR/outputs/droid/balanced_min300_remove_hk300/droid_lowdim_full_balanced_min300_remove__inr_diffusion_history_conditioned__specialization__s1 (19.3s)
[gpu0] START /mnt/data/INR/outputs/droid/balanced_min300_remove_hk300/droid_lowdim_full_balanced_min300_remove__inr_transformer_fitted_latent__generalization__s1
[gpu3] OK /mnt/data/INR/outputs/droid/balanced_min300_remove_hk300/droid_lowdim_full_balanced_min300_remove__inr_transformer_fitted_latent__conflation__s1 (19.7s)
[gpu3] START /mnt/data/INR/outputs/droid/balanced_min300_remove_hk300/droid_lowdim_full_balanced_min300_remove__inr_transformer_fitted_latent__new_policy__s0
[gpu1] OK /mnt/data/INR/outputs/droid/balanced_min300_remove_hk300/droid_lowdim_full_balanced_min300_remove__inr_transformer_fitted_latent__generalization__s0 (16.2s)
[gpu1] START /mnt/data/INR/outputs/droid/balanced_min300_remove_hk300/droid_lowdim_full_balanced_min300_remove__inr_transformer_fitted_latent__new_policy__s1
[gpu0] OK /mnt/data/INR/outputs/droid/balanced_min300_remove_hk300/droid_lowdim_full_balanced_min300_remove__inr_transformer_fitted_latent__generalization__s1 (15.8s)
[gpu0] START /mnt/data/INR/outputs/droid/balanced_min300_remove_hk300/droid_lowdim_full_balanced_min300_remove__inr_transformer_fitted_latent__no_shift__s0
[gpu2] OK /mnt/data/INR/outputs/droid/balanced_min300_remove_hk300/droid_lowdim_full_balanced_min300_remove__inr_transformer_fitted_latent__conflation__s0 (28.0s)
[gpu2] START /mnt/data/INR/outputs/droid/balanced_min300_remove_hk300/droid_lowdim_full_balanced_min300_remove__inr_transformer_fitted_latent__no_shift__s1
[gpu3] OK /mnt/data/INR/outputs/droid/balanced_min300_remove_hk300/droid_lowdim_full_balanced_min300_remove__inr_transformer_fitted_latent__new_policy__s0 (36.1s)
[gpu3] START /mnt/data/INR/outputs/droid/balanced_min300_remove_hk300/droid_lowdim_full_balanced_min300_remove__inr_transformer_fitted_latent__novel_generalization__s0
[gpu3] OK /mnt/data/INR/outputs/droid/balanced_min300_remove_hk300/droid_lowdim_full_balanced_min300_remove__inr_transformer_fitted_latent__novel_generalization__s0 (14.1s)
[gpu3] START /mnt/data/INR/outputs/droid/balanced_min300_remove_hk300/droid_lowdim_full_balanced_min300_remove__inr_transformer_fitted_latent__novel_generalization__s1
[gpu0] OK /mnt/data/INR/outputs/droid/balanced_min300_remove_hk300/droid_lowdim_full_balanced_min300_remove__inr_transformer_fitted_latent__no_shift__s0 (50.0s)
[gpu0] START /mnt/data/INR/outputs/droid/balanced_min300_remove_hk300/droid_lowdim_full_balanced_min300_remove__inr_transformer_fitted_latent__single_shift__s0
[gpu1] OK /mnt/data/INR/outputs/droid/balanced_min300_remove_hk300/droid_lowdim_full_balanced_min300_remove__inr_transformer_fitted_latent__new_policy__s1 (51.0s)
[gpu1] START /mnt/data/INR/outputs/droid/balanced_min300_remove_hk300/droid_lowdim_full_balanced_min300_remove__inr_transformer_fitted_latent__single_shift__s1
[gpu2] OK /mnt/data/INR/outputs/droid/balanced_min300_remove_hk300/droid_lowdim_full_balanced_min300_remove__inr_transformer_fitted_latent__no_shift__s1 (49.2s)
[gpu2] START /mnt/data/INR/outputs/droid/balanced_min300_remove_hk300/droid_lowdim_full_balanced_min300_remove__inr_transformer_fitted_latent__specialization__s0
[gpu3] OK /mnt/data/INR/outputs/droid/balanced_min300_remove_hk300/droid_lowdim_full_balanced_min300_remove__inr_transformer_fitted_latent__novel_generalization__s1 (13.7s)
[gpu3] START /mnt/data/INR/outputs/droid/balanced_min300_remove_hk300/droid_lowdim_full_balanced_min300_remove__inr_transformer_fitted_latent__specialization__s1
[gpu3] OK /mnt/data/INR/outputs/droid/balanced_min300_remove_hk300/droid_lowdim_full_balanced_min300_remove__inr_transformer_fitted_latent__specialization__s1 (29.7s)
[gpu3] START /mnt/data/INR/outputs/droid/balanced_min300_remove_hk300/droid_lowdim_full_balanced_min300_remove__inr_transformer_history_conditioned__conflation__s0
[gpu1] OK /mnt/data/INR/outputs/droid/balanced_min300_remove_hk300/droid_lowdim_full_balanced_min300_remove__inr_transformer_fitted_latent__single_shift__s1 (43.7s)
[gpu1] START /mnt/data/INR/outputs/droid/balanced_min300_remove_hk300/droid_lowdim_full_balanced_min300_remove__inr_transformer_history_conditioned__conflation__s1
[gpu2] OK /mnt/data/INR/outputs/droid/balanced_min300_remove_hk300/droid_lowdim_full_balanced_min300_remove__inr_transformer_fitted_latent__specialization__s0 (43.0s)
[gpu2] START /mnt/data/INR/outputs/droid/balanced_min300_remove_hk300/droid_lowdim_full_balanced_min300_remove__inr_transformer_history_conditioned__generalization__s0
[gpu0] OK /mnt/data/INR/outputs/droid/balanced_min300_remove_hk300/droid_lowdim_full_balanced_min300_remove__inr_transformer_fitted_latent__single_shift__s0 (46.4s)
[gpu0] START /mnt/data/INR/outputs/droid/balanced_min300_remove_hk300/droid_lowdim_full_balanced_min300_remove__inr_transformer_history_conditioned__generalization__s1
[gpu3] OK /mnt/data/INR/outputs/droid/balanced_min300_remove_hk300/droid_lowdim_full_balanced_min300_remove__inr_transformer_history_conditioned__conflation__s0 (12.0s)
[gpu3] START /mnt/data/INR/outputs/droid/balanced_min300_remove_hk300/droid_lowdim_full_balanced_min300_remove__inr_transformer_history_conditioned__new_policy__s0
[gpu0] OK /mnt/data/INR/outputs/droid/balanced_min300_remove_hk300/droid_lowdim_full_balanced_min300_remove__inr_transformer_history_conditioned__generalization__s1 (8.7s)
[gpu0] START /mnt/data/INR/outputs/droid/balanced_min300_remove_hk300/droid_lowdim_full_balanced_min300_remove__inr_transformer_history_conditioned__new_policy__s1
[gpu2] OK /mnt/data/INR/outputs/droid/balanced_min300_remove_hk300/droid_lowdim_full_balanced_min300_remove__inr_transformer_history_conditioned__generalization__s0 (9.4s)
[gpu2] START /mnt/data/INR/outputs/droid/balanced_min300_remove_hk300/droid_lowdim_full_balanced_min300_remove__inr_transformer_history_conditioned__no_shift__s0
[gpu1] OK /mnt/data/INR/outputs/droid/balanced_min300_remove_hk300/droid_lowdim_full_balanced_min300_remove__inr_transformer_history_conditioned__conflation__s1 (13.1s)
[gpu1] START /mnt/data/INR/outputs/droid/balanced_min300_remove_hk300/droid_lowdim_full_balanced_min300_remove__inr_transformer_history_conditioned__no_shift__s1
[gpu3] OK /mnt/data/INR/outputs/droid/balanced_min300_remove_hk300/droid_lowdim_full_balanced_min300_remove__inr_transformer_history_conditioned__new_policy__s0 (20.4s)
[gpu3] START /mnt/data/INR/outputs/droid/balanced_min300_remove_hk300/droid_lowdim_full_balanced_min300_remove__inr_transformer_history_conditioned__novel_generalization__s0
[gpu2] OK /mnt/data/INR/outputs/droid/balanced_min300_remove_hk300/droid_lowdim_full_balanced_min300_remove__inr_transformer_history_conditioned__no_shift__s0 (20.6s)
[gpu2] START /mnt/data/INR/outputs/droid/balanced_min300_remove_hk300/droid_lowdim_full_balanced_min300_remove__inr_transformer_history_conditioned__novel_generalization__s1
[gpu0] OK /mnt/data/INR/outputs/droid/balanced_min300_remove_hk300/droid_lowdim_full_balanced_min300_remove__inr_transformer_history_conditioned__new_policy__s1 (21.6s)
[gpu0] START /mnt/data/INR/outputs/droid/balanced_min300_remove_hk300/droid_lowdim_full_balanced_min300_remove__inr_transformer_history_conditioned__single_shift__s0
[gpu1] OK /mnt/data/INR/outputs/droid/balanced_min300_remove_hk300/droid_lowdim_full_balanced_min300_remove__inr_transformer_history_conditioned__no_shift__s1 (21.0s)
[gpu1] START /mnt/data/INR/outputs/droid/balanced_min300_remove_hk300/droid_lowdim_full_balanced_min300_remove__inr_transformer_history_conditioned__single_shift__s1
[gpu3] OK /mnt/data/INR/outputs/droid/balanced_min300_remove_hk300/droid_lowdim_full_balanced_min300_remove__inr_transformer_history_conditioned__novel_generalization__s0 (9.8s)
[gpu3] START /mnt/data/INR/outputs/droid/balanced_min300_remove_hk300/droid_lowdim_full_balanced_min300_remove__inr_transformer_history_conditioned__specialization__s0
[gpu2] OK /mnt/data/INR/outputs/droid/balanced_min300_remove_hk300/droid_lowdim_full_balanced_min300_remove__inr_transformer_history_conditioned__novel_generalization__s1 (9.3s)
[gpu2] START /mnt/data/INR/outputs/droid/balanced_min300_remove_hk300/droid_lowdim_full_balanced_min300_remove__inr_transformer_history_conditioned__specialization__s1
[gpu0] OK /mnt/data/INR/outputs/droid/balanced_min300_remove_hk300/droid_lowdim_full_balanced_min300_remove__inr_transformer_history_conditioned__single_shift__s0 (19.8s)
[gpu0] START /mnt/data/INR/outputs/droid/balanced_min300_remove_hk300/droid_lowdim_full_balanced_min300_remove__inr_transformer_infer_latent_maml__conflation__s0
[gpu1] OK /mnt/data/INR/outputs/droid/balanced_min300_remove_hk300/droid_lowdim_full_balanced_min300_remove__inr_transformer_history_conditioned__single_shift__s1 (20.5s)
[gpu1] START /mnt/data/INR/outputs/droid/balanced_min300_remove_hk300/droid_lowdim_full_balanced_min300_remove__inr_transformer_infer_latent_maml__conflation__s1
[gpu3] OK /mnt/data/INR/outputs/droid/balanced_min300_remove_hk300/droid_lowdim_full_balanced_min300_remove__inr_transformer_history_conditioned__specialization__s0 (18.5s)
[gpu3] START /mnt/data/INR/outputs/droid/balanced_min300_remove_hk300/droid_lowdim_full_balanced_min300_remove__inr_transformer_infer_latent_maml__generalization__s0
[gpu2] OK /mnt/data/INR/outputs/droid/balanced_min300_remove_hk300/droid_lowdim_full_balanced_min300_remove__inr_transformer_history_conditioned__specialization__s1 (18.6s)
[gpu2] START /mnt/data/INR/outputs/droid/balanced_min300_remove_hk300/droid_lowdim_full_balanced_min300_remove__inr_transformer_infer_latent_maml__generalization__s1
[gpu3] OK /mnt/data/INR/outputs/droid/balanced_min300_remove_hk300/droid_lowdim_full_balanced_min300_remove__inr_transformer_infer_latent_maml__generalization__s0 (9.3s)
[gpu3] START /mnt/data/INR/outputs/droid/balanced_min300_remove_hk300/droid_lowdim_full_balanced_min300_remove__inr_transformer_infer_latent_maml__new_policy__s0
[gpu2] OK /mnt/data/INR/outputs/droid/balanced_min300_remove_hk300/droid_lowdim_full_balanced_min300_remove__inr_transformer_infer_latent_maml__generalization__s1 (9.1s)
[gpu2] START /mnt/data/INR/outputs/droid/balanced_min300_remove_hk300/droid_lowdim_full_balanced_min300_remove__inr_transformer_infer_latent_maml__new_policy__s1
[gpu0] OK /mnt/data/INR/outputs/droid/balanced_min300_remove_hk300/droid_lowdim_full_balanced_min300_remove__inr_transformer_infer_latent_maml__conflation__s0 (17.1s)
[gpu0] START /mnt/data/INR/outputs/droid/balanced_min300_remove_hk300/droid_lowdim_full_balanced_min300_remove__inr_transformer_infer_latent_maml__no_shift__s0
[gpu1] OK /mnt/data/INR/outputs/droid/balanced_min300_remove_hk300/droid_lowdim_full_balanced_min300_remove__inr_transformer_infer_latent_maml__conflation__s1 (17.1s)
[gpu1] START /mnt/data/INR/outputs/droid/balanced_min300_remove_hk300/droid_lowdim_full_balanced_min300_remove__inr_transformer_infer_latent_maml__no_shift__s1
[gpu2] OK /mnt/data/INR/outputs/droid/balanced_min300_remove_hk300/droid_lowdim_full_balanced_min300_remove__inr_transformer_infer_latent_maml__new_policy__s1 (24.6s)
[gpu3] OK /mnt/data/INR/outputs/droid/balanced_min300_remove_hk300/droid_lowdim_full_balanced_min300_remove__inr_transformer_infer_latent_maml__new_policy__s0 (28.9s)
[gpu0] OK /mnt/data/INR/outputs/droid/balanced_min300_remove_hk300/droid_lowdim_full_balanced_min300_remove__inr_transformer_infer_latent_maml__no_shift__s0 (27.7s)
[gpu1] OK /mnt/data/INR/outputs/droid/balanced_min300_remove_hk300/droid_lowdim_full_balanced_min300_remove__inr_transformer_infer_latent_maml__no_shift__s1 (26.4s)
[launcher] done. log at /mnt/data/INR/outputs/droid/balanced_min300_remove_hk300/reevaluate_probe_database.log
[2026-05-07T02:35:55+00:00] REEVAL_END /mnt/data/INR/outputs/droid/balanced_min300_remove_hk300 status=0
[2026-05-07T02:35:55+00:00] REEVAL_START /mnt/data/INR/outputs/fastf1/uncapped_full_suite
[launcher] 56 runs across 4 GPUs
[gpu0] START /mnt/data/INR/outputs/fastf1/uncapped_full_suite/fastf1_stint_full_uncapped__cvae__conflation__s0
[gpu1] START /mnt/data/INR/outputs/fastf1/uncapped_full_suite/fastf1_stint_full_uncapped__cvae__conflation__s1
[gpu2] START /mnt/data/INR/outputs/fastf1/uncapped_full_suite/fastf1_stint_full_uncapped__cvae__generalization__s0
[gpu3] START /mnt/data/INR/outputs/fastf1/uncapped_full_suite/fastf1_stint_full_uncapped__cvae__generalization__s1
[gpu3] OK /mnt/data/INR/outputs/fastf1/uncapped_full_suite/fastf1_stint_full_uncapped__cvae__generalization__s1 (670.9s)
[gpu3] START /mnt/data/INR/outputs/fastf1/uncapped_full_suite/fastf1_stint_full_uncapped__cvae__new_policy__s0
[gpu1] OK /mnt/data/INR/outputs/fastf1/uncapped_full_suite/fastf1_stint_full_uncapped__cvae__conflation__s1 (671.7s)
[gpu1] START /mnt/data/INR/outputs/fastf1/uncapped_full_suite/fastf1_stint_full_uncapped__cvae__new_policy__s1
[gpu0] OK /mnt/data/INR/outputs/fastf1/uncapped_full_suite/fastf1_stint_full_uncapped__cvae__conflation__s0 (672.5s)
[gpu0] START /mnt/data/INR/outputs/fastf1/uncapped_full_suite/fastf1_stint_full_uncapped__cvae__no_shift__s0
[gpu2] OK /mnt/data/INR/outputs/fastf1/uncapped_full_suite/fastf1_stint_full_uncapped__cvae__generalization__s0 (672.6s)
[gpu2] START /mnt/data/INR/outputs/fastf1/uncapped_full_suite/fastf1_stint_full_uncapped__cvae__no_shift__s1
[gpu3] OK /mnt/data/INR/outputs/fastf1/uncapped_full_suite/fastf1_stint_full_uncapped__cvae__new_policy__s0 (10.1s)
[gpu3] START /mnt/data/INR/outputs/fastf1/uncapped_full_suite/fastf1_stint_full_uncapped__cvae__novel_generalization__s0
[gpu1] OK /mnt/data/INR/outputs/fastf1/uncapped_full_suite/fastf1_stint_full_uncapped__cvae__new_policy__s1 (10.3s)
[gpu1] START /mnt/data/INR/outputs/fastf1/uncapped_full_suite/fastf1_stint_full_uncapped__cvae__novel_generalization__s1
[gpu2] OK /mnt/data/INR/outputs/fastf1/uncapped_full_suite/fastf1_stint_full_uncapped__cvae__no_shift__s1 (11.0s)
[gpu2] START /mnt/data/INR/outputs/fastf1/uncapped_full_suite/fastf1_stint_full_uncapped__cvae__single_shift__s0
[gpu0] OK /mnt/data/INR/outputs/fastf1/uncapped_full_suite/fastf1_stint_full_uncapped__cvae__no_shift__s0 (11.1s)
[gpu0] START /mnt/data/INR/outputs/fastf1/uncapped_full_suite/fastf1_stint_full_uncapped__cvae__single_shift__s1
[gpu3] OK /mnt/data/INR/outputs/fastf1/uncapped_full_suite/fastf1_stint_full_uncapped__cvae__novel_generalization__s0 (9.8s)
[gpu3] START /mnt/data/INR/outputs/fastf1/uncapped_full_suite/fastf1_stint_full_uncapped__cvae__specialization__s0
[gpu1] OK /mnt/data/INR/outputs/fastf1/uncapped_full_suite/fastf1_stint_full_uncapped__cvae__novel_generalization__s1 (9.1s)
[gpu1] START /mnt/data/INR/outputs/fastf1/uncapped_full_suite/fastf1_stint_full_uncapped__cvae__specialization__s1
[gpu2] OK /mnt/data/INR/outputs/fastf1/uncapped_full_suite/fastf1_stint_full_uncapped__cvae__single_shift__s0 (10.8s)
[gpu2] START /mnt/data/INR/outputs/fastf1/uncapped_full_suite/fastf1_stint_full_uncapped__inr_diffusion_history_conditioned__conflation__s0
[gpu0] OK /mnt/data/INR/outputs/fastf1/uncapped_full_suite/fastf1_stint_full_uncapped__cvae__single_shift__s1 (11.1s)
[gpu0] START /mnt/data/INR/outputs/fastf1/uncapped_full_suite/fastf1_stint_full_uncapped__inr_diffusion_history_conditioned__conflation__s1
[gpu1] OK /mnt/data/INR/outputs/fastf1/uncapped_full_suite/fastf1_stint_full_uncapped__cvae__specialization__s1 (9.7s)
[gpu1] START /mnt/data/INR/outputs/fastf1/uncapped_full_suite/fastf1_stint_full_uncapped__inr_diffusion_history_conditioned__generalization__s0
[gpu3] OK /mnt/data/INR/outputs/fastf1/uncapped_full_suite/fastf1_stint_full_uncapped__cvae__specialization__s0 (10.9s)
[gpu3] START /mnt/data/INR/outputs/fastf1/uncapped_full_suite/fastf1_stint_full_uncapped__inr_diffusion_history_conditioned__generalization__s1
[gpu2] OK /mnt/data/INR/outputs/fastf1/uncapped_full_suite/fastf1_stint_full_uncapped__inr_diffusion_history_conditioned__conflation__s0 (10.2s)
[gpu2] START /mnt/data/INR/outputs/fastf1/uncapped_full_suite/fastf1_stint_full_uncapped__inr_diffusion_history_conditioned__new_policy__s0
[gpu0] OK /mnt/data/INR/outputs/fastf1/uncapped_full_suite/fastf1_stint_full_uncapped__inr_diffusion_history_conditioned__conflation__s1 (11.1s)
[gpu0] START /mnt/data/INR/outputs/fastf1/uncapped_full_suite/fastf1_stint_full_uncapped__inr_diffusion_history_conditioned__new_policy__s1
[gpu1] OK /mnt/data/INR/outputs/fastf1/uncapped_full_suite/fastf1_stint_full_uncapped__inr_diffusion_history_conditioned__generalization__s0 (9.7s)
[gpu1] START /mnt/data/INR/outputs/fastf1/uncapped_full_suite/fastf1_stint_full_uncapped__inr_diffusion_history_conditioned__no_shift__s0
[gpu3] OK /mnt/data/INR/outputs/fastf1/uncapped_full_suite/fastf1_stint_full_uncapped__inr_diffusion_history_conditioned__generalization__s1 (9.7s)
[gpu3] START /mnt/data/INR/outputs/fastf1/uncapped_full_suite/fastf1_stint_full_uncapped__inr_diffusion_history_conditioned__no_shift__s1
[gpu2] OK /mnt/data/INR/outputs/fastf1/uncapped_full_suite/fastf1_stint_full_uncapped__inr_diffusion_history_conditioned__new_policy__s0 (11.8s)
[gpu2] START /mnt/data/INR/outputs/fastf1/uncapped_full_suite/fastf1_stint_full_uncapped__inr_diffusion_history_conditioned__novel_generalization__s0
[gpu0] OK /mnt/data/INR/outputs/fastf1/uncapped_full_suite/fastf1_stint_full_uncapped__inr_diffusion_history_conditioned__new_policy__s1 (11.3s)
[gpu0] START /mnt/data/INR/outputs/fastf1/uncapped_full_suite/fastf1_stint_full_uncapped__inr_diffusion_history_conditioned__novel_generalization__s1
[gpu1] OK /mnt/data/INR/outputs/fastf1/uncapped_full_suite/fastf1_stint_full_uncapped__inr_diffusion_history_conditioned__no_shift__s0 (10.4s)
[gpu1] START /mnt/data/INR/outputs/fastf1/uncapped_full_suite/fastf1_stint_full_uncapped__inr_diffusion_history_conditioned__single_shift__s0
[gpu3] OK /mnt/data/INR/outputs/fastf1/uncapped_full_suite/fastf1_stint_full_uncapped__inr_diffusion_history_conditioned__no_shift__s1 (10.0s)
[gpu3] START /mnt/data/INR/outputs/fastf1/uncapped_full_suite/fastf1_stint_full_uncapped__inr_diffusion_history_conditioned__single_shift__s1
[gpu2] OK /mnt/data/INR/outputs/fastf1/uncapped_full_suite/fastf1_stint_full_uncapped__inr_diffusion_history_conditioned__novel_generalization__s0 (9.1s)
[gpu2] START /mnt/data/INR/outputs/fastf1/uncapped_full_suite/fastf1_stint_full_uncapped__inr_diffusion_history_conditioned__specialization__s0
[gpu0] OK /mnt/data/INR/outputs/fastf1/uncapped_full_suite/fastf1_stint_full_uncapped__inr_diffusion_history_conditioned__novel_generalization__s1 (8.8s)
[gpu0] START /mnt/data/INR/outputs/fastf1/uncapped_full_suite/fastf1_stint_full_uncapped__inr_diffusion_history_conditioned__specialization__s1
[gpu1] OK /mnt/data/INR/outputs/fastf1/uncapped_full_suite/fastf1_stint_full_uncapped__inr_diffusion_history_conditioned__single_shift__s0 (8.4s)
[gpu1] START /mnt/data/INR/outputs/fastf1/uncapped_full_suite/fastf1_stint_full_uncapped__inr_transformer_fitted_latent__conflation__s0
[gpu3] OK /mnt/data/INR/outputs/fastf1/uncapped_full_suite/fastf1_stint_full_uncapped__inr_diffusion_history_conditioned__single_shift__s1 (8.4s)
[gpu3] START /mnt/data/INR/outputs/fastf1/uncapped_full_suite/fastf1_stint_full_uncapped__inr_transformer_fitted_latent__conflation__s1
[gpu2] OK /mnt/data/INR/outputs/fastf1/uncapped_full_suite/fastf1_stint_full_uncapped__inr_diffusion_history_conditioned__specialization__s0 (9.0s)
[gpu2] START /mnt/data/INR/outputs/fastf1/uncapped_full_suite/fastf1_stint_full_uncapped__inr_transformer_fitted_latent__generalization__s0
[gpu0] OK /mnt/data/INR/outputs/fastf1/uncapped_full_suite/fastf1_stint_full_uncapped__inr_diffusion_history_conditioned__specialization__s1 (9.3s)
[gpu0] START /mnt/data/INR/outputs/fastf1/uncapped_full_suite/fastf1_stint_full_uncapped__inr_transformer_fitted_latent__generalization__s1
[gpu1] OK /mnt/data/INR/outputs/fastf1/uncapped_full_suite/fastf1_stint_full_uncapped__inr_transformer_fitted_latent__conflation__s0 (16.6s)
[gpu1] START /mnt/data/INR/outputs/fastf1/uncapped_full_suite/fastf1_stint_full_uncapped__inr_transformer_fitted_latent__new_policy__s0
[gpu3] OK /mnt/data/INR/outputs/fastf1/uncapped_full_suite/fastf1_stint_full_uncapped__inr_transformer_fitted_latent__conflation__s1 (16.4s)
[gpu3] START /mnt/data/INR/outputs/fastf1/uncapped_full_suite/fastf1_stint_full_uncapped__inr_transformer_fitted_latent__new_policy__s1
[gpu2] OK /mnt/data/INR/outputs/fastf1/uncapped_full_suite/fastf1_stint_full_uncapped__inr_transformer_fitted_latent__generalization__s0 (16.3s)
[gpu2] START /mnt/data/INR/outputs/fastf1/uncapped_full_suite/fastf1_stint_full_uncapped__inr_transformer_fitted_latent__no_shift__s0
[gpu0] OK /mnt/data/INR/outputs/fastf1/uncapped_full_suite/fastf1_stint_full_uncapped__inr_transformer_fitted_latent__generalization__s1 (16.8s)
[gpu0] START /mnt/data/INR/outputs/fastf1/uncapped_full_suite/fastf1_stint_full_uncapped__inr_transformer_fitted_latent__no_shift__s1
[gpu1] OK /mnt/data/INR/outputs/fastf1/uncapped_full_suite/fastf1_stint_full_uncapped__inr_transformer_fitted_latent__new_policy__s0 (23.2s)
[gpu1] START /mnt/data/INR/outputs/fastf1/uncapped_full_suite/fastf1_stint_full_uncapped__inr_transformer_fitted_latent__novel_generalization__s0
[gpu3] OK /mnt/data/INR/outputs/fastf1/uncapped_full_suite/fastf1_stint_full_uncapped__inr_transformer_fitted_latent__new_policy__s1 (23.1s)
[gpu3] START /mnt/data/INR/outputs/fastf1/uncapped_full_suite/fastf1_stint_full_uncapped__inr_transformer_fitted_latent__novel_generalization__s1
[gpu3] OK /mnt/data/INR/outputs/fastf1/uncapped_full_suite/fastf1_stint_full_uncapped__inr_transformer_fitted_latent__novel_generalization__s1 (13.0s)
[gpu3] START /mnt/data/INR/outputs/fastf1/uncapped_full_suite/fastf1_stint_full_uncapped__inr_transformer_fitted_latent__single_shift__s0
[gpu2] OK /mnt/data/INR/outputs/fastf1/uncapped_full_suite/fastf1_stint_full_uncapped__inr_transformer_fitted_latent__no_shift__s0 (34.9s)
[gpu2] START /mnt/data/INR/outputs/fastf1/uncapped_full_suite/fastf1_stint_full_uncapped__inr_transformer_fitted_latent__single_shift__s1
[gpu1] OK /mnt/data/INR/outputs/fastf1/uncapped_full_suite/fastf1_stint_full_uncapped__inr_transformer_fitted_latent__novel_generalization__s0 (18.2s)
[gpu1] START /mnt/data/INR/outputs/fastf1/uncapped_full_suite/fastf1_stint_full_uncapped__inr_transformer_fitted_latent__specialization__s0
[gpu0] OK /mnt/data/INR/outputs/fastf1/uncapped_full_suite/fastf1_stint_full_uncapped__inr_transformer_fitted_latent__no_shift__s1 (36.7s)
[gpu0] START /mnt/data/INR/outputs/fastf1/uncapped_full_suite/fastf1_stint_full_uncapped__inr_transformer_fitted_latent__specialization__s1
[gpu3] OK /mnt/data/INR/outputs/fastf1/uncapped_full_suite/fastf1_stint_full_uncapped__inr_transformer_fitted_latent__single_shift__s0 (20.7s)
[gpu3] START /mnt/data/INR/outputs/fastf1/uncapped_full_suite/fastf1_stint_full_uncapped__inr_transformer_history_conditioned__conflation__s0
[gpu3] OK /mnt/data/INR/outputs/fastf1/uncapped_full_suite/fastf1_stint_full_uncapped__inr_transformer_history_conditioned__conflation__s0 (7.7s)
[gpu3] START /mnt/data/INR/outputs/fastf1/uncapped_full_suite/fastf1_stint_full_uncapped__inr_transformer_history_conditioned__conflation__s1
[gpu3] OK /mnt/data/INR/outputs/fastf1/uncapped_full_suite/fastf1_stint_full_uncapped__inr_transformer_history_conditioned__conflation__s1 (7.5s)
[gpu3] START /mnt/data/INR/outputs/fastf1/uncapped_full_suite/fastf1_stint_full_uncapped__inr_transformer_history_conditioned__generalization__s0
[gpu2] OK /mnt/data/INR/outputs/fastf1/uncapped_full_suite/fastf1_stint_full_uncapped__inr_transformer_fitted_latent__single_shift__s1 (33.4s)
[gpu2] START /mnt/data/INR/outputs/fastf1/uncapped_full_suite/fastf1_stint_full_uncapped__inr_transformer_history_conditioned__generalization__s1
[gpu1] OK /mnt/data/INR/outputs/fastf1/uncapped_full_suite/fastf1_stint_full_uncapped__inr_transformer_fitted_latent__specialization__s0 (32.1s)
[gpu1] START /mnt/data/INR/outputs/fastf1/uncapped_full_suite/fastf1_stint_full_uncapped__inr_transformer_history_conditioned__new_policy__s0
[gpu0] OK /mnt/data/INR/outputs/fastf1/uncapped_full_suite/fastf1_stint_full_uncapped__inr_transformer_fitted_latent__specialization__s1 (32.0s)
[gpu0] START /mnt/data/INR/outputs/fastf1/uncapped_full_suite/fastf1_stint_full_uncapped__inr_transformer_history_conditioned__new_policy__s1
[gpu3] OK /mnt/data/INR/outputs/fastf1/uncapped_full_suite/fastf1_stint_full_uncapped__inr_transformer_history_conditioned__generalization__s0 (7.7s)
[gpu3] START /mnt/data/INR/outputs/fastf1/uncapped_full_suite/fastf1_stint_full_uncapped__inr_transformer_history_conditioned__no_shift__s0
[gpu2] OK /mnt/data/INR/outputs/fastf1/uncapped_full_suite/fastf1_stint_full_uncapped__inr_transformer_history_conditioned__generalization__s1 (8.0s)
[gpu2] START /mnt/data/INR/outputs/fastf1/uncapped_full_suite/fastf1_stint_full_uncapped__inr_transformer_history_conditioned__no_shift__s1
[gpu1] OK /mnt/data/INR/outputs/fastf1/uncapped_full_suite/fastf1_stint_full_uncapped__inr_transformer_history_conditioned__new_policy__s0 (9.4s)
[gpu1] START /mnt/data/INR/outputs/fastf1/uncapped_full_suite/fastf1_stint_full_uncapped__inr_transformer_history_conditioned__novel_generalization__s0
[gpu0] OK /mnt/data/INR/outputs/fastf1/uncapped_full_suite/fastf1_stint_full_uncapped__inr_transformer_history_conditioned__new_policy__s1 (9.2s)
[gpu0] START /mnt/data/INR/outputs/fastf1/uncapped_full_suite/fastf1_stint_full_uncapped__inr_transformer_history_conditioned__novel_generalization__s1
[gpu3] OK /mnt/data/INR/outputs/fastf1/uncapped_full_suite/fastf1_stint_full_uncapped__inr_transformer_history_conditioned__no_shift__s0 (8.3s)
[gpu3] START /mnt/data/INR/outputs/fastf1/uncapped_full_suite/fastf1_stint_full_uncapped__inr_transformer_history_conditioned__single_shift__s0
[gpu2] OK /mnt/data/INR/outputs/fastf1/uncapped_full_suite/fastf1_stint_full_uncapped__inr_transformer_history_conditioned__no_shift__s1 (9.0s)
[gpu2] START /mnt/data/INR/outputs/fastf1/uncapped_full_suite/fastf1_stint_full_uncapped__inr_transformer_history_conditioned__single_shift__s1
[gpu1] OK /mnt/data/INR/outputs/fastf1/uncapped_full_suite/fastf1_stint_full_uncapped__inr_transformer_history_conditioned__novel_generalization__s0 (8.3s)
[gpu1] START /mnt/data/INR/outputs/fastf1/uncapped_full_suite/fastf1_stint_full_uncapped__inr_transformer_history_conditioned__specialization__s0
[gpu0] OK /mnt/data/INR/outputs/fastf1/uncapped_full_suite/fastf1_stint_full_uncapped__inr_transformer_history_conditioned__novel_generalization__s1 (8.4s)
[gpu0] START /mnt/data/INR/outputs/fastf1/uncapped_full_suite/fastf1_stint_full_uncapped__inr_transformer_history_conditioned__specialization__s1
[gpu3] OK /mnt/data/INR/outputs/fastf1/uncapped_full_suite/fastf1_stint_full_uncapped__inr_transformer_history_conditioned__single_shift__s0 (8.5s)
[gpu2] OK /mnt/data/INR/outputs/fastf1/uncapped_full_suite/fastf1_stint_full_uncapped__inr_transformer_history_conditioned__single_shift__s1 (9.0s)
[gpu1] OK /mnt/data/INR/outputs/fastf1/uncapped_full_suite/fastf1_stint_full_uncapped__inr_transformer_history_conditioned__specialization__s0 (8.9s)
[gpu0] OK /mnt/data/INR/outputs/fastf1/uncapped_full_suite/fastf1_stint_full_uncapped__inr_transformer_history_conditioned__specialization__s1 (9.0s)
[launcher] done. log at /mnt/data/INR/outputs/fastf1/uncapped_full_suite/reevaluate_probe_database.log
[2026-05-07T02:50:06+00:00] REEVAL_END /mnt/data/INR/outputs/fastf1/uncapped_full_suite status=0
[2026-05-07T02:50:06+00:00] REEVAL_START /mnt/data/INR/outputs/lichess/2x_hk240
[launcher] 28 runs across 4 GPUs
[gpu0] START /mnt/data/INR/outputs/lichess/2x_hk240/lichess_full_2Xepisode__cvae__conflation__s0
[gpu1] START /mnt/data/INR/outputs/lichess/2x_hk240/lichess_full_2Xepisode__cvae__generalization__s0
[gpu2] START /mnt/data/INR/outputs/lichess/2x_hk240/lichess_full_2Xepisode__cvae__new_policy__s0
[gpu3] START /mnt/data/INR/outputs/lichess/2x_hk240/lichess_full_2Xepisode__cvae__no_shift__s0
[gpu1] OK /mnt/data/INR/outputs/lichess/2x_hk240/lichess_full_2Xepisode__cvae__generalization__s0 (252.1s)
[gpu1] START /mnt/data/INR/outputs/lichess/2x_hk240/lichess_full_2Xepisode__cvae__novel_generalization__s0
[gpu0] OK /mnt/data/INR/outputs/lichess/2x_hk240/lichess_full_2Xepisode__cvae__conflation__s0 (257.8s)
[gpu0] START /mnt/data/INR/outputs/lichess/2x_hk240/lichess_full_2Xepisode__cvae__single_shift__s0
[gpu3] OK /mnt/data/INR/outputs/lichess/2x_hk240/lichess_full_2Xepisode__cvae__no_shift__s0 (263.4s)
[gpu3] START /mnt/data/INR/outputs/lichess/2x_hk240/lichess_full_2Xepisode__cvae__specialization__s0
[gpu2] OK /mnt/data/INR/outputs/lichess/2x_hk240/lichess_full_2Xepisode__cvae__new_policy__s0 (264.4s)
[gpu2] START /mnt/data/INR/outputs/lichess/2x_hk240/lichess_full_2Xepisode__inr_diffusion_history_conditioned__conflation__s0
[gpu1] OK /mnt/data/INR/outputs/lichess/2x_hk240/lichess_full_2Xepisode__cvae__novel_generalization__s0 (185.1s)
[gpu1] START /mnt/data/INR/outputs/lichess/2x_hk240/lichess_full_2Xepisode__inr_diffusion_history_conditioned__generalization__s0
[gpu2] OK /mnt/data/INR/outputs/lichess/2x_hk240/lichess_full_2Xepisode__inr_diffusion_history_conditioned__conflation__s0 (180.5s)
[gpu2] START /mnt/data/INR/outputs/lichess/2x_hk240/lichess_full_2Xepisode__inr_diffusion_history_conditioned__new_policy__s0
[gpu0] OK /mnt/data/INR/outputs/lichess/2x_hk240/lichess_full_2Xepisode__cvae__single_shift__s0 (187.6s)
[gpu0] START /mnt/data/INR/outputs/lichess/2x_hk240/lichess_full_2Xepisode__inr_diffusion_history_conditioned__no_shift__s0
[gpu3] OK /mnt/data/INR/outputs/lichess/2x_hk240/lichess_full_2Xepisode__cvae__specialization__s0 (183.6s)
[gpu3] START /mnt/data/INR/outputs/lichess/2x_hk240/lichess_full_2Xepisode__inr_diffusion_history_conditioned__novel_generalization__s0
[gpu1] OK /mnt/data/INR/outputs/lichess/2x_hk240/lichess_full_2Xepisode__inr_diffusion_history_conditioned__generalization__s0 (159.8s)
[gpu1] START /mnt/data/INR/outputs/lichess/2x_hk240/lichess_full_2Xepisode__inr_diffusion_history_conditioned__single_shift__s0
[gpu3] OK /mnt/data/INR/outputs/lichess/2x_hk240/lichess_full_2Xepisode__inr_diffusion_history_conditioned__novel_generalization__s0 (158.4s)
[gpu3] START /mnt/data/INR/outputs/lichess/2x_hk240/lichess_full_2Xepisode__inr_diffusion_history_conditioned__specialization__s0
[gpu0] OK /mnt/data/INR/outputs/lichess/2x_hk240/lichess_full_2Xepisode__inr_diffusion_history_conditioned__no_shift__s0 (168.9s)
[gpu0] START /mnt/data/INR/outputs/lichess/2x_hk240/lichess_full_2Xepisode__inr_transformer_fitted_latent__conflation__s0
[gpu2] OK /mnt/data/INR/outputs/lichess/2x_hk240/lichess_full_2Xepisode__inr_diffusion_history_conditioned__new_policy__s0 (172.1s)
[gpu2] START /mnt/data/INR/outputs/lichess/2x_hk240/lichess_full_2Xepisode__inr_transformer_fitted_latent__generalization__s0
[gpu3] OK /mnt/data/INR/outputs/lichess/2x_hk240/lichess_full_2Xepisode__inr_diffusion_history_conditioned__specialization__s0 (81.3s)
[gpu3] START /mnt/data/INR/outputs/lichess/2x_hk240/lichess_full_2Xepisode__inr_transformer_fitted_latent__new_policy__s0
[gpu1] OK /mnt/data/INR/outputs/lichess/2x_hk240/lichess_full_2Xepisode__inr_diffusion_history_conditioned__single_shift__s0 (90.0s)
[gpu1] START /mnt/data/INR/outputs/lichess/2x_hk240/lichess_full_2Xepisode__inr_transformer_fitted_latent__no_shift__s0
[gpu2] OK /mnt/data/INR/outputs/lichess/2x_hk240/lichess_full_2Xepisode__inr_transformer_fitted_latent__generalization__s0 (315.3s)
[gpu2] START /mnt/data/INR/outputs/lichess/2x_hk240/lichess_full_2Xepisode__inr_transformer_fitted_latent__novel_generalization__s0
[gpu0] OK /mnt/data/INR/outputs/lichess/2x_hk240/lichess_full_2Xepisode__inr_transformer_fitted_latent__conflation__s0 (400.9s)
[gpu0] START /mnt/data/INR/outputs/lichess/2x_hk240/lichess_full_2Xepisode__inr_transformer_fitted_latent__single_shift__s0
[gpu2] OK /mnt/data/INR/outputs/lichess/2x_hk240/lichess_full_2Xepisode__inr_transformer_fitted_latent__novel_generalization__s0 (215.8s)
[gpu2] START /mnt/data/INR/outputs/lichess/2x_hk240/lichess_full_2Xepisode__inr_transformer_fitted_latent__specialization__s0
[gpu1] OK /mnt/data/INR/outputs/lichess/2x_hk240/lichess_full_2Xepisode__inr_transformer_fitted_latent__no_shift__s0 (465.2s)
[gpu1] START /mnt/data/INR/outputs/lichess/2x_hk240/lichess_full_2Xepisode__inr_transformer_history_conditioned__conflation__s0
[gpu1] OK /mnt/data/INR/outputs/lichess/2x_hk240/lichess_full_2Xepisode__inr_transformer_history_conditioned__conflation__s0 (58.1s)
[gpu1] START /mnt/data/INR/outputs/lichess/2x_hk240/lichess_full_2Xepisode__inr_transformer_history_conditioned__generalization__s0
[gpu3] OK /mnt/data/INR/outputs/lichess/2x_hk240/lichess_full_2Xepisode__inr_transformer_fitted_latent__new_policy__s0 (545.4s)
[gpu3] START /mnt/data/INR/outputs/lichess/2x_hk240/lichess_full_2Xepisode__inr_transformer_history_conditioned__new_policy__s0
[gpu1] OK /mnt/data/INR/outputs/lichess/2x_hk240/lichess_full_2Xepisode__inr_transformer_history_conditioned__generalization__s0 (62.9s)
[gpu1] START /mnt/data/INR/outputs/lichess/2x_hk240/lichess_full_2Xepisode__inr_transformer_history_conditioned__no_shift__s0
[gpu3] OK /mnt/data/INR/outputs/lichess/2x_hk240/lichess_full_2Xepisode__inr_transformer_history_conditioned__new_policy__s0 (81.0s)
[gpu3] START /mnt/data/INR/outputs/lichess/2x_hk240/lichess_full_2Xepisode__inr_transformer_history_conditioned__novel_generalization__s0
[gpu1] OK /mnt/data/INR/outputs/lichess/2x_hk240/lichess_full_2Xepisode__inr_transformer_history_conditioned__no_shift__s0 (70.7s)
[gpu1] START /mnt/data/INR/outputs/lichess/2x_hk240/lichess_full_2Xepisode__inr_transformer_history_conditioned__single_shift__s0
[gpu3] OK /mnt/data/INR/outputs/lichess/2x_hk240/lichess_full_2Xepisode__inr_transformer_history_conditioned__novel_generalization__s0 (56.0s)
[gpu3] START /mnt/data/INR/outputs/lichess/2x_hk240/lichess_full_2Xepisode__inr_transformer_history_conditioned__specialization__s0
[gpu1] OK /mnt/data/INR/outputs/lichess/2x_hk240/lichess_full_2Xepisode__inr_transformer_history_conditioned__single_shift__s0 (67.2s)
[gpu3] OK /mnt/data/INR/outputs/lichess/2x_hk240/lichess_full_2Xepisode__inr_transformer_history_conditioned__specialization__s0 (53.3s)
[gpu2] OK /mnt/data/INR/outputs/lichess/2x_hk240/lichess_full_2Xepisode__inr_transformer_fitted_latent__specialization__s0 (294.9s)
[gpu0] OK /mnt/data/INR/outputs/lichess/2x_hk240/lichess_full_2Xepisode__inr_transformer_fitted_latent__single_shift__s0 (491.5s)
[launcher] done. log at /mnt/data/INR/outputs/lichess/2x_hk240/reevaluate_probe_database.log
[2026-05-07T03:15:17+00:00] REEVAL_END /mnt/data/INR/outputs/lichess/2x_hk240 status=0
[2026-05-07T03:15:17+00:00] REEVAL_START /mnt/data/INR/outputs/lichess/2x_hk240_latent160
[launcher] 7 runs across 4 GPUs
[gpu0] START /mnt/data/INR/outputs/lichess/2x_hk240_latent160/lichess_full_2Xepisode__inr_transformer_fitted_latent__conflation__s0
[gpu1] START /mnt/data/INR/outputs/lichess/2x_hk240_latent160/lichess_full_2Xepisode__inr_transformer_fitted_latent__generalization__s0
[gpu3] START /mnt/data/INR/outputs/lichess/2x_hk240_latent160/lichess_full_2Xepisode__inr_transformer_fitted_latent__new_policy__s0
[gpu2] START /mnt/data/INR/outputs/lichess/2x_hk240_latent160/lichess_full_2Xepisode__inr_transformer_fitted_latent__no_shift__s0
[gpu1] OK /mnt/data/INR/outputs/lichess/2x_hk240_latent160/lichess_full_2Xepisode__inr_transformer_fitted_latent__generalization__s0 (967.3s)
[gpu1] START /mnt/data/INR/outputs/lichess/2x_hk240_latent160/lichess_full_2Xepisode__inr_transformer_fitted_latent__novel_generalization__s0
[gpu0] OK /mnt/data/INR/outputs/lichess/2x_hk240_latent160/lichess_full_2Xepisode__inr_transformer_fitted_latent__conflation__s0 (1272.4s)
[gpu0] START /mnt/data/INR/outputs/lichess/2x_hk240_latent160/lichess_full_2Xepisode__inr_transformer_fitted_latent__single_shift__s0
[gpu2] OK /mnt/data/INR/outputs/lichess/2x_hk240_latent160/lichess_full_2Xepisode__inr_transformer_fitted_latent__no_shift__s0 (1707.7s)
[gpu2] START /mnt/data/INR/outputs/lichess/2x_hk240_latent160/lichess_full_2Xepisode__inr_transformer_fitted_latent__specialization__s0
[gpu3] OK /mnt/data/INR/outputs/lichess/2x_hk240_latent160/lichess_full_2Xepisode__inr_transformer_fitted_latent__new_policy__s0 (1743.6s)
[gpu1] OK /mnt/data/INR/outputs/lichess/2x_hk240_latent160/lichess_full_2Xepisode__inr_transformer_fitted_latent__novel_generalization__s0 (1053.8s)
[gpu0] OK /mnt/data/INR/outputs/lichess/2x_hk240_latent160/lichess_full_2Xepisode__inr_transformer_fitted_latent__single_shift__s0 (1237.0s)
[gpu2] OK /mnt/data/INR/outputs/lichess/2x_hk240_latent160/lichess_full_2Xepisode__inr_transformer_fitted_latent__specialization__s0 (1426.5s)
[launcher] done. log at /mnt/data/INR/outputs/lichess/2x_hk240_latent160/reevaluate_probe_database.log
[2026-05-07T04:07:35+00:00] REEVAL_END /mnt/data/INR/outputs/lichess/2x_hk240_latent160 status=0
[2026-05-07T04:07:35+00:00] REEVAL_START /mnt/data/INR/outputs/lichess/2x_hk240_latent80
[launcher] 7 runs across 4 GPUs
[gpu0] START /mnt/data/INR/outputs/lichess/2x_hk240_latent80/lichess_full_2Xepisode__inr_transformer_fitted_latent__conflation__s0
[gpu2] START /mnt/data/INR/outputs/lichess/2x_hk240_latent80/lichess_full_2Xepisode__inr_transformer_fitted_latent__generalization__s0
[gpu3] START /mnt/data/INR/outputs/lichess/2x_hk240_latent80/lichess_full_2Xepisode__inr_transformer_fitted_latent__no_shift__s0
[gpu1] START /mnt/data/INR/outputs/lichess/2x_hk240_latent80/lichess_full_2Xepisode__inr_transformer_fitted_latent__new_policy__s0
[gpu0] OK /mnt/data/INR/outputs/lichess/2x_hk240_latent80/lichess_full_2Xepisode__inr_transformer_fitted_latent__conflation__s0 (368.6s)
[gpu0] START /mnt/data/INR/outputs/lichess/2x_hk240_latent80/lichess_full_2Xepisode__inr_transformer_fitted_latent__novel_generalization__s0
[gpu2] OK /mnt/data/INR/outputs/lichess/2x_hk240_latent80/lichess_full_2Xepisode__inr_transformer_fitted_latent__generalization__s0 (551.3s)
[gpu2] START /mnt/data/INR/outputs/lichess/2x_hk240_latent80/lichess_full_2Xepisode__inr_transformer_fitted_latent__single_shift__s0
[gpu0] OK /mnt/data/INR/outputs/lichess/2x_hk240_latent80/lichess_full_2Xepisode__inr_transformer_fitted_latent__novel_generalization__s0 (284.2s)
[gpu0] START /mnt/data/INR/outputs/lichess/2x_hk240_latent80/lichess_full_2Xepisode__inr_transformer_fitted_latent__specialization__s0
[gpu1] OK /mnt/data/INR/outputs/lichess/2x_hk240_latent80/lichess_full_2Xepisode__inr_transformer_fitted_latent__new_policy__s0 (747.1s)
[gpu3] OK /mnt/data/INR/outputs/lichess/2x_hk240_latent80/lichess_full_2Xepisode__inr_transformer_fitted_latent__no_shift__s0 (963.5s)
[gpu0] OK /mnt/data/INR/outputs/lichess/2x_hk240_latent80/lichess_full_2Xepisode__inr_transformer_fitted_latent__specialization__s0 (421.4s)
[gpu2] OK /mnt/data/INR/outputs/lichess/2x_hk240_latent80/lichess_full_2Xepisode__inr_transformer_fitted_latent__single_shift__s0 (751.8s)
[launcher] done. log at /mnt/data/INR/outputs/lichess/2x_hk240_latent80/reevaluate_probe_database.log
[2026-05-07T04:29:22+00:00] REEVAL_END /mnt/data/INR/outputs/lichess/2x_hk240_latent80 status=0
[2026-05-07T04:29:22+00:00] REEVAL_START /mnt/data/INR/outputs/lichess/hk120_latent128
[launcher] 7 runs across 4 GPUs
[gpu0] START /mnt/data/INR/outputs/lichess/hk120_latent128/lichess_top3_full__inr_transformer_fitted_latent__conflation__s0
[gpu1] START /mnt/data/INR/outputs/lichess/hk120_latent128/lichess_top3_full__inr_transformer_fitted_latent__generalization__s0
[gpu3] START /mnt/data/INR/outputs/lichess/hk120_latent128/lichess_top3_full__inr_transformer_fitted_latent__new_policy__s0
[gpu2] START /mnt/data/INR/outputs/lichess/hk120_latent128/lichess_top3_full__inr_transformer_fitted_latent__no_shift__s0
[gpu1] OK /mnt/data/INR/outputs/lichess/hk120_latent128/lichess_top3_full__inr_transformer_fitted_latent__generalization__s0 (236.3s)
[gpu1] START /mnt/data/INR/outputs/lichess/hk120_latent128/lichess_top3_full__inr_transformer_fitted_latent__novel_generalization__s0
[gpu0] OK /mnt/data/INR/outputs/lichess/hk120_latent128/lichess_top3_full__inr_transformer_fitted_latent__conflation__s0 (300.2s)
[gpu0] START /mnt/data/INR/outputs/lichess/hk120_latent128/lichess_top3_full__inr_transformer_fitted_latent__single_shift__s0
[gpu1] OK /mnt/data/INR/outputs/lichess/hk120_latent128/lichess_top3_full__inr_transformer_fitted_latent__novel_generalization__s0 (276.8s)
[gpu1] START /mnt/data/INR/outputs/lichess/hk120_latent128/lichess_top3_full__inr_transformer_fitted_latent__specialization__s0
[gpu0] OK /mnt/data/INR/outputs/lichess/hk120_latent128/lichess_top3_full__inr_transformer_fitted_latent__single_shift__s0 (350.6s)
[gpu3] OK /mnt/data/INR/outputs/lichess/hk120_latent128/lichess_top3_full__inr_transformer_fitted_latent__new_policy__s0 (659.4s)
[gpu2] OK /mnt/data/INR/outputs/lichess/hk120_latent128/lichess_top3_full__inr_transformer_fitted_latent__no_shift__s0 (695.4s)
[gpu1] OK /mnt/data/INR/outputs/lichess/hk120_latent128/lichess_top3_full__inr_transformer_fitted_latent__specialization__s0 (281.5s)
[launcher] done. log at /mnt/data/INR/outputs/lichess/hk120_latent128/reevaluate_probe_database.log
[2026-05-07T04:42:41+00:00] REEVAL_END /mnt/data/INR/outputs/lichess/hk120_latent128 status=0
[2026-05-07T04:42:41+00:00] APPEND_ALL_POLICY_START droid
[launcher] /mnt/data/INR/outputs/droid/balanced_min300_remove_hk300: 64 source runs across 4 GPUs
[gpu0] START /mnt/data/INR/outputs/droid/balanced_min300_remove_hk300/droid_lowdim_full_balanced_min300_remove__cvae__conflation__s0
[gpu3] START /mnt/data/INR/outputs/droid/balanced_min300_remove_hk300/droid_lowdim_full_balanced_min300_remove__cvae__conflation__s1
[gpu2] START /mnt/data/INR/outputs/droid/balanced_min300_remove_hk300/droid_lowdim_full_balanced_min300_remove__cvae__generalization__s0
[gpu1] START /mnt/data/INR/outputs/droid/balanced_min300_remove_hk300/droid_lowdim_full_balanced_min300_remove__cvae__generalization__s1
[gpu1] OK /mnt/data/INR/outputs/droid/balanced_min300_remove_hk300/droid_lowdim_full_balanced_min300_remove__cvae__generalization__s1 (9.4s)
[gpu1] START /mnt/data/INR/outputs/droid/balanced_min300_remove_hk300/droid_lowdim_full_balanced_min300_remove__cvae__new_policy__s0
[gpu2] OK /mnt/data/INR/outputs/droid/balanced_min300_remove_hk300/droid_lowdim_full_balanced_min300_remove__cvae__generalization__s0 (10.2s)
[gpu2] START /mnt/data/INR/outputs/droid/balanced_min300_remove_hk300/droid_lowdim_full_balanced_min300_remove__cvae__new_policy__s1
[gpu3] OK /mnt/data/INR/outputs/droid/balanced_min300_remove_hk300/droid_lowdim_full_balanced_min300_remove__cvae__conflation__s1 (13.3s)
[gpu3] START /mnt/data/INR/outputs/droid/balanced_min300_remove_hk300/droid_lowdim_full_balanced_min300_remove__cvae__no_shift__s0
[gpu0] OK /mnt/data/INR/outputs/droid/balanced_min300_remove_hk300/droid_lowdim_full_balanced_min300_remove__cvae__conflation__s0 (13.3s)
[gpu0] START /mnt/data/INR/outputs/droid/balanced_min300_remove_hk300/droid_lowdim_full_balanced_min300_remove__cvae__no_shift__s1
[gpu1] OK /mnt/data/INR/outputs/droid/balanced_min300_remove_hk300/droid_lowdim_full_balanced_min300_remove__cvae__new_policy__s0 (21.4s)
[gpu1] START /mnt/data/INR/outputs/droid/balanced_min300_remove_hk300/droid_lowdim_full_balanced_min300_remove__cvae__novel_generalization__s0
[gpu2] OK /mnt/data/INR/outputs/droid/balanced_min300_remove_hk300/droid_lowdim_full_balanced_min300_remove__cvae__new_policy__s1 (21.8s)
[gpu2] START /mnt/data/INR/outputs/droid/balanced_min300_remove_hk300/droid_lowdim_full_balanced_min300_remove__cvae__novel_generalization__s1
[gpu0] OK /mnt/data/INR/outputs/droid/balanced_min300_remove_hk300/droid_lowdim_full_balanced_min300_remove__cvae__no_shift__s1 (26.0s)
[gpu0] START /mnt/data/INR/outputs/droid/balanced_min300_remove_hk300/droid_lowdim_full_balanced_min300_remove__cvae__single_shift__s0
[gpu3] OK /mnt/data/INR/outputs/droid/balanced_min300_remove_hk300/droid_lowdim_full_balanced_min300_remove__cvae__no_shift__s0 (26.6s)
[gpu3] START /mnt/data/INR/outputs/droid/balanced_min300_remove_hk300/droid_lowdim_full_balanced_min300_remove__cvae__single_shift__s1
[gpu1] OK /mnt/data/INR/outputs/droid/balanced_min300_remove_hk300/droid_lowdim_full_balanced_min300_remove__cvae__novel_generalization__s0 (9.2s)
[gpu1] START /mnt/data/INR/outputs/droid/balanced_min300_remove_hk300/droid_lowdim_full_balanced_min300_remove__cvae__specialization__s0
[gpu2] OK /mnt/data/INR/outputs/droid/balanced_min300_remove_hk300/droid_lowdim_full_balanced_min300_remove__cvae__novel_generalization__s1 (9.3s)
[gpu2] START /mnt/data/INR/outputs/droid/balanced_min300_remove_hk300/droid_lowdim_full_balanced_min300_remove__cvae__specialization__s1
[gpu1] OK /mnt/data/INR/outputs/droid/balanced_min300_remove_hk300/droid_lowdim_full_balanced_min300_remove__cvae__specialization__s0 (23.9s)
[gpu1] START /mnt/data/INR/outputs/droid/balanced_min300_remove_hk300/droid_lowdim_full_balanced_min300_remove__inr_diffusion_history_conditioned__conflation__s0
[gpu0] OK /mnt/data/INR/outputs/droid/balanced_min300_remove_hk300/droid_lowdim_full_balanced_min300_remove__cvae__single_shift__s0 (24.9s)
[gpu0] START /mnt/data/INR/outputs/droid/balanced_min300_remove_hk300/droid_lowdim_full_balanced_min300_remove__inr_diffusion_history_conditioned__conflation__s1
[gpu3] OK /mnt/data/INR/outputs/droid/balanced_min300_remove_hk300/droid_lowdim_full_balanced_min300_remove__cvae__single_shift__s1 (24.6s)
[gpu3] START /mnt/data/INR/outputs/droid/balanced_min300_remove_hk300/droid_lowdim_full_balanced_min300_remove__inr_diffusion_history_conditioned__generalization__s0
[gpu2] OK /mnt/data/INR/outputs/droid/balanced_min300_remove_hk300/droid_lowdim_full_balanced_min300_remove__cvae__specialization__s1 (24.4s)
[gpu2] START /mnt/data/INR/outputs/droid/balanced_min300_remove_hk300/droid_lowdim_full_balanced_min300_remove__inr_diffusion_history_conditioned__generalization__s1
[gpu3] OK /mnt/data/INR/outputs/droid/balanced_min300_remove_hk300/droid_lowdim_full_balanced_min300_remove__inr_diffusion_history_conditioned__generalization__s0 (9.7s)
[gpu3] START /mnt/data/INR/outputs/droid/balanced_min300_remove_hk300/droid_lowdim_full_balanced_min300_remove__inr_diffusion_history_conditioned__new_policy__s0
[gpu2] OK /mnt/data/INR/outputs/droid/balanced_min300_remove_hk300/droid_lowdim_full_balanced_min300_remove__inr_diffusion_history_conditioned__generalization__s1 (9.9s)
[gpu2] START /mnt/data/INR/outputs/droid/balanced_min300_remove_hk300/droid_lowdim_full_balanced_min300_remove__inr_diffusion_history_conditioned__new_policy__s1
[gpu1] OK /mnt/data/INR/outputs/droid/balanced_min300_remove_hk300/droid_lowdim_full_balanced_min300_remove__inr_diffusion_history_conditioned__conflation__s0 (12.9s)
[gpu1] START /mnt/data/INR/outputs/droid/balanced_min300_remove_hk300/droid_lowdim_full_balanced_min300_remove__inr_diffusion_history_conditioned__no_shift__s0
[gpu0] OK /mnt/data/INR/outputs/droid/balanced_min300_remove_hk300/droid_lowdim_full_balanced_min300_remove__inr_diffusion_history_conditioned__conflation__s1 (12.7s)
[gpu0] START /mnt/data/INR/outputs/droid/balanced_min300_remove_hk300/droid_lowdim_full_balanced_min300_remove__inr_diffusion_history_conditioned__no_shift__s1
[gpu3] OK /mnt/data/INR/outputs/droid/balanced_min300_remove_hk300/droid_lowdim_full_balanced_min300_remove__inr_diffusion_history_conditioned__new_policy__s0 (19.9s)
[gpu3] START /mnt/data/INR/outputs/droid/balanced_min300_remove_hk300/droid_lowdim_full_balanced_min300_remove__inr_diffusion_history_conditioned__novel_generalization__s0
[gpu2] OK /mnt/data/INR/outputs/droid/balanced_min300_remove_hk300/droid_lowdim_full_balanced_min300_remove__inr_diffusion_history_conditioned__new_policy__s1 (20.9s)
[gpu2] START /mnt/data/INR/outputs/droid/balanced_min300_remove_hk300/droid_lowdim_full_balanced_min300_remove__inr_diffusion_history_conditioned__novel_generalization__s1
[gpu0] OK /mnt/data/INR/outputs/droid/balanced_min300_remove_hk300/droid_lowdim_full_balanced_min300_remove__inr_diffusion_history_conditioned__no_shift__s1 (24.9s)
[gpu0] START /mnt/data/INR/outputs/droid/balanced_min300_remove_hk300/droid_lowdim_full_balanced_min300_remove__inr_diffusion_history_conditioned__single_shift__s0
[gpu1] OK /mnt/data/INR/outputs/droid/balanced_min300_remove_hk300/droid_lowdim_full_balanced_min300_remove__inr_diffusion_history_conditioned__no_shift__s0 (25.2s)
[gpu1] START /mnt/data/INR/outputs/droid/balanced_min300_remove_hk300/droid_lowdim_full_balanced_min300_remove__inr_diffusion_history_conditioned__single_shift__s1
[gpu3] OK /mnt/data/INR/outputs/droid/balanced_min300_remove_hk300/droid_lowdim_full_balanced_min300_remove__inr_diffusion_history_conditioned__novel_generalization__s0 (9.3s)
[gpu3] START /mnt/data/INR/outputs/droid/balanced_min300_remove_hk300/droid_lowdim_full_balanced_min300_remove__inr_diffusion_history_conditioned__specialization__s0
[gpu2] OK /mnt/data/INR/outputs/droid/balanced_min300_remove_hk300/droid_lowdim_full_balanced_min300_remove__inr_diffusion_history_conditioned__novel_generalization__s1 (9.4s)
[gpu2] START /mnt/data/INR/outputs/droid/balanced_min300_remove_hk300/droid_lowdim_full_balanced_min300_remove__inr_diffusion_history_conditioned__specialization__s1
[gpu0] OK /mnt/data/INR/outputs/droid/balanced_min300_remove_hk300/droid_lowdim_full_balanced_min300_remove__inr_diffusion_history_conditioned__single_shift__s0 (22.6s)
[gpu0] START /mnt/data/INR/outputs/droid/balanced_min300_remove_hk300/droid_lowdim_full_balanced_min300_remove__inr_transformer_fitted_latent__conflation__s0
[gpu1] OK /mnt/data/INR/outputs/droid/balanced_min300_remove_hk300/droid_lowdim_full_balanced_min300_remove__inr_diffusion_history_conditioned__single_shift__s1 (23.3s)
[gpu1] START /mnt/data/INR/outputs/droid/balanced_min300_remove_hk300/droid_lowdim_full_balanced_min300_remove__inr_transformer_fitted_latent__conflation__s1
[gpu3] OK /mnt/data/INR/outputs/droid/balanced_min300_remove_hk300/droid_lowdim_full_balanced_min300_remove__inr_diffusion_history_conditioned__specialization__s0 (22.5s)
[gpu3] START /mnt/data/INR/outputs/droid/balanced_min300_remove_hk300/droid_lowdim_full_balanced_min300_remove__inr_transformer_fitted_latent__generalization__s0
[gpu2] OK /mnt/data/INR/outputs/droid/balanced_min300_remove_hk300/droid_lowdim_full_balanced_min300_remove__inr_diffusion_history_conditioned__specialization__s1 (23.1s)
[gpu2] START /mnt/data/INR/outputs/droid/balanced_min300_remove_hk300/droid_lowdim_full_balanced_min300_remove__inr_transformer_fitted_latent__generalization__s1
[gpu3] OK /mnt/data/INR/outputs/droid/balanced_min300_remove_hk300/droid_lowdim_full_balanced_min300_remove__inr_transformer_fitted_latent__generalization__s0 (14.7s)
[gpu3] START /mnt/data/INR/outputs/droid/balanced_min300_remove_hk300/droid_lowdim_full_balanced_min300_remove__inr_transformer_fitted_latent__new_policy__s0
[gpu0] OK /mnt/data/INR/outputs/droid/balanced_min300_remove_hk300/droid_lowdim_full_balanced_min300_remove__inr_transformer_fitted_latent__conflation__s0 (20.0s)
[gpu0] START /mnt/data/INR/outputs/droid/balanced_min300_remove_hk300/droid_lowdim_full_balanced_min300_remove__inr_transformer_fitted_latent__new_policy__s1
[gpu1] OK /mnt/data/INR/outputs/droid/balanced_min300_remove_hk300/droid_lowdim_full_balanced_min300_remove__inr_transformer_fitted_latent__conflation__s1 (19.9s)
[gpu1] START /mnt/data/INR/outputs/droid/balanced_min300_remove_hk300/droid_lowdim_full_balanced_min300_remove__inr_transformer_fitted_latent__no_shift__s0
[gpu2] OK /mnt/data/INR/outputs/droid/balanced_min300_remove_hk300/droid_lowdim_full_balanced_min300_remove__inr_transformer_fitted_latent__generalization__s1 (20.7s)
[gpu2] START /mnt/data/INR/outputs/droid/balanced_min300_remove_hk300/droid_lowdim_full_balanced_min300_remove__inr_transformer_fitted_latent__no_shift__s1
[gpu3] OK /mnt/data/INR/outputs/droid/balanced_min300_remove_hk300/droid_lowdim_full_balanced_min300_remove__inr_transformer_fitted_latent__new_policy__s0 (34.0s)
[gpu3] START /mnt/data/INR/outputs/droid/balanced_min300_remove_hk300/droid_lowdim_full_balanced_min300_remove__inr_transformer_fitted_latent__novel_generalization__s0
[gpu0] OK /mnt/data/INR/outputs/droid/balanced_min300_remove_hk300/droid_lowdim_full_balanced_min300_remove__inr_transformer_fitted_latent__new_policy__s1 (33.8s)
[gpu0] START /mnt/data/INR/outputs/droid/balanced_min300_remove_hk300/droid_lowdim_full_balanced_min300_remove__inr_transformer_fitted_latent__novel_generalization__s1
[gpu3] OK /mnt/data/INR/outputs/droid/balanced_min300_remove_hk300/droid_lowdim_full_balanced_min300_remove__inr_transformer_fitted_latent__novel_generalization__s0 (13.5s)
[gpu3] START /mnt/data/INR/outputs/droid/balanced_min300_remove_hk300/droid_lowdim_full_balanced_min300_remove__inr_transformer_fitted_latent__single_shift__s0
[gpu1] OK /mnt/data/INR/outputs/droid/balanced_min300_remove_hk300/droid_lowdim_full_balanced_min300_remove__inr_transformer_fitted_latent__no_shift__s0 (43.6s)
[gpu1] START /mnt/data/INR/outputs/droid/balanced_min300_remove_hk300/droid_lowdim_full_balanced_min300_remove__inr_transformer_fitted_latent__single_shift__s1
[gpu0] OK /mnt/data/INR/outputs/droid/balanced_min300_remove_hk300/droid_lowdim_full_balanced_min300_remove__inr_transformer_fitted_latent__novel_generalization__s1 (13.1s)
[gpu0] START /mnt/data/INR/outputs/droid/balanced_min300_remove_hk300/droid_lowdim_full_balanced_min300_remove__inr_transformer_fitted_latent__specialization__s0
[gpu2] OK /mnt/data/INR/outputs/droid/balanced_min300_remove_hk300/droid_lowdim_full_balanced_min300_remove__inr_transformer_fitted_latent__no_shift__s1 (64.7s)
[gpu2] START /mnt/data/INR/outputs/droid/balanced_min300_remove_hk300/droid_lowdim_full_balanced_min300_remove__inr_transformer_fitted_latent__specialization__s1
[gpu3] OK /mnt/data/INR/outputs/droid/balanced_min300_remove_hk300/droid_lowdim_full_balanced_min300_remove__inr_transformer_fitted_latent__single_shift__s0 (39.6s)
[gpu3] START /mnt/data/INR/outputs/droid/balanced_min300_remove_hk300/droid_lowdim_full_balanced_min300_remove__inr_transformer_history_conditioned__conflation__s0
[gpu1] OK /mnt/data/INR/outputs/droid/balanced_min300_remove_hk300/droid_lowdim_full_balanced_min300_remove__inr_transformer_fitted_latent__single_shift__s1 (40.3s)
[gpu1] START /mnt/data/INR/outputs/droid/balanced_min300_remove_hk300/droid_lowdim_full_balanced_min300_remove__inr_transformer_history_conditioned__conflation__s1
[gpu0] OK /mnt/data/INR/outputs/droid/balanced_min300_remove_hk300/droid_lowdim_full_balanced_min300_remove__inr_transformer_fitted_latent__specialization__s0 (38.1s)
[gpu0] START /mnt/data/INR/outputs/droid/balanced_min300_remove_hk300/droid_lowdim_full_balanced_min300_remove__inr_transformer_history_conditioned__generalization__s0
[gpu0] OK /mnt/data/INR/outputs/droid/balanced_min300_remove_hk300/droid_lowdim_full_balanced_min300_remove__inr_transformer_history_conditioned__generalization__s0 (9.6s)
[gpu0] START /mnt/data/INR/outputs/droid/balanced_min300_remove_hk300/droid_lowdim_full_balanced_min300_remove__inr_transformer_history_conditioned__generalization__s1
[gpu3] OK /mnt/data/INR/outputs/droid/balanced_min300_remove_hk300/droid_lowdim_full_balanced_min300_remove__inr_transformer_history_conditioned__conflation__s0 (12.6s)
[gpu3] START /mnt/data/INR/outputs/droid/balanced_min300_remove_hk300/droid_lowdim_full_balanced_min300_remove__inr_transformer_history_conditioned__new_policy__s0
[gpu1] OK /mnt/data/INR/outputs/droid/balanced_min300_remove_hk300/droid_lowdim_full_balanced_min300_remove__inr_transformer_history_conditioned__conflation__s1 (12.6s)
[gpu1] START /mnt/data/INR/outputs/droid/balanced_min300_remove_hk300/droid_lowdim_full_balanced_min300_remove__inr_transformer_history_conditioned__new_policy__s1
[gpu0] OK /mnt/data/INR/outputs/droid/balanced_min300_remove_hk300/droid_lowdim_full_balanced_min300_remove__inr_transformer_history_conditioned__generalization__s1 (9.6s)
[gpu0] START /mnt/data/INR/outputs/droid/balanced_min300_remove_hk300/droid_lowdim_full_balanced_min300_remove__inr_transformer_history_conditioned__no_shift__s0
[gpu2] OK /mnt/data/INR/outputs/droid/balanced_min300_remove_hk300/droid_lowdim_full_balanced_min300_remove__inr_transformer_fitted_latent__specialization__s1 (40.9s)
[gpu2] START /mnt/data/INR/outputs/droid/balanced_min300_remove_hk300/droid_lowdim_full_balanced_min300_remove__inr_transformer_history_conditioned__no_shift__s1
[gpu3] OK /mnt/data/INR/outputs/droid/balanced_min300_remove_hk300/droid_lowdim_full_balanced_min300_remove__inr_transformer_history_conditioned__new_policy__s0 (20.9s)
[gpu3] START /mnt/data/INR/outputs/droid/balanced_min300_remove_hk300/droid_lowdim_full_balanced_min300_remove__inr_transformer_history_conditioned__novel_generalization__s0
[gpu1] OK /mnt/data/INR/outputs/droid/balanced_min300_remove_hk300/droid_lowdim_full_balanced_min300_remove__inr_transformer_history_conditioned__new_policy__s1 (20.7s)
[gpu1] START /mnt/data/INR/outputs/droid/balanced_min300_remove_hk300/droid_lowdim_full_balanced_min300_remove__inr_transformer_history_conditioned__novel_generalization__s1
[gpu3] OK /mnt/data/INR/outputs/droid/balanced_min300_remove_hk300/droid_lowdim_full_balanced_min300_remove__inr_transformer_history_conditioned__novel_generalization__s0 (9.2s)
[gpu3] START /mnt/data/INR/outputs/droid/balanced_min300_remove_hk300/droid_lowdim_full_balanced_min300_remove__inr_transformer_history_conditioned__single_shift__s0
[gpu1] OK /mnt/data/INR/outputs/droid/balanced_min300_remove_hk300/droid_lowdim_full_balanced_min300_remove__inr_transformer_history_conditioned__novel_generalization__s1 (8.7s)
[gpu1] START /mnt/data/INR/outputs/droid/balanced_min300_remove_hk300/droid_lowdim_full_balanced_min300_remove__inr_transformer_history_conditioned__single_shift__s1
[gpu0] OK /mnt/data/INR/outputs/droid/balanced_min300_remove_hk300/droid_lowdim_full_balanced_min300_remove__inr_transformer_history_conditioned__no_shift__s0 (25.7s)
[gpu0] START /mnt/data/INR/outputs/droid/balanced_min300_remove_hk300/droid_lowdim_full_balanced_min300_remove__inr_transformer_history_conditioned__specialization__s0
[gpu2] OK /mnt/data/INR/outputs/droid/balanced_min300_remove_hk300/droid_lowdim_full_balanced_min300_remove__inr_transformer_history_conditioned__no_shift__s1 (25.8s)
[gpu2] START /mnt/data/INR/outputs/droid/balanced_min300_remove_hk300/droid_lowdim_full_balanced_min300_remove__inr_transformer_history_conditioned__specialization__s1
[gpu3] OK /mnt/data/INR/outputs/droid/balanced_min300_remove_hk300/droid_lowdim_full_balanced_min300_remove__inr_transformer_history_conditioned__single_shift__s0 (23.5s)
[gpu3] START /mnt/data/INR/outputs/droid/balanced_min300_remove_hk300/droid_lowdim_full_balanced_min300_remove__inr_transformer_infer_latent_maml__conflation__s0
[gpu1] OK /mnt/data/INR/outputs/droid/balanced_min300_remove_hk300/droid_lowdim_full_balanced_min300_remove__inr_transformer_history_conditioned__single_shift__s1 (24.1s)
[gpu1] START /mnt/data/INR/outputs/droid/balanced_min300_remove_hk300/droid_lowdim_full_balanced_min300_remove__inr_transformer_infer_latent_maml__conflation__s1
[gpu0] OK /mnt/data/INR/outputs/droid/balanced_min300_remove_hk300/droid_lowdim_full_balanced_min300_remove__inr_transformer_history_conditioned__specialization__s0 (22.9s)
[gpu0] START /mnt/data/INR/outputs/droid/balanced_min300_remove_hk300/droid_lowdim_full_balanced_min300_remove__inr_transformer_infer_latent_maml__generalization__s0
[gpu2] OK /mnt/data/INR/outputs/droid/balanced_min300_remove_hk300/droid_lowdim_full_balanced_min300_remove__inr_transformer_history_conditioned__specialization__s1 (23.1s)
[gpu2] START /mnt/data/INR/outputs/droid/balanced_min300_remove_hk300/droid_lowdim_full_balanced_min300_remove__inr_transformer_infer_latent_maml__generalization__s1
[gpu0] OK /mnt/data/INR/outputs/droid/balanced_min300_remove_hk300/droid_lowdim_full_balanced_min300_remove__inr_transformer_infer_latent_maml__generalization__s0 (11.0s)
[gpu0] START /mnt/data/INR/outputs/droid/balanced_min300_remove_hk300/droid_lowdim_full_balanced_min300_remove__inr_transformer_infer_latent_maml__new_policy__s0
[gpu3] OK /mnt/data/INR/outputs/droid/balanced_min300_remove_hk300/droid_lowdim_full_balanced_min300_remove__inr_transformer_infer_latent_maml__conflation__s0 (14.7s)
[gpu3] START /mnt/data/INR/outputs/droid/balanced_min300_remove_hk300/droid_lowdim_full_balanced_min300_remove__inr_transformer_infer_latent_maml__new_policy__s1
[gpu1] OK /mnt/data/INR/outputs/droid/balanced_min300_remove_hk300/droid_lowdim_full_balanced_min300_remove__inr_transformer_infer_latent_maml__conflation__s1 (14.6s)
[gpu1] START /mnt/data/INR/outputs/droid/balanced_min300_remove_hk300/droid_lowdim_full_balanced_min300_remove__inr_transformer_infer_latent_maml__no_shift__s0
[gpu2] OK /mnt/data/INR/outputs/droid/balanced_min300_remove_hk300/droid_lowdim_full_balanced_min300_remove__inr_transformer_infer_latent_maml__generalization__s1 (10.9s)
[gpu2] START /mnt/data/INR/outputs/droid/balanced_min300_remove_hk300/droid_lowdim_full_balanced_min300_remove__inr_transformer_infer_latent_maml__no_shift__s1
[gpu0] OK /mnt/data/INR/outputs/droid/balanced_min300_remove_hk300/droid_lowdim_full_balanced_min300_remove__inr_transformer_infer_latent_maml__new_policy__s0 (23.8s)
[gpu3] OK /mnt/data/INR/outputs/droid/balanced_min300_remove_hk300/droid_lowdim_full_balanced_min300_remove__inr_transformer_infer_latent_maml__new_policy__s1 (24.2s)
[gpu1] OK /mnt/data/INR/outputs/droid/balanced_min300_remove_hk300/droid_lowdim_full_balanced_min300_remove__inr_transformer_infer_latent_maml__no_shift__s0 (29.8s)
[gpu2] OK /mnt/data/INR/outputs/droid/balanced_min300_remove_hk300/droid_lowdim_full_balanced_min300_remove__inr_transformer_infer_latent_maml__no_shift__s1 (29.7s)
[2026-05-07T04:48:29+00:00] APPEND_ALL_POLICY_END droid status=0
[2026-05-07T04:48:29+00:00] APPEND_ALL_POLICY_START lichess_2x
[launcher] /mnt/data/INR/outputs/lichess/2x_hk240: 28 source runs across 4 GPUs
[gpu0] START /mnt/data/INR/outputs/lichess/2x_hk240/lichess_full_2Xepisode__cvae__conflation__s0
[gpu2] START /mnt/data/INR/outputs/lichess/2x_hk240/lichess_full_2Xepisode__cvae__generalization__s0
[gpu1] START /mnt/data/INR/outputs/lichess/2x_hk240/lichess_full_2Xepisode__cvae__new_policy__s0
[gpu3] START /mnt/data/INR/outputs/lichess/2x_hk240/lichess_full_2Xepisode__cvae__no_shift__s0
[gpu2] OK /mnt/data/INR/outputs/lichess/2x_hk240/lichess_full_2Xepisode__cvae__generalization__s0 (177.8s)
[gpu2] START /mnt/data/INR/outputs/lichess/2x_hk240/lichess_full_2Xepisode__cvae__novel_generalization__s0
[gpu0] OK /mnt/data/INR/outputs/lichess/2x_hk240/lichess_full_2Xepisode__cvae__conflation__s0 (180.2s)
[gpu0] START /mnt/data/INR/outputs/lichess/2x_hk240/lichess_full_2Xepisode__cvae__single_shift__s0
[gpu1] OK /mnt/data/INR/outputs/lichess/2x_hk240/lichess_full_2Xepisode__cvae__new_policy__s0 (182.1s)
[gpu1] START /mnt/data/INR/outputs/lichess/2x_hk240/lichess_full_2Xepisode__cvae__specialization__s0
[gpu3] OK /mnt/data/INR/outputs/lichess/2x_hk240/lichess_full_2Xepisode__cvae__no_shift__s0 (188.7s)
[gpu3] START /mnt/data/INR/outputs/lichess/2x_hk240/lichess_full_2Xepisode__inr_diffusion_history_conditioned__conflation__s0
[gpu2] OK /mnt/data/INR/outputs/lichess/2x_hk240/lichess_full_2Xepisode__cvae__novel_generalization__s0 (149.6s)
[gpu2] START /mnt/data/INR/outputs/lichess/2x_hk240/lichess_full_2Xepisode__inr_diffusion_history_conditioned__generalization__s0
[gpu3] OK /mnt/data/INR/outputs/lichess/2x_hk240/lichess_full_2Xepisode__inr_diffusion_history_conditioned__conflation__s0 (148.4s)
[gpu3] START /mnt/data/INR/outputs/lichess/2x_hk240/lichess_full_2Xepisode__inr_diffusion_history_conditioned__new_policy__s0
[gpu0] OK /mnt/data/INR/outputs/lichess/2x_hk240/lichess_full_2Xepisode__cvae__single_shift__s0 (159.9s)
[gpu0] START /mnt/data/INR/outputs/lichess/2x_hk240/lichess_full_2Xepisode__inr_diffusion_history_conditioned__no_shift__s0
[gpu1] OK /mnt/data/INR/outputs/lichess/2x_hk240/lichess_full_2Xepisode__cvae__specialization__s0 (158.9s)
[gpu1] START /mnt/data/INR/outputs/lichess/2x_hk240/lichess_full_2Xepisode__inr_diffusion_history_conditioned__novel_generalization__s0
[gpu1] OK /mnt/data/INR/outputs/lichess/2x_hk240/lichess_full_2Xepisode__inr_diffusion_history_conditioned__novel_generalization__s0 (138.7s)
[gpu1] START /mnt/data/INR/outputs/lichess/2x_hk240/lichess_full_2Xepisode__inr_diffusion_history_conditioned__single_shift__s0
[gpu2] OK /mnt/data/INR/outputs/lichess/2x_hk240/lichess_full_2Xepisode__inr_diffusion_history_conditioned__generalization__s0 (152.7s)
[gpu2] START /mnt/data/INR/outputs/lichess/2x_hk240/lichess_full_2Xepisode__inr_diffusion_history_conditioned__specialization__s0
[gpu3] OK /mnt/data/INR/outputs/lichess/2x_hk240/lichess_full_2Xepisode__inr_diffusion_history_conditioned__new_policy__s0 (148.5s)
[gpu3] START /mnt/data/INR/outputs/lichess/2x_hk240/lichess_full_2Xepisode__inr_transformer_fitted_latent__conflation__s0
[gpu0] OK /mnt/data/INR/outputs/lichess/2x_hk240/lichess_full_2Xepisode__inr_diffusion_history_conditioned__no_shift__s0 (166.9s)
[gpu0] START /mnt/data/INR/outputs/lichess/2x_hk240/lichess_full_2Xepisode__inr_transformer_fitted_latent__generalization__s0
[gpu1] OK /mnt/data/INR/outputs/lichess/2x_hk240/lichess_full_2Xepisode__inr_diffusion_history_conditioned__single_shift__s0 (146.9s)
[gpu1] START /mnt/data/INR/outputs/lichess/2x_hk240/lichess_full_2Xepisode__inr_transformer_fitted_latent__new_policy__s0
[gpu2] OK /mnt/data/INR/outputs/lichess/2x_hk240/lichess_full_2Xepisode__inr_diffusion_history_conditioned__specialization__s0 (149.0s)
[gpu2] START /mnt/data/INR/outputs/lichess/2x_hk240/lichess_full_2Xepisode__inr_transformer_fitted_latent__no_shift__s0
[gpu0] OK /mnt/data/INR/outputs/lichess/2x_hk240/lichess_full_2Xepisode__inr_transformer_fitted_latent__generalization__s0 (299.5s)
[gpu0] START /mnt/data/INR/outputs/lichess/2x_hk240/lichess_full_2Xepisode__inr_transformer_fitted_latent__novel_generalization__s0
[gpu3] OK /mnt/data/INR/outputs/lichess/2x_hk240/lichess_full_2Xepisode__inr_transformer_fitted_latent__conflation__s0 (349.5s)
[gpu3] START /mnt/data/INR/outputs/lichess/2x_hk240/lichess_full_2Xepisode__inr_transformer_fitted_latent__single_shift__s0
[gpu1] OK /mnt/data/INR/outputs/lichess/2x_hk240/lichess_full_2Xepisode__inr_transformer_fitted_latent__new_policy__s0 (318.2s)
[gpu1] START /mnt/data/INR/outputs/lichess/2x_hk240/lichess_full_2Xepisode__inr_transformer_fitted_latent__specialization__s0
[gpu0] OK /mnt/data/INR/outputs/lichess/2x_hk240/lichess_full_2Xepisode__inr_transformer_fitted_latent__novel_generalization__s0 (190.8s)
[gpu0] START /mnt/data/INR/outputs/lichess/2x_hk240/lichess_full_2Xepisode__inr_transformer_history_conditioned__conflation__s0
[gpu0] OK /mnt/data/INR/outputs/lichess/2x_hk240/lichess_full_2Xepisode__inr_transformer_history_conditioned__conflation__s0 (72.6s)
[gpu0] START /mnt/data/INR/outputs/lichess/2x_hk240/lichess_full_2Xepisode__inr_transformer_history_conditioned__generalization__s0
[gpu0] OK /mnt/data/INR/outputs/lichess/2x_hk240/lichess_full_2Xepisode__inr_transformer_history_conditioned__generalization__s0 (67.0s)
[gpu0] START /mnt/data/INR/outputs/lichess/2x_hk240/lichess_full_2Xepisode__inr_transformer_history_conditioned__new_policy__s0
[gpu2] OK /mnt/data/INR/outputs/lichess/2x_hk240/lichess_full_2Xepisode__inr_transformer_fitted_latent__no_shift__s0 (569.6s)
[gpu2] START /mnt/data/INR/outputs/lichess/2x_hk240/lichess_full_2Xepisode__inr_transformer_history_conditioned__no_shift__s0
[gpu3] OK /mnt/data/INR/outputs/lichess/2x_hk240/lichess_full_2Xepisode__inr_transformer_fitted_latent__single_shift__s0 (370.5s)
[gpu3] START /mnt/data/INR/outputs/lichess/2x_hk240/lichess_full_2Xepisode__inr_transformer_history_conditioned__novel_generalization__s0
[gpu0] OK /mnt/data/INR/outputs/lichess/2x_hk240/lichess_full_2Xepisode__inr_transformer_history_conditioned__new_policy__s0 (69.6s)
[gpu0] START /mnt/data/INR/outputs/lichess/2x_hk240/lichess_full_2Xepisode__inr_transformer_history_conditioned__single_shift__s0
[gpu3] OK /mnt/data/INR/outputs/lichess/2x_hk240/lichess_full_2Xepisode__inr_transformer_history_conditioned__novel_generalization__s0 (106.9s)
[gpu3] START /mnt/data/INR/outputs/lichess/2x_hk240/lichess_full_2Xepisode__inr_transformer_history_conditioned__specialization__s0
[gpu0] OK /mnt/data/INR/outputs/lichess/2x_hk240/lichess_full_2Xepisode__inr_transformer_history_conditioned__single_shift__s0 (118.6s)
[gpu2] OK /mnt/data/INR/outputs/lichess/2x_hk240/lichess_full_2Xepisode__inr_transformer_history_conditioned__no_shift__s0 (128.1s)
[gpu1] OK /mnt/data/INR/outputs/lichess/2x_hk240/lichess_full_2Xepisode__inr_transformer_fitted_latent__specialization__s0 (405.0s)
[gpu3] OK /mnt/data/INR/outputs/lichess/2x_hk240/lichess_full_2Xepisode__inr_transformer_history_conditioned__specialization__s0 (71.3s)
[2026-05-07T05:11:37+00:00] APPEND_ALL_POLICY_END lichess_2x status=0
[2026-05-07T05:11:37+00:00] APPEND_ALL_PLAYER_START fastf1
[launcher] 56 source runs across 4 GPUs
[gpu0] START /mnt/data/INR/outputs/fastf1/uncapped_full_suite/fastf1_stint_full_uncapped__cvae__conflation__s0
[gpu1] START /mnt/data/INR/outputs/fastf1/uncapped_full_suite/fastf1_stint_full_uncapped__cvae__conflation__s1
[gpu3] START /mnt/data/INR/outputs/fastf1/uncapped_full_suite/fastf1_stint_full_uncapped__cvae__generalization__s0
[gpu2] START /mnt/data/INR/outputs/fastf1/uncapped_full_suite/fastf1_stint_full_uncapped__cvae__generalization__s1
[gpu3] OK /mnt/data/INR/outputs/fastf1/uncapped_full_suite/fastf1_stint_full_uncapped__cvae__generalization__s0 (13.7s)
[gpu3] START /mnt/data/INR/outputs/fastf1/uncapped_full_suite/fastf1_stint_full_uncapped__cvae__new_policy__s0
[gpu2] OK /mnt/data/INR/outputs/fastf1/uncapped_full_suite/fastf1_stint_full_uncapped__cvae__generalization__s1 (14.3s)
[gpu2] START /mnt/data/INR/outputs/fastf1/uncapped_full_suite/fastf1_stint_full_uncapped__cvae__new_policy__s1
[gpu0] OK /mnt/data/INR/outputs/fastf1/uncapped_full_suite/fastf1_stint_full_uncapped__cvae__conflation__s0 (16.4s)
[gpu0] START /mnt/data/INR/outputs/fastf1/uncapped_full_suite/fastf1_stint_full_uncapped__cvae__no_shift__s0
[gpu1] OK /mnt/data/INR/outputs/fastf1/uncapped_full_suite/fastf1_stint_full_uncapped__cvae__conflation__s1 (16.4s)
[gpu1] START /mnt/data/INR/outputs/fastf1/uncapped_full_suite/fastf1_stint_full_uncapped__cvae__no_shift__s1
[gpu3] OK /mnt/data/INR/outputs/fastf1/uncapped_full_suite/fastf1_stint_full_uncapped__cvae__new_policy__s0 (17.4s)
[gpu3] START /mnt/data/INR/outputs/fastf1/uncapped_full_suite/fastf1_stint_full_uncapped__cvae__novel_generalization__s0
[gpu2] OK /mnt/data/INR/outputs/fastf1/uncapped_full_suite/fastf1_stint_full_uncapped__cvae__new_policy__s1 (18.8s)
[gpu2] START /mnt/data/INR/outputs/fastf1/uncapped_full_suite/fastf1_stint_full_uncapped__cvae__novel_generalization__s1
[gpu0] OK /mnt/data/INR/outputs/fastf1/uncapped_full_suite/fastf1_stint_full_uncapped__cvae__no_shift__s0 (20.6s)
[gpu0] START /mnt/data/INR/outputs/fastf1/uncapped_full_suite/fastf1_stint_full_uncapped__cvae__single_shift__s0
[gpu1] OK /mnt/data/INR/outputs/fastf1/uncapped_full_suite/fastf1_stint_full_uncapped__cvae__no_shift__s1 (20.6s)
[gpu1] START /mnt/data/INR/outputs/fastf1/uncapped_full_suite/fastf1_stint_full_uncapped__cvae__single_shift__s1
[gpu3] OK /mnt/data/INR/outputs/fastf1/uncapped_full_suite/fastf1_stint_full_uncapped__cvae__novel_generalization__s0 (12.7s)
[gpu3] START /mnt/data/INR/outputs/fastf1/uncapped_full_suite/fastf1_stint_full_uncapped__cvae__specialization__s0
[gpu2] OK /mnt/data/INR/outputs/fastf1/uncapped_full_suite/fastf1_stint_full_uncapped__cvae__novel_generalization__s1 (13.3s)
[gpu2] START /mnt/data/INR/outputs/fastf1/uncapped_full_suite/fastf1_stint_full_uncapped__cvae__specialization__s1
[gpu0] OK /mnt/data/INR/outputs/fastf1/uncapped_full_suite/fastf1_stint_full_uncapped__cvae__single_shift__s0 (20.0s)
[gpu0] START /mnt/data/INR/outputs/fastf1/uncapped_full_suite/fastf1_stint_full_uncapped__inr_diffusion_history_conditioned__conflation__s0
[gpu1] OK /mnt/data/INR/outputs/fastf1/uncapped_full_suite/fastf1_stint_full_uncapped__cvae__single_shift__s1 (20.0s)
[gpu1] START /mnt/data/INR/outputs/fastf1/uncapped_full_suite/fastf1_stint_full_uncapped__inr_diffusion_history_conditioned__conflation__s1
[gpu3] OK /mnt/data/INR/outputs/fastf1/uncapped_full_suite/fastf1_stint_full_uncapped__cvae__specialization__s0 (19.2s)
[gpu3] START /mnt/data/INR/outputs/fastf1/uncapped_full_suite/fastf1_stint_full_uncapped__inr_diffusion_history_conditioned__generalization__s0
[gpu2] OK /mnt/data/INR/outputs/fastf1/uncapped_full_suite/fastf1_stint_full_uncapped__cvae__specialization__s1 (21.0s)
[gpu2] START /mnt/data/INR/outputs/fastf1/uncapped_full_suite/fastf1_stint_full_uncapped__inr_diffusion_history_conditioned__generalization__s1
[gpu0] OK /mnt/data/INR/outputs/fastf1/uncapped_full_suite/fastf1_stint_full_uncapped__inr_diffusion_history_conditioned__conflation__s0 (16.6s)
[gpu0] START /mnt/data/INR/outputs/fastf1/uncapped_full_suite/fastf1_stint_full_uncapped__inr_diffusion_history_conditioned__new_policy__s0
[gpu1] OK /mnt/data/INR/outputs/fastf1/uncapped_full_suite/fastf1_stint_full_uncapped__inr_diffusion_history_conditioned__conflation__s1 (16.7s)
[gpu1] START /mnt/data/INR/outputs/fastf1/uncapped_full_suite/fastf1_stint_full_uncapped__inr_diffusion_history_conditioned__new_policy__s1
[gpu3] OK /mnt/data/INR/outputs/fastf1/uncapped_full_suite/fastf1_stint_full_uncapped__inr_diffusion_history_conditioned__generalization__s0 (13.5s)
[gpu3] START /mnt/data/INR/outputs/fastf1/uncapped_full_suite/fastf1_stint_full_uncapped__inr_diffusion_history_conditioned__no_shift__s0
[gpu2] OK /mnt/data/INR/outputs/fastf1/uncapped_full_suite/fastf1_stint_full_uncapped__inr_diffusion_history_conditioned__generalization__s1 (14.5s)
[gpu2] START /mnt/data/INR/outputs/fastf1/uncapped_full_suite/fastf1_stint_full_uncapped__inr_diffusion_history_conditioned__no_shift__s1
[gpu0] OK /mnt/data/INR/outputs/fastf1/uncapped_full_suite/fastf1_stint_full_uncapped__inr_diffusion_history_conditioned__new_policy__s0 (18.0s)
[gpu0] START /mnt/data/INR/outputs/fastf1/uncapped_full_suite/fastf1_stint_full_uncapped__inr_diffusion_history_conditioned__novel_generalization__s0
[gpu1] OK /mnt/data/INR/outputs/fastf1/uncapped_full_suite/fastf1_stint_full_uncapped__inr_diffusion_history_conditioned__new_policy__s1 (17.9s)
[gpu1] START /mnt/data/INR/outputs/fastf1/uncapped_full_suite/fastf1_stint_full_uncapped__inr_diffusion_history_conditioned__novel_generalization__s1
[gpu3] OK /mnt/data/INR/outputs/fastf1/uncapped_full_suite/fastf1_stint_full_uncapped__inr_diffusion_history_conditioned__no_shift__s0 (20.9s)
[gpu3] START /mnt/data/INR/outputs/fastf1/uncapped_full_suite/fastf1_stint_full_uncapped__inr_diffusion_history_conditioned__single_shift__s0
[gpu1] OK /mnt/data/INR/outputs/fastf1/uncapped_full_suite/fastf1_stint_full_uncapped__inr_diffusion_history_conditioned__novel_generalization__s1 (12.7s)
[gpu1] START /mnt/data/INR/outputs/fastf1/uncapped_full_suite/fastf1_stint_full_uncapped__inr_diffusion_history_conditioned__single_shift__s1
[gpu0] OK /mnt/data/INR/outputs/fastf1/uncapped_full_suite/fastf1_stint_full_uncapped__inr_diffusion_history_conditioned__novel_generalization__s0 (13.0s)
[gpu0] START /mnt/data/INR/outputs/fastf1/uncapped_full_suite/fastf1_stint_full_uncapped__inr_diffusion_history_conditioned__specialization__s0
[gpu2] OK /mnt/data/INR/outputs/fastf1/uncapped_full_suite/fastf1_stint_full_uncapped__inr_diffusion_history_conditioned__no_shift__s1 (23.7s)
[gpu2] START /mnt/data/INR/outputs/fastf1/uncapped_full_suite/fastf1_stint_full_uncapped__inr_diffusion_history_conditioned__specialization__s1
[gpu3] OK /mnt/data/INR/outputs/fastf1/uncapped_full_suite/fastf1_stint_full_uncapped__inr_diffusion_history_conditioned__single_shift__s0 (20.3s)
[gpu3] START /mnt/data/INR/outputs/fastf1/uncapped_full_suite/fastf1_stint_full_uncapped__inr_transformer_fitted_latent__conflation__s0
[gpu0] OK /mnt/data/INR/outputs/fastf1/uncapped_full_suite/fastf1_stint_full_uncapped__inr_diffusion_history_conditioned__specialization__s0 (19.8s)
[gpu0] START /mnt/data/INR/outputs/fastf1/uncapped_full_suite/fastf1_stint_full_uncapped__inr_transformer_fitted_latent__conflation__s1
[gpu1] OK /mnt/data/INR/outputs/fastf1/uncapped_full_suite/fastf1_stint_full_uncapped__inr_diffusion_history_conditioned__single_shift__s1 (20.5s)
[gpu1] START /mnt/data/INR/outputs/fastf1/uncapped_full_suite/fastf1_stint_full_uncapped__inr_transformer_fitted_latent__generalization__s0
[gpu2] OK /mnt/data/INR/outputs/fastf1/uncapped_full_suite/fastf1_stint_full_uncapped__inr_diffusion_history_conditioned__specialization__s1 (22.2s)
[gpu2] START /mnt/data/INR/outputs/fastf1/uncapped_full_suite/fastf1_stint_full_uncapped__inr_transformer_fitted_latent__generalization__s1
[gpu1] OK /mnt/data/INR/outputs/fastf1/uncapped_full_suite/fastf1_stint_full_uncapped__inr_transformer_fitted_latent__generalization__s0 (47.1s)
[gpu1] START /mnt/data/INR/outputs/fastf1/uncapped_full_suite/fastf1_stint_full_uncapped__inr_transformer_fitted_latent__new_policy__s0
[gpu3] OK /mnt/data/INR/outputs/fastf1/uncapped_full_suite/fastf1_stint_full_uncapped__inr_transformer_fitted_latent__conflation__s0 (78.1s)
[gpu3] START /mnt/data/INR/outputs/fastf1/uncapped_full_suite/fastf1_stint_full_uncapped__inr_transformer_fitted_latent__new_policy__s1
[gpu0] OK /mnt/data/INR/outputs/fastf1/uncapped_full_suite/fastf1_stint_full_uncapped__inr_transformer_fitted_latent__conflation__s1 (78.2s)
[gpu0] START /mnt/data/INR/outputs/fastf1/uncapped_full_suite/fastf1_stint_full_uncapped__inr_transformer_fitted_latent__no_shift__s0
[gpu2] OK /mnt/data/INR/outputs/fastf1/uncapped_full_suite/fastf1_stint_full_uncapped__inr_transformer_fitted_latent__generalization__s1 (90.1s)
[gpu2] START /mnt/data/INR/outputs/fastf1/uncapped_full_suite/fastf1_stint_full_uncapped__inr_transformer_fitted_latent__no_shift__s1
[gpu1] OK /mnt/data/INR/outputs/fastf1/uncapped_full_suite/fastf1_stint_full_uncapped__inr_transformer_fitted_latent__new_policy__s0 (99.2s)
[gpu1] START /mnt/data/INR/outputs/fastf1/uncapped_full_suite/fastf1_stint_full_uncapped__inr_transformer_fitted_latent__novel_generalization__s0
[gpu3] OK /mnt/data/INR/outputs/fastf1/uncapped_full_suite/fastf1_stint_full_uncapped__inr_transformer_fitted_latent__new_policy__s1 (99.2s)
[gpu3] START /mnt/data/INR/outputs/fastf1/uncapped_full_suite/fastf1_stint_full_uncapped__inr_transformer_fitted_latent__novel_generalization__s1
[gpu1] OK /mnt/data/INR/outputs/fastf1/uncapped_full_suite/fastf1_stint_full_uncapped__inr_transformer_fitted_latent__novel_generalization__s0 (42.0s)
[gpu1] START /mnt/data/INR/outputs/fastf1/uncapped_full_suite/fastf1_stint_full_uncapped__inr_transformer_fitted_latent__single_shift__s0
[gpu0] OK /mnt/data/INR/outputs/fastf1/uncapped_full_suite/fastf1_stint_full_uncapped__inr_transformer_fitted_latent__no_shift__s0 (132.3s)
[gpu0] START /mnt/data/INR/outputs/fastf1/uncapped_full_suite/fastf1_stint_full_uncapped__inr_transformer_fitted_latent__single_shift__s1
[gpu3] OK /mnt/data/INR/outputs/fastf1/uncapped_full_suite/fastf1_stint_full_uncapped__inr_transformer_fitted_latent__novel_generalization__s1 (42.0s)
[gpu3] START /mnt/data/INR/outputs/fastf1/uncapped_full_suite/fastf1_stint_full_uncapped__inr_transformer_fitted_latent__specialization__s0
[gpu1] OK /mnt/data/INR/outputs/fastf1/uncapped_full_suite/fastf1_stint_full_uncapped__inr_transformer_fitted_latent__single_shift__s0 (123.5s)
[gpu1] START /mnt/data/INR/outputs/fastf1/uncapped_full_suite/fastf1_stint_full_uncapped__inr_transformer_fitted_latent__specialization__s1
[gpu3] OK /mnt/data/INR/outputs/fastf1/uncapped_full_suite/fastf1_stint_full_uncapped__inr_transformer_fitted_latent__specialization__s0 (115.4s)
[gpu3] START /mnt/data/INR/outputs/fastf1/uncapped_full_suite/fastf1_stint_full_uncapped__inr_transformer_history_conditioned__conflation__s0
[gpu0] OK /mnt/data/INR/outputs/fastf1/uncapped_full_suite/fastf1_stint_full_uncapped__inr_transformer_fitted_latent__single_shift__s1 (123.5s)
[gpu0] START /mnt/data/INR/outputs/fastf1/uncapped_full_suite/fastf1_stint_full_uncapped__inr_transformer_history_conditioned__conflation__s1
[gpu3] OK /mnt/data/INR/outputs/fastf1/uncapped_full_suite/fastf1_stint_full_uncapped__inr_transformer_history_conditioned__conflation__s0 (16.4s)
[gpu3] START /mnt/data/INR/outputs/fastf1/uncapped_full_suite/fastf1_stint_full_uncapped__inr_transformer_history_conditioned__generalization__s0
[gpu0] OK /mnt/data/INR/outputs/fastf1/uncapped_full_suite/fastf1_stint_full_uncapped__inr_transformer_history_conditioned__conflation__s1 (16.4s)
[gpu0] START /mnt/data/INR/outputs/fastf1/uncapped_full_suite/fastf1_stint_full_uncapped__inr_transformer_history_conditioned__generalization__s1
[gpu3] OK /mnt/data/INR/outputs/fastf1/uncapped_full_suite/fastf1_stint_full_uncapped__inr_transformer_history_conditioned__generalization__s0 (13.3s)
[gpu3] START /mnt/data/INR/outputs/fastf1/uncapped_full_suite/fastf1_stint_full_uncapped__inr_transformer_history_conditioned__new_policy__s0
[gpu0] OK /mnt/data/INR/outputs/fastf1/uncapped_full_suite/fastf1_stint_full_uncapped__inr_transformer_history_conditioned__generalization__s1 (13.2s)
[gpu0] START /mnt/data/INR/outputs/fastf1/uncapped_full_suite/fastf1_stint_full_uncapped__inr_transformer_history_conditioned__new_policy__s1
[gpu2] OK /mnt/data/INR/outputs/fastf1/uncapped_full_suite/fastf1_stint_full_uncapped__inr_transformer_fitted_latent__no_shift__s1 (271.4s)
[gpu2] START /mnt/data/INR/outputs/fastf1/uncapped_full_suite/fastf1_stint_full_uncapped__inr_transformer_history_conditioned__no_shift__s0
[gpu3] OK /mnt/data/INR/outputs/fastf1/uncapped_full_suite/fastf1_stint_full_uncapped__inr_transformer_history_conditioned__new_policy__s0 (17.6s)
[gpu3] START /mnt/data/INR/outputs/fastf1/uncapped_full_suite/fastf1_stint_full_uncapped__inr_transformer_history_conditioned__no_shift__s1
[gpu0] OK /mnt/data/INR/outputs/fastf1/uncapped_full_suite/fastf1_stint_full_uncapped__inr_transformer_history_conditioned__new_policy__s1 (17.7s)
[gpu0] START /mnt/data/INR/outputs/fastf1/uncapped_full_suite/fastf1_stint_full_uncapped__inr_transformer_history_conditioned__novel_generalization__s0
[gpu2] OK /mnt/data/INR/outputs/fastf1/uncapped_full_suite/fastf1_stint_full_uncapped__inr_transformer_history_conditioned__no_shift__s0 (23.4s)
[gpu2] START /mnt/data/INR/outputs/fastf1/uncapped_full_suite/fastf1_stint_full_uncapped__inr_transformer_history_conditioned__novel_generalization__s1
[gpu0] OK /mnt/data/INR/outputs/fastf1/uncapped_full_suite/fastf1_stint_full_uncapped__inr_transformer_history_conditioned__novel_generalization__s0 (12.7s)
[gpu0] START /mnt/data/INR/outputs/fastf1/uncapped_full_suite/fastf1_stint_full_uncapped__inr_transformer_history_conditioned__single_shift__s0
[gpu3] OK /mnt/data/INR/outputs/fastf1/uncapped_full_suite/fastf1_stint_full_uncapped__inr_transformer_history_conditioned__no_shift__s1 (21.0s)
[gpu3] START /mnt/data/INR/outputs/fastf1/uncapped_full_suite/fastf1_stint_full_uncapped__inr_transformer_history_conditioned__single_shift__s1
[gpu2] OK /mnt/data/INR/outputs/fastf1/uncapped_full_suite/fastf1_stint_full_uncapped__inr_transformer_history_conditioned__novel_generalization__s1 (13.6s)
[gpu2] START /mnt/data/INR/outputs/fastf1/uncapped_full_suite/fastf1_stint_full_uncapped__inr_transformer_history_conditioned__specialization__s0
[gpu0] OK /mnt/data/INR/outputs/fastf1/uncapped_full_suite/fastf1_stint_full_uncapped__inr_transformer_history_conditioned__single_shift__s0 (20.3s)
[gpu0] START /mnt/data/INR/outputs/fastf1/uncapped_full_suite/fastf1_stint_full_uncapped__inr_transformer_history_conditioned__specialization__s1
[gpu3] OK /mnt/data/INR/outputs/fastf1/uncapped_full_suite/fastf1_stint_full_uncapped__inr_transformer_history_conditioned__single_shift__s1 (20.2s)
[gpu2] OK /mnt/data/INR/outputs/fastf1/uncapped_full_suite/fastf1_stint_full_uncapped__inr_transformer_history_conditioned__specialization__s0 (21.8s)
[gpu1] OK /mnt/data/INR/outputs/fastf1/uncapped_full_suite/fastf1_stint_full_uncapped__inr_transformer_fitted_latent__specialization__s1 (115.6s)
[gpu0] OK /mnt/data/INR/outputs/fastf1/uncapped_full_suite/fastf1_stint_full_uncapped__inr_transformer_history_conditioned__specialization__s1 (19.8s)
[2026-05-07T05:21:00+00:00] APPEND_ALL_PLAYER_END fastf1 status=0
[2026-05-07T05:21:00+00:00] DONE
