run_dir,data,model,experiment,seed,probe_acc,probe_acc_seen,novel_mean_embed_dist,gen_mse,gen_nmse,gen_median_se,gen_rmse,gen_acc,gen_nll,finite_fraction,target_var,n_train_episodes,n_test_episodes,n_test_episodes_used,n_test_ood
outputs/suites/action_resampled_v4/runs/custom_mujoco_action_resampled_v4_hopper__inr_transformer_fitted_latent__generalization__s1,custom_mujoco_action_resampled_v4_hopper,inr_transformer_fitted_latent,generalization,1,1.0,1.0,nan,0.8170835375785828,1.2730149155845716,0.5395961403846741,0.903926732417281,,,1.0,0.6418491469154358,180,78,78,0
outputs/suites/action_resampled_v4/runs/custom_mujoco_action_resampled_v4_hopper__inr_transformer_fitted_latent__new_policy__s1,custom_mujoco_action_resampled_v4_hopper,inr_transformer_fitted_latent,new_policy,1,0.6581196581196581,0.9871794871794872,0.004840121604502201,0.7830285429954529,0.7228470636929842,0.2469513863325119,0.8848890003810946,,,1.0,1.0832561717758178,358,117,117,0
outputs/suites/action_resampled_v4/runs/custom_mujoco_action_resampled_v4_hopper__inr_transformer_fitted_latent__no_shift__s0,custom_mujoco_action_resampled_v4_hopper,inr_transformer_fitted_latent,no_shift,0,1.0,1.0,nan,0.20602953433990479,0.20755405065152405,0.1220279112458229,0.45390476351312375,,,1.0,0.9926548467407227,358,78,78,0
outputs/suites/action_resampled_v4/runs/custom_mujoco_action_resampled_v4_hopper__inr_transformer_fitted_latent__specialization__s1,custom_mujoco_action_resampled_v4_hopper,inr_transformer_fitted_latent,specialization,1,0.3157894736842105,0.3157894736842105,nan,1.4624828100204468,0.8618127315912983,0.7221869826316833,1.2093315550420598,,,1.0,1.6969844566116332,358,38,38,38
outputs/suites/action_resampled_v4/runs/custom_mujoco_action_resampled_v4_hopper__inr_transformer_fitted_latent__novel_generalization__s1,custom_mujoco_action_resampled_v4_hopper,inr_transformer_fitted_latent,novel_generalization,1,0.6666666666666666,1.0,0.006702928803861141,0.9575541615486145,1.363678083168317,0.7109335064888,0.9785469644062131,,,1.0,0.7021849022636414,180,117,117,0
outputs/suites/action_resampled_v4/runs/custom_mujoco_action_resampled_v4_hopper__inr_transformer_fitted_latent__new_policy__s0,custom_mujoco_action_resampled_v4_hopper,inr_transformer_fitted_latent,new_policy,0,0.6666666666666666,1.0,0.004245310090482235,0.8799125552177429,0.8145745461386406,0.2502017915248871,0.9380365425812275,,,1.0,1.0802112088928222,358,117,117,0
outputs/suites/action_resampled_v4/runs/custom_mujoco_action_resampled_v4_hopper__inr_transformer_fitted_latent__single_shift__s1,custom_mujoco_action_resampled_v4_hopper,inr_transformer_fitted_latent,single_shift,1,0.8793103448275862,0.8793103448275862,nan,0.6019665002822876,0.47736886240753584,0.2189580649137497,0.7758650013258026,,,1.0,1.2610091434249877,358,58,58,19
outputs/suites/action_resampled_v4/runs/custom_mujoco_action_resampled_v4_hopper__inr_transformer_fitted_latent__conflation__s1,custom_mujoco_action_resampled_v4_hopper,inr_transformer_fitted_latent,conflation,1,1.0,1.0,nan,0.21996846795082092,0.21000436326796137,0.13882991671562195,0.4690079615004642,,,1.0,1.0474471317062377,269,58,58,19
outputs/suites/action_resampled_v4/runs/custom_mujoco_action_resampled_v4_hopper__inr_transformer_fitted_latent__specialization__s0,custom_mujoco_action_resampled_v4_hopper,inr_transformer_fitted_latent,specialization,0,0.5,0.5,nan,1.470982551574707,0.867729831245897,0.687023401260376,1.2128406950522015,,,1.0,1.6952079997787475,358,38,38,38
outputs/suites/action_resampled_v4/runs/custom_mujoco_action_resampled_v4_hopper__inr_transformer_fitted_latent__generalization__s0,custom_mujoco_action_resampled_v4_hopper,inr_transformer_fitted_latent,generalization,0,1.0,1.0,nan,0.8641472458839417,1.341719657204409,0.5711610317230225,0.9295952053899276,,,1.0,0.6440594659576416,180,78,78,0
outputs/suites/action_resampled_v4/runs/custom_mujoco_action_resampled_v4_hopper__inr_transformer_fitted_latent__conflation__s0,custom_mujoco_action_resampled_v4_hopper,inr_transformer_fitted_latent,conflation,0,1.0,1.0,nan,0.22614780068397522,0.2153553617512255,0.1317967176437378,0.47554999809060583,,,1.0,1.050114558769226,269,58,58,19
outputs/suites/action_resampled_v4/runs/custom_mujoco_action_resampled_v4_hopper__inr_transformer_fitted_latent__no_shift__s1,custom_mujoco_action_resampled_v4_hopper,inr_transformer_fitted_latent,no_shift,1,0.9871794871794872,0.9871794871794872,nan,0.19902823865413666,0.20097374563228332,0.121945820748806,0.4461258103429308,,,1.0,0.9903195963630677,358,78,78,0
outputs/suites/action_resampled_v4/runs/custom_mujoco_action_resampled_v4_hopper__inr_transformer_fitted_latent__novel_generalization__s0,custom_mujoco_action_resampled_v4_hopper,inr_transformer_fitted_latent,novel_generalization,0,0.6666666666666666,1.0,0.005884177051484585,0.9962373971939087,1.4214484575637738,0.7578136324882507,0.9981169256123796,,,1.0,0.7008607254753113,180,117,117,0
outputs/suites/action_resampled_v4/runs/custom_mujoco_action_resampled_v4_hopper__inr_transformer_fitted_latent__single_shift__s0,custom_mujoco_action_resampled_v4_hopper,inr_transformer_fitted_latent,single_shift,0,0.6724137931034483,0.6724137931034483,nan,0.6393690705299377,0.5058116485367162,0.21783222258090973,0.7996055718477315,,,1.0,1.2640457616577148,358,58,58,19
outputs/suites/action_resampled_v4/runs/custom_mujoco_action_resampled_v4/custom_mujoco_action_resampled_v4_halfcheetah__cvae__single_shift__s0,custom_mujoco_action_resampled_v4_halfcheetah,cvae,single_shift,0,0.7068965517241379,0.7068965517241379,nan,0.312398761510849,0.3046356055983784,0.15054373443126678,0.5589264365825336,,,1.0,1.025483416152954,358,58,58,19
outputs/suites/action_resampled_v4/runs/custom_mujoco_action_resampled_v4/custom_mujoco_action_resampled_v4_humanoid__cvae__new_policy__s0,custom_mujoco_action_resampled_v4_humanoid,cvae,new_policy,0,0.6666666666666666,1.0,3.0659658908843994,0.7279624342918396,0.6727745106556507,0.4925062656402588,0.8532071461795427,,,1.0,1.082030342651367,358,117,117,0
outputs/suites/action_resampled_v4/runs/custom_mujoco_action_resampled_v4/custom_mujoco_action_resampled_v4_walker2d__inr_transformer_fitted_latent__generalization__s1,custom_mujoco_action_resampled_v4_walker2d,inr_transformer_fitted_latent,generalization,1,1.0,1.0,nan,0.6649613976478577,0.849717509006452,0.5556132197380066,0.8154516525508165,,,1.0,0.7825676069984436,180,78,78,0
outputs/suites/action_resampled_v4/runs/custom_mujoco_action_resampled_v4/custom_mujoco_action_resampled_v4_halfcheetah__inr_transformer_history_conditioned__new_policy__s0,custom_mujoco_action_resampled_v4_halfcheetah,inr_transformer_history_conditioned,new_policy,0,0.6666666666666666,1.0,1.0645725727081299,0.26646605134010315,0.25287276248072404,0.11929892748594284,0.5162034979928973,,,1.0,1.053755448890686,358,117,117,0
outputs/suites/action_resampled_v4/runs/custom_mujoco_action_resampled_v4/custom_mujoco_action_resampled_v4_halfcheetah__cvae__new_policy__s1,custom_mujoco_action_resampled_v4_halfcheetah,cvae,new_policy,1,0.6666666666666666,1.0,0.5017672777175903,0.2743736505508423,0.26037546742157447,0.14474865794181824,0.5238068828784539,,,1.0,1.053761528564453,358,117,117,0
outputs/suites/action_resampled_v4/runs/custom_mujoco_action_resampled_v4/custom_mujoco_action_resampled_v4_hopper__cvae__novel_generalization__s1,custom_mujoco_action_resampled_v4_hopper,cvae,novel_generalization,1,0.47863247863247865,0.717948717948718,0.5456105470657349,1.2506924867630005,1.781144087164405,0.8106892704963684,1.1183436353657137,,,1.0,0.7021849022636414,180,117,117,0
outputs/suites/action_resampled_v4/runs/custom_mujoco_action_resampled_v4/custom_mujoco_action_resampled_v4_halfcheetah__inr_transformer_fitted_latent__generalization__s1,custom_mujoco_action_resampled_v4_halfcheetah,inr_transformer_fitted_latent,generalization,1,0.5,0.5,nan,0.48360949754714966,0.49862641557062803,0.379994660615921,0.6954203746994688,,,1.0,0.9698834286460877,180,78,78,0
outputs/suites/action_resampled_v4/runs/custom_mujoco_action_resampled_v4/custom_mujoco_action_resampled_v4_ant__inr_transformer_history_conditioned__generalization__s1,custom_mujoco_action_resampled_v4_ant,inr_transformer_history_conditioned,generalization,1,0.44871794871794873,0.44871794871794873,nan,1.149626612663269,0.9288154772540526,0.8555842041969299,1.0722064225993375,,,1.0,1.2377341256866454,180,78,78,0
outputs/suites/action_resampled_v4/runs/custom_mujoco_action_resampled_v4/custom_mujoco_action_resampled_v4_hopper__inr_diffusion_history_conditioned__specialization__s1,custom_mujoco_action_resampled_v4_hopper,inr_diffusion_history_conditioned,specialization,1,0.5526315789473685,0.5526315789473685,nan,2.1321380138397217,1.256427544479081,1.8395837545394897,1.4601842396902254,,,1.0,1.6969844566116332,358,38,38,38
outputs/suites/action_resampled_v4/runs/custom_mujoco_action_resampled_v4/custom_mujoco_action_resampled_v4_walker2d__inr_diffusion_history_conditioned__single_shift__s0,custom_mujoco_action_resampled_v4_walker2d,inr_diffusion_history_conditioned,single_shift,0,0.7241379310344828,0.7241379310344828,nan,1.057634949684143,0.8931506861212833,0.745644748210907,1.028413802748749,,,1.0,1.184161828590393,358,58,58,19
outputs/suites/action_resampled_v4/runs/custom_mujoco_action_resampled_v4/custom_mujoco_action_resampled_v4_hopper__cvae__novel_generalization__s0,custom_mujoco_action_resampled_v4_hopper,cvae,novel_generalization,0,0.48717948717948717,0.7307692307692307,0.5204567313194275,1.2031214237213135,1.7166341043084956,0.7451679110527039,1.096868918203681,,,1.0,0.7008607254753113,180,117,117,0
outputs/suites/action_resampled_v4/runs/custom_mujoco_action_resampled_v4/custom_mujoco_action_resampled_v4_halfcheetah__inr_transformer_fitted_latent__no_shift__s1,custom_mujoco_action_resampled_v4_halfcheetah,inr_transformer_fitted_latent,no_shift,1,0.5,0.5,nan,0.12474281340837479,0.12377627767405357,0.07711964100599289,0.35318948654847415,,,1.0,1.0078087316284179,358,78,78,0
outputs/suites/action_resampled_v4/runs/custom_mujoco_action_resampled_v4/custom_mujoco_action_resampled_v4_walker2d__inr_transformer_history_conditioned__new_policy__s1,custom_mujoco_action_resampled_v4_walker2d,inr_transformer_history_conditioned,new_policy,1,0.6666666666666666,1.0,4.213809967041016,0.34980374574661255,0.3437951684647792,0.1678551584482193,0.5914420899349424,,,1.0,1.017477201057434,358,117,117,0
outputs/suites/action_resampled_v4/runs/custom_mujoco_action_resampled_v4/custom_mujoco_action_resampled_v4_humanoid__inr_transformer_fitted_latent__conflation__s0,custom_mujoco_action_resampled_v4_humanoid,inr_transformer_fitted_latent,conflation,0,0.6724137931034483,0.6724137931034483,nan,0.2895298898220062,0.28269184499875316,0.2270735651254654,0.5380798173338285,,,1.0,1.0241890416870116,269,58,58,19
outputs/suites/action_resampled_v4/runs/custom_mujoco_action_resampled_v4/custom_mujoco_action_resampled_v4_humanoid__inr_diffusion_history_conditioned__specialization__s0,custom_mujoco_action_resampled_v4_humanoid,inr_diffusion_history_conditioned,specialization,0,0.5,0.5,nan,1.8776549100875854,1.4312313933692504,1.567969560623169,1.3702754869323122,,,1.0,1.3119156823883056,358,38,38,38
outputs/suites/action_resampled_v4/runs/custom_mujoco_action_resampled_v4/custom_mujoco_action_resampled_v4_ant__inr_transformer_history_conditioned__generalization__s0,custom_mujoco_action_resampled_v4_ant,inr_transformer_history_conditioned,generalization,0,0.5512820512820513,0.5512820512820513,nan,1.1788785457611084,0.9677807597167236,0.8291838765144348,1.085761735262902,,,1.0,1.2181256280670165,180,78,78,0
outputs/suites/action_resampled_v4/runs/custom_mujoco_action_resampled_v4/custom_mujoco_action_resampled_v4_walker2d__inr_transformer_history_conditioned__new_policy__s0,custom_mujoco_action_resampled_v4_walker2d,inr_transformer_history_conditioned,new_policy,0,0.6666666666666666,1.0,3.968254566192627,0.3432781994342804,0.33484741067432344,0.1698455959558487,0.5858994789503404,,,1.0,1.025178001953125,358,117,117,0
outputs/suites/action_resampled_v4/runs/custom_mujoco_action_resampled_v4/custom_mujoco_action_resampled_v4_humanoid__cvae__single_shift__s0,custom_mujoco_action_resampled_v4_humanoid,cvae,single_shift,0,0.7068965517241379,0.7068965517241379,nan,0.791054904460907,0.6121439595042223,0.4471602439880371,0.8894126738814255,,,1.0,1.292269395423889,358,58,58,19
outputs/suites/action_resampled_v4/runs/custom_mujoco_action_resampled_v4/custom_mujoco_action_resampled_v4_ant__inr_transformer_history_conditioned__single_shift__s1,custom_mujoco_action_resampled_v4_ant,inr_transformer_history_conditioned,single_shift,1,0.9827586206896551,0.9827586206896551,nan,0.24709609150886536,0.2536615924478211,0.16420438885688782,0.4970876094903849,,,1.0,0.9741170869598389,358,58,58,19
outputs/suites/action_resampled_v4/runs/custom_mujoco_action_resampled_v4/custom_mujoco_action_resampled_v4_walker2d__cvae__conflation__s0,custom_mujoco_action_resampled_v4_walker2d,cvae,conflation,0,1.0,1.0,nan,0.16408944129943848,0.16879087852746624,0.0824277475476265,0.4050795493473331,,,1.0,0.9721463785896302,269,58,58,19
outputs/suites/action_resampled_v4/runs/custom_mujoco_action_resampled_v4/custom_mujoco_action_resampled_v4_humanoid__inr_diffusion_history_conditioned__no_shift__s0,custom_mujoco_action_resampled_v4_humanoid,inr_diffusion_history_conditioned,no_shift,0,1.0,1.0,nan,1.2950445413589478,1.2829986584278747,1.2092766761779785,1.1380002378554004,,,1.0,1.0093888507614135,358,78,78,0
outputs/suites/action_resampled_v4/runs/custom_mujoco_action_resampled_v4/custom_mujoco_action_resampled_v4_halfcheetah__inr_transformer_history_conditioned__conflation__s0,custom_mujoco_action_resampled_v4_halfcheetah,inr_transformer_history_conditioned,conflation,0,1.0,1.0,nan,0.13029466569423676,0.12987539753486366,0.05660170689225197,0.3609635240495039,,,1.0,1.0032282338867187,269,58,58,19
outputs/suites/action_resampled_v4/runs/custom_mujoco_action_resampled_v4/custom_mujoco_action_resampled_v4_walker2d__inr_diffusion_history_conditioned__no_shift__s1,custom_mujoco_action_resampled_v4_walker2d,inr_diffusion_history_conditioned,no_shift,1,1.0,1.0,nan,0.8148716688156128,0.8391475246663682,0.6367209553718567,0.9027024253958847,,,1.0,0.9710708127746582,358,78,78,0
outputs/suites/action_resampled_v4/runs/custom_mujoco_action_resampled_v4/custom_mujoco_action_resampled_v4_humanoid__cvae__single_shift__s1,custom_mujoco_action_resampled_v4_humanoid,cvae,single_shift,1,0.6724137931034483,0.6724137931034483,nan,0.7957510948181152,0.6186041685453141,0.46997883915901184,0.892048818629404,,,1.0,1.2863655553588866,358,58,58,19
outputs/suites/action_resampled_v4/runs/custom_mujoco_action_resampled_v4/custom_mujoco_action_resampled_v4_halfcheetah__inr_transformer_history_conditioned__novel_generalization__s1,custom_mujoco_action_resampled_v4_halfcheetah,inr_transformer_history_conditioned,novel_generalization,1,0.6666666666666666,1.0,0.2741818130016327,0.47036823630332947,0.46348473873091584,0.30815961956977844,0.6858339713832565,,,1.0,1.014851616455078,180,117,117,0
outputs/suites/action_resampled_v4/runs/custom_mujoco_action_resampled_v4/custom_mujoco_action_resampled_v4_halfcheetah__cvae__no_shift__s1,custom_mujoco_action_resampled_v4_halfcheetah,cvae,no_shift,1,1.0,1.0,nan,0.1459200531244278,0.14478943131267585,0.09114710241556168,0.3819948338975644,,,1.0,1.0078087316284179,358,78,78,0
outputs/suites/action_resampled_v4/runs/custom_mujoco_action_resampled_v4/custom_mujoco_action_resampled_v4_hopper__cvae__generalization__s1,custom_mujoco_action_resampled_v4_hopper,cvae,generalization,1,0.717948717948718,0.717948717948718,nan,1.152637004852295,1.7958067100214683,0.6246658563613892,1.0736093353041856,,,1.0,0.6418491469154358,180,78,78,0
outputs/suites/action_resampled_v4/runs/custom_mujoco_action_resampled_v4/custom_mujoco_action_resampled_v4_ant__inr_diffusion_history_conditioned__generalization__s0,custom_mujoco_action_resampled_v4_ant,inr_diffusion_history_conditioned,generalization,0,0.5,0.5,nan,19.676925659179688,16.153445265250703,1.1988918781280518,4.435868084059724,,,1.0,1.2181256280670165,180,78,78,0
outputs/suites/action_resampled_v4/runs/custom_mujoco_action_resampled_v4/custom_mujoco_action_resampled_v4_halfcheetah__cvae__no_shift__s0,custom_mujoco_action_resampled_v4_halfcheetah,cvae,no_shift,0,1.0,1.0,nan,0.16048705577850342,0.15954893895174138,0.09195802360773087,0.4006083571001776,,,1.0,1.0058798061141967,358,78,78,0
outputs/suites/action_resampled_v4/runs/custom_mujoco_action_resampled_v4/custom_mujoco_action_resampled_v4_ant__inr_transformer_fitted_latent__specialization__s0,custom_mujoco_action_resampled_v4_ant,inr_transformer_fitted_latent,specialization,0,0.9210526315789473,0.9210526315789473,nan,0.3873233199119568,0.45130324420596923,0.32012397050857544,0.6223530508577562,,,1.0,0.8582329617271424,358,38,38,38
outputs/suites/action_resampled_v4/runs/custom_mujoco_action_resampled_v4/custom_mujoco_action_resampled_v4_ant__inr_transformer_fitted_latent__single_shift__s1,custom_mujoco_action_resampled_v4_ant,inr_transformer_fitted_latent,single_shift,1,1.0,1.0,nan,0.3317987620830536,0.340614867067549,0.26313531398773193,0.5760197584137662,,,1.0,0.9741170869598389,358,58,58,19
outputs/suites/action_resampled_v4/runs/custom_mujoco_action_resampled_v4/custom_mujoco_action_resampled_v4_halfcheetah__inr_diffusion_history_conditioned__new_policy__s1,custom_mujoco_action_resampled_v4_halfcheetah,inr_diffusion_history_conditioned,new_policy,1,0.6666666666666666,1.0,1.9124505519866943,1.0332961082458496,0.9805786985348729,0.8753907084465027,1.0165117354196407,,,1.0,1.053761528564453,358,117,117,0
outputs/suites/action_resampled_v4/runs/custom_mujoco_action_resampled_v4/custom_mujoco_action_resampled_v4_humanoid__inr_transformer_history_conditioned__novel_generalization__s0,custom_mujoco_action_resampled_v4_humanoid,inr_transformer_history_conditioned,novel_generalization,0,0.3333333333333333,0.5,9.953949928283691,1.2967956066131592,1.354278632314162,1.2309132814407349,1.138769338634106,,,1.0,0.957554505897522,180,117,117,0
outputs/suites/action_resampled_v4/runs/custom_mujoco_action_resampled_v4/custom_mujoco_action_resampled_v4_hopper__inr_diffusion_history_conditioned__generalization__s0,custom_mujoco_action_resampled_v4_hopper,inr_diffusion_history_conditioned,generalization,0,0.8974358974358975,0.8974358974358975,nan,0.7612127661705017,1.1818982662395416,0.5461991429328918,0.8724750805441389,,,1.0,0.6440594659576416,180,78,78,0
outputs/suites/action_resampled_v4/runs/custom_mujoco_action_resampled_v4/custom_mujoco_action_resampled_v4_humanoid__inr_transformer_fitted_latent__new_policy__s0,custom_mujoco_action_resampled_v4_humanoid,inr_transformer_fitted_latent,new_policy,0,0.3418803418803419,0.5128205128205128,0.017228882759809494,0.7001594305038452,0.6470792942721001,0.4682178497314453,0.8367552990593159,,,1.0,1.082030342651367,358,117,117,0
outputs/suites/action_resampled_v4/runs/custom_mujoco_action_resampled_v4/custom_mujoco_action_resampled_v4_humanoid__inr_transformer_fitted_latent__novel_generalization__s1,custom_mujoco_action_resampled_v4_humanoid,inr_transformer_fitted_latent,novel_generalization,1,0.4017094017094017,0.6025641025641025,0.13630127906799316,1.1403311491012573,1.2008965283490476,1.0368797779083252,1.0678628887180495,,,1.0,0.9495665298233033,180,117,117,0
outputs/suites/action_resampled_v4/runs/custom_mujoco_action_resampled_v4/custom_mujoco_action_resampled_v4_humanoid__cvae__specialization__s0,custom_mujoco_action_resampled_v4_humanoid,cvae,specialization,0,0.5526315789473685,0.5526315789473685,nan,0.9926154613494873,0.7566152876093827,0.5955446362495422,0.9963008889635135,,,1.0,1.3119156823883056,358,38,38,38
outputs/suites/action_resampled_v4/runs/custom_mujoco_action_resampled_v4/custom_mujoco_action_resampled_v4_halfcheetah__cvae__specialization__s1,custom_mujoco_action_resampled_v4_halfcheetah,cvae,specialization,1,0.631578947368421,0.631578947368421,nan,0.34273985028266907,0.3332262553810342,0.18711073696613312,0.5854398775986045,,,1.0,1.0285499559173583,358,38,38,38
outputs/suites/action_resampled_v4/runs/custom_mujoco_action_resampled_v4/custom_mujoco_action_resampled_v4_walker2d__inr_transformer_history_conditioned__specialization__s1,custom_mujoco_action_resampled_v4_walker2d,inr_transformer_history_conditioned,specialization,1,0.3684210526315789,0.3684210526315789,nan,0.7519079446792603,0.6523317991157858,0.5749794840812683,0.8671262564812925,,,1.0,1.152646468711853,358,38,38,38
outputs/suites/action_resampled_v4/runs/custom_mujoco_action_resampled_v4/custom_mujoco_action_resampled_v4_walker2d__cvae__generalization__s0,custom_mujoco_action_resampled_v4_walker2d,cvae,generalization,0,0.9615384615384616,0.9615384615384616,nan,0.7336390614509583,0.933390107915889,0.5043986439704895,0.8565273267391754,,,1.0,0.7859940396080017,180,78,78,0
outputs/suites/action_resampled_v4/runs/custom_mujoco_action_resampled_v4/custom_mujoco_action_resampled_v4_walker2d__cvae__generalization__s1,custom_mujoco_action_resampled_v4_walker2d,cvae,generalization,1,0.9743589743589743,0.9743589743589743,nan,0.7363951802253723,0.9409988014324197,0.5192882418632507,0.8581347098360329,,,1.0,0.7825676069984436,180,78,78,0
outputs/suites/action_resampled_v4/runs/custom_mujoco_action_resampled_v4/custom_mujoco_action_resampled_v4_halfcheetah__inr_transformer_fitted_latent__single_shift__s0,custom_mujoco_action_resampled_v4_halfcheetah,inr_transformer_fitted_latent,single_shift,0,0.6724137931034483,0.6724137931034483,nan,0.29099082946777344,0.28375966386605245,0.09213194996118546,0.5394356583205947,,,1.0,1.025483416152954,358,58,58,19
outputs/suites/action_resampled_v4/runs/custom_mujoco_action_resampled_v4/custom_mujoco_action_resampled_v4_ant__cvae__single_shift__s1,custom_mujoco_action_resampled_v4_ant,cvae,single_shift,1,0.9827586206896551,0.9827586206896551,nan,0.32082054018974304,0.32934494680819604,0.22880274057388306,0.5664102225328769,,,1.0,0.9741170869598389,358,58,58,19
outputs/suites/action_resampled_v4/runs/custom_mujoco_action_resampled_v4/custom_mujoco_action_resampled_v4_walker2d__inr_diffusion_history_conditioned__novel_generalization__s1,custom_mujoco_action_resampled_v4_walker2d,inr_diffusion_history_conditioned,novel_generalization,1,0.6666666666666666,1.0,2.509730100631714,0.8283519744873047,1.0211295352190228,0.6741736531257629,0.910138436990387,,,1.0,0.8112114535102845,180,117,117,0
outputs/suites/action_resampled_v4/runs/custom_mujoco_action_resampled_v4/custom_mujoco_action_resampled_v4_ant__inr_transformer_fitted_latent__novel_generalization__s0,custom_mujoco_action_resampled_v4_ant,inr_transformer_fitted_latent,novel_generalization,0,0.6666666666666666,1.0,0.21309486031532288,1.0996028184890747,0.9680669240655364,0.8020320534706116,1.0486194822189194,,,1.0,1.135874794555664,180,117,117,0
outputs/suites/action_resampled_v4/runs/custom_mujoco_action_resampled_v4/custom_mujoco_action_resampled_v4_halfcheetah__inr_diffusion_history_conditioned__new_policy__s0,custom_mujoco_action_resampled_v4_halfcheetah,inr_diffusion_history_conditioned,new_policy,0,0.6666666666666666,1.0,2.229463815689087,0.9788416624069214,0.9289078063011412,0.8279408812522888,0.9893642718467862,,,1.0,1.053755448890686,358,117,117,0
outputs/suites/action_resampled_v4/runs/custom_mujoco_action_resampled_v4/custom_mujoco_action_resampled_v4_humanoid__inr_diffusion_history_conditioned__generalization__s0,custom_mujoco_action_resampled_v4_humanoid,inr_diffusion_history_conditioned,generalization,0,0.5,0.5,nan,101.97321319580078,112.0366134874294,102.0374526977539,10.098178706865946,,,1.0,0.9101775751838684,180,78,78,0
outputs/suites/action_resampled_v4/runs/custom_mujoco_action_resampled_v4/custom_mujoco_action_resampled_v4_hopper__inr_transformer_history_conditioned__new_policy__s0,custom_mujoco_action_resampled_v4_hopper,inr_transformer_history_conditioned,new_policy,0,0.6666666666666666,1.0,5.348396301269531,0.7768346071243286,0.7191506630638986,0.2518693804740906,0.881382213982293,,,1.0,1.0802112088928222,358,117,117,0
outputs/suites/action_resampled_v4/runs/custom_mujoco_action_resampled_v4/custom_mujoco_action_resampled_v4_walker2d__inr_transformer_history_conditioned__specialization__s0,custom_mujoco_action_resampled_v4_walker2d,inr_transformer_history_conditioned,specialization,0,0.6052631578947368,0.6052631578947368,nan,0.8005015850067139,0.6906050162241439,0.6018125414848328,0.8947075416060345,,,1.0,1.1591308580169677,358,38,38,38
outputs/suites/action_resampled_v4/runs/custom_mujoco_action_resampled_v4/custom_mujoco_action_resampled_v4_hopper__inr_transformer_history_conditioned__no_shift__s1,custom_mujoco_action_resampled_v4_hopper,inr_transformer_history_conditioned,no_shift,1,1.0,1.0,nan,0.19550694525241852,0.19741803148237655,0.12404221296310425,0.4421616732061006,,,1.0,0.9903195963630677,358,78,78,0
outputs/suites/action_resampled_v4/runs/custom_mujoco_action_resampled_v4/custom_mujoco_action_resampled_v4_ant__cvae__specialization__s0,custom_mujoco_action_resampled_v4_ant,cvae,specialization,0,0.9473684210526315,0.9473684210526315,nan,0.3454422354698181,0.4025040412974076,0.2335873395204544,0.5877433414933921,,,1.0,0.8582329617271424,358,38,38,38
outputs/suites/action_resampled_v4/runs/custom_mujoco_action_resampled_v4/custom_mujoco_action_resampled_v4_humanoid__inr_diffusion_history_conditioned__no_shift__s1,custom_mujoco_action_resampled_v4_humanoid,inr_diffusion_history_conditioned,no_shift,1,1.0,1.0,nan,1.2669408321380615,1.2716044249271683,1.2072783708572388,1.1255846623591055,,,1.0,0.9963325129280091,358,78,78,0
outputs/suites/action_resampled_v4/runs/custom_mujoco_action_resampled_v4/custom_mujoco_action_resampled_v4_ant__inr_diffusion_history_conditioned__no_shift__s1,custom_mujoco_action_resampled_v4_ant,inr_diffusion_history_conditioned,no_shift,1,1.0,1.0,nan,1.1091245412826538,1.1029504925140896,0.8175846338272095,1.0531498190108821,,,1.0,1.0055977569351195,358,78,78,0
outputs/suites/action_resampled_v4/runs/custom_mujoco_action_resampled_v4/custom_mujoco_action_resampled_v4_halfcheetah__inr_diffusion_history_conditioned__no_shift__s1,custom_mujoco_action_resampled_v4_halfcheetah,inr_diffusion_history_conditioned,no_shift,1,1.0,1.0,nan,0.9287585616111755,0.9215623287074393,0.7685306072235107,0.9637212053343931,,,1.0,1.0078087316284179,358,78,78,0
outputs/suites/action_resampled_v4/runs/custom_mujoco_action_resampled_v4/custom_mujoco_action_resampled_v4_ant__inr_transformer_fitted_latent__conflation__s0,custom_mujoco_action_resampled_v4_ant,inr_transformer_fitted_latent,conflation,0,0.6724137931034483,0.6724137931034483,nan,0.3238157629966736,0.3342341070688135,0.23143340647220612,0.5690481201064402,,,1.0,0.9688292012939453,269,58,58,19
outputs/suites/action_resampled_v4/runs/custom_mujoco_action_resampled_v4/custom_mujoco_action_resampled_v4_halfcheetah__cvae__specialization__s0,custom_mujoco_action_resampled_v4_halfcheetah,cvae,specialization,0,0.5526315789473685,0.5526315789473685,nan,0.3410406708717346,0.33186221296690427,0.16886980831623077,0.5839868755988739,,,1.0,1.0276574359664916,358,38,38,38
outputs/suites/action_resampled_v4/runs/custom_mujoco_action_resampled_v4/custom_mujoco_action_resampled_v4_hopper__inr_transformer_history_conditioned__no_shift__s0,custom_mujoco_action_resampled_v4_hopper,inr_transformer_history_conditioned,no_shift,0,1.0,1.0,nan,0.20147058367729187,0.20296136601639456,0.12207221239805222,0.4488547467469759,,,1.0,0.9926548467407227,358,78,78,0
outputs/suites/action_resampled_v4/runs/custom_mujoco_action_resampled_v4/custom_mujoco_action_resampled_v4_humanoid__inr_transformer_history_conditioned__single_shift__s0,custom_mujoco_action_resampled_v4_humanoid,inr_transformer_history_conditioned,single_shift,0,0.6724137931034483,0.6724137931034483,nan,0.7541595697402954,0.5835931520245565,0.43890658020973206,0.8684236119200671,,,1.0,1.292269395423889,358,58,58,19
outputs/suites/action_resampled_v4/runs/custom_mujoco_action_resampled_v4/custom_mujoco_action_resampled_v4_halfcheetah__inr_transformer_history_conditioned__generalization__s1,custom_mujoco_action_resampled_v4_halfcheetah,inr_transformer_history_conditioned,generalization,1,1.0,1.0,nan,0.3599894344806671,0.3711677340267538,0.2242615669965744,0.5999911953359541,,,1.0,0.9698834286460877,180,78,78,0
outputs/suites/action_resampled_v4/runs/custom_mujoco_action_resampled_v4/custom_mujoco_action_resampled_v4_walker2d__inr_diffusion_history_conditioned__generalization__s1,custom_mujoco_action_resampled_v4_walker2d,inr_diffusion_history_conditioned,generalization,1,1.0,1.0,nan,0.7948518991470337,1.0156974196717734,0.6304826736450195,0.8915446703037564,,,1.0,0.7825676069984436,180,78,78,0
outputs/suites/action_resampled_v4/runs/custom_mujoco_action_resampled_v4/custom_mujoco_action_resampled_v4_ant__inr_diffusion_history_conditioned__single_shift__s0,custom_mujoco_action_resampled_v4_ant,inr_diffusion_history_conditioned,single_shift,0,1.0,1.0,nan,1.0021307468414307,1.0394548054175103,0.785896897315979,1.0010648065142589,,,1.0,0.9640926585922241,358,58,58,19
outputs/suites/action_resampled_v4/runs/custom_mujoco_action_resampled_v4/custom_mujoco_action_resampled_v4_halfcheetah__inr_transformer_fitted_latent__generalization__s0,custom_mujoco_action_resampled_v4_halfcheetah,inr_transformer_fitted_latent,generalization,0,0.9871794871794872,0.9871794871794872,nan,0.48193463683128357,0.497264612872806,0.3903329074382782,0.6942151228771118,,,1.0,0.9691713915596009,180,78,78,0
outputs/suites/action_resampled_v4/runs/custom_mujoco_action_resampled_v4/custom_mujoco_action_resampled_v4_hopper__cvae__conflation__s0,custom_mujoco_action_resampled_v4_hopper,cvae,conflation,0,1.0,1.0,nan,0.2097703069448471,0.19975945023627312,0.11329355835914612,0.4580068852592143,,,1.0,1.050114558769226,269,58,58,19
outputs/suites/action_resampled_v4/runs/custom_mujoco_action_resampled_v4/custom_mujoco_action_resampled_v4_ant__cvae__specialization__s1,custom_mujoco_action_resampled_v4_ant,cvae,specialization,1,0.9736842105263158,0.9736842105263158,nan,0.33770328760147095,0.3928296454351523,0.20738005638122559,0.5811224377026505,,,1.0,0.8596685395965576,358,38,38,38
outputs/suites/action_resampled_v4/runs/custom_mujoco_action_resampled_v4/custom_mujoco_action_resampled_v4_ant__inr_transformer_fitted_latent__single_shift__s0,custom_mujoco_action_resampled_v4_ant,inr_transformer_fitted_latent,single_shift,0,0.9655172413793104,0.9655172413793104,nan,0.3350023031234741,0.34747936325191725,0.2649889886379242,0.5787938347317412,,,1.0,0.9640926585922241,358,58,58,19
outputs/suites/action_resampled_v4/runs/custom_mujoco_action_resampled_v4/custom_mujoco_action_resampled_v4_walker2d__inr_diffusion_history_conditioned__novel_generalization__s0,custom_mujoco_action_resampled_v4_walker2d,inr_diffusion_history_conditioned,novel_generalization,0,0.6666666666666666,1.0,1.221384048461914,0.940967857837677,1.1568843906949395,0.7909331917762756,0.9700349776362072,,,1.0,0.8133637772331238,180,117,117,0
outputs/suites/action_resampled_v4/runs/custom_mujoco_action_resampled_v4/custom_mujoco_action_resampled_v4_walker2d__cvae__single_shift__s0,custom_mujoco_action_resampled_v4_walker2d,cvae,single_shift,0,0.7068965517241379,0.7068965517241379,nan,0.49154937267303467,0.41510320701535114,0.23355799913406372,0.7011058213087626,,,1.0,1.184161828590393,358,58,58,19
outputs/suites/action_resampled_v4/runs/custom_mujoco_action_resampled_v4/custom_mujoco_action_resampled_v4_walker2d__inr_transformer_fitted_latent__no_shift__s1,custom_mujoco_action_resampled_v4_walker2d,inr_transformer_fitted_latent,no_shift,1,0.5,0.5,nan,0.1568654477596283,0.1615386290021567,0.10870138555765152,0.39606242911898154,,,1.0,0.9710708127746582,358,78,78,0
outputs/suites/action_resampled_v4/runs/custom_mujoco_action_resampled_v4/custom_mujoco_action_resampled_v4_humanoid__inr_transformer_history_conditioned__new_policy__s1,custom_mujoco_action_resampled_v4_humanoid,inr_transformer_history_conditioned,new_policy,1,0.6666666666666666,1.0,3.502877950668335,0.678443431854248,0.63360039011985,0.4525708556175232,0.823676776323242,,,1.0,1.070774959159851,358,117,117,0
outputs/suites/action_resampled_v4/runs/custom_mujoco_action_resampled_v4/custom_mujoco_action_resampled_v4_hopper__cvae__no_shift__s1,custom_mujoco_action_resampled_v4_hopper,cvae,no_shift,1,1.0,1.0,nan,0.33334261178970337,0.33660104577744254,0.2231539636850357,0.5773583045126339,,,1.0,0.9903195963630677,358,78,78,0
outputs/suites/action_resampled_v4/runs/custom_mujoco_action_resampled_v4/custom_mujoco_action_resampled_v4_ant__cvae__novel_generalization__s1,custom_mujoco_action_resampled_v4_ant,cvae,novel_generalization,1,0.3504273504273504,0.5256410256410257,24941.396484375,18583193600.0,16188852198.354784,975193.75,136320.18779329787,,,1.0,1.1479006276855468,180,117,117,0
outputs/suites/action_resampled_v4/runs/custom_mujoco_action_resampled_v4/custom_mujoco_action_resampled_v4_hopper__inr_transformer_history_conditioned__single_shift__s1,custom_mujoco_action_resampled_v4_hopper,inr_transformer_history_conditioned,single_shift,1,0.8448275862068966,0.8448275862068966,nan,0.49909117817878723,0.3957871208001087,0.22330422699451447,0.7064638548282476,,,1.0,1.2610091434249877,358,58,58,19
outputs/suites/action_resampled_v4/runs/custom_mujoco_action_resampled_v4/custom_mujoco_action_resampled_v4_hopper__inr_diffusion_history_conditioned__generalization__s1,custom_mujoco_action_resampled_v4_hopper,inr_diffusion_history_conditioned,generalization,1,0.7948717948717948,0.7948717948717948,nan,0.7886114120483398,1.2286553870768642,0.557796061038971,0.8880379564232262,,,1.0,0.6418491469154358,180,78,78,0
outputs/suites/action_resampled_v4/runs/custom_mujoco_action_resampled_v4/custom_mujoco_action_resampled_v4_humanoid__inr_transformer_fitted_latent__new_policy__s1,custom_mujoco_action_resampled_v4_humanoid,inr_transformer_fitted_latent,new_policy,1,0.3333333333333333,0.5,0.021790171042084694,0.6726717948913574,0.6282102407579158,0.45503562688827515,0.8201657118481347,,,1.0,1.070774959159851,358,117,117,0
outputs/suites/action_resampled_v4/runs/custom_mujoco_action_resampled_v4/custom_mujoco_action_resampled_v4_ant__cvae__conflation__s0,custom_mujoco_action_resampled_v4_ant,cvae,conflation,0,1.0,1.0,nan,0.27307137846946716,0.2818570890563161,0.2055417001247406,0.5225623201776676,,,1.0,0.9688292012939453,269,58,58,19
outputs/suites/action_resampled_v4/runs/custom_mujoco_action_resampled_v4/custom_mujoco_action_resampled_v4_ant__inr_diffusion_history_conditioned__single_shift__s1,custom_mujoco_action_resampled_v4_ant,inr_diffusion_history_conditioned,single_shift,1,1.0,1.0,nan,1.046769380569458,1.0745827114442295,0.8299422264099121,1.023117481313587,,,1.0,0.9741170869598389,358,58,58,19
outputs/suites/action_resampled_v4/runs/custom_mujoco_action_resampled_v4/custom_mujoco_action_resampled_v4_halfcheetah__inr_diffusion_history_conditioned__specialization__s1,custom_mujoco_action_resampled_v4_halfcheetah,inr_diffusion_history_conditioned,specialization,1,0.7368421052631579,0.7368421052631579,nan,1.215247392654419,1.1815151861734767,1.0889546871185303,1.102382598127537,,,1.0,1.0285499559173583,358,38,38,38
outputs/suites/action_resampled_v4/runs/custom_mujoco_action_resampled_v4/custom_mujoco_action_resampled_v4_walker2d__inr_transformer_fitted_latent__no_shift__s0,custom_mujoco_action_resampled_v4_walker2d,inr_transformer_fitted_latent,no_shift,0,0.5,0.5,nan,0.15841680765151978,0.16155274341878828,0.11200350522994995,0.39801608968924834,,,1.0,0.9805887804756165,358,78,78,0
outputs/suites/action_resampled_v4/runs/custom_mujoco_action_resampled_v4/custom_mujoco_action_resampled_v4_humanoid__inr_transformer_history_conditioned__specialization__s1,custom_mujoco_action_resampled_v4_humanoid,inr_transformer_history_conditioned,specialization,1,0.5,0.5,nan,1.0217947959899902,0.7795252292480043,0.6218238472938538,1.0108386597227028,,,1.0,1.310791181159973,358,38,38,38
outputs/suites/action_resampled_v4/runs/custom_mujoco_action_resampled_v4/custom_mujoco_action_resampled_v4_hopper__inr_diffusion_history_conditioned__no_shift__s1,custom_mujoco_action_resampled_v4_hopper,inr_diffusion_history_conditioned,no_shift,1,1.0,1.0,nan,0.859711229801178,0.8681149327534801,0.6177287697792053,0.9272061420208443,,,1.0,0.9903195963630677,358,78,78,0
outputs/suites/action_resampled_v4/runs/custom_mujoco_action_resampled_v4/custom_mujoco_action_resampled_v4_hopper__inr_diffusion_history_conditioned__novel_generalization__s1,custom_mujoco_action_resampled_v4_hopper,inr_diffusion_history_conditioned,novel_generalization,1,0.5299145299145299,0.7948717948717948,0.22396224737167358,0.9081246256828308,1.2932841802142132,0.6906073689460754,0.952955731229332,,,1.0,0.7021849022636414,180,117,117,0
outputs/suites/action_resampled_v4/runs/custom_mujoco_action_resampled_v4/custom_mujoco_action_resampled_v4_hopper__inr_diffusion_history_conditioned__single_shift__s0,custom_mujoco_action_resampled_v4_hopper,inr_diffusion_history_conditioned,single_shift,0,0.9482758620689655,0.9482758620689655,nan,1.247657060623169,0.9870347249034298,0.8676946759223938,1.116985702962741,,,1.0,1.2640457616577148,358,58,58,19
outputs/suites/action_resampled_v4/runs/custom_mujoco_action_resampled_v4/custom_mujoco_action_resampled_v4_ant__inr_transformer_history_conditioned__no_shift__s1,custom_mujoco_action_resampled_v4_ant,inr_transformer_history_conditioned,no_shift,1,1.0,1.0,nan,0.2243543565273285,0.22310546635577239,0.14791221916675568,0.4736605921198517,,,1.0,1.0055977569351195,358,78,78,0
outputs/suites/action_resampled_v4/runs/custom_mujoco_action_resampled_v4/custom_mujoco_action_resampled_v4_hopper__inr_diffusion_history_conditioned__no_shift__s0,custom_mujoco_action_resampled_v4_hopper,inr_diffusion_history_conditioned,no_shift,0,1.0,1.0,nan,0.8685541152954102,0.8749809847271847,0.6178641319274902,0.931962507451566,,,1.0,0.9926548467407227,358,78,78,0
outputs/suites/action_resampled_v4/runs/custom_mujoco_action_resampled_v4/custom_mujoco_action_resampled_v4_hopper__cvae__no_shift__s0,custom_mujoco_action_resampled_v4_hopper,cvae,no_shift,0,1.0,1.0,nan,0.3468795120716095,0.34944624832140975,0.21748459339141846,0.5889647799924962,,,1.0,0.9926548467407227,358,78,78,0
outputs/suites/action_resampled_v4/runs/custom_mujoco_action_resampled_v4/custom_mujoco_action_resampled_v4_walker2d__inr_transformer_history_conditioned__generalization__s1,custom_mujoco_action_resampled_v4_walker2d,inr_transformer_history_conditioned,generalization,1,1.0,1.0,nan,0.4888519048690796,0.6246768975578768,0.3249942362308502,0.6991794511204399,,,1.0,0.7825676069984436,180,78,78,0
outputs/suites/action_resampled_v4/runs/custom_mujoco_action_resampled_v4/custom_mujoco_action_resampled_v4_walker2d__inr_transformer_history_conditioned__no_shift__s1,custom_mujoco_action_resampled_v4_walker2d,inr_transformer_history_conditioned,no_shift,1,1.0,1.0,nan,0.15244992077350616,0.1569915589759188,0.10481324791908264,0.39044835865131533,,,1.0,0.9710708127746582,358,78,78,0
outputs/suites/action_resampled_v4/runs/custom_mujoco_action_resampled_v4/custom_mujoco_action_resampled_v4_ant__inr_transformer_history_conditioned__new_policy__s1,custom_mujoco_action_resampled_v4_ant,inr_transformer_history_conditioned,new_policy,1,0.6666666666666666,1.0,1.5584994554519653,0.4298028349876404,0.45796443893631744,0.2395719289779663,0.655593498280482,,,1.0,0.9385070071945191,358,117,117,0
outputs/suites/action_resampled_v4/runs/custom_mujoco_action_resampled_v4/custom_mujoco_action_resampled_v4_halfcheetah__inr_transformer_history_conditioned__single_shift__s1,custom_mujoco_action_resampled_v4_halfcheetah,inr_transformer_history_conditioned,single_shift,1,0.9482758620689655,0.9482758620689655,nan,0.2139536738395691,0.20823827543910356,0.09665312618017197,0.46255126617443076,,,1.0,1.0274464355239867,358,58,58,19
outputs/suites/action_resampled_v4/runs/custom_mujoco_action_resampled_v4/custom_mujoco_action_resampled_v4_humanoid__inr_transformer_history_conditioned__new_policy__s0,custom_mujoco_action_resampled_v4_humanoid,inr_transformer_history_conditioned,new_policy,0,0.6666666666666666,1.0,3.785351514816284,0.6917248368263245,0.6392841397879356,0.46457287669181824,0.8316999680331391,,,1.0,1.082030342651367,358,117,117,0
outputs/suites/action_resampled_v4/runs/custom_mujoco_action_resampled_v4/custom_mujoco_action_resampled_v4_hopper__inr_transformer_history_conditioned__specialization__s0,custom_mujoco_action_resampled_v4_hopper,inr_transformer_history_conditioned,specialization,0,0.3684210526315789,0.3684210526315789,nan,1.530476689338684,0.9028253108399892,1.048758864402771,1.2371243629234225,,,1.0,1.6952079997787475,358,38,38,38
outputs/suites/action_resampled_v4/runs/custom_mujoco_action_resampled_v4/custom_mujoco_action_resampled_v4_ant__inr_transformer_fitted_latent__conflation__s1,custom_mujoco_action_resampled_v4_ant,inr_transformer_fitted_latent,conflation,1,0.6724137931034483,0.6724137931034483,nan,0.3294551968574524,0.3380125072995848,0.24475672841072083,0.5739818785096377,,,1.0,0.9746834502944947,269,58,58,19
outputs/suites/action_resampled_v4/runs/custom_mujoco_action_resampled_v4/custom_mujoco_action_resampled_v4_ant__cvae__no_shift__s0,custom_mujoco_action_resampled_v4_ant,cvae,no_shift,0,1.0,1.0,nan,0.34016352891921997,0.34528973477505803,0.25055545568466187,0.5832353975190635,,,1.0,0.9851539002189637,358,78,78,0
outputs/suites/action_resampled_v4/runs/custom_mujoco_action_resampled_v4/custom_mujoco_action_resampled_v4_humanoid__inr_transformer_fitted_latent__no_shift__s1,custom_mujoco_action_resampled_v4_humanoid,inr_transformer_fitted_latent,no_shift,1,0.5128205128205128,0.5128205128205128,nan,0.37667691707611084,0.37806345992778817,0.32795098423957825,0.6137401054812296,,,1.0,0.9963325129280091,358,78,78,0
outputs/suites/action_resampled_v4/runs/custom_mujoco_action_resampled_v4/custom_mujoco_action_resampled_v4_humanoid__inr_transformer_fitted_latent__single_shift__s1,custom_mujoco_action_resampled_v4_humanoid,inr_transformer_fitted_latent,single_shift,1,0.3275862068965517,0.3275862068965517,nan,0.6926420331001282,0.5384488337818453,0.37298864126205444,0.8322511838983038,,,1.0,1.2863655553588866,358,58,58,19
outputs/suites/action_resampled_v4/runs/custom_mujoco_action_resampled_v4/custom_mujoco_action_resampled_v4_ant__inr_transformer_fitted_latent__generalization__s0,custom_mujoco_action_resampled_v4_ant,inr_transformer_fitted_latent,generalization,0,1.0,1.0,nan,1.0634182691574097,0.8729955635568523,0.737987220287323,1.03122173617385,,,1.0,1.2181256280670165,180,78,78,0
outputs/suites/action_resampled_v4/runs/custom_mujoco_action_resampled_v4/custom_mujoco_action_resampled_v4_hopper__inr_diffusion_history_conditioned__single_shift__s1,custom_mujoco_action_resampled_v4_hopper,inr_diffusion_history_conditioned,single_shift,1,0.8275862068965517,0.8275862068965517,nan,1.2654228210449219,1.0035001154773124,0.9272778630256653,1.1249101390977512,,,1.0,1.2610091434249877,358,58,58,19
outputs/suites/action_resampled_v4/runs/custom_mujoco_action_resampled_v4/custom_mujoco_action_resampled_v4_halfcheetah__inr_diffusion_history_conditioned__single_shift__s0,custom_mujoco_action_resampled_v4_halfcheetah,inr_diffusion_history_conditioned,single_shift,0,1.0,1.0,nan,0.97891765832901,0.9545914082173723,0.8255181908607483,0.9894026775428748,,,1.0,1.025483416152954,358,58,58,19
outputs/suites/action_resampled_v4/runs/custom_mujoco_action_resampled_v4/custom_mujoco_action_resampled_v4_hopper__inr_transformer_history_conditioned__conflation__s1,custom_mujoco_action_resampled_v4_hopper,inr_transformer_history_conditioned,conflation,1,1.0,1.0,nan,0.18577221035957336,0.17735712355902866,0.09864190965890884,0.43101300486130734,,,1.0,1.0474471317062377,269,58,58,19
outputs/suites/action_resampled_v4/runs/custom_mujoco_action_resampled_v4/custom_mujoco_action_resampled_v4_humanoid__cvae__no_shift__s1,custom_mujoco_action_resampled_v4_humanoid,cvae,no_shift,1,1.0,1.0,nan,0.43556076288223267,0.4371640564074461,0.38073545694351196,0.6599702742413727,,,1.0,0.9963325129280091,358,78,78,0
outputs/suites/action_resampled_v4/runs/custom_mujoco_action_resampled_v4/custom_mujoco_action_resampled_v4_walker2d__cvae__new_policy__s1,custom_mujoco_action_resampled_v4_walker2d,cvae,new_policy,1,0.6666666666666666,1.0,1.22327721118927,0.42464837431907654,0.4173541912071858,0.24029487371444702,0.6516505001295376,,,1.0,1.017477201057434,358,117,117,0
outputs/suites/action_resampled_v4/runs/custom_mujoco_action_resampled_v4/custom_mujoco_action_resampled_v4_walker2d__inr_diffusion_history_conditioned__specialization__s1,custom_mujoco_action_resampled_v4_walker2d,inr_diffusion_history_conditioned,specialization,1,0.7631578947368421,0.7631578947368421,nan,1.627653956413269,1.4121016292465318,1.4649463891983032,1.2757954210661164,,,1.0,1.152646468711853,358,38,38,38
outputs/suites/action_resampled_v4/runs/custom_mujoco_action_resampled_v4/custom_mujoco_action_resampled_v4_ant__inr_transformer_fitted_latent__new_policy__s1,custom_mujoco_action_resampled_v4_ant,inr_transformer_fitted_latent,new_policy,1,0.6666666666666666,1.0,0.21094875037670135,0.4970787465572357,0.5296484125815472,0.3517317473888397,0.7050381170952644,,,1.0,0.9385070071945191,358,117,117,0
outputs/suites/action_resampled_v4/runs/custom_mujoco_action_resampled_v4/custom_mujoco_action_resampled_v4_halfcheetah__cvae__conflation__s0,custom_mujoco_action_resampled_v4_halfcheetah,cvae,conflation,0,1.0,1.0,nan,0.1642138957977295,0.1636854807819055,0.08159983903169632,0.4052331375859204,,,1.0,1.0032282338867187,269,58,58,19
outputs/suites/action_resampled_v4/runs/custom_mujoco_action_resampled_v4/custom_mujoco_action_resampled_v4_ant__inr_diffusion_history_conditioned__new_policy__s1,custom_mujoco_action_resampled_v4_ant,inr_diffusion_history_conditioned,new_policy,1,0.6666666666666666,1.0,2.108398675918579,1.1402080059051514,1.214916880923007,0.8972852230072021,1.0678052284499975,,,1.0,0.9385070071945191,358,117,117,0
outputs/suites/action_resampled_v4/runs/custom_mujoco_action_resampled_v4/custom_mujoco_action_resampled_v4_ant__cvae__generalization__s1,custom_mujoco_action_resampled_v4_ant,cvae,generalization,1,0.5256410256410257,0.5256410256410257,nan,19893235712.0,16072301231.061256,1057199.0,141043.38237577828,,,1.0,1.2377341256866454,180,78,78,0
outputs/suites/action_resampled_v4/runs/custom_mujoco_action_resampled_v4/custom_mujoco_action_resampled_v4_hopper__cvae__specialization__s0,custom_mujoco_action_resampled_v4_hopper,cvae,specialization,0,0.5,0.5,nan,1.9851070642471313,1.1710109110541127,0.9486697316169739,1.4089382755277575,,,1.0,1.6952079997787475,358,38,38,38
outputs/suites/action_resampled_v4/runs/custom_mujoco_action_resampled_v4/custom_mujoco_action_resampled_v4_halfcheetah__cvae__generalization__s0,custom_mujoco_action_resampled_v4_halfcheetah,cvae,generalization,0,1.0,1.0,nan,0.40456482768058777,0.4174337286509848,0.24189813435077667,0.6360541075101926,,,1.0,0.9691713915596009,180,78,78,0
outputs/suites/action_resampled_v4/runs/custom_mujoco_action_resampled_v4/custom_mujoco_action_resampled_v4_ant__inr_diffusion_history_conditioned__conflation__s0,custom_mujoco_action_resampled_v4_ant,inr_diffusion_history_conditioned,conflation,0,1.0,1.0,nan,0.9356462955474854,0.9657494781307772,0.7058411836624146,0.9672881140319493,,,1.0,0.9688292012939453,269,58,58,19
outputs/suites/action_resampled_v4/runs/custom_mujoco_action_resampled_v4/custom_mujoco_action_resampled_v4_halfcheetah__inr_transformer_fitted_latent__specialization__s0,custom_mujoco_action_resampled_v4_halfcheetah,inr_transformer_fitted_latent,specialization,0,0.5,0.5,nan,0.4348229765892029,0.4231205471502869,0.14127042889595032,0.6594110831561772,,,1.0,1.0276574359664916,358,38,38,38
outputs/suites/action_resampled_v4/runs/custom_mujoco_action_resampled_v4/custom_mujoco_action_resampled_v4_ant__inr_diffusion_history_conditioned__novel_generalization__s1,custom_mujoco_action_resampled_v4_ant,inr_diffusion_history_conditioned,novel_generalization,1,0.3418803418803419,0.5128205128205128,8.090639114379883,19.523439407348633,17.007952549614632,1.3908191919326782,4.41853362636844,,,1.0,1.1479006276855468,180,117,117,0
outputs/suites/action_resampled_v4/runs/custom_mujoco_action_resampled_v4/custom_mujoco_action_resampled_v4_walker2d__cvae__novel_generalization__s0,custom_mujoco_action_resampled_v4_walker2d,cvae,novel_generalization,0,0.6410256410256411,0.9615384615384616,1.1931378841400146,0.8732408285140991,1.0736165698018458,0.6887356638908386,0.9344735568832856,,,1.0,0.8133637772331238,180,117,117,0
outputs/suites/action_resampled_v4/runs/custom_mujoco_action_resampled_v4/custom_mujoco_action_resampled_v4_halfcheetah__inr_transformer_fitted_latent__novel_generalization__s0,custom_mujoco_action_resampled_v4_halfcheetah,inr_transformer_fitted_latent,novel_generalization,0,0.6581196581196581,0.9871794871794872,0.10668353736400604,0.5875298380851746,0.5781659659371213,0.4884297847747803,0.766504949811268,,,1.0,1.0161958204040527,180,117,117,0
outputs/suites/action_resampled_v4/runs/custom_mujoco_action_resampled_v4/custom_mujoco_action_resampled_v4_ant__cvae__generalization__s0,custom_mujoco_action_resampled_v4_ant,cvae,generalization,0,0.5512820512820513,0.5512820512820513,nan,15253021696.0,12521714792.426022,2041146.375,123503.12423578603,,,1.0,1.2181256280670165,180,78,78,0
outputs/suites/action_resampled_v4/runs/custom_mujoco_action_resampled_v4/custom_mujoco_action_resampled_v4_walker2d__inr_diffusion_history_conditioned__generalization__s0,custom_mujoco_action_resampled_v4_walker2d,inr_diffusion_history_conditioned,generalization,0,1.0,1.0,nan,0.9132285118103027,1.161877146378561,0.752159595489502,0.9556299031582796,,,1.0,0.7859940396080017,180,78,78,0
outputs/suites/action_resampled_v4/runs/custom_mujoco_action_resampled_v4/custom_mujoco_action_resampled_v4_walker2d__cvae__conflation__s1,custom_mujoco_action_resampled_v4_walker2d,cvae,conflation,1,1.0,1.0,nan,0.21497541666030884,0.221278878205102,0.07659692317247391,0.46365441512004263,,,1.0,0.9715134964714051,269,58,58,19
outputs/suites/action_resampled_v4/runs/custom_mujoco_action_resampled_v4/custom_mujoco_action_resampled_v4_hopper__inr_diffusion_history_conditioned__conflation__s1,custom_mujoco_action_resampled_v4_hopper,inr_diffusion_history_conditioned,conflation,1,1.0,1.0,nan,0.6688331365585327,0.6385364151687902,0.455769807100296,0.817822191285204,,,1.0,1.0474471317062377,269,58,58,19
outputs/suites/action_resampled_v4/runs/custom_mujoco_action_resampled_v4/custom_mujoco_action_resampled_v4_hopper__inr_diffusion_history_conditioned__new_policy__s1,custom_mujoco_action_resampled_v4_hopper,inr_diffusion_history_conditioned,new_policy,1,0.6666666666666666,1.0,3.7478466033935547,1.228485107421875,1.134067028123162,0.8416752815246582,1.1083704739038636,,,1.0,1.0832561717758178,358,117,117,0
outputs/suites/action_resampled_v4/runs/custom_mujoco_action_resampled_v4/custom_mujoco_action_resampled_v4_halfcheetah__inr_diffusion_history_conditioned__no_shift__s0,custom_mujoco_action_resampled_v4_halfcheetah,inr_diffusion_history_conditioned,no_shift,0,1.0,1.0,nan,0.8824795484542847,0.8773210706589109,0.7291573882102966,0.9394038260802884,,,1.0,1.0058798061141967,358,78,78,0
outputs/suites/action_resampled_v4/runs/custom_mujoco_action_resampled_v4/custom_mujoco_action_resampled_v4_humanoid__inr_transformer_history_conditioned__conflation__s0,custom_mujoco_action_resampled_v4_humanoid,inr_transformer_history_conditioned,conflation,0,1.0,1.0,nan,0.28814995288848877,0.2813444990720242,0.22924600541591644,0.5367960067739781,,,1.0,1.0241890416870116,269,58,58,19
outputs/suites/action_resampled_v4/runs/custom_mujoco_action_resampled_v4/custom_mujoco_action_resampled_v4_walker2d__inr_transformer_fitted_latent__generalization__s0,custom_mujoco_action_resampled_v4_walker2d,inr_transformer_fitted_latent,generalization,0,1.0,1.0,nan,0.607201099395752,0.772526340910398,0.48311105370521545,0.7792310949877141,,,1.0,0.7859940396080017,180,78,78,0
outputs/suites/action_resampled_v4/runs/custom_mujoco_action_resampled_v4/custom_mujoco_action_resampled_v4_walker2d__cvae__new_policy__s0,custom_mujoco_action_resampled_v4_walker2d,cvae,new_policy,0,0.6666666666666666,1.0,0.9827613830566406,0.4707876741886139,0.45922529872050466,0.2652163505554199,0.686139689996588,,,1.0,1.025178001953125,358,117,117,0
outputs/suites/action_resampled_v4/runs/custom_mujoco_action_resampled_v4/custom_mujoco_action_resampled_v4_ant__inr_diffusion_history_conditioned__specialization__s1,custom_mujoco_action_resampled_v4_ant,inr_diffusion_history_conditioned,specialization,1,1.0,1.0,nan,0.9753526449203491,1.1345682667160089,0.7937031984329224,0.9875994354597157,,,1.0,0.8596685395965576,358,38,38,38
outputs/suites/action_resampled_v4/runs/custom_mujoco_action_resampled_v4/custom_mujoco_action_resampled_v4_walker2d__inr_transformer_fitted_latent__novel_generalization__s1,custom_mujoco_action_resampled_v4_walker2d,inr_transformer_fitted_latent,novel_generalization,1,0.6666666666666666,1.0,0.23221127688884735,0.7310182452201843,0.9011438904824542,0.6230282187461853,0.8549960498272401,,,1.0,0.8112114535102845,180,117,117,0
outputs/suites/action_resampled_v4/runs/custom_mujoco_action_resampled_v4/custom_mujoco_action_resampled_v4_halfcheetah__inr_transformer_history_conditioned__generalization__s0,custom_mujoco_action_resampled_v4_halfcheetah,inr_transformer_history_conditioned,generalization,0,1.0,1.0,nan,0.3638385832309723,0.3754120131894106,0.24213068187236786,0.603190337481439,,,1.0,0.9691713915596009,180,78,78,0
outputs/suites/action_resampled_v4/runs/custom_mujoco_action_resampled_v4/custom_mujoco_action_resampled_v4_walker2d__inr_transformer_history_conditioned__no_shift__s0,custom_mujoco_action_resampled_v4_walker2d,inr_transformer_history_conditioned,no_shift,0,1.0,1.0,nan,0.15293702483177185,0.15596448570173582,0.10536893457174301,0.39107163644500204,,,1.0,0.9805887804756165,358,78,78,0
outputs/suites/action_resampled_v4/runs/custom_mujoco_action_resampled_v4/custom_mujoco_action_resampled_v4_halfcheetah__inr_transformer_history_conditioned__no_shift__s0,custom_mujoco_action_resampled_v4_halfcheetah,inr_transformer_history_conditioned,no_shift,0,1.0,1.0,nan,0.12851814925670624,0.1277669046296727,0.07040441781282425,0.35849428064713423,,,1.0,1.0058798061141967,358,78,78,0
outputs/suites/action_resampled_v4/runs/custom_mujoco_action_resampled_v4/custom_mujoco_action_resampled_v4_hopper__inr_transformer_history_conditioned__conflation__s0,custom_mujoco_action_resampled_v4_hopper,inr_transformer_history_conditioned,conflation,0,1.0,1.0,nan,0.17117956280708313,0.16301037003782906,0.08352340012788773,0.41373851984929216,,,1.0,1.050114558769226,269,58,58,19
outputs/suites/action_resampled_v4/runs/custom_mujoco_action_resampled_v4/custom_mujoco_action_resampled_v4_halfcheetah__inr_transformer_history_conditioned__new_policy__s1,custom_mujoco_action_resampled_v4_halfcheetah,inr_transformer_history_conditioned,new_policy,1,0.6666666666666666,1.0,1.533324956893921,0.2590956389904022,0.24587691993592714,0.11502265185117722,0.5090143799446163,,,1.0,1.053761528564453,358,117,117,0
outputs/suites/action_resampled_v4/runs/custom_mujoco_action_resampled_v4/custom_mujoco_action_resampled_v4_ant__cvae__conflation__s1,custom_mujoco_action_resampled_v4_ant,cvae,conflation,1,1.0,1.0,nan,0.2915775775909424,0.2991510500181818,0.21490341424942017,0.5399792381110059,,,1.0,0.9746834502944947,269,58,58,19
outputs/suites/action_resampled_v4/runs/custom_mujoco_action_resampled_v4/custom_mujoco_action_resampled_v4_walker2d__inr_transformer_history_conditioned__conflation__s1,custom_mujoco_action_resampled_v4_walker2d,inr_transformer_history_conditioned,conflation,1,1.0,1.0,nan,0.07220152765512466,0.07431860485455417,0.0404050387442112,0.26870341950768817,,,1.0,0.9715134964714051,269,58,58,19
outputs/suites/action_resampled_v4/runs/custom_mujoco_action_resampled_v4/custom_mujoco_action_resampled_v4_ant__inr_transformer_history_conditioned__novel_generalization__s0,custom_mujoco_action_resampled_v4_ant,inr_transformer_history_conditioned,novel_generalization,0,0.36752136752136755,0.5512820512820513,9.842143058776855,1.2041822671890259,1.0601364454610358,0.9021072387695312,1.0973523897039756,,,1.0,1.135874794555664,180,117,117,0
outputs/suites/action_resampled_v4/runs/custom_mujoco_action_resampled_v4/custom_mujoco_action_resampled_v4_humanoid__inr_transformer_fitted_latent__no_shift__s0,custom_mujoco_action_resampled_v4_humanoid,inr_transformer_fitted_latent,no_shift,0,0.5128205128205128,0.5128205128205128,nan,0.3929291069507599,0.38927426893447575,0.3376166522502899,0.6268405753864055,,,1.0,1.0093888507614135,358,78,78,0
outputs/suites/action_resampled_v4/runs/custom_mujoco_action_resampled_v4/custom_mujoco_action_resampled_v4_ant__inr_diffusion_history_conditioned__specialization__s0,custom_mujoco_action_resampled_v4_ant,inr_diffusion_history_conditioned,specialization,0,1.0,1.0,nan,0.9442687630653381,1.1002476077882792,0.7688171863555908,0.9717349242799387,,,1.0,0.8582329617271424,358,38,38,38
outputs/suites/action_resampled_v4/runs/custom_mujoco_action_resampled_v4/custom_mujoco_action_resampled_v4_ant__cvae__new_policy__s0,custom_mujoco_action_resampled_v4_ant,cvae,new_policy,0,0.6666666666666666,1.0,1.5098515748977661,0.44765791296958923,0.48328119280154747,0.3339090645313263,0.669072427297366,,,1.0,0.9262887106666565,358,117,117,0
outputs/suites/action_resampled_v4/runs/custom_mujoco_action_resampled_v4/custom_mujoco_action_resampled_v4_halfcheetah__cvae__novel_generalization__s0,custom_mujoco_action_resampled_v4_halfcheetah,cvae,novel_generalization,0,0.6666666666666666,1.0,0.614233672618866,0.4652113616466522,0.4577969642324234,0.3052421510219574,0.6820640451208759,,,1.0,1.0161958204040527,180,117,117,0
outputs/suites/action_resampled_v4/runs/custom_mujoco_action_resampled_v4/custom_mujoco_action_resampled_v4_walker2d__inr_transformer_fitted_latent__conflation__s1,custom_mujoco_action_resampled_v4_walker2d,inr_transformer_fitted_latent,conflation,1,0.6724137931034483,0.6724137931034483,nan,0.1308639794588089,0.13470114407480152,0.0687524750828743,0.3617512673907431,,,1.0,0.9715134964714051,269,58,58,19
outputs/suites/action_resampled_v4/runs/custom_mujoco_action_resampled_v4/custom_mujoco_action_resampled_v4_humanoid__inr_diffusion_history_conditioned__generalization__s1,custom_mujoco_action_resampled_v4_humanoid,inr_diffusion_history_conditioned,generalization,1,0.5,0.5,nan,100.28034973144531,111.14554456714886,100.31413269042969,10.014007675823168,,,1.0,0.9022435413131714,180,78,78,0
outputs/suites/action_resampled_v4/runs/custom_mujoco_action_resampled_v4/custom_mujoco_action_resampled_v4_humanoid__inr_diffusion_history_conditioned__single_shift__s1,custom_mujoco_action_resampled_v4_humanoid,inr_diffusion_history_conditioned,single_shift,1,0.6724137931034483,0.6724137931034483,nan,1.6664546728134155,1.2954751982211516,1.4066921472549438,1.2909123412584664,,,1.0,1.2863655553588866,358,58,58,19
outputs/suites/action_resampled_v4/runs/custom_mujoco_action_resampled_v4/custom_mujoco_action_resampled_v4_ant__inr_transformer_fitted_latent__novel_generalization__s1,custom_mujoco_action_resampled_v4_ant,inr_transformer_fitted_latent,novel_generalization,1,0.6666666666666666,1.0,0.20889370143413544,1.161031723022461,1.0114392265499408,0.899747371673584,1.0775118203632204,,,1.0,1.1479006276855468,180,117,117,0
outputs/suites/action_resampled_v4/runs/custom_mujoco_action_resampled_v4/custom_mujoco_action_resampled_v4_halfcheetah__inr_transformer_fitted_latent__conflation__s0,custom_mujoco_action_resampled_v4_halfcheetah,inr_transformer_fitted_latent,conflation,0,0.6724137931034483,0.6724137931034483,nan,0.2331768125295639,0.23242648547298908,0.13463394343852997,0.4828838499365701,,,1.0,1.0032282338867187,269,58,58,19
outputs/suites/action_resampled_v4/runs/custom_mujoco_action_resampled_v4/custom_mujoco_action_resampled_v4_ant__inr_transformer_fitted_latent__no_shift__s0,custom_mujoco_action_resampled_v4_ant,inr_transformer_fitted_latent,no_shift,0,0.9743589743589743,0.9743589743589743,nan,0.29912039637565613,0.30362808928551427,0.2281290888786316,0.546919003487405,,,1.0,0.9851539002189637,358,78,78,0
outputs/suites/action_resampled_v4/runs/custom_mujoco_action_resampled_v4/custom_mujoco_action_resampled_v4_halfcheetah__inr_transformer_fitted_latent__single_shift__s1,custom_mujoco_action_resampled_v4_halfcheetah,inr_transformer_fitted_latent,single_shift,1,0.6724137931034483,0.6724137931034483,nan,0.2767173647880554,0.2693253440963397,0.08549007028341293,0.5260393186711954,,,1.0,1.0274464355239867,358,58,58,19
outputs/suites/action_resampled_v4/runs/custom_mujoco_action_resampled_v4/custom_mujoco_action_resampled_v4_ant__inr_transformer_history_conditioned__specialization__s0,custom_mujoco_action_resampled_v4_ant,inr_transformer_history_conditioned,specialization,0,0.9473684210526315,0.9473684210526315,nan,0.2506113052368164,0.2920084830259562,0.1446874886751175,0.5006109319989092,,,1.0,0.8582329617271424,358,38,38,38
outputs/suites/action_resampled_v4/runs/custom_mujoco_action_resampled_v4/custom_mujoco_action_resampled_v4_hopper__cvae__single_shift__s0,custom_mujoco_action_resampled_v4_hopper,cvae,single_shift,0,0.8620689655172413,0.8620689655172413,nan,0.9961296319961548,0.7880487101114083,0.4064364731311798,0.9980629398971563,,,1.0,1.2640457616577148,358,58,58,19
outputs/suites/action_resampled_v4/runs/custom_mujoco_action_resampled_v4/custom_mujoco_action_resampled_v4_halfcheetah__inr_diffusion_history_conditioned__generalization__s1,custom_mujoco_action_resampled_v4_halfcheetah,inr_diffusion_history_conditioned,generalization,1,1.0,1.0,nan,0.8543943762779236,0.8809248112122284,0.6668702960014343,0.9243345586301118,,,1.0,0.9698834286460877,180,78,78,0
outputs/suites/action_resampled_v4/runs/custom_mujoco_action_resampled_v4/custom_mujoco_action_resampled_v4_ant__inr_transformer_history_conditioned__new_policy__s0,custom_mujoco_action_resampled_v4_ant,inr_transformer_history_conditioned,new_policy,0,0.6666666666666666,1.0,1.7703473567962646,0.40641552209854126,0.43875685563094163,0.22994130849838257,0.6375072721926718,,,1.0,0.9262887106666565,358,117,117,0
outputs/suites/action_resampled_v4/runs/custom_mujoco_action_resampled_v4/custom_mujoco_action_resampled_v4_walker2d__inr_transformer_history_conditioned__novel_generalization__s1,custom_mujoco_action_resampled_v4_walker2d,inr_transformer_history_conditioned,novel_generalization,1,0.6666666666666666,1.0,0.7262582182884216,0.5586910843849182,0.6887120268918087,0.392808198928833,0.7474564096888314,,,1.0,0.8112114535102845,180,117,117,0
outputs/suites/action_resampled_v4/runs/custom_mujoco_action_resampled_v4/custom_mujoco_action_resampled_v4_hopper__inr_diffusion_history_conditioned__novel_generalization__s0,custom_mujoco_action_resampled_v4_hopper,inr_diffusion_history_conditioned,novel_generalization,0,0.5982905982905983,0.8974358974358975,0.40946948528289795,0.8745821714401245,1.2478687129272343,0.6758964657783508,0.9351909812653908,,,1.0,0.7008607254753113,180,117,117,0
outputs/suites/action_resampled_v4/runs/custom_mujoco_action_resampled_v4/custom_mujoco_action_resampled_v4_humanoid__cvae__novel_generalization__s0,custom_mujoco_action_resampled_v4_humanoid,cvae,novel_generalization,0,0.3333333333333333,0.5,25679612.0,25749375418368.0,26890767324240.145,7022070726656.0,5074384.24031606,,,1.0,0.957554505897522,180,117,117,0
outputs/suites/action_resampled_v4/runs/custom_mujoco_action_resampled_v4/custom_mujoco_action_resampled_v4_walker2d__cvae__novel_generalization__s1,custom_mujoco_action_resampled_v4_walker2d,cvae,novel_generalization,1,0.6495726495726496,0.9743589743589743,1.0638043880462646,0.8412973284721375,1.0370875865123268,0.6634587645530701,0.9172226166379335,,,1.0,0.8112114535102845,180,117,117,0
outputs/suites/action_resampled_v4/runs/custom_mujoco_action_resampled_v4/custom_mujoco_action_resampled_v4_halfcheetah__inr_transformer_fitted_latent__specialization__s1,custom_mujoco_action_resampled_v4_halfcheetah,inr_transformer_fitted_latent,specialization,1,0.5,0.5,nan,0.43716445565223694,0.42502987155575955,0.12398257851600647,0.6611841314280289,,,1.0,1.0285499559173583,358,38,38,38
outputs/suites/action_resampled_v4/runs/custom_mujoco_action_resampled_v4/custom_mujoco_action_resampled_v4_ant__inr_transformer_fitted_latent__specialization__s1,custom_mujoco_action_resampled_v4_ant,inr_transformer_fitted_latent,specialization,1,1.0,1.0,nan,0.3685629069805145,0.4287267592152216,0.29813021421432495,0.6070938205751353,,,1.0,0.8596685395965576,358,38,38,38
outputs/suites/action_resampled_v4/runs/custom_mujoco_action_resampled_v4/custom_mujoco_action_resampled_v4_halfcheetah__inr_transformer_fitted_latent__novel_generalization__s1,custom_mujoco_action_resampled_v4_halfcheetah,inr_transformer_fitted_latent,novel_generalization,1,0.3333333333333333,0.5,0.11190831661224365,0.5991799831390381,0.5904114191905222,0.4802999198436737,0.7740671696558626,,,1.0,1.014851616455078,180,117,117,0
outputs/suites/action_resampled_v4/runs/custom_mujoco_action_resampled_v4/custom_mujoco_action_resampled_v4_humanoid__inr_diffusion_history_conditioned__conflation__s1,custom_mujoco_action_resampled_v4_humanoid,inr_diffusion_history_conditioned,conflation,1,1.0,1.0,nan,0.9271252155303955,0.9105430502882366,0.8693604469299316,0.9628734161510513,,,1.0,1.0182112918624877,269,58,58,19
outputs/suites/action_resampled_v4/runs/custom_mujoco_action_resampled_v4/custom_mujoco_action_resampled_v4_hopper__inr_transformer_history_conditioned__generalization__s0,custom_mujoco_action_resampled_v4_hopper,inr_transformer_history_conditioned,generalization,0,0.7435897435897436,0.7435897435897436,nan,0.80223149061203,1.2455860569011357,0.5034787058830261,0.8956737634942926,,,1.0,0.6440594659576416,180,78,78,0
outputs/suites/action_resampled_v4/runs/custom_mujoco_action_resampled_v4/custom_mujoco_action_resampled_v4_ant__inr_transformer_history_conditioned__conflation__s1,custom_mujoco_action_resampled_v4_ant,inr_transformer_history_conditioned,conflation,1,1.0,1.0,nan,0.23620998859405518,0.2423453363475965,0.1659698337316513,0.48601439134459296,,,1.0,0.9746834502944947,269,58,58,19
outputs/suites/action_resampled_v4/runs/custom_mujoco_action_resampled_v4/custom_mujoco_action_resampled_v4_walker2d__inr_transformer_history_conditioned__generalization__s0,custom_mujoco_action_resampled_v4_walker2d,inr_transformer_history_conditioned,generalization,0,0.9743589743589743,0.9743589743589743,nan,0.49580326676368713,0.6307977437220246,0.3220818340778351,0.7041329894016379,,,1.0,0.7859940396080017,180,78,78,0
outputs/suites/action_resampled_v4/runs/custom_mujoco_action_resampled_v4/custom_mujoco_action_resampled_v4_ant__inr_diffusion_history_conditioned__no_shift__s0,custom_mujoco_action_resampled_v4_ant,inr_diffusion_history_conditioned,no_shift,0,1.0,1.0,nan,1.0231707096099854,1.0385897161677702,0.7924901247024536,1.011519010997809,,,1.0,0.9851539002189637,358,78,78,0
outputs/suites/action_resampled_v4/runs/custom_mujoco_action_resampled_v4/custom_mujoco_action_resampled_v4_humanoid__inr_transformer_fitted_latent__specialization__s0,custom_mujoco_action_resampled_v4_humanoid,inr_transformer_fitted_latent,specialization,0,1.0,1.0,nan,1.0288887023925781,0.7842643518976122,0.7038293480873108,1.0143415117171228,,,1.0,1.3119156823883056,358,38,38,38
outputs/suites/action_resampled_v4/runs/custom_mujoco_action_resampled_v4/custom_mujoco_action_resampled_v4_ant__inr_transformer_fitted_latent__new_policy__s0,custom_mujoco_action_resampled_v4_ant,inr_transformer_fitted_latent,new_policy,0,0.6239316239316239,0.9358974358974359,0.19615043699741364,0.4708528518676758,0.5083219156679559,0.3408784568309784,0.6861871842782229,,,1.0,0.9262887106666565,358,117,117,0
outputs/suites/action_resampled_v4/runs/custom_mujoco_action_resampled_v4/custom_mujoco_action_resampled_v4_humanoid__cvae__conflation__s0,custom_mujoco_action_resampled_v4_humanoid,cvae,conflation,0,1.0,1.0,nan,0.29910364747047424,0.2920394920236602,0.2456626296043396,0.5469036912203777,,,1.0,1.0241890416870116,269,58,58,19
outputs/suites/action_resampled_v4/runs/custom_mujoco_action_resampled_v4/custom_mujoco_action_resampled_v4_halfcheetah__cvae__new_policy__s0,custom_mujoco_action_resampled_v4_halfcheetah,cvae,new_policy,0,0.6666666666666666,1.0,0.43697160482406616,0.28239330649375916,0.26798751720908437,0.14397062361240387,0.5314069123503751,,,1.0,1.053755448890686,358,117,117,0
outputs/suites/action_resampled_v4/runs/custom_mujoco_action_resampled_v4/custom_mujoco_action_resampled_v4_walker2d__inr_transformer_fitted_latent__conflation__s0,custom_mujoco_action_resampled_v4_walker2d,inr_transformer_fitted_latent,conflation,0,0.6724137931034483,0.6724137931034483,nan,0.13450531661510468,0.13835911913825386,0.08406385779380798,0.36674966477844895,,,1.0,0.9721463785896302,269,58,58,19
outputs/suites/action_resampled_v4/runs/custom_mujoco_action_resampled_v4/custom_mujoco_action_resampled_v4_walker2d__inr_transformer_history_conditioned__novel_generalization__s0,custom_mujoco_action_resampled_v4_walker2d,inr_transformer_history_conditioned,novel_generalization,0,0.6495726495726496,0.9743589743589743,0.4373604357242584,0.5600640177726746,0.6885775263780289,0.39233484864234924,0.7483742498059874,,,1.0,0.8133637772331238,180,117,117,0
outputs/suites/action_resampled_v4/runs/custom_mujoco_action_resampled_v4/custom_mujoco_action_resampled_v4_humanoid__cvae__no_shift__s0,custom_mujoco_action_resampled_v4_humanoid,cvae,no_shift,0,1.0,1.0,nan,0.42847979068756104,0.42449427726920635,0.36489346623420715,0.6545836773763619,,,1.0,1.0093888507614135,358,78,78,0
outputs/suites/action_resampled_v4/runs/custom_mujoco_action_resampled_v4/custom_mujoco_action_resampled_v4_humanoid__inr_diffusion_history_conditioned__new_policy__s0,custom_mujoco_action_resampled_v4_humanoid,inr_diffusion_history_conditioned,new_policy,0,0.6666666666666666,1.0,0.9471482634544373,1.4154118299484253,1.3081073368794378,1.3098384141921997,1.1897108177823825,,,1.0,1.082030342651367,358,117,117,0
outputs/suites/action_resampled_v4/runs/custom_mujoco_action_resampled_v4/custom_mujoco_action_resampled_v4_ant__inr_transformer_fitted_latent__generalization__s1,custom_mujoco_action_resampled_v4_ant,inr_transformer_fitted_latent,generalization,1,1.0,1.0,nan,1.093518614768982,0.8834842573014956,0.7700179219245911,1.0457144040171684,,,1.0,1.2377341256866454,180,78,78,0
outputs/suites/action_resampled_v4/runs/custom_mujoco_action_resampled_v4/custom_mujoco_action_resampled_v4_ant__inr_diffusion_history_conditioned__novel_generalization__s0,custom_mujoco_action_resampled_v4_ant,inr_diffusion_history_conditioned,novel_generalization,0,0.3333333333333333,0.5,8.682853698730469,19.226858139038086,16.926916796810623,1.2623051404953003,4.384844140792017,,,1.0,1.135874794555664,180,117,117,0
outputs/suites/action_resampled_v4/runs/custom_mujoco_action_resampled_v4/custom_mujoco_action_resampled_v4_humanoid__inr_transformer_history_conditioned__generalization__s0,custom_mujoco_action_resampled_v4_humanoid,inr_transformer_history_conditioned,generalization,0,0.5,0.5,nan,1.2690852880477905,1.3943271320340076,1.2106508016586304,1.1265368560538933,,,1.0,0.9101775751838684,180,78,78,0
outputs/suites/action_resampled_v4/runs/custom_mujoco_action_resampled_v4/custom_mujoco_action_resampled_v4_walker2d__inr_transformer_fitted_latent__specialization__s1,custom_mujoco_action_resampled_v4_walker2d,inr_transformer_fitted_latent,specialization,1,0.5263157894736842,0.5263157894736842,nan,0.7822781205177307,0.6786800131283709,0.4650101959705353,0.8844648780577614,,,1.0,1.152646468711853,358,38,38,38
outputs/suites/action_resampled_v4/runs/custom_mujoco_action_resampled_v4/custom_mujoco_action_resampled_v4_humanoid__inr_diffusion_history_conditioned__conflation__s0,custom_mujoco_action_resampled_v4_humanoid,inr_diffusion_history_conditioned,conflation,0,1.0,1.0,nan,0.9229404330253601,0.9011426557592551,0.8540162444114685,0.9606978885296668,,,1.0,1.0241890416870116,269,58,58,19
outputs/suites/action_resampled_v4/runs/custom_mujoco_action_resampled_v4/custom_mujoco_action_resampled_v4_humanoid__inr_transformer_history_conditioned__specialization__s0,custom_mujoco_action_resampled_v4_humanoid,inr_transformer_history_conditioned,specialization,0,0.5,0.5,nan,0.9689924716949463,0.738608802915537,0.5908454060554504,0.9843741522891315,,,1.0,1.3119156823883056,358,38,38,38
outputs/suites/action_resampled_v4/runs/custom_mujoco_action_resampled_v4/custom_mujoco_action_resampled_v4_halfcheetah__inr_diffusion_history_conditioned__novel_generalization__s0,custom_mujoco_action_resampled_v4_halfcheetah,inr_diffusion_history_conditioned,novel_generalization,0,0.6666666666666666,1.0,0.48670005798339844,0.9447148442268372,0.9296582659149358,0.7603971362113953,0.9719644253916072,,,1.0,1.0161958204040527,180,117,117,0
outputs/suites/action_resampled_v4/runs/custom_mujoco_action_resampled_v4/custom_mujoco_action_resampled_v4_hopper__cvae__generalization__s0,custom_mujoco_action_resampled_v4_hopper,cvae,generalization,0,0.7307692307692307,0.7307692307692307,nan,1.057918667793274,1.642579177406036,0.5085883736610413,1.0285517331633223,,,1.0,0.6440594659576416,180,78,78,0
outputs/suites/action_resampled_v4/runs/custom_mujoco_action_resampled_v4/custom_mujoco_action_resampled_v4_walker2d__inr_transformer_history_conditioned__single_shift__s0,custom_mujoco_action_resampled_v4_walker2d,inr_transformer_history_conditioned,single_shift,0,0.896551724137931,0.896551724137931,nan,0.3988683223724365,0.33683599043826884,0.11172929406166077,0.6315602286183294,,,1.0,1.184161828590393,358,58,58,19
outputs/suites/action_resampled_v4/runs/custom_mujoco_action_resampled_v4/custom_mujoco_action_resampled_v4_humanoid__cvae__new_policy__s1,custom_mujoco_action_resampled_v4_humanoid,cvae,new_policy,1,0.6666666666666666,1.0,2.58143949508667,0.75794517993927,0.7078473151202258,0.5135068297386169,0.8706004709045763,,,1.0,1.070774959159851,358,117,117,0
outputs/suites/action_resampled_v4/runs/custom_mujoco_action_resampled_v4/custom_mujoco_action_resampled_v4_ant__cvae__no_shift__s1,custom_mujoco_action_resampled_v4_ant,cvae,no_shift,1,1.0,1.0,nan,915003.8125,909910.3554971786,0.20996983349323273,956.5583163090477,,,1.0,1.0055977569351195,358,78,78,0
outputs/suites/action_resampled_v4/runs/custom_mujoco_action_resampled_v4/custom_mujoco_action_resampled_v4_halfcheetah__inr_transformer_history_conditioned__conflation__s1,custom_mujoco_action_resampled_v4_halfcheetah,inr_transformer_history_conditioned,conflation,1,1.0,1.0,nan,0.11174733191728592,0.11121380962781684,0.05995938181877136,0.3342863023177676,,,1.0,1.004797266555786,269,58,58,19
outputs/suites/action_resampled_v4/runs/custom_mujoco_action_resampled_v4/custom_mujoco_action_resampled_v4_hopper__inr_diffusion_history_conditioned__conflation__s0,custom_mujoco_action_resampled_v4_hopper,inr_diffusion_history_conditioned,conflation,0,1.0,1.0,nan,0.658106803894043,0.6267000094402739,0.4435476064682007,0.8112378220312727,,,1.0,1.050114558769226,269,58,58,19
outputs/suites/action_resampled_v4/runs/custom_mujoco_action_resampled_v4/custom_mujoco_action_resampled_v4_halfcheetah__inr_transformer_fitted_latent__no_shift__s0,custom_mujoco_action_resampled_v4_halfcheetah,inr_transformer_fitted_latent,no_shift,0,0.5,0.5,nan,0.13615041971206665,0.1353545611359153,0.07829771935939789,0.3689856632879747,,,1.0,1.0058798061141967,358,78,78,0
outputs/suites/action_resampled_v4/runs/custom_mujoco_action_resampled_v4/custom_mujoco_action_resampled_v4_halfcheetah__inr_transformer_history_conditioned__no_shift__s1,custom_mujoco_action_resampled_v4_halfcheetah,inr_transformer_history_conditioned,no_shift,1,1.0,1.0,nan,0.11412366479635239,0.11323940864448684,0.07017061859369278,0.3378219424435784,,,1.0,1.0078087316284179,358,78,78,0
outputs/suites/action_resampled_v4/runs/custom_mujoco_action_resampled_v4/custom_mujoco_action_resampled_v4_hopper__inr_transformer_history_conditioned__novel_generalization__s1,custom_mujoco_action_resampled_v4_hopper,inr_transformer_history_conditioned,novel_generalization,1,0.5555555555555556,0.8333333333333334,0.7807489633560181,0.9824659824371338,1.3991556629456816,0.7169391512870789,0.9911942203408642,,,1.0,0.7021849022636414,180,117,117,0
outputs/suites/action_resampled_v4/runs/custom_mujoco_action_resampled_v4/custom_mujoco_action_resampled_v4_walker2d__inr_diffusion_history_conditioned__conflation__s0,custom_mujoco_action_resampled_v4_walker2d,inr_diffusion_history_conditioned,conflation,0,1.0,1.0,nan,0.48847198486328125,0.5024675250778039,0.3407239019870758,0.6989077084016754,,,1.0,0.9721463785896302,269,58,58,19
outputs/suites/action_resampled_v4/runs/custom_mujoco_action_resampled_v4/custom_mujoco_action_resampled_v4_ant__cvae__single_shift__s0,custom_mujoco_action_resampled_v4_ant,cvae,single_shift,0,0.9655172413793104,0.9655172413793104,nan,0.3430423438549042,0.35581885288476045,0.26294973492622375,0.5856981678773668,,,1.0,0.9640926585922241,358,58,58,19
outputs/suites/action_resampled_v4/runs/custom_mujoco_action_resampled_v4/custom_mujoco_action_resampled_v4_humanoid__inr_transformer_fitted_latent__generalization__s0,custom_mujoco_action_resampled_v4_humanoid,inr_transformer_fitted_latent,generalization,0,0.5128205128205128,0.5128205128205128,nan,1.1845781803131104,1.3014802963848118,1.0928492546081543,1.0883832874098676,,,1.0,0.9101775751838684,180,78,78,0
outputs/suites/action_resampled_v4/runs/custom_mujoco_action_resampled_v4/custom_mujoco_action_resampled_v4_halfcheetah__cvae__generalization__s1,custom_mujoco_action_resampled_v4_halfcheetah,cvae,generalization,1,1.0,1.0,nan,0.3906353712081909,0.40276528051778326,0.22066785395145416,0.6250082969114817,,,1.0,0.9698834286460877,180,78,78,0
outputs/suites/action_resampled_v4/runs/custom_mujoco_action_resampled_v4/custom_mujoco_action_resampled_v4_hopper__inr_transformer_history_conditioned__generalization__s1,custom_mujoco_action_resampled_v4_hopper,inr_transformer_history_conditioned,generalization,1,0.8333333333333334,0.8333333333333334,nan,0.8556301593780518,1.3330704940405285,0.5261696577072144,0.9250027888487968,,,1.0,0.6418491469154358,180,78,78,0
outputs/suites/action_resampled_v4/runs/custom_mujoco_action_resampled_v4/custom_mujoco_action_resampled_v4_humanoid__inr_transformer_fitted_latent__specialization__s1,custom_mujoco_action_resampled_v4_humanoid,inr_transformer_fitted_latent,specialization,1,1.0,1.0,nan,1.0009534358978271,0.763625396847759,0.7589707374572754,1.0004766043730493,,,1.0,1.310791181159973,358,38,38,38
outputs/suites/action_resampled_v4/runs/custom_mujoco_action_resampled_v4/custom_mujoco_action_resampled_v4_halfcheetah__inr_transformer_history_conditioned__single_shift__s0,custom_mujoco_action_resampled_v4_halfcheetah,inr_transformer_history_conditioned,single_shift,0,0.6724137931034483,0.6724137931034483,nan,0.3007403016090393,0.29326686016752024,0.12410346418619156,0.5483979409234131,,,1.0,1.025483416152954,358,58,58,19
outputs/suites/action_resampled_v4/runs/custom_mujoco_action_resampled_v4/custom_mujoco_action_resampled_v4_humanoid__inr_diffusion_history_conditioned__novel_generalization__s1,custom_mujoco_action_resampled_v4_humanoid,inr_diffusion_history_conditioned,novel_generalization,1,0.3333333333333333,0.5,8.553638458251953,100.06303405761719,105.37759168516298,100.07954406738281,10.003151206375778,,,1.0,0.9495665298233033,180,117,117,0
outputs/suites/action_resampled_v4/runs/custom_mujoco_action_resampled_v4/custom_mujoco_action_resampled_v4_halfcheetah__inr_diffusion_history_conditioned__conflation__s1,custom_mujoco_action_resampled_v4_halfcheetah,inr_diffusion_history_conditioned,conflation,1,1.0,1.0,nan,0.8672986626625061,0.863157864307699,0.6397249102592468,0.9312887106920743,,,1.0,1.004797266555786,269,58,58,19
outputs/suites/action_resampled_v4/runs/custom_mujoco_action_resampled_v4/custom_mujoco_action_resampled_v4_halfcheetah__inr_transformer_fitted_latent__conflation__s1,custom_mujoco_action_resampled_v4_halfcheetah,inr_transformer_fitted_latent,conflation,1,0.6724137931034483,0.6724137931034483,nan,0.21152260899543762,0.2105127233481521,0.12720151245594025,0.459915871649846,,,1.0,1.004797266555786,269,58,58,19
outputs/suites/action_resampled_v4/runs/custom_mujoco_action_resampled_v4/custom_mujoco_action_resampled_v4_walker2d__cvae__no_shift__s0,custom_mujoco_action_resampled_v4_walker2d,cvae,no_shift,0,1.0,1.0,nan,0.26425039768218994,0.26948135950935537,0.18812020123004913,0.5140529133097,,,1.0,0.9805887804756165,358,78,78,0
outputs/suites/action_resampled_v4/runs/custom_mujoco_action_resampled_v4/custom_mujoco_action_resampled_v4_walker2d__inr_transformer_history_conditioned__conflation__s0,custom_mujoco_action_resampled_v4_walker2d,inr_transformer_history_conditioned,conflation,0,1.0,1.0,nan,0.07067480683326721,0.07269975837980362,0.03775255009531975,0.26584733745754763,,,1.0,0.9721463785896302,269,58,58,19
outputs/suites/action_resampled_v4/runs/custom_mujoco_action_resampled_v4/custom_mujoco_action_resampled_v4_walker2d__inr_transformer_history_conditioned__single_shift__s1,custom_mujoco_action_resampled_v4_walker2d,inr_transformer_history_conditioned,single_shift,1,0.896551724137931,0.896551724137931,nan,0.38710469007492065,0.32850789889626686,0.11846313625574112,0.6221773783053517,,,1.0,1.1783725486526488,358,58,58,19
outputs/suites/action_resampled_v4/runs/custom_mujoco_action_resampled_v4/custom_mujoco_action_resampled_v4_humanoid__inr_transformer_fitted_latent__generalization__s1,custom_mujoco_action_resampled_v4_humanoid,inr_transformer_fitted_latent,generalization,1,0.6025641025641025,0.6025641025641025,nan,1.0867234468460083,1.204467970216041,0.993694543838501,1.0424602855006075,,,1.0,0.9022435413131714,180,78,78,0
outputs/suites/action_resampled_v4/runs/custom_mujoco_action_resampled_v4/custom_mujoco_action_resampled_v4_hopper__cvae__new_policy__s0,custom_mujoco_action_resampled_v4_hopper,cvae,new_policy,0,0.6666666666666666,1.0,1.5323694944381714,1.4762117862701416,1.366595508468391,0.4272288978099823,1.2149945622389187,,,1.0,1.0802112088928222,358,117,117,0
outputs/suites/action_resampled_v4/runs/custom_mujoco_action_resampled_v4/custom_mujoco_action_resampled_v4_ant__inr_diffusion_history_conditioned__conflation__s1,custom_mujoco_action_resampled_v4_ant,inr_diffusion_history_conditioned,conflation,1,1.0,1.0,nan,0.9383456110954285,0.9627183172258779,0.6918717622756958,0.9686824098203851,,,1.0,0.9746834502944947,269,58,58,19
outputs/suites/action_resampled_v4/runs/custom_mujoco_action_resampled_v4/custom_mujoco_action_resampled_v4_halfcheetah__inr_diffusion_history_conditioned__conflation__s0,custom_mujoco_action_resampled_v4_halfcheetah,inr_diffusion_history_conditioned,conflation,0,1.0,1.0,nan,0.8957374095916748,0.8928550646161526,0.6891908645629883,0.9464340492562991,,,1.0,1.0032282338867187,269,58,58,19
outputs/suites/action_resampled_v4/runs/custom_mujoco_action_resampled_v4/custom_mujoco_action_resampled_v4_walker2d__cvae__specialization__s0,custom_mujoco_action_resampled_v4_walker2d,cvae,specialization,0,0.5526315789473685,0.5526315789473685,nan,0.7322558760643005,0.6317283945982064,0.4974958598613739,0.8557195078203491,,,1.0,1.1591308580169677,358,38,38,38
outputs/suites/action_resampled_v4/runs/custom_mujoco_action_resampled_v4/custom_mujoco_action_resampled_v4_halfcheetah__inr_transformer_history_conditioned__novel_generalization__s0,custom_mujoco_action_resampled_v4_halfcheetah,inr_transformer_history_conditioned,novel_generalization,0,0.6666666666666666,1.0,0.40947437286376953,0.4822946786880493,0.474608012554394,0.3262663185596466,0.6944743902319576,,,1.0,1.0161958204040527,180,117,117,0
outputs/suites/action_resampled_v4/runs/custom_mujoco_action_resampled_v4/custom_mujoco_action_resampled_v4_halfcheetah__cvae__novel_generalization__s1,custom_mujoco_action_resampled_v4_halfcheetah,cvae,novel_generalization,1,0.6666666666666666,1.0,0.3999902009963989,0.4802001118659973,0.47317273193430753,0.3038731813430786,0.6929647262783275,,,1.0,1.014851616455078,180,117,117,0
outputs/suites/action_resampled_v4/runs/custom_mujoco_action_resampled_v4/custom_mujoco_action_resampled_v4_halfcheetah__inr_transformer_fitted_latent__new_policy__s0,custom_mujoco_action_resampled_v4_halfcheetah,inr_transformer_fitted_latent,new_policy,0,0.3333333333333333,0.5,0.12353458255529404,0.27239277958869934,0.2584971492915684,0.13013486564159393,0.5219126168131015,,,1.0,1.053755448890686,358,117,117,0
outputs/suites/action_resampled_v4/runs/custom_mujoco_action_resampled_v4/custom_mujoco_action_resampled_v4_humanoid__inr_transformer_fitted_latent__conflation__s1,custom_mujoco_action_resampled_v4_humanoid,inr_transformer_fitted_latent,conflation,1,0.6724137931034483,0.6724137931034483,nan,0.2964015305042267,0.29110021944664954,0.23636801540851593,0.5444277091627746,,,1.0,1.0182112918624877,269,58,58,19
outputs/suites/action_resampled_v4/runs/custom_mujoco_action_resampled_v4/custom_mujoco_action_resampled_v4_halfcheetah__cvae__conflation__s1,custom_mujoco_action_resampled_v4_halfcheetah,cvae,conflation,1,1.0,1.0,nan,0.14442172646522522,0.1437322047663104,0.08534728735685349,0.38002858637900544,,,1.0,1.004797266555786,269,58,58,19
outputs/suites/action_resampled_v4/runs/custom_mujoco_action_resampled_v4/custom_mujoco_action_resampled_v4_hopper__cvae__specialization__s1,custom_mujoco_action_resampled_v4_hopper,cvae,specialization,1,0.47368421052631576,0.47368421052631576,nan,1.7875795364379883,1.0533859219943866,0.8533740639686584,1.3370039403225362,,,1.0,1.6969844566116332,358,38,38,38
outputs/suites/action_resampled_v4/runs/custom_mujoco_action_resampled_v4/custom_mujoco_action_resampled_v4_humanoid__inr_diffusion_history_conditioned__single_shift__s0,custom_mujoco_action_resampled_v4_humanoid,inr_diffusion_history_conditioned,single_shift,0,0.6724137931034483,0.6724137931034483,nan,1.6855064630508423,1.304299605809332,1.4209152460098267,1.2982705661959846,,,1.0,1.292269395423889,358,58,58,19
outputs/suites/action_resampled_v4/runs/custom_mujoco_action_resampled_v4/custom_mujoco_action_resampled_v4_humanoid__inr_transformer_history_conditioned__generalization__s1,custom_mujoco_action_resampled_v4_humanoid,inr_transformer_history_conditioned,generalization,1,0.6794871794871795,0.6794871794871795,nan,1.1879562139511108,1.3166691248596787,1.0858687162399292,1.0899340411011627,,,1.0,0.9022435413131714,180,78,78,0
outputs/suites/action_resampled_v4/runs/custom_mujoco_action_resampled_v4/custom_mujoco_action_resampled_v4_halfcheetah__inr_transformer_fitted_latent__new_policy__s1,custom_mujoco_action_resampled_v4_halfcheetah,inr_transformer_fitted_latent,new_policy,1,0.3333333333333333,0.5,0.11750391125679016,0.26479247212409973,0.2512831081286754,0.1265033483505249,0.5145798986786209,,,1.0,1.053761528564453,358,117,117,0
outputs/suites/action_resampled_v4/runs/custom_mujoco_action_resampled_v4/custom_mujoco_action_resampled_v4_hopper__inr_transformer_history_conditioned__novel_generalization__s0,custom_mujoco_action_resampled_v4_hopper,inr_transformer_history_conditioned,novel_generalization,0,0.49572649572649574,0.7435897435897436,0.5976710319519043,0.9496369957923889,1.3549582124870272,0.6991837024688721,0.9744931994592825,,,1.0,0.7008607254753113,180,117,117,0
outputs/suites/action_resampled_v4/runs/custom_mujoco_action_resampled_v4/custom_mujoco_action_resampled_v4_humanoid__cvae__specialization__s1,custom_mujoco_action_resampled_v4_humanoid,cvae,specialization,1,0.5,0.5,nan,0.9976420998573303,0.7610991851306749,0.5996459722518921,0.9988203541464953,,,1.0,1.310791181159973,358,38,38,38
outputs/suites/action_resampled_v4/runs/custom_mujoco_action_resampled_v4/custom_mujoco_action_resampled_v4_walker2d__inr_diffusion_history_conditioned__new_policy__s0,custom_mujoco_action_resampled_v4_walker2d,inr_diffusion_history_conditioned,new_policy,0,0.6666666666666666,1.0,4.39752721786499,0.8768874406814575,0.8553514014257518,0.6909060478210449,0.9364226827034133,,,1.0,1.025178001953125,358,117,117,0
outputs/suites/action_resampled_v4/runs/custom_mujoco_action_resampled_v4/custom_mujoco_action_resampled_v4_halfcheetah__inr_diffusion_history_conditioned__novel_generalization__s1,custom_mujoco_action_resampled_v4_halfcheetah,inr_diffusion_history_conditioned,novel_generalization,1,0.6666666666666666,1.0,0.3211817741394043,0.9362654685974121,0.9225639033495647,0.7496448159217834,0.967608117265152,,,1.0,1.014851616455078,180,117,117,0
outputs/suites/action_resampled_v4/runs/custom_mujoco_action_resampled_v4/custom_mujoco_action_resampled_v4_hopper__cvae__conflation__s1,custom_mujoco_action_resampled_v4_hopper,cvae,conflation,1,1.0,1.0,nan,0.18941627442836761,0.1808361192605666,0.10610872507095337,0.43521980013364236,,,1.0,1.0474471317062377,269,58,58,19
outputs/suites/action_resampled_v4/runs/custom_mujoco_action_resampled_v4/custom_mujoco_action_resampled_v4_walker2d__inr_diffusion_history_conditioned__new_policy__s1,custom_mujoco_action_resampled_v4_walker2d,inr_diffusion_history_conditioned,new_policy,1,0.6666666666666666,1.0,4.149532794952393,0.8677788972854614,0.8528730632820121,0.6888822913169861,0.9315465083856315,,,1.0,1.017477201057434,358,117,117,0
outputs/suites/action_resampled_v4/runs/custom_mujoco_action_resampled_v4/custom_mujoco_action_resampled_v4_hopper__cvae__new_policy__s1,custom_mujoco_action_resampled_v4_hopper,cvae,new_policy,1,0.6666666666666666,1.0,1.2941536903381348,1.229605793952942,1.1351015816851597,0.41164684295654297,1.1088759145878053,,,1.0,1.0832561717758178,358,117,117,0
outputs/suites/action_resampled_v4/runs/custom_mujoco_action_resampled_v4/custom_mujoco_action_resampled_v4_humanoid__inr_transformer_history_conditioned__no_shift__s0,custom_mujoco_action_resampled_v4_humanoid,inr_transformer_history_conditioned,no_shift,0,1.0,1.0,nan,0.39192885160446167,0.3882833174834629,0.3359796404838562,0.6260422123183561,,,1.0,1.0093888507614135,358,78,78,0
outputs/suites/action_resampled_v4/runs/custom_mujoco_action_resampled_v4/custom_mujoco_action_resampled_v4_humanoid__cvae__conflation__s1,custom_mujoco_action_resampled_v4_humanoid,cvae,conflation,1,1.0,1.0,nan,0.3048720359802246,0.29941922508299823,0.2501547932624817,0.5521521855251725,,,1.0,1.0182112918624877,269,58,58,19
outputs/suites/action_resampled_v4/runs/custom_mujoco_action_resampled_v4/custom_mujoco_action_resampled_v4_humanoid__cvae__novel_generalization__s1,custom_mujoco_action_resampled_v4_humanoid,cvae,novel_generalization,1,0.3504273504273504,0.5256410256410257,23640448.0,35786774806528.0,37687485481598.914,6775391649792.0,5982204.844915292,,,1.0,0.9495665298233033,180,117,117,0
outputs/suites/action_resampled_v4/runs/custom_mujoco_action_resampled_v4/custom_mujoco_action_resampled_v4_humanoid__inr_transformer_history_conditioned__novel_generalization__s1,custom_mujoco_action_resampled_v4_humanoid,inr_transformer_history_conditioned,novel_generalization,1,0.452991452991453,0.6794871794871795,10.665900230407715,1.223905086517334,1.2889092528830814,1.1070443391799927,1.1063024389909542,,,1.0,0.9495665298233033,180,117,117,0
outputs/suites/action_resampled_v4/runs/custom_mujoco_action_resampled_v4/custom_mujoco_action_resampled_v4_humanoid__inr_transformer_fitted_latent__novel_generalization__s0,custom_mujoco_action_resampled_v4_humanoid,inr_transformer_fitted_latent,novel_generalization,0,0.3418803418803419,0.5128205128205128,0.12019424885511398,1.2312387228012085,1.285815810189479,1.1303008794784546,1.1096119694745585,,,1.0,0.957554505897522,180,117,117,0
outputs/suites/action_resampled_v4/runs/custom_mujoco_action_resampled_v4/custom_mujoco_action_resampled_v4_hopper__inr_diffusion_history_conditioned__new_policy__s0,custom_mujoco_action_resampled_v4_hopper,inr_diffusion_history_conditioned,new_policy,0,0.6666666666666666,1.0,5.174731731414795,1.1903787851333618,1.1019870700596206,0.823091447353363,1.091044813531214,,,1.0,1.0802112088928222,358,117,117,0
outputs/suites/action_resampled_v4/runs/custom_mujoco_action_resampled_v4/custom_mujoco_action_resampled_v4_walker2d__inr_transformer_fitted_latent__new_policy__s0,custom_mujoco_action_resampled_v4_walker2d,inr_transformer_fitted_latent,new_policy,0,0.3333333333333333,0.5,0.05458134785294533,0.36602893471717834,0.35703939610471136,0.18335002660751343,0.6050032518236397,,,1.0,1.025178001953125,358,117,117,0
outputs/suites/action_resampled_v4/runs/custom_mujoco_action_resampled_v4/custom_mujoco_action_resampled_v4_halfcheetah__inr_diffusion_history_conditioned__single_shift__s1,custom_mujoco_action_resampled_v4_halfcheetah,inr_diffusion_history_conditioned,single_shift,1,0.8275862068965517,0.8275862068965517,nan,1.045007586479187,1.0170920355047457,0.9018809199333191,1.0222561256745724,,,1.0,1.0274464355239867,358,58,58,19
outputs/suites/action_resampled_v4/runs/custom_mujoco_action_resampled_v4/custom_mujoco_action_resampled_v4_hopper__inr_transformer_history_conditioned__single_shift__s0,custom_mujoco_action_resampled_v4_hopper,inr_transformer_history_conditioned,single_shift,0,0.7758620689655172,0.7758620689655172,nan,0.6401951909065247,0.5064652011229006,0.2627648413181305,0.8001219850163628,,,1.0,1.2640457616577148,358,58,58,19
outputs/suites/action_resampled_v4/runs/custom_mujoco_action_resampled_v4/custom_mujoco_action_resampled_v4_walker2d__cvae__single_shift__s1,custom_mujoco_action_resampled_v4_walker2d,cvae,single_shift,1,0.9310344827586207,0.9310344827586207,nan,0.4472849369049072,0.3795785445072807,0.1787870079278946,0.6687936429908011,,,1.0,1.1783725486526488,358,58,58,19
outputs/suites/action_resampled_v4/runs/custom_mujoco_action_resampled_v4/custom_mujoco_action_resampled_v4_walker2d__inr_diffusion_history_conditioned__conflation__s1,custom_mujoco_action_resampled_v4_walker2d,inr_diffusion_history_conditioned,conflation,1,1.0,1.0,nan,0.5621888041496277,0.5786731797257897,0.41302332282066345,0.7497925073976318,,,1.0,0.9715134964714051,269,58,58,19
outputs/suites/action_resampled_v4/runs/custom_mujoco_action_resampled_v4/custom_mujoco_action_resampled_v4_walker2d__cvae__no_shift__s1,custom_mujoco_action_resampled_v4_walker2d,cvae,no_shift,1,1.0,1.0,nan,0.2290286123752594,0.23585160769156657,0.15621300041675568,0.4785693391508271,,,1.0,0.9710708127746582,358,78,78,0
outputs/suites/action_resampled_v4/runs/custom_mujoco_action_resampled_v4/custom_mujoco_action_resampled_v4_ant__inr_transformer_history_conditioned__specialization__s1,custom_mujoco_action_resampled_v4_ant,inr_transformer_history_conditioned,specialization,1,0.9736842105263158,0.9736842105263158,nan,0.27584758400917053,0.32087667665333636,0.1468726098537445,0.5252119419902508,,,1.0,0.8596685395965576,358,38,38,38
outputs/suites/action_resampled_v4/runs/custom_mujoco_action_resampled_v4/custom_mujoco_action_resampled_v4_ant__inr_transformer_history_conditioned__novel_generalization__s1,custom_mujoco_action_resampled_v4_ant,inr_transformer_history_conditioned,novel_generalization,1,0.29914529914529914,0.44871794871794873,8.590373992919922,1.1575137376785278,1.0083745141008968,0.8589666485786438,1.0758781239892035,,,1.0,1.1479006276855468,180,117,117,0
outputs/suites/action_resampled_v4/runs/custom_mujoco_action_resampled_v4/custom_mujoco_action_resampled_v4_humanoid__inr_transformer_history_conditioned__conflation__s1,custom_mujoco_action_resampled_v4_humanoid,inr_transformer_history_conditioned,conflation,1,1.0,1.0,nan,0.28474676609039307,0.2796539071664989,0.22941991686820984,0.5336166846064627,,,1.0,1.0182112918624877,269,58,58,19
outputs/suites/action_resampled_v4/runs/custom_mujoco_action_resampled_v4/custom_mujoco_action_resampled_v4_humanoid__inr_diffusion_history_conditioned__new_policy__s1,custom_mujoco_action_resampled_v4_humanoid,inr_diffusion_history_conditioned,new_policy,1,0.6666666666666666,1.0,0.961561918258667,1.3782061338424683,1.2871109116371504,1.2914888858795166,1.1739702440191866,,,1.0,1.070774959159851,358,117,117,0
outputs/suites/action_resampled_v4/runs/custom_mujoco_action_resampled_v4/custom_mujoco_action_resampled_v4_walker2d__inr_diffusion_history_conditioned__specialization__s0,custom_mujoco_action_resampled_v4_walker2d,inr_diffusion_history_conditioned,specialization,0,0.5789473684210527,0.5789473684210527,nan,1.6091984510421753,1.3882802273033952,1.4513654708862305,1.2685418601852188,,,1.0,1.1591308580169677,358,38,38,38
outputs/suites/action_resampled_v4/runs/custom_mujoco_action_resampled_v4/custom_mujoco_action_resampled_v4_walker2d__inr_transformer_fitted_latent__new_policy__s1,custom_mujoco_action_resampled_v4_walker2d,inr_transformer_fitted_latent,new_policy,1,0.3333333333333333,0.5,0.04738499969244003,0.35517722368240356,0.3490763461955495,0.18042005598545074,0.5959674686443913,,,1.0,1.017477201057434,358,117,117,0
outputs/suites/action_resampled_v4/runs/custom_mujoco_action_resampled_v4/custom_mujoco_action_resampled_v4_ant__inr_diffusion_history_conditioned__generalization__s1,custom_mujoco_action_resampled_v4_ant,inr_diffusion_history_conditioned,generalization,1,0.5128205128205128,0.5128205128205128,nan,20.728792190551758,16.747370667389696,1.4068292379379272,4.552888334953072,,,1.0,1.2377341256866454,180,78,78,0
outputs/suites/action_resampled_v4/runs/custom_mujoco_action_resampled_v4/custom_mujoco_action_resampled_v4_humanoid__inr_transformer_fitted_latent__single_shift__s0,custom_mujoco_action_resampled_v4_humanoid,inr_transformer_fitted_latent,single_shift,0,0.3448275862068966,0.3448275862068966,nan,0.7052521109580994,0.5457469730812307,0.3766913414001465,0.8397928976587616,,,1.0,1.292269395423889,358,58,58,19
outputs/suites/action_resampled_v4/runs/custom_mujoco_action_resampled_v4/custom_mujoco_action_resampled_v4_humanoid__cvae__generalization__s0,custom_mujoco_action_resampled_v4_humanoid,cvae,generalization,0,0.5,0.5,nan,21928794390528.0,24092874828407.062,7814012993536.0,4682819.06446619,,,1.0,0.9101775751838684,180,78,78,0
outputs/suites/action_resampled_v4/runs/custom_mujoco_action_resampled_v4/custom_mujoco_action_resampled_v4_walker2d__inr_transformer_fitted_latent__single_shift__s1,custom_mujoco_action_resampled_v4_walker2d,inr_transformer_fitted_latent,single_shift,1,0.3275862068965517,0.3275862068965517,nan,0.4204760491847992,0.35682777035630325,0.10395034402608871,0.6484412457461348,,,1.0,1.1783725486526488,358,58,58,19
outputs/suites/action_resampled_v4/runs/custom_mujoco_action_resampled_v4/custom_mujoco_action_resampled_v4_ant__inr_transformer_history_conditioned__no_shift__s0,custom_mujoco_action_resampled_v4_ant,inr_transformer_history_conditioned,no_shift,0,1.0,1.0,nan,0.19620546698570251,0.19916224961611909,0.14346331357955933,0.4429508629472377,,,1.0,0.9851539002189637,358,78,78,0
outputs/suites/action_resampled_v4/runs/custom_mujoco_action_resampled_v4/custom_mujoco_action_resampled_v4_humanoid__inr_diffusion_history_conditioned__novel_generalization__s0,custom_mujoco_action_resampled_v4_humanoid,inr_diffusion_history_conditioned,novel_generalization,0,0.3333333333333333,0.5,10.74130630493164,101.67137145996094,106.1781557433785,101.78509521484375,10.083222275639912,,,1.0,0.957554505897522,180,117,117,0
outputs/suites/action_resampled_v4/runs/custom_mujoco_action_resampled_v4/custom_mujoco_action_resampled_v4_humanoid__inr_transformer_history_conditioned__single_shift__s1,custom_mujoco_action_resampled_v4_humanoid,inr_transformer_history_conditioned,single_shift,1,0.6724137931034483,0.6724137931034483,nan,0.7875627279281616,0.6122386631445813,0.4522748589515686,0.8874473099447435,,,1.0,1.2863655553588866,358,58,58,19
outputs/suites/action_resampled_v4/runs/custom_mujoco_action_resampled_v4/custom_mujoco_action_resampled_v4_ant__inr_transformer_history_conditioned__conflation__s0,custom_mujoco_action_resampled_v4_ant,inr_transformer_history_conditioned,conflation,0,1.0,1.0,nan,0.2174444943666458,0.22444048349929183,0.16335521638393402,0.46630944057207957,,,1.0,0.9688292012939453,269,58,58,19
outputs/suites/action_resampled_v4/runs/custom_mujoco_action_resampled_v4/custom_mujoco_action_resampled_v4_ant__inr_transformer_history_conditioned__single_shift__s0,custom_mujoco_action_resampled_v4_ant,inr_transformer_history_conditioned,single_shift,0,0.9655172413793104,0.9655172413793104,nan,0.2185646891593933,0.22670506533940754,0.1554730385541916,0.46750902575179587,,,1.0,0.9640926585922241,358,58,58,19
outputs/suites/action_resampled_v4/runs/custom_mujoco_action_resampled_v4/custom_mujoco_action_resampled_v4_ant__cvae__novel_generalization__s0,custom_mujoco_action_resampled_v4_ant,cvae,novel_generalization,0,0.36752136752136755,0.5512820512820513,34061.90234375,14674187264.0,12918842230.089546,1990535.25,121137.05982893922,,,1.0,1.135874794555664,180,117,117,0
outputs/suites/action_resampled_v4/runs/custom_mujoco_action_resampled_v4/custom_mujoco_action_resampled_v4_walker2d__inr_transformer_fitted_latent__specialization__s0,custom_mujoco_action_resampled_v4_walker2d,inr_transformer_fitted_latent,specialization,0,0.5,0.5,nan,0.7206555008888245,0.6217205727071372,0.43943580985069275,0.8489143071528624,,,1.0,1.1591308580169677,358,38,38,38
outputs/suites/action_resampled_v4/runs/custom_mujoco_action_resampled_v4/custom_mujoco_action_resampled_v4_walker2d__inr_diffusion_history_conditioned__single_shift__s1,custom_mujoco_action_resampled_v4_walker2d,inr_diffusion_history_conditioned,single_shift,1,0.896551724137931,0.896551724137931,nan,1.0568960905075073,0.89691167001129,0.7324349880218506,1.0280545172837419,,,1.0,1.1783725486526488,358,58,58,19
outputs/suites/action_resampled_v4/runs/custom_mujoco_action_resampled_v4/custom_mujoco_action_resampled_v4_hopper__inr_diffusion_history_conditioned__specialization__s0,custom_mujoco_action_resampled_v4_hopper,inr_diffusion_history_conditioned,specialization,0,0.42105263157894735,0.42105263157894735,nan,2.168853521347046,1.2794025993448102,1.8790353536605835,1.472702794642234,,,1.0,1.6952079997787475,358,38,38,38
outputs/suites/action_resampled_v4/runs/custom_mujoco_action_resampled_v4/custom_mujoco_action_resampled_v4_walker2d__inr_transformer_fitted_latent__single_shift__s0,custom_mujoco_action_resampled_v4_walker2d,inr_transformer_fitted_latent,single_shift,0,0.3275862068965517,0.3275862068965517,nan,0.3990877568721771,0.33702129830282124,0.10587116330862045,0.6317339288594346,,,1.0,1.184161828590393,358,58,58,19
outputs/suites/action_resampled_v4/runs/custom_mujoco_action_resampled_v4/custom_mujoco_action_resampled_v4_ant__inr_diffusion_history_conditioned__new_policy__s0,custom_mujoco_action_resampled_v4_ant,inr_diffusion_history_conditioned,new_policy,0,0.6666666666666666,1.0,3.095675230026245,1.0727609395980835,1.1581280514862475,0.8534210324287415,1.035741734023537,,,1.0,0.9262887106666565,358,117,117,0
outputs/suites/action_resampled_v4/runs/custom_mujoco_action_resampled_v4/custom_mujoco_action_resampled_v4_humanoid__inr_transformer_history_conditioned__no_shift__s1,custom_mujoco_action_resampled_v4_humanoid,inr_transformer_history_conditioned,no_shift,1,1.0,1.0,nan,0.37468644976615906,0.3760656657334562,0.3295328915119171,0.6121163694643029,,,1.0,0.9963325129280091,358,78,78,0
outputs/suites/action_resampled_v4/runs/custom_mujoco_action_resampled_v4/custom_mujoco_action_resampled_v4_hopper__inr_transformer_history_conditioned__new_policy__s1,custom_mujoco_action_resampled_v4_hopper,inr_transformer_history_conditioned,new_policy,1,0.6666666666666666,1.0,4.668319225311279,0.7856061458587646,0.725226558895016,0.2493225336074829,0.8863442592236747,,,1.0,1.0832561717758178,358,117,117,0
outputs/suites/action_resampled_v4/runs/custom_mujoco_action_resampled_v4/custom_mujoco_action_resampled_v4_ant__inr_transformer_fitted_latent__no_shift__s1,custom_mujoco_action_resampled_v4_ant,inr_transformer_fitted_latent,no_shift,1,1.0,1.0,nan,0.31632065773010254,0.3145598282698947,0.23620803654193878,0.5624239128363077,,,1.0,1.0055977569351195,358,78,78,0
outputs/suites/action_resampled_v4/runs/custom_mujoco_action_resampled_v4/custom_mujoco_action_resampled_v4_ant__cvae__new_policy__s1,custom_mujoco_action_resampled_v4_ant,cvae,new_policy,1,0.6666666666666666,1.0,1.5118569135665894,610983.0,651015.9171069087,0.30016055703163147,781.654015533727,,,1.0,0.9385070071945191,358,117,117,0
outputs/suites/action_resampled_v4/runs/custom_mujoco_action_resampled_v4/custom_mujoco_action_resampled_v4_walker2d__cvae__specialization__s1,custom_mujoco_action_resampled_v4_walker2d,cvae,specialization,1,0.8947368421052632,0.8947368421052632,nan,0.720046877861023,0.6246901347519987,0.5033949613571167,0.8485557600187644,,,1.0,1.152646468711853,358,38,38,38
outputs/suites/action_resampled_v4/runs/custom_mujoco_action_resampled_v4/custom_mujoco_action_resampled_v4_humanoid__inr_diffusion_history_conditioned__specialization__s1,custom_mujoco_action_resampled_v4_humanoid,inr_diffusion_history_conditioned,specialization,1,0.5,0.5,nan,1.8589705228805542,1.4182049357667135,1.5478509664535522,1.3634406928357956,,,1.0,1.310791181159973,358,38,38,38
outputs/suites/action_resampled_v4/runs/custom_mujoco_action_resampled_v4/custom_mujoco_action_resampled_v4_halfcheetah__cvae__single_shift__s1,custom_mujoco_action_resampled_v4_halfcheetah,cvae,single_shift,1,0.7586206896551724,0.7586206896551724,nan,0.28689083456993103,0.2792270474164619,0.14392311871051788,0.5356219138253503,,,1.0,1.0274464355239867,358,58,58,19
outputs/suites/action_resampled_v4/runs/custom_mujoco_action_resampled_v4/custom_mujoco_action_resampled_v4_hopper__inr_transformer_history_conditioned__specialization__s1,custom_mujoco_action_resampled_v4_hopper,inr_transformer_history_conditioned,specialization,1,0.39473684210526316,0.39473684210526316,nan,1.1434720754623413,0.6738258980553721,0.6065858006477356,1.0693325373626024,,,1.0,1.6969844566116332,358,38,38,38
outputs/suites/action_resampled_v4/runs/custom_mujoco_action_resampled_v4/custom_mujoco_action_resampled_v4_halfcheetah__inr_transformer_history_conditioned__specialization__s1,custom_mujoco_action_resampled_v4_halfcheetah,inr_transformer_history_conditioned,specialization,1,0.9210526315789473,0.9210526315789473,nan,0.27445653080940247,0.26683830885454285,0.13942201435565948,0.523885990277849,,,1.0,1.0285499559173583,358,38,38,38
outputs/suites/action_resampled_v4/runs/custom_mujoco_action_resampled_v4/custom_mujoco_action_resampled_v4_halfcheetah__inr_transformer_history_conditioned__specialization__s0,custom_mujoco_action_resampled_v4_halfcheetah,inr_transformer_history_conditioned,specialization,0,0.5,0.5,nan,0.3645753264427185,0.3547634782595064,0.18406178057193756,0.6038007340528152,,,1.0,1.0276574359664916,358,38,38,38
outputs/suites/action_resampled_v4/runs/custom_mujoco_action_resampled_v4/custom_mujoco_action_resampled_v4_halfcheetah__inr_diffusion_history_conditioned__generalization__s0,custom_mujoco_action_resampled_v4_halfcheetah,inr_diffusion_history_conditioned,generalization,0,1.0,1.0,nan,0.8695141077041626,0.8971726933715318,0.6761227250099182,0.9324774033209398,,,1.0,0.9691713915596009,180,78,78,0
outputs/suites/action_resampled_v4/runs/custom_mujoco_action_resampled_v4/custom_mujoco_action_resampled_v4_humanoid__cvae__generalization__s1,custom_mujoco_action_resampled_v4_humanoid,cvae,generalization,1,0.5256410256410257,0.5256410256410257,nan,28408257970176.0,31486241429702.19,8853648310272.0,5329939.771721253,,,1.0,0.9022435413131714,180,78,78,0
outputs/suites/action_resampled_v4/runs/custom_mujoco_action_resampled_v4/custom_mujoco_action_resampled_v4_halfcheetah__inr_diffusion_history_conditioned__specialization__s0,custom_mujoco_action_resampled_v4_halfcheetah,inr_diffusion_history_conditioned,specialization,0,1.0,1.0,nan,1.1431604623794556,1.1123944831911188,0.9988350868225098,1.0691868229544617,,,1.0,1.0276574359664916,358,38,38,38
outputs/suites/action_resampled_v4/runs/custom_mujoco_action_resampled_v4/custom_mujoco_action_resampled_v4_walker2d__inr_diffusion_history_conditioned__no_shift__s0,custom_mujoco_action_resampled_v4_walker2d,inr_diffusion_history_conditioned,no_shift,0,1.0,1.0,nan,0.8290138244628906,0.845424545914948,0.6391369700431824,0.9105019629099602,,,1.0,0.9805887804756165,358,78,78,0
outputs/suites/action_resampled_v4/runs/custom_mujoco_action_resampled_v4/custom_mujoco_action_resampled_v4_hopper__cvae__single_shift__s1,custom_mujoco_action_resampled_v4_hopper,cvae,single_shift,1,0.9137931034482759,0.9137931034482759,nan,0.7781471610069275,0.6170828856113019,0.3372419774532318,0.8821264994358391,,,1.0,1.2610091434249877,358,58,58,19
outputs/suites/action_resampled_v4/runs/custom_mujoco_action_resampled_v4/custom_mujoco_action_resampled_v4_walker2d__inr_transformer_fitted_latent__novel_generalization__s0,custom_mujoco_action_resampled_v4_walker2d,inr_transformer_fitted_latent,novel_generalization,0,0.6666666666666666,1.0,0.22694744169712067,0.6752810478210449,0.8302325069333619,0.5623188614845276,0.8217548587145955,,,1.0,0.8133637772331238,180,117,117,0
